name,type,value,date,color
A.R. Saleh Salem,UAE,2660,2018-09-27,#FFFFFFF
A.R. Saleh Salem,UAE,2660,2018-10-27,#FFFFFFF
A.R. Saleh Salem,UAE,2660,2018-11-27,#FFFFFFF
A.R. Saleh Salem,UAE,2660,2018-12-27,#FFFFFFF
A.R. Saleh Salem,UAE,2672,2019-01-27,#FFFFFFF
A.R. Saleh Salem,UAE,2672,2019-02-24,#FFFFFFF
A.R. Saleh Salem,UAE,2656,2016-11-27,#FFFFFFF
A.R. Saleh Salem,UAE,2656,2017-01-27,#FFFFFFF
A.R. Saleh Salem,UAE,2656,2017-02-27,#FFFFFFF
Abhijeet Gupta,IND,2652,2012-01-27,#FF9933
Abhijeet Gupta,IND,2654,2012-09-27,#FF9933
Abhijeet Gupta,IND,2667,2012-10-27,#FF9933
Abhijeet Gupta,IND,2667,2012-11-27,#FF9933
Abhijeet Gupta,IND,2662,2012-12-27,#FF9933
Abhijeet Gupta,IND,2654,2016-06-27,#FF9933
Aleksander Delchev,BUL,2629,2001-07-27,#00966E
Aleksander Delchev,BUL,2634,2001-10-27,#00966E
Aleksander Delchev,BUL,2624,2004-01-27,#00966E
Aleksander Delchev,BUL,2656,2005-07-27,#00966E
Aleksander Delchev,BUL,2669,2005-10-27,#00966E
Aleksander Delchev,BUL,2661,2006-01-27,#00966E
Aleksander Delchev,BUL,2640,2006-04-27,#00966E
Aleksander Delchev,BUL,2637,2006-07-27,#00966E
Aleksander Delchev,BUL,2628,2006-10-27,#00966E
Aleksander Delchev,BUL,2630,2008-01-27,#00966E
Aleksander Delchev,BUL,2639,2008-04-27,#00966E
Aleksander Delchev,BUL,2647,2009-01-27,#00966E
Aleksander Delchev,BUL,2648,2009-04-27,#00966E
Aleksander Delchev,BUL,2655,2014-08-27,#00966E
Aleksander Delchev,BUL,2660,2014-09-27,#00966E
Aleksandr Rakhmanov,RUS,2663,2017-07-27,#D52B1E
Aleksandr Rakhmanov,RUS,2663,2017-08-27,#D52B1E
Aleksandr Rakhmanov,RUS,2669,2017-09-27,#D52B1E
Aleksandr Rakhmanov,RUS,2654,2017-10-27,#D52B1E
Aleksandr Rakhmanov,RUS,2659,2017-11-27,#D52B1E
Aleksandr Rakhmanov,RUS,2653,2017-12-27,#D52B1E
Aleksandr Rakhmanov,RUS,2655,2018-01-27,#D52B1E
Aleksandr Rakhmanov,RUS,2655,2018-02-27,#D52B1E
Aleksandr Rakhmanov,RUS,2655,2018-03-27,#D52B1E
Aleksandr Rakhmanov,RUS,2655,2016-06-27,#D52B1E
Aleksandr Rakhmanov,RUS,2654,2016-09-27,#D52B1E
Aleksandr Rakhmanov,RUS,2662,2016-10-27,#D52B1E
Aleksandr Rakhmanov,RUS,2664,2016-11-27,#D52B1E
Aleksandr Rakhmanov,RUS,2667,2016-12-27,#D52B1E
Aleksandr Rakhmanov,RUS,2670,2017-01-27,#D52B1E
Aleksandr Rakhmanov,RUS,2670,2017-02-27,#D52B1E
Aleksandr Rakhmanov,RUS,2670,2017-03-27,#D52B1E
Aleksandr Rakhmanov,RUS,2665,2017-04-27,#D52B1E
Aleksandr Rakhmanov,RUS,2676,2017-05-27,#D52B1E
Aleksandr Rakhmanov,RUS,2676,2017-06-27,#D52B1E
Aleksandr Shimanov,RUS,2664,2013-06-27,#D52B1E
Aleksandr Shimanov,RUS,2664,2013-07-27,#D52B1E
Aleksandr Shimanov,RUS,2655,2013-08-27,#D52B1E
Aleksandr Shimanov,RUS,2655,2013-09-27,#D52B1E
Aleksandr Shimanov,RUS,2658,2014-02-27,#D52B1E
Aleksej Aleksandrov,BLR,2597,2000-10-27,#FFFFFFF
Aleksej Aleksandrov,BLR,2610,2001-01-27,#FFFFFFF
Aleksej Aleksandrov,BLR,2610,2001-04-27,#FFFFFFF
Aleksej Aleksandrov,BLR,2646,2001-07-27,#FFFFFFF
Aleksej Aleksandrov,BLR,2645,2001-10-27,#FFFFFFF
Aleksej Aleksandrov,BLR,2645,2002-01-27,#FFFFFFF
Aleksej Aleksandrov,BLR,2654,2002-04-27,#FFFFFFF
Aleksej Aleksandrov,BLR,2646,2002-07-27,#FFFFFFF
Aleksej Aleksandrov,BLR,2621,2002-10-27,#FFFFFFF
Aleksej Aleksandrov,BLR,2633,2003-01-27,#FFFFFFF
Aleksej Aleksandrov,BLR,2650,2003-04-27,#FFFFFFF
Aleksej Aleksandrov,BLR,2659,2003-07-27,#FFFFFFF
Aleksej Aleksandrov,BLR,2664,2003-10-27,#FFFFFFF
Aleksej Aleksandrov,BLR,2679,2004-01-27,#FFFFFFF
Aleksej Aleksandrov,BLR,2668,2004-04-27,#FFFFFFF
Aleksej Aleksandrov,BLR,2666,2004-07-27,#FFFFFFF
Aleksej Aleksandrov,BLR,2659,2004-10-27,#FFFFFFF
Aleksej Aleksandrov,BLR,2635,2005-01-27,#FFFFFFF
Aleksej Aleksandrov,BLR,2635,2005-04-27,#FFFFFFF
Aleksej Aleksandrov,BLR,2633,2005-07-27,#FFFFFFF
Aleksej Aleksandrov,BLR,2636,2005-10-27,#FFFFFFF
Aleksej Aleksandrov,BLR,2653,2006-01-27,#FFFFFFF
Aleksej Aleksandrov,BLR,2634,2006-04-27,#FFFFFFF
Aleksej Aleksandrov,BLR,2627,2006-07-27,#FFFFFFF
Aleksej Aleksandrov,BLR,2636,2009-01-27,#FFFFFFF
Aleksej Aleksandrov,BLR,2642,2010-07-27,#FFFFFFF
Aleksej Aleksandrov,BLR,2647,2010-09-27,#FFFFFFF
Aleksej Aleksandrov,BLR,2649,2010-11-27,#FFFFFFF
Aleksey Dreev,RUS,2653,2017-11-27,#D52B1E
Aleksey Dreev,RUS,2653,2017-12-27,#D52B1E
Aleksey Dreev,RUS,2653,2018-01-27,#D52B1E
Aleksey Dreev,RUS,2653,2018-02-27,#D52B1E
Aleksey Dreev,RUS,2653,2018-03-27,#D52B1E
Aleksey Dreev,RUS,2653,2018-04-27,#D52B1E
Aleksey Dreev,RUS,2653,2018-05-27,#D52B1E
Aleksey Dreev,RUS,2657,2018-06-27,#D52B1E
Aleksey Dreev,RUS,2657,2018-07-27,#D52B1E
Aleksey Dreev,RUS,2670,2018-11-27,#D52B1E
Aleksey Dreev,RUS,2670,2018-12-27,#D52B1E
Aleksey Dreev,RUS,2670,2019-01-27,#D52B1E
Aleksey Dreev,RUS,2662,2019-02-24,#D52B1E
Aleksey Dreev,RUS,2694,2011-01-27,#D52B1E
Aleksey Dreev,RUS,2697,2011-03-27,#D52B1E
Aleksey Dreev,RUS,2703,2011-05-27,#D52B1E
Aleksey Dreev,RUS,2711,2011-07-27,#D52B1E
Aleksey Dreev,RUS,2711,2011-09-27,#D52B1E
Aleksey Dreev,RUS,2710,2011-11-27,#D52B1E
Aleksey Dreev,RUS,2698,2012-01-27,#D52B1E
Aleksey Dreev,RUS,2698,2012-03-27,#D52B1E
Aleksey Dreev,RUS,2694,2012-05-27,#D52B1E
Aleksey Dreev,RUS,2677,2012-07-27,#D52B1E
Aleksey Dreev,RUS,2677,2012-08-27,#D52B1E
Aleksey Dreev,RUS,2677,2012-09-27,#D52B1E
Aleksey Dreev,RUS,2677,2012-10-27,#D52B1E
Aleksey Dreev,RUS,2654,2012-11-27,#D52B1E
Aleksey Dreev,RUS,2654,2012-12-27,#D52B1E
Aleksey Dreev,RUS,2654,2013-01-27,#D52B1E
Aleksey Dreev,RUS,2654,2013-02-27,#D52B1E
Aleksey Dreev,RUS,2654,2013-03-27,#D52B1E
Aleksey Dreev,RUS,2654,2013-04-27,#D52B1E
Aleksey Dreev,RUS,2654,2013-05-27,#D52B1E
Aleksey Dreev,RUS,2668,2013-06-27,#D52B1E
Aleksey Dreev,RUS,2668,2013-07-27,#D52B1E
Aleksey Dreev,RUS,2668,2013-08-27,#D52B1E
Aleksey Dreev,RUS,2668,2013-09-27,#D52B1E
Aleksey Dreev,RUS,2679,2013-10-27,#D52B1E
Aleksey Dreev,RUS,2673,2013-11-27,#D52B1E
Aleksey Dreev,RUS,2673,2013-12-27,#D52B1E
Aleksey Dreev,RUS,2673,2014-01-27,#D52B1E
Aleksey Dreev,RUS,2673,2014-02-27,#D52B1E
Aleksey Dreev,RUS,2679,2014-03-27,#D52B1E
Aleksey Dreev,RUS,2670,2014-04-27,#D52B1E
Aleksey Dreev,RUS,2667,2014-05-27,#D52B1E
Aleksey Dreev,RUS,2667,2014-06-27,#D52B1E
Aleksey Dreev,RUS,2662,2014-07-27,#D52B1E
Aleksey Dreev,RUS,2662,2014-08-27,#D52B1E
Aleksey Dreev,RUS,2662,2014-09-27,#D52B1E
Aleksey Dreev,RUS,2654,2014-10-27,#D52B1E
Aleksey Dreev,RUS,2662,2016-03-27,#D52B1E
Aleksey Dreev,RUS,2662,2016-04-27,#D52B1E
Aleksey Dreev,RUS,2662,2016-05-27,#D52B1E
Aleksey Dreev,RUS,2664,2016-06-27,#D52B1E
Aleksey Dreev,RUS,2664,2016-07-27,#D52B1E
Aleksey Dreev,RUS,2660,2016-08-27,#D52B1E
Aleksey Dreev,RUS,2660,2016-09-27,#D52B1E
Aleksey Dreev,RUS,2660,2016-10-27,#D52B1E
Alex Yermolinsky,USA,2596,2000-07-27,#3c3b6e
Alexander Areshchenko,UKR,2652,2017-07-27,#005BBB
Alexander Areshchenko,UKR,2652,2017-08-27,#005BBB
Alexander Areshchenko,UKR,2652,2018-06-27,#005BBB
Alexander Areshchenko,UKR,2652,2018-08-27,#005BBB
Alexander Areshchenko,UKR,2652,2018-09-27,#005BBB
Alexander Areshchenko,UKR,2652,2018-10-27,#005BBB
Alexander Areshchenko,UKR,2652,2018-11-27,#005BBB
Alexander Areshchenko,UKR,2656,2018-12-27,#005BBB
Alexander Areshchenko,UKR,2661,2019-01-27,#005BBB
Alexander Areshchenko,UKR,2661,2019-02-24,#005BBB
Alexander Areshchenko,UKR,2625,2005-07-27,#005BBB
Alexander Areshchenko,UKR,2653,2005-10-27,#005BBB
Alexander Areshchenko,UKR,2670,2006-01-27,#005BBB
Alexander Areshchenko,UKR,2660,2006-04-27,#005BBB
Alexander Areshchenko,UKR,2641,2006-07-27,#005BBB
Alexander Areshchenko,UKR,2640,2006-10-27,#005BBB
Alexander Areshchenko,UKR,2644,2007-01-27,#005BBB
Alexander Areshchenko,UKR,2656,2007-04-27,#005BBB
Alexander Areshchenko,UKR,2645,2007-07-27,#005BBB
Alexander Areshchenko,UKR,2638,2007-10-27,#005BBB
Alexander Areshchenko,UKR,2645,2008-01-27,#005BBB
Alexander Areshchenko,UKR,2650,2008-04-27,#005BBB
Alexander Areshchenko,UKR,2664,2008-07-27,#005BBB
Alexander Areshchenko,UKR,2664,2008-10-27,#005BBB
Alexander Areshchenko,UKR,2673,2009-01-27,#005BBB
Alexander Areshchenko,UKR,2657,2009-04-27,#005BBB
Alexander Areshchenko,UKR,2651,2009-07-27,#005BBB
Alexander Areshchenko,UKR,2667,2009-09-27,#005BBB
Alexander Areshchenko,UKR,2664,2009-11-27,#005BBB
Alexander Areshchenko,UKR,2670,2010-01-27,#005BBB
Alexander Areshchenko,UKR,2670,2010-03-27,#005BBB
Alexander Areshchenko,UKR,2663,2010-05-27,#005BBB
Alexander Areshchenko,UKR,2664,2010-07-27,#005BBB
Alexander Areshchenko,UKR,2664,2010-09-27,#005BBB
Alexander Areshchenko,UKR,2661,2010-11-27,#005BBB
Alexander Areshchenko,UKR,2671,2011-01-27,#005BBB
Alexander Areshchenko,UKR,2687,2011-03-27,#005BBB
Alexander Areshchenko,UKR,2694,2011-05-27,#005BBB
Alexander Areshchenko,UKR,2682,2011-07-27,#005BBB
Alexander Areshchenko,UKR,2672,2011-09-27,#005BBB
Alexander Areshchenko,UKR,2688,2011-11-27,#005BBB
Alexander Areshchenko,UKR,2688,2012-01-27,#005BBB
Alexander Areshchenko,UKR,2688,2012-03-27,#005BBB
Alexander Areshchenko,UKR,2691,2012-05-27,#005BBB
Alexander Areshchenko,UKR,2691,2012-07-27,#005BBB
Alexander Areshchenko,UKR,2691,2012-08-27,#005BBB
Alexander Areshchenko,UKR,2702,2012-09-27,#005BBB
Alexander Areshchenko,UKR,2710,2012-10-27,#005BBB
Alexander Areshchenko,UKR,2711,2012-11-27,#005BBB
Alexander Areshchenko,UKR,2720,2012-12-27,#005BBB
Alexander Areshchenko,UKR,2720,2013-01-27,#005BBB
Alexander Areshchenko,UKR,2720,2013-02-27,#005BBB
Alexander Areshchenko,UKR,2720,2013-03-27,#005BBB
Alexander Areshchenko,UKR,2707,2013-04-27,#005BBB
Alexander Areshchenko,UKR,2709,2013-05-27,#005BBB
Alexander Areshchenko,UKR,2708,2013-06-27,#005BBB
Alexander Areshchenko,UKR,2709,2013-07-27,#005BBB
Alexander Areshchenko,UKR,2709,2013-08-27,#005BBB
Alexander Areshchenko,UKR,2709,2013-09-27,#005BBB
Alexander Areshchenko,UKR,2714,2013-10-27,#005BBB
Alexander Areshchenko,UKR,2720,2013-11-27,#005BBB
Alexander Areshchenko,UKR,2712,2013-12-27,#005BBB
Alexander Areshchenko,UKR,2706,2014-01-27,#005BBB
Alexander Areshchenko,UKR,2706,2014-02-27,#005BBB
Alexander Areshchenko,UKR,2705,2014-03-27,#005BBB
Alexander Areshchenko,UKR,2701,2014-04-27,#005BBB
Alexander Areshchenko,UKR,2701,2014-05-27,#005BBB
Alexander Areshchenko,UKR,2701,2014-06-27,#005BBB
Alexander Areshchenko,UKR,2701,2014-07-27,#005BBB
Alexander Areshchenko,UKR,2684,2014-08-27,#005BBB
Alexander Areshchenko,UKR,2664,2014-09-27,#005BBB
Alexander Areshchenko,UKR,2654,2014-10-27,#005BBB
Alexander Areshchenko,UKR,2655,2014-11-27,#005BBB
Alexander Areshchenko,UKR,2661,2014-12-27,#005BBB
Alexander Areshchenko,UKR,2661,2015-01-27,#005BBB
Alexander Areshchenko,UKR,2661,2015-02-27,#005BBB
Alexander Areshchenko,UKR,2664,2015-03-27,#005BBB
Alexander Areshchenko,UKR,2656,2015-05-27,#005BBB
Alexander Areshchenko,UKR,2656,2015-06-27,#005BBB
Alexander Areshchenko,UKR,2651,2015-07-27,#005BBB
Alexander Areshchenko,UKR,2661,2015-08-27,#005BBB
Alexander Areshchenko,UKR,2661,2015-09-27,#005BBB
Alexander Areshchenko,UKR,2672,2015-10-27,#005BBB
Alexander Areshchenko,UKR,2682,2015-11-27,#005BBB
Alexander Areshchenko,UKR,2677,2015-12-27,#005BBB
Alexander Areshchenko,UKR,2671,2016-01-27,#005BBB
Alexander Areshchenko,UKR,2675,2016-02-27,#005BBB
Alexander Areshchenko,UKR,2674,2016-03-27,#005BBB
Alexander Areshchenko,UKR,2674,2016-04-27,#005BBB
Alexander Areshchenko,UKR,2667,2016-05-27,#005BBB
Alexander Areshchenko,UKR,2654,2016-06-27,#005BBB
Alexander Areshchenko,UKR,2654,2016-07-27,#005BBB
Alexander Areshchenko,UKR,2665,2016-08-27,#005BBB
Alexander Areshchenko,UKR,2665,2016-09-27,#005BBB
Alexander Areshchenko,UKR,2675,2016-10-27,#005BBB
Alexander Areshchenko,UKR,2673,2016-11-27,#005BBB
Alexander Areshchenko,UKR,2678,2016-12-27,#005BBB
Alexander Areshchenko,UKR,2679,2017-01-27,#005BBB
Alexander Areshchenko,UKR,2683,2017-02-27,#005BBB
Alexander Areshchenko,UKR,2682,2017-03-27,#005BBB
Alexander Areshchenko,UKR,2686,2017-04-27,#005BBB
Alexander Areshchenko,UKR,2677,2017-05-27,#005BBB
Alexander Baburin,IRL,2598,2001-01-27,#FFFFFFF
Alexander Chernin,HUN,2601,2001-07-27,#259838
Alexander Fominyh,RUS,2594,2000-07-27,#D52B1E
Alexander G Beliavsky,SLO,2654,2000-07-27,#0B4EA2
Alexander G Beliavsky,SLO,2629,2000-10-27,#0B4EA2
Alexander G Beliavsky,SLO,2638,2001-01-27,#0B4EA2
Alexander G Beliavsky,SLO,2638,2001-04-27,#0B4EA2
Alexander G Beliavsky,SLO,2659,2001-07-27,#0B4EA2
Alexander G Beliavsky,SLO,2668,2001-10-27,#0B4EA2
Alexander G Beliavsky,SLO,2649,2002-01-27,#0B4EA2
Alexander G Beliavsky,SLO,2661,2002-04-27,#0B4EA2
Alexander G Beliavsky,SLO,2652,2002-07-27,#0B4EA2
Alexander G Beliavsky,SLO,2650,2002-10-27,#0B4EA2
Alexander G Beliavsky,SLO,2649,2003-01-27,#0B4EA2
Alexander G Beliavsky,SLO,2649,2003-04-27,#0B4EA2
Alexander G Beliavsky,SLO,2668,2003-07-27,#0B4EA2
Alexander G Beliavsky,SLO,2667,2003-10-27,#0B4EA2
Alexander G Beliavsky,SLO,2667,2004-01-27,#0B4EA2
Alexander G Beliavsky,SLO,2667,2004-04-27,#0B4EA2
Alexander G Beliavsky,SLO,2679,2004-07-27,#0B4EA2
Alexander G Beliavsky,SLO,2660,2004-10-27,#0B4EA2
Alexander G Beliavsky,SLO,2635,2005-01-27,#0B4EA2
Alexander G Beliavsky,SLO,2630,2005-04-27,#0B4EA2
Alexander G Beliavsky,SLO,2631,2005-10-27,#0B4EA2
Alexander G Beliavsky,SLO,2626,2006-01-27,#0B4EA2
Alexander G Beliavsky,SLO,2622,2006-04-27,#0B4EA2
Alexander G Beliavsky,SLO,2625,2006-07-27,#0B4EA2
Alexander G Beliavsky,SLO,2639,2006-10-27,#0B4EA2
Alexander G Beliavsky,SLO,2639,2007-01-27,#0B4EA2
Alexander G Beliavsky,SLO,2648,2007-04-27,#0B4EA2
Alexander G Beliavsky,SLO,2653,2007-07-27,#0B4EA2
Alexander G Beliavsky,SLO,2646,2007-10-27,#0B4EA2
Alexander G Beliavsky,SLO,2638,2008-01-27,#0B4EA2
Alexander G Beliavsky,SLO,2641,2008-04-27,#0B4EA2
Alexander G Beliavsky,SLO,2646,2009-01-27,#0B4EA2
Alexander G Beliavsky,SLO,2640,2009-04-27,#0B4EA2
Alexander G Beliavsky,SLO,2662,2009-07-27,#0B4EA2
Alexander G Beliavsky,SLO,2656,2009-09-27,#0B4EA2
Alexander G Beliavsky,SLO,2648,2009-11-27,#0B4EA2
Alexander G Beliavsky,SLO,2657,2010-01-27,#0B4EA2
Alexander G Beliavsky,SLO,2657,2010-03-27,#0B4EA2
Alexander G Beliavsky,SLO,2645,2010-05-27,#0B4EA2
Alexander G Beliavsky,SLO,2651,2013-06-27,#0B4EA2
Alexander G Beliavsky,SLO,2651,2013-12-27,#0B4EA2
Alexander Galkin,RUS,2607,2003-07-27,#D52B1E
Alexander Galkin,RUS,2607,2003-10-27,#D52B1E
Alexander Galkin,RUS,2607,2004-01-27,#D52B1E
Alexander Galkin,RUS,2618,2006-04-27,#D52B1E
Alexander Goldin,ISR,2599,2001-04-27,#0038B8
Alexander Goldin,USA,2612,2001-10-27,#3c3b6e
Alexander Goldin,USA,2630,2002-01-27,#3c3b6e
Alexander Goldin,USA,2618,2002-04-27,#3c3b6e
Alexander Goldin,USA,2609,2002-07-27,#3c3b6e
Alexander Goldin,USA,2630,2002-10-27,#3c3b6e
Alexander Goldin,USA,2621,2003-01-27,#3c3b6e
Alexander Goldin,USA,2611,2003-04-27,#3c3b6e
Alexander Goldin,USA,2608,2003-07-27,#3c3b6e
Alexander Goldin,USA,2629,2003-10-27,#3c3b6e
Alexander Goldin,USA,2616,2004-01-27,#3c3b6e
Alexander Goldin,USA,2611,2004-04-27,#3c3b6e
Alexander Goldin,USA,2624,2004-07-27,#3c3b6e
Alexander Goldin,USA,2620,2004-10-27,#3c3b6e
Alexander Goldin,USA,2628,2005-01-27,#3c3b6e
Alexander Goldin,USA,2615,2005-04-27,#3c3b6e
Alexander Goldin,USA,2615,2005-07-27,#3c3b6e
Alexander Graf,GER,2649,2001-04-27,#FFFFFFF
Alexander Graf,GER,2610,2001-07-27,#FFFFFFF
Alexander Graf,GER,2610,2001-10-27,#FFFFFFF
Alexander Graf,GER,2605,2002-01-27,#FFFFFFF
Alexander Graf,GER,2623,2002-04-27,#FFFFFFF
Alexander Graf,GER,2624,2002-07-27,#FFFFFFF
Alexander Graf,GER,2635,2002-10-27,#FFFFFFF
Alexander Graf,GER,2630,2003-01-27,#FFFFFFF
Alexander Graf,GER,2630,2003-04-27,#FFFFFFF
Alexander Graf,GER,2643,2003-07-27,#FFFFFFF
Alexander Graf,GER,2646,2003-10-27,#FFFFFFF
Alexander Graf,GER,2629,2004-01-27,#FFFFFFF
Alexander Graf,GER,2656,2004-04-27,#FFFFFFF
Alexander Graf,GER,2661,2004-07-27,#FFFFFFF
Alexander Graf,GER,2646,2004-10-27,#FFFFFFF
Alexander Graf,GER,2637,2005-01-27,#FFFFFFF
Alexander Graf,GER,2632,2005-04-27,#FFFFFFF
Alexander Graf,GER,2636,2008-10-27,#FFFFFFF
Alexander Graf,GER,2644,2009-01-27,#FFFFFFF
Alexander Grischuk,RUS,2783,2017-07-27,#D52B1E
Alexander Grischuk,RUS,2783,2017-08-27,#D52B1E
Alexander Grischuk,RUS,2788,2017-09-27,#D52B1E
Alexander Grischuk,RUS,2785,2017-10-27,#D52B1E
Alexander Grischuk,RUS,2782,2017-11-27,#D52B1E
Alexander Grischuk,RUS,2772,2017-12-27,#D52B1E
Alexander Grischuk,RUS,2767,2018-01-27,#D52B1E
Alexander Grischuk,RUS,2767,2018-02-27,#D52B1E
Alexander Grischuk,RUS,2767,2018-03-27,#D52B1E
Alexander Grischuk,RUS,2766,2018-04-27,#D52B1E
Alexander Grischuk,RUS,2766,2018-05-27,#D52B1E
Alexander Grischuk,RUS,2766,2018-06-27,#D52B1E
Alexander Grischuk,RUS,2766,2018-07-27,#D52B1E
Alexander Grischuk,RUS,2766,2018-08-27,#D52B1E
Alexander Grischuk,RUS,2769,2018-09-27,#D52B1E
Alexander Grischuk,RUS,2769,2018-10-27,#D52B1E
Alexander Grischuk,RUS,2771,2018-11-27,#D52B1E
Alexander Grischuk,RUS,2771,2018-12-27,#D52B1E
Alexander Grischuk,RUS,2771,2019-01-27,#D52B1E
Alexander Grischuk,RUS,2771,2019-02-24,#D52B1E
Alexander Grischuk,RUS,2606,2000-07-27,#D52B1E
Alexander Grischuk,RUS,2601,2000-10-27,#D52B1E
Alexander Grischuk,RUS,2663,2001-01-27,#D52B1E
Alexander Grischuk,RUS,2668,2001-04-27,#D52B1E
Alexander Grischuk,RUS,2669,2001-07-27,#D52B1E
Alexander Grischuk,RUS,2666,2001-10-27,#D52B1E
Alexander Grischuk,RUS,2671,2002-01-27,#D52B1E
Alexander Grischuk,RUS,2702,2002-04-27,#D52B1E
Alexander Grischuk,RUS,2702,2002-07-27,#D52B1E
Alexander Grischuk,RUS,2702,2002-10-27,#D52B1E
Alexander Grischuk,RUS,2712,2003-01-27,#D52B1E
Alexander Grischuk,RUS,2701,2003-04-27,#D52B1E
Alexander Grischuk,RUS,2732,2003-07-27,#D52B1E
Alexander Grischuk,RUS,2732,2003-10-27,#D52B1E
Alexander Grischuk,RUS,2719,2004-01-27,#D52B1E
Alexander Grischuk,RUS,2719,2004-04-27,#D52B1E
Alexander Grischuk,RUS,2705,2004-07-27,#D52B1E
Alexander Grischuk,RUS,2704,2004-10-27,#D52B1E
Alexander Grischuk,RUS,2710,2005-01-27,#D52B1E
Alexander Grischuk,RUS,2724,2005-04-27,#D52B1E
Alexander Grischuk,RUS,2720,2005-07-27,#D52B1E
Alexander Grischuk,RUS,2720,2005-10-27,#D52B1E
Alexander Grischuk,RUS,2717,2006-01-27,#D52B1E
Alexander Grischuk,RUS,2719,2006-04-27,#D52B1E
Alexander Grischuk,RUS,2709,2006-07-27,#D52B1E
Alexander Grischuk,RUS,2710,2006-10-27,#D52B1E
Alexander Grischuk,RUS,2717,2007-01-27,#D52B1E
Alexander Grischuk,RUS,2717,2007-04-27,#D52B1E
Alexander Grischuk,RUS,2726,2007-07-27,#D52B1E
Alexander Grischuk,RUS,2715,2007-10-27,#D52B1E
Alexander Grischuk,RUS,2711,2008-01-27,#D52B1E
Alexander Grischuk,RUS,2716,2008-04-27,#D52B1E
Alexander Grischuk,RUS,2728,2008-07-27,#D52B1E
Alexander Grischuk,RUS,2719,2008-10-27,#D52B1E
Alexander Grischuk,RUS,2733,2009-01-27,#D52B1E
Alexander Grischuk,RUS,2748,2009-04-27,#D52B1E
Alexander Grischuk,RUS,2733,2009-07-27,#D52B1E
Alexander Grischuk,RUS,2733,2009-09-27,#D52B1E
Alexander Grischuk,RUS,2736,2009-11-27,#D52B1E
Alexander Grischuk,RUS,2736,2010-01-27,#D52B1E
Alexander Grischuk,RUS,2756,2010-03-27,#D52B1E
Alexander Grischuk,RUS,2760,2010-05-27,#D52B1E
Alexander Grischuk,RUS,2760,2010-07-27,#D52B1E
Alexander Grischuk,RUS,2760,2010-09-27,#D52B1E
Alexander Grischuk,RUS,2771,2010-11-27,#D52B1E
Alexander Grischuk,RUS,2773,2011-01-27,#D52B1E
Alexander Grischuk,RUS,2747,2011-03-27,#D52B1E
Alexander Grischuk,RUS,2747,2011-05-27,#D52B1E
Alexander Grischuk,RUS,2746,2011-07-27,#D52B1E
Alexander Grischuk,RUS,2757,2011-09-27,#D52B1E
Alexander Grischuk,RUS,2752,2011-11-27,#D52B1E
Alexander Grischuk,RUS,2761,2012-01-27,#D52B1E
Alexander Grischuk,RUS,2761,2012-03-27,#D52B1E
Alexander Grischuk,RUS,2761,2012-05-27,#D52B1E
Alexander Grischuk,RUS,2763,2012-07-27,#D52B1E
Alexander Grischuk,RUS,2763,2012-08-27,#D52B1E
Alexander Grischuk,RUS,2754,2012-09-27,#D52B1E
Alexander Grischuk,RUS,2752,2012-10-27,#D52B1E
Alexander Grischuk,RUS,2764,2012-11-27,#D52B1E
Alexander Grischuk,RUS,2764,2012-12-27,#D52B1E
Alexander Grischuk,RUS,2764,2013-01-27,#D52B1E
Alexander Grischuk,RUS,2764,2013-02-27,#D52B1E
Alexander Grischuk,RUS,2764,2013-03-27,#D52B1E
Alexander Grischuk,RUS,2764,2013-04-27,#D52B1E
Alexander Grischuk,RUS,2779,2013-05-27,#D52B1E
Alexander Grischuk,RUS,2779,2013-06-27,#D52B1E
Alexander Grischuk,RUS,2780,2013-07-27,#D52B1E
Alexander Grischuk,RUS,2785,2013-08-27,#D52B1E
Alexander Grischuk,RUS,2785,2013-09-27,#D52B1E
Alexander Grischuk,RUS,2786,2013-10-27,#D52B1E
Alexander Grischuk,RUS,2785,2013-11-27,#D52B1E
Alexander Grischuk,RUS,2783,2013-12-27,#D52B1E
Alexander Grischuk,RUS,2777,2014-01-27,#D52B1E
Alexander Grischuk,RUS,2777,2014-02-27,#D52B1E
Alexander Grischuk,RUS,2777,2014-03-27,#D52B1E
Alexander Grischuk,RUS,2777,2014-04-27,#D52B1E
Alexander Grischuk,RUS,2792,2014-05-27,#D52B1E
Alexander Grischuk,RUS,2792,2014-06-27,#D52B1E
Alexander Grischuk,RUS,2795,2014-07-27,#D52B1E
Alexander Grischuk,RUS,2795,2014-08-27,#D52B1E
Alexander Grischuk,RUS,2789,2014-09-27,#D52B1E
Alexander Grischuk,RUS,2797,2014-10-27,#D52B1E
Alexander Grischuk,RUS,2795,2014-11-27,#D52B1E
Alexander Grischuk,RUS,2810,2014-12-27,#D52B1E
Alexander Grischuk,RUS,2810,2015-01-27,#D52B1E
Alexander Grischuk,RUS,2810,2015-02-27,#D52B1E
Alexander Grischuk,RUS,2794,2015-03-27,#D52B1E
Alexander Grischuk,RUS,2794,2015-04-27,#D52B1E
Alexander Grischuk,RUS,2780,2015-05-27,#D52B1E
Alexander Grischuk,RUS,2781,2015-06-27,#D52B1E
Alexander Grischuk,RUS,2771,2015-07-27,#D52B1E
Alexander Grischuk,RUS,2771,2015-08-27,#D52B1E
Alexander Grischuk,RUS,2771,2015-09-27,#D52B1E
Alexander Grischuk,RUS,2774,2015-10-27,#D52B1E
Alexander Grischuk,RUS,2750,2015-11-27,#D52B1E
Alexander Grischuk,RUS,2747,2015-12-27,#D52B1E
Alexander Grischuk,RUS,2752,2016-01-27,#D52B1E
Alexander Grischuk,RUS,2752,2016-02-27,#D52B1E
Alexander Grischuk,RUS,2752,2016-03-27,#D52B1E
Alexander Grischuk,RUS,2752,2016-04-27,#D52B1E
Alexander Grischuk,RUS,2752,2016-05-27,#D52B1E
Alexander Grischuk,RUS,2747,2016-06-27,#D52B1E
Alexander Grischuk,RUS,2747,2016-07-27,#D52B1E
Alexander Grischuk,RUS,2754,2016-08-27,#D52B1E
Alexander Grischuk,RUS,2754,2016-09-27,#D52B1E
Alexander Grischuk,RUS,2752,2016-10-27,#D52B1E
Alexander Grischuk,RUS,2751,2016-11-27,#D52B1E
Alexander Grischuk,RUS,2737,2016-12-27,#D52B1E
Alexander Grischuk,RUS,2742,2017-01-27,#D52B1E
Alexander Grischuk,RUS,2742,2017-02-27,#D52B1E
Alexander Grischuk,RUS,2750,2017-03-27,#D52B1E
Alexander Grischuk,RUS,2750,2017-04-27,#D52B1E
Alexander Grischuk,RUS,2750,2017-05-27,#D52B1E
Alexander Grischuk,RUS,2761,2017-06-27,#D52B1E
Alexander Ipatov,TUR,2659,2017-07-27,#FFFFFFF
Alexander Ipatov,TUR,2659,2017-08-27,#FFFFFFF
Alexander Ipatov,TUR,2659,2017-09-27,#FFFFFFF
Alexander Ipatov,TUR,2659,2017-10-27,#FFFFFFF
Alexander Ipatov,TUR,2659,2017-11-27,#FFFFFFF
Alexander Ipatov,TUR,2659,2017-12-27,#FFFFFFF
Alexander Ipatov,TUR,2659,2018-01-27,#FFFFFFF
Alexander Ipatov,TUR,2665,2018-02-27,#FFFFFFF
Alexander Ipatov,TUR,2665,2018-03-27,#FFFFFFF
Alexander Ipatov,TUR,2653,2018-04-27,#FFFFFFF
Alexander Ipatov,TUR,2657,2016-07-27,#FFFFFFF
Alexander Ipatov,TUR,2657,2016-08-27,#FFFFFFF
Alexander Ipatov,TUR,2652,2016-09-27,#FFFFFFF
Alexander Ipatov,TUR,2660,2016-10-27,#FFFFFFF
Alexander Ipatov,TUR,2660,2016-11-27,#FFFFFFF
Alexander Ipatov,TUR,2660,2016-12-27,#FFFFFFF
Alexander Ipatov,TUR,2660,2017-01-27,#FFFFFFF
Alexander Ipatov,TUR,2660,2017-02-27,#FFFFFFF
Alexander Ipatov,TUR,2660,2017-03-27,#FFFFFFF
Alexander Ipatov,TUR,2662,2017-04-27,#FFFFFFF
Alexander Ipatov,TUR,2662,2017-05-27,#FFFFFFF
Alexander Ipatov,TUR,2659,2017-06-27,#FFFFFFF
Alexander Khalifman,RUS,2667,2000-07-27,#D52B1E
Alexander Khalifman,RUS,2658,2000-10-27,#D52B1E
Alexander Khalifman,RUS,2690,2001-01-27,#D52B1E
Alexander Khalifman,RUS,2690,2001-04-27,#D52B1E
Alexander Khalifman,RUS,2699,2001-07-27,#D52B1E
Alexander Khalifman,RUS,2702,2001-10-27,#D52B1E
Alexander Khalifman,RUS,2688,2002-01-27,#D52B1E
Alexander Khalifman,RUS,2698,2002-04-27,#D52B1E
Alexander Khalifman,RUS,2690,2002-07-27,#D52B1E
Alexander Khalifman,RUS,2690,2002-10-27,#D52B1E
Alexander Khalifman,RUS,2702,2003-01-27,#D52B1E
Alexander Khalifman,RUS,2702,2003-04-27,#D52B1E
Alexander Khalifman,RUS,2678,2003-07-27,#D52B1E
Alexander Khalifman,RUS,2678,2003-10-27,#D52B1E
Alexander Khalifman,RUS,2674,2004-01-27,#D52B1E
Alexander Khalifman,RUS,2668,2004-04-27,#D52B1E
Alexander Khalifman,RUS,2669,2004-07-27,#D52B1E
Alexander Khalifman,RUS,2669,2004-10-27,#D52B1E
Alexander Khalifman,RUS,2662,2005-01-27,#D52B1E
Alexander Khalifman,RUS,2658,2005-04-27,#D52B1E
Alexander Khalifman,RUS,2653,2005-07-27,#D52B1E
Alexander Khalifman,RUS,2653,2005-10-27,#D52B1E
Alexander Khalifman,RUS,2660,2006-01-27,#D52B1E
Alexander Khalifman,RUS,2640,2006-04-27,#D52B1E
Alexander Khalifman,RUS,2622,2006-07-27,#D52B1E
Alexander Khalifman,RUS,2622,2006-10-27,#D52B1E
Alexander Khalifman,RUS,2619,2007-01-27,#D52B1E
Alexander Khalifman,RUS,2624,2007-04-27,#D52B1E
Alexander Khalifman,RUS,2632,2007-07-27,#D52B1E
Alexander Khalifman,RUS,2643,2007-10-27,#D52B1E
Alexander Khalifman,RUS,2638,2008-01-27,#D52B1E
Alexander Khalifman,RUS,2628,2008-04-27,#D52B1E
Alexander Khalifman,RUS,2634,2008-07-27,#D52B1E
Alexander Lastin,RUS,2633,2000-10-27,#D52B1E
Alexander Lastin,RUS,2631,2001-01-27,#D52B1E
Alexander Lastin,RUS,2627,2001-04-27,#D52B1E
Alexander Lastin,RUS,2628,2001-07-27,#D52B1E
Alexander Lastin,RUS,2628,2001-10-27,#D52B1E
Alexander Lastin,RUS,2630,2002-01-27,#D52B1E
Alexander Lastin,RUS,2619,2002-04-27,#D52B1E
Alexander Lastin,RUS,2625,2002-07-27,#D52B1E
Alexander Lastin,RUS,2625,2002-10-27,#D52B1E
Alexander Lastin,RUS,2636,2003-01-27,#D52B1E
Alexander Lastin,RUS,2632,2003-04-27,#D52B1E
Alexander Lastin,RUS,2634,2003-07-27,#D52B1E
Alexander Lastin,RUS,2634,2003-10-27,#D52B1E
Alexander Lastin,RUS,2625,2004-01-27,#D52B1E
Alexander Lastin,RUS,2622,2004-04-27,#D52B1E
Alexander Lastin,RUS,2611,2004-07-27,#D52B1E
Alexander Lastin,RUS,2639,2008-07-27,#D52B1E
Alexander Lastin,RUS,2651,2008-10-27,#D52B1E
Alexander Lastin,RUS,2643,2009-01-27,#D52B1E
Alexander Lastin,RUS,2650,2009-04-27,#D52B1E
Alexander Lastin,RUS,2648,2009-07-27,#D52B1E
Alexander Lastin,RUS,2648,2009-09-27,#D52B1E
Alexander Lastin,RUS,2656,2009-11-27,#D52B1E
Alexander Lastin,RUS,2659,2010-01-27,#D52B1E
Alexander Lastin,RUS,2643,2010-03-27,#D52B1E
Alexander Lastin,RUS,2643,2010-05-27,#D52B1E
Alexander Moiseenko,UKR,2678,2017-07-27,#005BBB
Alexander Moiseenko,UKR,2678,2017-08-27,#005BBB
Alexander Moiseenko,UKR,2674,2017-09-27,#005BBB
Alexander Moiseenko,UKR,2674,2017-10-27,#005BBB
Alexander Moiseenko,UKR,2674,2017-11-27,#005BBB
Alexander Moiseenko,UKR,2667,2017-12-27,#005BBB
Alexander Moiseenko,UKR,2660,2018-01-27,#005BBB
Alexander Moiseenko,UKR,2660,2018-02-27,#005BBB
Alexander Moiseenko,UKR,2659,2018-03-27,#005BBB
Alexander Moiseenko,UKR,2658,2018-06-27,#005BBB
Alexander Moiseenko,UKR,2658,2018-07-27,#005BBB
Alexander Moiseenko,UKR,2627,2003-04-27,#005BBB
Alexander Moiseenko,UKR,2618,2003-07-27,#005BBB
Alexander Moiseenko,UKR,2618,2003-10-27,#005BBB
Alexander Moiseenko,UKR,2625,2004-01-27,#005BBB
Alexander Moiseenko,UKR,2631,2004-04-27,#005BBB
Alexander Moiseenko,UKR,2640,2004-07-27,#005BBB
Alexander Moiseenko,UKR,2653,2004-10-27,#005BBB
Alexander Moiseenko,UKR,2669,2005-01-27,#005BBB
Alexander Moiseenko,UKR,2665,2005-04-27,#005BBB
Alexander Moiseenko,UKR,2664,2005-07-27,#005BBB
Alexander Moiseenko,UKR,2663,2005-10-27,#005BBB
Alexander Moiseenko,UKR,2657,2006-01-27,#005BBB
Alexander Moiseenko,UKR,2662,2006-04-27,#005BBB
Alexander Moiseenko,UKR,2649,2006-07-27,#005BBB
Alexander Moiseenko,UKR,2632,2006-10-27,#005BBB
Alexander Moiseenko,UKR,2627,2007-01-27,#005BBB
Alexander Moiseenko,UKR,2630,2007-04-27,#005BBB
Alexander Moiseenko,UKR,2641,2007-07-27,#005BBB
Alexander Moiseenko,UKR,2646,2007-10-27,#005BBB
Alexander Moiseenko,UKR,2643,2008-01-27,#005BBB
Alexander Moiseenko,UKR,2650,2008-04-27,#005BBB
Alexander Moiseenko,UKR,2632,2008-07-27,#005BBB
Alexander Moiseenko,UKR,2678,2008-10-27,#005BBB
Alexander Moiseenko,UKR,2676,2009-01-27,#005BBB
Alexander Moiseenko,UKR,2690,2009-04-27,#005BBB
Alexander Moiseenko,UKR,2682,2009-07-27,#005BBB
Alexander Moiseenko,UKR,2694,2009-09-27,#005BBB
Alexander Moiseenko,UKR,2677,2009-11-27,#005BBB
Alexander Moiseenko,UKR,2677,2010-01-27,#005BBB
Alexander Moiseenko,UKR,2668,2010-03-27,#005BBB
Alexander Moiseenko,UKR,2669,2010-05-27,#005BBB
Alexander Moiseenko,UKR,2667,2010-07-27,#005BBB
Alexander Moiseenko,UKR,2658,2010-09-27,#005BBB
Alexander Moiseenko,UKR,2670,2010-11-27,#005BBB
Alexander Moiseenko,UKR,2670,2011-01-27,#005BBB
Alexander Moiseenko,UKR,2673,2011-03-27,#005BBB
Alexander Moiseenko,UKR,2679,2011-05-27,#005BBB
Alexander Moiseenko,UKR,2715,2011-07-27,#005BBB
Alexander Moiseenko,UKR,2726,2011-09-27,#005BBB
Alexander Moiseenko,UKR,2715,2011-11-27,#005BBB
Alexander Moiseenko,UKR,2706,2012-01-27,#005BBB
Alexander Moiseenko,UKR,2706,2012-03-27,#005BBB
Alexander Moiseenko,UKR,2711,2012-05-27,#005BBB
Alexander Moiseenko,UKR,2706,2012-07-27,#005BBB
Alexander Moiseenko,UKR,2706,2012-08-27,#005BBB
Alexander Moiseenko,UKR,2699,2012-09-27,#005BBB
Alexander Moiseenko,UKR,2700,2012-10-27,#005BBB
Alexander Moiseenko,UKR,2702,2012-11-27,#005BBB
Alexander Moiseenko,UKR,2710,2012-12-27,#005BBB
Alexander Moiseenko,UKR,2703,2013-01-27,#005BBB
Alexander Moiseenko,UKR,2703,2013-02-27,#005BBB
Alexander Moiseenko,UKR,2703,2013-03-27,#005BBB
Alexander Moiseenko,UKR,2703,2013-04-27,#005BBB
Alexander Moiseenko,UKR,2698,2013-05-27,#005BBB
Alexander Moiseenko,UKR,2711,2013-06-27,#005BBB
Alexander Moiseenko,UKR,2699,2013-07-27,#005BBB
Alexander Moiseenko,UKR,2699,2013-08-27,#005BBB
Alexander Moiseenko,UKR,2706,2013-09-27,#005BBB
Alexander Moiseenko,UKR,2703,2013-10-27,#005BBB
Alexander Moiseenko,UKR,2709,2013-11-27,#005BBB
Alexander Moiseenko,UKR,2713,2013-12-27,#005BBB
Alexander Moiseenko,UKR,2710,2014-01-27,#005BBB
Alexander Moiseenko,UKR,2710,2014-02-27,#005BBB
Alexander Moiseenko,UKR,2712,2014-03-27,#005BBB
Alexander Moiseenko,UKR,2707,2014-04-27,#005BBB
Alexander Moiseenko,UKR,2707,2014-05-27,#005BBB
Alexander Moiseenko,UKR,2707,2014-06-27,#005BBB
Alexander Moiseenko,UKR,2707,2014-07-27,#005BBB
Alexander Moiseenko,UKR,2707,2014-08-27,#005BBB
Alexander Moiseenko,UKR,2698,2014-09-27,#005BBB
Alexander Moiseenko,UKR,2698,2014-10-27,#005BBB
Alexander Moiseenko,UKR,2701,2014-11-27,#005BBB
Alexander Moiseenko,UKR,2694,2014-12-27,#005BBB
Alexander Moiseenko,UKR,2695,2015-01-27,#005BBB
Alexander Moiseenko,UKR,2695,2015-02-27,#005BBB
Alexander Moiseenko,UKR,2693,2015-03-27,#005BBB
Alexander Moiseenko,UKR,2697,2015-04-27,#005BBB
Alexander Moiseenko,UKR,2707,2015-05-27,#005BBB
Alexander Moiseenko,UKR,2707,2015-06-27,#005BBB
Alexander Moiseenko,UKR,2710,2015-07-27,#005BBB
Alexander Moiseenko,UKR,2710,2015-08-27,#005BBB
Alexander Moiseenko,UKR,2692,2015-09-27,#005BBB
Alexander Moiseenko,UKR,2692,2015-10-27,#005BBB
Alexander Moiseenko,UKR,2689,2015-11-27,#005BBB
Alexander Moiseenko,UKR,2689,2015-12-27,#005BBB
Alexander Moiseenko,UKR,2673,2016-01-27,#005BBB
Alexander Moiseenko,UKR,2673,2016-02-27,#005BBB
Alexander Moiseenko,UKR,2668,2016-03-27,#005BBB
Alexander Moiseenko,UKR,2667,2016-04-27,#005BBB
Alexander Moiseenko,UKR,2663,2016-05-27,#005BBB
Alexander Moiseenko,UKR,2657,2016-12-27,#005BBB
Alexander Moiseenko,UKR,2661,2017-01-27,#005BBB
Alexander Moiseenko,UKR,2661,2017-02-27,#005BBB
Alexander Moiseenko,UKR,2664,2017-03-27,#005BBB
Alexander Moiseenko,UKR,2670,2017-04-27,#005BBB
Alexander Moiseenko,UKR,2677,2017-05-27,#005BBB
Alexander Moiseenko,UKR,2676,2017-06-27,#005BBB
Alexander Morozevich,RUS,2675,2017-07-27,#D52B1E
Alexander Morozevich,RUS,2675,2017-08-27,#D52B1E
Alexander Morozevich,RUS,2676,2017-09-27,#D52B1E
Alexander Morozevich,RUS,2665,2017-10-27,#D52B1E
Alexander Morozevich,RUS,2665,2017-11-27,#D52B1E
Alexander Morozevich,RUS,2665,2017-12-27,#D52B1E
Alexander Morozevich,RUS,2665,2018-01-27,#D52B1E
Alexander Morozevich,RUS,2665,2018-02-27,#D52B1E
Alexander Morozevich,RUS,2665,2018-03-27,#D52B1E
Alexander Morozevich,RUS,2665,2018-04-27,#D52B1E
Alexander Morozevich,RUS,2665,2018-05-27,#D52B1E
Alexander Morozevich,RUS,2656,2018-06-27,#D52B1E
Alexander Morozevich,RUS,2656,2018-07-27,#D52B1E
Alexander Morozevich,RUS,2656,2018-08-27,#D52B1E
Alexander Morozevich,RUS,2656,2018-09-27,#D52B1E
Alexander Morozevich,RUS,2656,2018-10-27,#D52B1E
Alexander Morozevich,RUS,2656,2018-11-27,#D52B1E
Alexander Morozevich,RUS,2656,2018-12-27,#D52B1E
Alexander Morozevich,RUS,2656,2019-01-27,#D52B1E
Alexander Morozevich,RUS,2656,2019-02-24,#D52B1E
Alexander Morozevich,RUS,2756,2000-07-27,#D52B1E
Alexander Morozevich,RUS,2734,2000-10-27,#D52B1E
Alexander Morozevich,RUS,2745,2001-01-27,#D52B1E
Alexander Morozevich,RUS,2749,2001-04-27,#D52B1E
Alexander Morozevich,RUS,2739,2001-07-27,#D52B1E
Alexander Morozevich,RUS,2742,2001-10-27,#D52B1E
Alexander Morozevich,RUS,2742,2002-01-27,#D52B1E
Alexander Morozevich,RUS,2718,2002-04-27,#D52B1E
Alexander Morozevich,RUS,2716,2002-07-27,#D52B1E
Alexander Morozevich,RUS,2707,2002-10-27,#D52B1E
Alexander Morozevich,RUS,2678,2003-01-27,#D52B1E
Alexander Morozevich,RUS,2678,2003-04-27,#D52B1E
Alexander Morozevich,RUS,2679,2003-07-27,#D52B1E
Alexander Morozevich,RUS,2702,2003-10-27,#D52B1E
Alexander Morozevich,RUS,2732,2004-01-27,#D52B1E
Alexander Morozevich,RUS,2732,2004-04-27,#D52B1E
Alexander Morozevich,RUS,2743,2004-07-27,#D52B1E
Alexander Morozevich,RUS,2758,2004-10-27,#D52B1E
Alexander Morozevich,RUS,2741,2005-01-27,#D52B1E
Alexander Morozevich,RUS,2717,2005-04-27,#D52B1E
Alexander Morozevich,RUS,2707,2005-07-27,#D52B1E
Alexander Morozevich,RUS,2707,2005-10-27,#D52B1E
Alexander Morozevich,RUS,2721,2006-01-27,#D52B1E
Alexander Morozevich,RUS,2730,2006-04-27,#D52B1E
Alexander Morozevich,RUS,2731,2006-07-27,#D52B1E
Alexander Morozevich,RUS,2747,2006-10-27,#D52B1E
Alexander Morozevich,RUS,2741,2007-01-27,#D52B1E
Alexander Morozevich,RUS,2762,2007-04-27,#D52B1E
Alexander Morozevich,RUS,2758,2007-07-27,#D52B1E
Alexander Morozevich,RUS,2755,2007-10-27,#D52B1E
Alexander Morozevich,RUS,2765,2008-01-27,#D52B1E
Alexander Morozevich,RUS,2774,2008-04-27,#D52B1E
Alexander Morozevich,RUS,2788,2008-07-27,#D52B1E
Alexander Morozevich,RUS,2787,2008-10-27,#D52B1E
Alexander Morozevich,RUS,2771,2009-01-27,#D52B1E
Alexander Morozevich,RUS,2751,2009-04-27,#D52B1E
Alexander Morozevich,RUS,2751,2009-07-27,#D52B1E
Alexander Morozevich,RUS,2750,2009-09-27,#D52B1E
Alexander Morozevich,RUS,2750,2009-11-27,#D52B1E
Alexander Morozevich,RUS,2732,2010-01-27,#D52B1E
Alexander Morozevich,RUS,2715,2010-03-27,#D52B1E
Alexander Morozevich,RUS,2715,2010-05-27,#D52B1E
Alexander Morozevich,RUS,2715,2010-07-27,#D52B1E
Alexander Morozevich,RUS,2700,2010-09-27,#D52B1E
Alexander Morozevich,RUS,2700,2010-11-27,#D52B1E
Alexander Morozevich,RUS,2700,2011-01-27,#D52B1E
Alexander Morozevich,RUS,2694,2011-03-27,#D52B1E
Alexander Morozevich,RUS,2694,2011-05-27,#D52B1E
Alexander Morozevich,RUS,2694,2011-07-27,#D52B1E
Alexander Morozevich,RUS,2737,2011-09-27,#D52B1E
Alexander Morozevich,RUS,2762,2011-11-27,#D52B1E
Alexander Morozevich,RUS,2763,2012-01-27,#D52B1E
Alexander Morozevich,RUS,2765,2012-03-27,#D52B1E
Alexander Morozevich,RUS,2769,2012-05-27,#D52B1E
Alexander Morozevich,RUS,2770,2012-07-27,#D52B1E
Alexander Morozevich,RUS,2770,2012-08-27,#D52B1E
Alexander Morozevich,RUS,2758,2012-09-27,#D52B1E
Alexander Morozevich,RUS,2758,2012-10-27,#D52B1E
Alexander Morozevich,RUS,2748,2012-11-27,#D52B1E
Alexander Morozevich,RUS,2748,2012-12-27,#D52B1E
Alexander Morozevich,RUS,2758,2013-01-27,#D52B1E
Alexander Morozevich,RUS,2758,2013-02-27,#D52B1E
Alexander Morozevich,RUS,2758,2013-03-27,#D52B1E
Alexander Morozevich,RUS,2758,2013-04-27,#D52B1E
Alexander Morozevich,RUS,2760,2013-05-27,#D52B1E
Alexander Morozevich,RUS,2760,2013-06-27,#D52B1E
Alexander Morozevich,RUS,2736,2013-07-27,#D52B1E
Alexander Morozevich,RUS,2739,2013-08-27,#D52B1E
Alexander Morozevich,RUS,2739,2013-09-27,#D52B1E
Alexander Morozevich,RUS,2734,2013-10-27,#D52B1E
Alexander Morozevich,RUS,2727,2013-11-27,#D52B1E
Alexander Morozevich,RUS,2722,2013-12-27,#D52B1E
Alexander Morozevich,RUS,2722,2014-01-27,#D52B1E
Alexander Morozevich,RUS,2722,2014-02-27,#D52B1E
Alexander Morozevich,RUS,2722,2014-03-27,#D52B1E
Alexander Morozevich,RUS,2722,2014-04-27,#D52B1E
Alexander Morozevich,RUS,2719,2014-05-27,#D52B1E
Alexander Morozevich,RUS,2731,2014-06-27,#D52B1E
Alexander Morozevich,RUS,2731,2014-07-27,#D52B1E
Alexander Morozevich,RUS,2731,2014-08-27,#D52B1E
Alexander Morozevich,RUS,2731,2014-09-27,#D52B1E
Alexander Morozevich,RUS,2724,2014-10-27,#D52B1E
Alexander Morozevich,RUS,2724,2014-11-27,#D52B1E
Alexander Morozevich,RUS,2712,2014-12-27,#D52B1E
Alexander Morozevich,RUS,2711,2015-01-27,#D52B1E
Alexander Morozevich,RUS,2711,2015-02-27,#D52B1E
Alexander Morozevich,RUS,2711,2015-03-27,#D52B1E
Alexander Morozevich,RUS,2711,2015-04-27,#D52B1E
Alexander Morozevich,RUS,2711,2015-05-27,#D52B1E
Alexander Morozevich,RUS,2711,2015-06-27,#D52B1E
Alexander Morozevich,RUS,2711,2015-07-27,#D52B1E
Alexander Morozevich,RUS,2711,2015-08-27,#D52B1E
Alexander Morozevich,RUS,2711,2015-09-27,#D52B1E
Alexander Morozevich,RUS,2711,2015-10-27,#D52B1E
Alexander Morozevich,RUS,2695,2015-11-27,#D52B1E
Alexander Morozevich,RUS,2692,2015-12-27,#D52B1E
Alexander Morozevich,RUS,2683,2016-01-27,#D52B1E
Alexander Morozevich,RUS,2683,2016-02-27,#D52B1E
Alexander Morozevich,RUS,2683,2016-03-27,#D52B1E
Alexander Morozevich,RUS,2683,2016-04-27,#D52B1E
Alexander Morozevich,RUS,2683,2016-05-27,#D52B1E
Alexander Morozevich,RUS,2683,2016-06-27,#D52B1E
Alexander Morozevich,RUS,2683,2016-07-27,#D52B1E
Alexander Morozevich,RUS,2683,2016-08-27,#D52B1E
Alexander Morozevich,RUS,2683,2016-09-27,#D52B1E
Alexander Morozevich,RUS,2683,2016-10-27,#D52B1E
Alexander Morozevich,RUS,2683,2016-11-27,#D52B1E
Alexander Morozevich,RUS,2676,2016-12-27,#D52B1E
Alexander Morozevich,RUS,2675,2017-01-27,#D52B1E
Alexander Morozevich,RUS,2675,2017-02-27,#D52B1E
Alexander Morozevich,RUS,2675,2017-03-27,#D52B1E
Alexander Morozevich,RUS,2675,2017-04-27,#D52B1E
Alexander Morozevich,RUS,2675,2017-05-27,#D52B1E
Alexander Morozevich,RUS,2675,2017-06-27,#D52B1E
Alexander Motylev,RUS,2675,2017-07-27,#D52B1E
Alexander Motylev,RUS,2675,2017-08-27,#D52B1E
Alexander Motylev,RUS,2668,2017-09-27,#D52B1E
Alexander Motylev,RUS,2675,2017-10-27,#D52B1E
Alexander Motylev,RUS,2675,2017-11-27,#D52B1E
Alexander Motylev,RUS,2675,2017-12-27,#D52B1E
Alexander Motylev,RUS,2673,2018-01-27,#D52B1E
Alexander Motylev,RUS,2673,2018-02-27,#D52B1E
Alexander Motylev,RUS,2669,2018-03-27,#D52B1E
Alexander Motylev,RUS,2660,2018-04-27,#D52B1E
Alexander Motylev,RUS,2660,2018-05-27,#D52B1E
Alexander Motylev,RUS,2659,2018-06-27,#D52B1E
Alexander Motylev,RUS,2659,2018-07-27,#D52B1E
Alexander Motylev,RUS,2661,2018-08-27,#D52B1E
Alexander Motylev,RUS,2661,2018-09-27,#D52B1E
Alexander Motylev,RUS,2661,2018-10-27,#D52B1E
Alexander Motylev,RUS,2661,2018-11-27,#D52B1E
Alexander Motylev,RUS,2601,2001-04-27,#D52B1E
Alexander Motylev,RUS,2627,2001-07-27,#D52B1E
Alexander Motylev,RUS,2641,2001-10-27,#D52B1E
Alexander Motylev,RUS,2639,2002-01-27,#D52B1E
Alexander Motylev,RUS,2622,2002-04-27,#D52B1E
Alexander Motylev,RUS,2634,2002-07-27,#D52B1E
Alexander Motylev,RUS,2634,2002-10-27,#D52B1E
Alexander Motylev,RUS,2640,2003-01-27,#D52B1E
Alexander Motylev,RUS,2634,2003-04-27,#D52B1E
Alexander Motylev,RUS,2634,2003-07-27,#D52B1E
Alexander Motylev,RUS,2634,2003-10-27,#D52B1E
Alexander Motylev,RUS,2640,2004-01-27,#D52B1E
Alexander Motylev,RUS,2649,2004-04-27,#D52B1E
Alexander Motylev,RUS,2658,2004-07-27,#D52B1E
Alexander Motylev,RUS,2651,2004-10-27,#D52B1E
Alexander Motylev,RUS,2665,2005-01-27,#D52B1E
Alexander Motylev,RUS,2680,2005-04-27,#D52B1E
Alexander Motylev,RUS,2675,2005-07-27,#D52B1E
Alexander Motylev,RUS,2632,2005-10-27,#D52B1E
Alexander Motylev,RUS,2638,2006-01-27,#D52B1E
Alexander Motylev,RUS,2660,2006-04-27,#D52B1E
Alexander Motylev,RUS,2662,2006-07-27,#D52B1E
Alexander Motylev,RUS,2662,2006-10-27,#D52B1E
Alexander Motylev,RUS,2647,2007-01-27,#D52B1E
Alexander Motylev,RUS,2642,2007-04-27,#D52B1E
Alexander Motylev,RUS,2648,2007-07-27,#D52B1E
Alexander Motylev,RUS,2645,2007-10-27,#D52B1E
Alexander Motylev,RUS,2644,2008-01-27,#D52B1E
Alexander Motylev,RUS,2666,2008-04-27,#D52B1E
Alexander Motylev,RUS,2674,2008-07-27,#D52B1E
Alexander Motylev,RUS,2672,2008-10-27,#D52B1E
Alexander Motylev,RUS,2676,2009-01-27,#D52B1E
Alexander Motylev,RUS,2677,2009-04-27,#D52B1E
Alexander Motylev,RUS,2710,2009-07-27,#D52B1E
Alexander Motylev,RUS,2710,2009-09-27,#D52B1E
Alexander Motylev,RUS,2695,2009-11-27,#D52B1E
Alexander Motylev,RUS,2697,2010-01-27,#D52B1E
Alexander Motylev,RUS,2705,2010-03-27,#D52B1E
Alexander Motylev,RUS,2704,2010-05-27,#D52B1E
Alexander Motylev,RUS,2685,2010-07-27,#D52B1E
Alexander Motylev,RUS,2694,2010-09-27,#D52B1E
Alexander Motylev,RUS,2692,2010-11-27,#D52B1E
Alexander Motylev,RUS,2687,2011-01-27,#D52B1E
Alexander Motylev,RUS,2677,2011-03-27,#D52B1E
Alexander Motylev,RUS,2696,2011-05-27,#D52B1E
Alexander Motylev,RUS,2685,2011-07-27,#D52B1E
Alexander Motylev,RUS,2690,2011-09-27,#D52B1E
Alexander Motylev,RUS,2678,2011-11-27,#D52B1E
Alexander Motylev,RUS,2677,2012-01-27,#D52B1E
Alexander Motylev,RUS,2683,2012-03-27,#D52B1E
Alexander Motylev,RUS,2673,2012-05-27,#D52B1E
Alexander Motylev,RUS,2667,2012-07-27,#D52B1E
Alexander Motylev,RUS,2658,2012-08-27,#D52B1E
Alexander Motylev,RUS,2658,2012-09-27,#D52B1E
Alexander Motylev,RUS,2655,2012-10-27,#D52B1E
Alexander Motylev,RUS,2677,2012-11-27,#D52B1E
Alexander Motylev,RUS,2677,2012-12-27,#D52B1E
Alexander Motylev,RUS,2676,2013-01-27,#D52B1E
Alexander Motylev,RUS,2676,2013-02-27,#D52B1E
Alexander Motylev,RUS,2676,2013-03-27,#D52B1E
Alexander Motylev,RUS,2676,2013-04-27,#D52B1E
Alexander Motylev,RUS,2669,2013-05-27,#D52B1E
Alexander Motylev,RUS,2655,2013-06-27,#D52B1E
Alexander Motylev,RUS,2655,2013-07-27,#D52B1E
Alexander Motylev,RUS,2663,2013-08-27,#D52B1E
Alexander Motylev,RUS,2663,2013-09-27,#D52B1E
Alexander Motylev,RUS,2676,2013-10-27,#D52B1E
Alexander Motylev,RUS,2654,2014-01-27,#D52B1E
Alexander Motylev,RUS,2654,2014-02-27,#D52B1E
Alexander Motylev,RUS,2656,2014-03-27,#D52B1E
Alexander Motylev,RUS,2685,2014-04-27,#D52B1E
Alexander Motylev,RUS,2687,2014-05-27,#D52B1E
Alexander Motylev,RUS,2696,2014-06-27,#D52B1E
Alexander Motylev,RUS,2698,2014-07-27,#D52B1E
Alexander Motylev,RUS,2686,2014-08-27,#D52B1E
Alexander Motylev,RUS,2686,2014-09-27,#D52B1E
Alexander Motylev,RUS,2682,2014-10-27,#D52B1E
Alexander Motylev,RUS,2680,2014-11-27,#D52B1E
Alexander Motylev,RUS,2680,2014-12-27,#D52B1E
Alexander Motylev,RUS,2665,2015-01-27,#D52B1E
Alexander Motylev,RUS,2665,2015-02-27,#D52B1E
Alexander Motylev,RUS,2653,2015-03-27,#D52B1E
Alexander Motylev,RUS,2653,2015-04-27,#D52B1E
Alexander Motylev,RUS,2658,2015-08-27,#D52B1E
Alexander Motylev,RUS,2653,2015-11-27,#D52B1E
Alexander Motylev,RUS,2653,2015-12-27,#D52B1E
Alexander Motylev,RUS,2656,2016-01-27,#D52B1E
Alexander Motylev,RUS,2655,2016-02-27,#D52B1E
Alexander Motylev,RUS,2655,2016-03-27,#D52B1E
Alexander Motylev,RUS,2660,2016-05-27,#D52B1E
Alexander Motylev,RUS,2660,2016-06-27,#D52B1E
Alexander Motylev,RUS,2660,2016-07-27,#D52B1E
Alexander Motylev,RUS,2660,2016-08-27,#D52B1E
Alexander Motylev,RUS,2663,2016-09-27,#D52B1E
Alexander Motylev,RUS,2663,2016-10-27,#D52B1E
Alexander Motylev,RUS,2663,2016-11-27,#D52B1E
Alexander Motylev,RUS,2663,2016-12-27,#D52B1E
Alexander Motylev,RUS,2663,2017-01-27,#D52B1E
Alexander Motylev,RUS,2663,2017-02-27,#D52B1E
Alexander Motylev,RUS,2663,2017-03-27,#D52B1E
Alexander Motylev,RUS,2658,2017-04-27,#D52B1E
Alexander Motylev,RUS,2665,2017-05-27,#D52B1E
Alexander Motylev,RUS,2672,2017-06-27,#D52B1E
Alexander Nenashev,UZB,2642,2000-07-27,#FFFFFFF
Alexander Nenashev,UZB,2645,2000-10-27,#FFFFFFF
Alexander Nenashev,UZB,2649,2001-01-27,#FFFFFFF
Alexander Onischuk,UKR,2627,2000-07-27,#005BBB
Alexander Onischuk,UKR,2647,2000-10-27,#005BBB
Alexander Onischuk,UKR,2658,2001-01-27,#005BBB
Alexander Onischuk,UKR,2658,2001-04-27,#005BBB
Alexander Onischuk,UKR,2667,2001-07-27,#005BBB
Alexander Onischuk,UKR,2660,2001-10-27,#005BBB
Alexander Onischuk,UKR,2655,2002-01-27,#005BBB
Alexander Onischuk,USA,2682,2017-07-27,#3c3b6e
Alexander Onischuk,USA,2682,2017-08-27,#3c3b6e
Alexander Onischuk,USA,2682,2017-09-27,#3c3b6e
Alexander Onischuk,USA,2681,2017-10-27,#3c3b6e
Alexander Onischuk,USA,2681,2017-11-27,#3c3b6e
Alexander Onischuk,USA,2681,2017-12-27,#3c3b6e
Alexander Onischuk,USA,2681,2018-01-27,#3c3b6e
Alexander Onischuk,USA,2681,2018-02-27,#3c3b6e
Alexander Onischuk,USA,2681,2018-03-27,#3c3b6e
Alexander Onischuk,USA,2672,2018-04-27,#3c3b6e
Alexander Onischuk,USA,2641,2002-04-27,#3c3b6e
Alexander Onischuk,USA,2644,2002-07-27,#3c3b6e
Alexander Onischuk,USA,2649,2002-10-27,#3c3b6e
Alexander Onischuk,USA,2658,2003-01-27,#3c3b6e
Alexander Onischuk,USA,2647,2003-04-27,#3c3b6e
Alexander Onischuk,USA,2657,2003-07-27,#3c3b6e
Alexander Onischuk,USA,2661,2003-10-27,#3c3b6e
Alexander Onischuk,USA,2652,2004-01-27,#3c3b6e
Alexander Onischuk,USA,2652,2004-04-27,#3c3b6e
Alexander Onischuk,USA,2655,2004-07-27,#3c3b6e
Alexander Onischuk,USA,2653,2004-10-27,#3c3b6e
Alexander Onischuk,USA,2652,2005-01-27,#3c3b6e
Alexander Onischuk,USA,2638,2005-04-27,#3c3b6e
Alexander Onischuk,USA,2628,2005-07-27,#3c3b6e
Alexander Onischuk,USA,2640,2005-10-27,#3c3b6e
Alexander Onischuk,USA,2650,2006-01-27,#3c3b6e
Alexander Onischuk,USA,2650,2006-04-27,#3c3b6e
Alexander Onischuk,USA,2668,2006-07-27,#3c3b6e
Alexander Onischuk,USA,2668,2006-10-27,#3c3b6e
Alexander Onischuk,USA,2663,2007-01-27,#3c3b6e
Alexander Onischuk,USA,2663,2007-04-27,#3c3b6e
Alexander Onischuk,USA,2650,2007-07-27,#3c3b6e
Alexander Onischuk,USA,2674,2007-10-27,#3c3b6e
Alexander Onischuk,USA,2664,2008-01-27,#3c3b6e
Alexander Onischuk,USA,2664,2008-04-27,#3c3b6e
Alexander Onischuk,USA,2670,2008-07-27,#3c3b6e
Alexander Onischuk,USA,2644,2008-10-27,#3c3b6e
Alexander Onischuk,USA,2659,2009-01-27,#3c3b6e
Alexander Onischuk,USA,2684,2009-04-27,#3c3b6e
Alexander Onischuk,USA,2699,2009-07-27,#3c3b6e
Alexander Onischuk,USA,2699,2009-09-27,#3c3b6e
Alexander Onischuk,USA,2672,2009-11-27,#3c3b6e
Alexander Onischuk,USA,2670,2010-01-27,#3c3b6e
Alexander Onischuk,USA,2687,2010-03-27,#3c3b6e
Alexander Onischuk,USA,2699,2010-05-27,#3c3b6e
Alexander Onischuk,USA,2701,2010-07-27,#3c3b6e
Alexander Onischuk,USA,2688,2010-09-27,#3c3b6e
Alexander Onischuk,USA,2683,2010-11-27,#3c3b6e
Alexander Onischuk,USA,2689,2011-01-27,#3c3b6e
Alexander Onischuk,USA,2678,2011-03-27,#3c3b6e
Alexander Onischuk,USA,2675,2011-05-27,#3c3b6e
Alexander Onischuk,USA,2675,2011-07-27,#3c3b6e
Alexander Onischuk,USA,2669,2011-09-27,#3c3b6e
Alexander Onischuk,USA,2674,2011-11-27,#3c3b6e
Alexander Onischuk,USA,2670,2012-01-27,#3c3b6e
Alexander Onischuk,USA,2670,2012-03-27,#3c3b6e
Alexander Onischuk,USA,2660,2012-05-27,#3c3b6e
Alexander Onischuk,USA,2666,2012-07-27,#3c3b6e
Alexander Onischuk,USA,2666,2012-08-27,#3c3b6e
Alexander Onischuk,USA,2672,2012-09-27,#3c3b6e
Alexander Onischuk,USA,2677,2012-10-27,#3c3b6e
Alexander Onischuk,USA,2676,2012-11-27,#3c3b6e
Alexander Onischuk,USA,2660,2012-12-27,#3c3b6e
Alexander Onischuk,USA,2660,2013-01-27,#3c3b6e
Alexander Onischuk,USA,2663,2013-02-27,#3c3b6e
Alexander Onischuk,USA,2663,2013-03-27,#3c3b6e
Alexander Onischuk,USA,2663,2013-04-27,#3c3b6e
Alexander Onischuk,USA,2666,2013-05-27,#3c3b6e
Alexander Onischuk,USA,2667,2013-06-27,#3c3b6e
Alexander Onischuk,USA,2667,2013-07-27,#3c3b6e
Alexander Onischuk,USA,2667,2013-08-27,#3c3b6e
Alexander Onischuk,USA,2667,2013-09-27,#3c3b6e
Alexander Onischuk,USA,2672,2013-10-27,#3c3b6e
Alexander Onischuk,USA,2672,2013-11-27,#3c3b6e
Alexander Onischuk,USA,2672,2013-12-27,#3c3b6e
Alexander Onischuk,USA,2679,2014-01-27,#3c3b6e
Alexander Onischuk,USA,2679,2014-02-27,#3c3b6e
Alexander Onischuk,USA,2679,2014-03-27,#3c3b6e
Alexander Onischuk,USA,2679,2014-04-27,#3c3b6e
Alexander Onischuk,USA,2668,2014-05-27,#3c3b6e
Alexander Onischuk,USA,2659,2014-06-27,#3c3b6e
Alexander Onischuk,USA,2659,2014-07-27,#3c3b6e
Alexander Onischuk,USA,2659,2014-08-27,#3c3b6e
Alexander Onischuk,USA,2665,2014-09-27,#3c3b6e
Alexander Onischuk,USA,2665,2014-10-27,#3c3b6e
Alexander Onischuk,USA,2665,2014-11-27,#3c3b6e
Alexander Onischuk,USA,2665,2014-12-27,#3c3b6e
Alexander Onischuk,USA,2665,2015-01-27,#3c3b6e
Alexander Onischuk,USA,2665,2015-02-27,#3c3b6e
Alexander Onischuk,USA,2669,2015-03-27,#3c3b6e
Alexander Onischuk,USA,2665,2015-04-27,#3c3b6e
Alexander Onischuk,USA,2662,2015-05-27,#3c3b6e
Alexander Onischuk,USA,2662,2015-06-27,#3c3b6e
Alexander Onischuk,USA,2662,2015-07-27,#3c3b6e
Alexander Onischuk,USA,2662,2015-08-27,#3c3b6e
Alexander Onischuk,USA,2662,2015-09-27,#3c3b6e
Alexander Onischuk,USA,2662,2015-10-27,#3c3b6e
Alexander Onischuk,USA,2664,2015-11-27,#3c3b6e
Alexander Onischuk,USA,2664,2015-12-27,#3c3b6e
Alexander Onischuk,USA,2664,2016-01-27,#3c3b6e
Alexander Onischuk,USA,2664,2016-02-27,#3c3b6e
Alexander Onischuk,USA,2664,2016-03-27,#3c3b6e
Alexander Onischuk,USA,2664,2016-04-27,#3c3b6e
Alexander Onischuk,USA,2668,2016-05-27,#3c3b6e
Alexander Onischuk,USA,2668,2016-06-27,#3c3b6e
Alexander Onischuk,USA,2668,2016-07-27,#3c3b6e
Alexander Onischuk,USA,2668,2016-08-27,#3c3b6e
Alexander Onischuk,USA,2668,2016-09-27,#3c3b6e
Alexander Onischuk,USA,2668,2016-10-27,#3c3b6e
Alexander Onischuk,USA,2668,2016-11-27,#3c3b6e
Alexander Onischuk,USA,2668,2016-12-27,#3c3b6e
Alexander Onischuk,USA,2667,2017-01-27,#3c3b6e
Alexander Onischuk,USA,2667,2017-02-27,#3c3b6e
Alexander Onischuk,USA,2667,2017-03-27,#3c3b6e
Alexander Onischuk,USA,2667,2017-04-27,#3c3b6e
Alexander Onischuk,USA,2685,2017-05-27,#3c3b6e
Alexander Onischuk,USA,2685,2017-06-27,#3c3b6e
Alexander Riazantsev,RUS,2666,2017-07-27,#D52B1E
Alexander Riazantsev,RUS,2666,2017-08-27,#D52B1E
Alexander Riazantsev,RUS,2666,2017-09-27,#D52B1E
Alexander Riazantsev,RUS,2666,2017-10-27,#D52B1E
Alexander Riazantsev,RUS,2662,2018-01-27,#D52B1E
Alexander Riazantsev,RUS,2662,2018-02-27,#D52B1E
Alexander Riazantsev,RUS,2662,2018-03-27,#D52B1E
Alexander Riazantsev,RUS,2662,2018-04-27,#D52B1E
Alexander Riazantsev,RUS,2662,2018-05-27,#D52B1E
Alexander Riazantsev,RUS,2622,2006-07-27,#D52B1E
Alexander Riazantsev,RUS,2632,2006-10-27,#D52B1E
Alexander Riazantsev,RUS,2629,2007-01-27,#D52B1E
Alexander Riazantsev,RUS,2628,2008-01-27,#D52B1E
Alexander Riazantsev,RUS,2638,2008-04-27,#D52B1E
Alexander Riazantsev,RUS,2656,2008-10-27,#D52B1E
Alexander Riazantsev,RUS,2634,2009-01-27,#D52B1E
Alexander Riazantsev,RUS,2635,2009-04-27,#D52B1E
Alexander Riazantsev,RUS,2647,2009-07-27,#D52B1E
Alexander Riazantsev,RUS,2646,2009-09-27,#D52B1E
Alexander Riazantsev,RUS,2661,2009-11-27,#D52B1E
Alexander Riazantsev,RUS,2661,2010-01-27,#D52B1E
Alexander Riazantsev,RUS,2660,2010-03-27,#D52B1E
Alexander Riazantsev,RUS,2674,2010-05-27,#D52B1E
Alexander Riazantsev,RUS,2682,2010-07-27,#D52B1E
Alexander Riazantsev,RUS,2686,2010-09-27,#D52B1E
Alexander Riazantsev,RUS,2689,2010-11-27,#D52B1E
Alexander Riazantsev,RUS,2689,2011-01-27,#D52B1E
Alexander Riazantsev,RUS,2679,2011-03-27,#D52B1E
Alexander Riazantsev,RUS,2679,2011-05-27,#D52B1E
Alexander Riazantsev,RUS,2688,2011-07-27,#D52B1E
Alexander Riazantsev,RUS,2688,2011-09-27,#D52B1E
Alexander Riazantsev,RUS,2710,2011-11-27,#D52B1E
Alexander Riazantsev,RUS,2710,2012-01-27,#D52B1E
Alexander Riazantsev,RUS,2710,2012-03-27,#D52B1E
Alexander Riazantsev,RUS,2714,2012-05-27,#D52B1E
Alexander Riazantsev,RUS,2720,2012-07-27,#D52B1E
Alexander Riazantsev,RUS,2712,2012-08-27,#D52B1E
Alexander Riazantsev,RUS,2712,2012-09-27,#D52B1E
Alexander Riazantsev,RUS,2712,2012-10-27,#D52B1E
Alexander Riazantsev,RUS,2705,2012-11-27,#D52B1E
Alexander Riazantsev,RUS,2705,2012-12-27,#D52B1E
Alexander Riazantsev,RUS,2705,2013-01-27,#D52B1E
Alexander Riazantsev,RUS,2705,2013-02-27,#D52B1E
Alexander Riazantsev,RUS,2705,2013-03-27,#D52B1E
Alexander Riazantsev,RUS,2705,2013-04-27,#D52B1E
Alexander Riazantsev,RUS,2708,2013-05-27,#D52B1E
Alexander Riazantsev,RUS,2708,2013-06-27,#D52B1E
Alexander Riazantsev,RUS,2708,2013-07-27,#D52B1E
Alexander Riazantsev,RUS,2700,2013-08-27,#D52B1E
Alexander Riazantsev,RUS,2700,2013-09-27,#D52B1E
Alexander Riazantsev,RUS,2697,2013-10-27,#D52B1E
Alexander Riazantsev,RUS,2689,2013-11-27,#D52B1E
Alexander Riazantsev,RUS,2689,2013-12-27,#D52B1E
Alexander Riazantsev,RUS,2689,2014-01-27,#D52B1E
Alexander Riazantsev,RUS,2689,2014-02-27,#D52B1E
Alexander Riazantsev,RUS,2689,2014-03-27,#D52B1E
Alexander Riazantsev,RUS,2688,2014-04-27,#D52B1E
Alexander Riazantsev,RUS,2692,2014-05-27,#D52B1E
Alexander Riazantsev,RUS,2692,2014-06-27,#D52B1E
Alexander Riazantsev,RUS,2678,2014-07-27,#D52B1E
Alexander Riazantsev,RUS,2678,2014-08-27,#D52B1E
Alexander Riazantsev,RUS,2678,2014-09-27,#D52B1E
Alexander Riazantsev,RUS,2678,2014-10-27,#D52B1E
Alexander Riazantsev,RUS,2678,2014-11-27,#D52B1E
Alexander Riazantsev,RUS,2684,2014-12-27,#D52B1E
Alexander Riazantsev,RUS,2684,2015-01-27,#D52B1E
Alexander Riazantsev,RUS,2688,2015-02-27,#D52B1E
Alexander Riazantsev,RUS,2688,2015-03-27,#D52B1E
Alexander Riazantsev,RUS,2671,2015-04-27,#D52B1E
Alexander Riazantsev,RUS,2671,2015-05-27,#D52B1E
Alexander Riazantsev,RUS,2658,2015-06-27,#D52B1E
Alexander Riazantsev,RUS,2651,2015-07-27,#D52B1E
Alexander Riazantsev,RUS,2651,2016-10-27,#D52B1E
Alexander Riazantsev,RUS,2671,2016-11-27,#D52B1E
Alexander Riazantsev,RUS,2671,2016-12-27,#D52B1E
Alexander Riazantsev,RUS,2671,2017-01-27,#D52B1E
Alexander Riazantsev,RUS,2671,2017-02-27,#D52B1E
Alexander Riazantsev,RUS,2661,2017-03-27,#D52B1E
Alexander Riazantsev,RUS,2661,2017-04-27,#D52B1E
Alexander Riazantsev,RUS,2659,2017-05-27,#D52B1E
Alexander Rustemov,RUS,2620,2001-01-27,#D52B1E
Alexander Rustemov,RUS,2625,2001-04-27,#D52B1E
Alexander Rustemov,RUS,2607,2001-07-27,#D52B1E
Alexander Rustemov,RUS,2611,2001-10-27,#D52B1E
Alexander Rustemov,RUS,2607,2002-01-27,#D52B1E
Alexander Rustemov,RUS,2598,2002-04-27,#D52B1E
Alexander Rustemov,RUS,2604,2003-01-27,#D52B1E
Alexander Shabalov,USA,2601,2000-07-27,#3c3b6e
Alexander Shabalov,USA,2599,2000-10-27,#3c3b6e
Alexander Shabalov,USA,2609,2001-01-27,#3c3b6e
Alexander Shabalov,USA,2595,2001-04-27,#3c3b6e
Alexander Shabalov,USA,2606,2002-01-27,#3c3b6e
Alexander Shabalov,USA,2622,2002-04-27,#3c3b6e
Alexander Shabalov,USA,2624,2002-07-27,#3c3b6e
Alexander Shabalov,USA,2621,2002-10-27,#3c3b6e
Alexander Shabalov,USA,2613,2003-01-27,#3c3b6e
Alexander Shabalov,USA,2623,2004-01-27,#3c3b6e
Alexander Shabalov,USA,2624,2004-04-27,#3c3b6e
Alexander Shabalov,USA,2637,2007-07-27,#3c3b6e
Alexander Shabalov,USA,2633,2008-04-27,#3c3b6e
Alexandr Fier,BRA,2644,2009-09-27,#FFFFFFF
Alexandr Fier,BRA,2653,2009-11-27,#FFFFFFF
Alexandru Crisan,ROM,2635,2001-01-27,#FFFFFFF
Alexandru Crisan,ROM,2635,2001-04-27,#FFFFFFF
Alexei Fedorov,BLR,2646,2000-07-27,#FFFFFFF
Alexei Fedorov,BLR,2639,2000-10-27,#FFFFFFF
Alexei Fedorov,BLR,2599,2001-07-27,#FFFFFFF
Alexei Fedorov,BLR,2599,2001-10-27,#FFFFFFF
Alexei Fedorov,BLR,2598,2002-04-27,#FFFFFFF
Alexei Fedorov,BLR,2604,2003-04-27,#FFFFFFF
Alexei Fedorov,BLR,2616,2004-04-27,#FFFFFFF
Alexei Fedorov,BLR,2620,2004-07-27,#FFFFFFF
Alexei Fedorov,BLR,2619,2004-10-27,#FFFFFFF
Alexei Fedorov,BLR,2616,2005-10-27,#FFFFFFF
Alexei Fedorov,BLR,2624,2007-01-27,#FFFFFFF
Alexei Shirov,ESP,2658,2019-01-27,#ffc50a
Alexei Shirov,ESP,2657,2019-02-24,#ffc50a
Alexei Shirov,ESP,2746,2000-07-27,#ffc50a
Alexei Shirov,ESP,2746,2000-10-27,#ffc50a
Alexei Shirov,ESP,2718,2001-01-27,#ffc50a
Alexei Shirov,ESP,2723,2001-04-27,#ffc50a
Alexei Shirov,ESP,2706,2001-07-27,#ffc50a
Alexei Shirov,ESP,2706,2001-10-27,#ffc50a
Alexei Shirov,ESP,2715,2002-01-27,#ffc50a
Alexei Shirov,ESP,2704,2002-04-27,#ffc50a
Alexei Shirov,ESP,2697,2002-07-27,#ffc50a
Alexei Shirov,ESP,2699,2002-10-27,#ffc50a
Alexei Shirov,ESP,2723,2003-01-27,#ffc50a
Alexei Shirov,ESP,2735,2003-04-27,#ffc50a
Alexei Shirov,ESP,2732,2003-07-27,#ffc50a
Alexei Shirov,ESP,2737,2003-10-27,#ffc50a
Alexei Shirov,ESP,2736,2004-01-27,#ffc50a
Alexei Shirov,ESP,2713,2004-04-27,#ffc50a
Alexei Shirov,ESP,2725,2004-07-27,#ffc50a
Alexei Shirov,ESP,2726,2004-10-27,#ffc50a
Alexei Shirov,ESP,2713,2005-01-27,#ffc50a
Alexei Shirov,ESP,2714,2005-04-27,#ffc50a
Alexei Shirov,ESP,2705,2005-07-27,#ffc50a
Alexei Shirov,ESP,2710,2005-10-27,#ffc50a
Alexei Shirov,ESP,2709,2006-01-27,#ffc50a
Alexei Shirov,ESP,2699,2006-04-27,#ffc50a
Alexei Shirov,ESP,2716,2006-07-27,#ffc50a
Alexei Shirov,ESP,2720,2006-10-27,#ffc50a
Alexei Shirov,ESP,2715,2007-01-27,#ffc50a
Alexei Shirov,ESP,2699,2007-04-27,#ffc50a
Alexei Shirov,ESP,2735,2007-07-27,#ffc50a
Alexei Shirov,ESP,2739,2007-10-27,#ffc50a
Alexei Shirov,ESP,2755,2008-01-27,#ffc50a
Alexei Shirov,ESP,2740,2008-04-27,#ffc50a
Alexei Shirov,ESP,2741,2008-07-27,#ffc50a
Alexei Shirov,ESP,2726,2008-10-27,#ffc50a
Alexei Shirov,ESP,2745,2009-01-27,#ffc50a
Alexei Shirov,ESP,2745,2009-04-27,#ffc50a
Alexei Shirov,ESP,2732,2009-07-27,#ffc50a
Alexei Shirov,ESP,2730,2009-09-27,#ffc50a
Alexei Shirov,ESP,2719,2009-11-27,#ffc50a
Alexei Shirov,ESP,2723,2010-01-27,#ffc50a
Alexei Shirov,ESP,2737,2010-03-27,#ffc50a
Alexei Shirov,ESP,2742,2010-05-27,#ffc50a
Alexei Shirov,ESP,2749,2010-07-27,#ffc50a
Alexei Shirov,ESP,2749,2010-09-27,#ffc50a
Alexei Shirov,ESP,2735,2010-11-27,#ffc50a
Alexei Shirov,ESP,2722,2011-01-27,#ffc50a
Alexei Shirov,ESP,2701,2011-03-27,#ffc50a
Alexei Shirov,ESP,2709,2011-05-27,#ffc50a
Alexei Shirov,ESP,2714,2011-07-27,#ffc50a
Alexei Shirov,ESP,2713,2011-09-27,#ffc50a
Alexei Shirov,ESP,2705,2011-11-27,#ffc50a
Alexei Shirov,LAT,2710,2012-01-27,#FFFFFFF
Alexei Shirov,LAT,2701,2012-03-27,#FFFFFFF
Alexei Shirov,LAT,2698,2012-05-27,#FFFFFFF
Alexei Shirov,LAT,2706,2012-07-27,#FFFFFFF
Alexei Shirov,LAT,2706,2012-08-27,#FFFFFFF
Alexei Shirov,LAT,2714,2012-09-27,#FFFFFFF
Alexei Shirov,LAT,2718,2012-10-27,#FFFFFFF
Alexei Shirov,LAT,2716,2012-11-27,#FFFFFFF
Alexei Shirov,LAT,2708,2012-12-27,#FFFFFFF
Alexei Shirov,LAT,2708,2013-01-27,#FFFFFFF
Alexei Shirov,LAT,2709,2013-02-27,#FFFFFFF
Alexei Shirov,LAT,2700,2013-03-27,#FFFFFFF
Alexei Shirov,LAT,2700,2013-04-27,#FFFFFFF
Alexei Shirov,LAT,2708,2013-05-27,#FFFFFFF
Alexei Shirov,LAT,2703,2013-06-27,#FFFFFFF
Alexei Shirov,LAT,2696,2013-07-27,#FFFFFFF
Alexei Shirov,LAT,2696,2013-08-27,#FFFFFFF
Alexei Shirov,LAT,2696,2013-09-27,#FFFFFFF
Alexei Shirov,LAT,2685,2013-10-27,#FFFFFFF
Alexei Shirov,LAT,2695,2013-11-27,#FFFFFFF
Alexei Shirov,LAT,2695,2013-12-27,#FFFFFFF
Alexei Shirov,LAT,2711,2014-01-27,#FFFFFFF
Alexei Shirov,LAT,2711,2014-02-27,#FFFFFFF
Alexei Shirov,LAT,2713,2014-03-27,#FFFFFFF
Alexei Shirov,LAT,2702,2014-04-27,#FFFFFFF
Alexei Shirov,LAT,2703,2014-05-27,#FFFFFFF
Alexei Shirov,LAT,2709,2014-06-27,#FFFFFFF
Alexei Shirov,LAT,2709,2014-07-27,#FFFFFFF
Alexei Shirov,LAT,2709,2014-08-27,#FFFFFFF
Alexei Shirov,LAT,2701,2014-09-27,#FFFFFFF
Alexei Shirov,LAT,2691,2014-10-27,#FFFFFFF
Alexei Shirov,LAT,2683,2014-11-27,#FFFFFFF
Alexei Shirov,LAT,2675,2014-12-27,#FFFFFFF
Alexei Shirov,LAT,2689,2015-01-27,#FFFFFFF
Alexei Shirov,LAT,2689,2015-02-27,#FFFFFFF
Alexei Shirov,LAT,2691,2015-03-27,#FFFFFFF
Alexei Shirov,LAT,2691,2015-04-27,#FFFFFFF
Alexei Shirov,LAT,2696,2015-05-27,#FFFFFFF
Alexei Shirov,LAT,2699,2015-06-27,#FFFFFFF
Alexei Shirov,LAT,2702,2015-07-27,#FFFFFFF
Alexei Shirov,LAT,2702,2015-08-27,#FFFFFFF
Alexei Shirov,LAT,2712,2015-09-27,#FFFFFFF
Alexei Shirov,LAT,2715,2015-10-27,#FFFFFFF
Alexei Shirov,LAT,2689,2015-11-27,#FFFFFFF
Alexei Shirov,LAT,2676,2015-12-27,#FFFFFFF
Alexei Shirov,LAT,2671,2016-01-27,#FFFFFFF
Alexei Shirov,LAT,2684,2016-02-27,#FFFFFFF
Alexei Shirov,LAT,2685,2016-03-27,#FFFFFFF
Alexei Shirov,LAT,2686,2016-04-27,#FFFFFFF
Alexei Shirov,LAT,2685,2016-05-27,#FFFFFFF
Alexei Shirov,LAT,2682,2016-06-27,#FFFFFFF
Alexei Shirov,LAT,2674,2016-07-27,#FFFFFFF
Alexei Shirov,LAT,2674,2016-08-27,#FFFFFFF
Alexei Shirov,LAT,2673,2016-09-27,#FFFFFFF
Alexei Shirov,LAT,2679,2016-10-27,#FFFFFFF
Alexei Shirov,LAT,2677,2016-11-27,#FFFFFFF
Alexei Shirov,LAT,2673,2016-12-27,#FFFFFFF
Alexei Shirov,LAT,2683,2017-01-27,#FFFFFFF
Alexei Shirov,LAT,2678,2017-02-27,#FFFFFFF
Alexei Shirov,LAT,2691,2017-03-27,#FFFFFFF
Alexei Shirov,LAT,2693,2017-04-27,#FFFFFFF
Alexei Shirov,LAT,2664,2017-05-27,#FFFFFFF
Alexei Shirov,LAT,2656,2017-06-27,#FFFFFFF
Alexey Dreev,RUS,2676,2000-07-27,#D52B1E
Alexey Dreev,RUS,2681,2000-10-27,#D52B1E
Alexey Dreev,RUS,2685,2001-01-27,#D52B1E
Alexey Dreev,RUS,2685,2001-04-27,#D52B1E
Alexey Dreev,RUS,2690,2001-07-27,#D52B1E
Alexey Dreev,RUS,2676,2001-10-27,#D52B1E
Alexey Dreev,RUS,2683,2002-01-27,#D52B1E
Alexey Dreev,RUS,2677,2002-04-27,#D52B1E
Alexey Dreev,RUS,2676,2002-07-27,#D52B1E
Alexey Dreev,RUS,2673,2002-10-27,#D52B1E
Alexey Dreev,RUS,2690,2003-01-27,#D52B1E
Alexey Dreev,RUS,2695,2003-04-27,#D52B1E
Alexey Dreev,RUS,2698,2003-07-27,#D52B1E
Alexey Dreev,RUS,2705,2003-10-27,#D52B1E
Alexey Dreev,RUS,2682,2004-01-27,#D52B1E
Alexey Dreev,RUS,2689,2004-04-27,#D52B1E
Alexey Dreev,RUS,2690,2004-07-27,#D52B1E
Alexey Dreev,RUS,2698,2004-10-27,#D52B1E
Alexey Dreev,RUS,2704,2005-01-27,#D52B1E
Alexey Dreev,RUS,2705,2005-04-27,#D52B1E
Alexey Dreev,RUS,2698,2005-07-27,#D52B1E
Alexey Dreev,RUS,2694,2005-10-27,#D52B1E
Alexey Dreev,RUS,2697,2006-01-27,#D52B1E
Alexey Dreev,RUS,2673,2006-04-27,#D52B1E
Alexey Dreev,RUS,2666,2006-07-27,#D52B1E
Alexey Dreev,RUS,2655,2006-10-27,#D52B1E
Alexey Dreev,RUS,2658,2007-01-27,#D52B1E
Alexey Dreev,RUS,2633,2007-04-27,#D52B1E
Alexey Dreev,RUS,2633,2008-01-27,#D52B1E
Alexey Dreev,RUS,2657,2008-04-27,#D52B1E
Alexey Dreev,RUS,2657,2008-07-27,#D52B1E
Alexey Dreev,RUS,2670,2008-10-27,#D52B1E
Alexey Dreev,RUS,2688,2009-01-27,#D52B1E
Alexey Dreev,RUS,2668,2009-04-27,#D52B1E
Alexey Dreev,RUS,2660,2009-07-27,#D52B1E
Alexey Dreev,RUS,2659,2009-09-27,#D52B1E
Alexey Dreev,RUS,2655,2009-11-27,#D52B1E
Alexey Dreev,RUS,2650,2010-01-27,#D52B1E
Alexey Dreev,RUS,2653,2010-03-27,#D52B1E
Alexey Dreev,RUS,2655,2010-05-27,#D52B1E
Alexey Dreev,RUS,2660,2010-07-27,#D52B1E
Alexey Dreev,RUS,2649,2010-09-27,#D52B1E
Alexey Dreev,RUS,2674,2010-11-27,#D52B1E
Alexey Korotylev,RUS,2618,2006-04-27,#D52B1E
Alexey Kuzmin,RUS,2596,2000-07-27,#D52B1E
Alexey Kuzmin,RUS,2598,2000-10-27,#D52B1E
Anatoly Karpov,RUS,2699,2000-07-27,#D52B1E
Anatoly Karpov,RUS,2699,2000-10-27,#D52B1E
Anatoly Karpov,RUS,2679,2001-01-27,#D52B1E
Anatoly Karpov,RUS,2693,2001-04-27,#D52B1E
Anatoly Karpov,RUS,2692,2001-07-27,#D52B1E
Anatoly Karpov,RUS,2692,2001-10-27,#D52B1E
Anatoly Karpov,RUS,2693,2002-01-27,#D52B1E
Anatoly Karpov,RUS,2690,2002-04-27,#D52B1E
Anatoly Karpov,RUS,2687,2002-07-27,#D52B1E
Anatoly Karpov,RUS,2688,2002-10-27,#D52B1E
Anatoly Karpov,RUS,2688,2003-01-27,#D52B1E
Anatoly Karpov,RUS,2686,2003-04-27,#D52B1E
Anatoly Karpov,RUS,2693,2003-07-27,#D52B1E
Anatoly Karpov,RUS,2693,2003-10-27,#D52B1E
Anatoly Karpov,RUS,2682,2004-01-27,#D52B1E
Anatoly Karpov,RUS,2682,2004-04-27,#D52B1E
Anatoly Karpov,RUS,2682,2004-07-27,#D52B1E
Anatoly Karpov,RUS,2682,2004-10-27,#D52B1E
Anatoly Karpov,RUS,2674,2005-01-27,#D52B1E
Anatoly Karpov,RUS,2674,2005-04-27,#D52B1E
Anatoly Karpov,RUS,2672,2005-07-27,#D52B1E
Anatoly Karpov,RUS,2672,2005-10-27,#D52B1E
Anatoly Karpov,RUS,2672,2006-01-27,#D52B1E
Anatoly Karpov,RUS,2672,2006-04-27,#D52B1E
Anatoly Karpov,RUS,2668,2006-07-27,#D52B1E
Anatoly Karpov,RUS,2670,2007-10-27,#D52B1E
Anatoly Karpov,RUS,2655,2008-01-27,#D52B1E
Anatoly Karpov,RUS,2655,2008-04-27,#D52B1E
Anatoly Karpov,RUS,2651,2008-07-27,#D52B1E
Anatoly Karpov,RUS,2651,2008-10-27,#D52B1E
Anatoly Karpov,RUS,2644,2009-01-27,#D52B1E
Anatoly Karpov,RUS,2644,2009-04-27,#D52B1E
Anatoly Karpov,RUS,2644,2009-07-27,#D52B1E
Andrei Istratescu,FRA,2650,2011-09-27,#3e3b9b
Andrei Istratescu,FRA,2654,2012-11-27,#3e3b9b
Andrei Istratescu,FRA,2654,2012-12-27,#3e3b9b
Andrei Istratescu,FRA,2654,2013-01-27,#3e3b9b
Andrei Istratescu,FRA,2657,2013-02-27,#3e3b9b
Andrei Istratescu,FRA,2651,2013-03-27,#3e3b9b
Andrei Istratescu,FRA,2655,2013-06-27,#3e3b9b
Andrei Istratescu,FRA,2664,2013-10-27,#3e3b9b
Andrei Istratescu,FRA,2668,2013-11-27,#3e3b9b
Andrei Istratescu,FRA,2670,2013-12-27,#3e3b9b
Andrei Istratescu,FRA,2677,2014-01-27,#3e3b9b
Andrei Istratescu,FRA,2671,2014-02-27,#3e3b9b
Andrei Istratescu,FRA,2672,2014-03-27,#3e3b9b
Andrei Istratescu,FRA,2667,2014-04-27,#3e3b9b
Andrei Istratescu,FRA,2667,2014-05-27,#3e3b9b
Andrei Istratescu,FRA,2668,2014-06-27,#3e3b9b
Andrei Istratescu,FRA,2670,2014-07-27,#3e3b9b
Andrei Istratescu,FRA,2656,2014-08-27,#3e3b9b
Andrei Istratescu,ROM,2598,2001-07-27,#FFFFFFF
Andrei Istratescu,ROM,2603,2001-10-27,#FFFFFFF
Andrei Istratescu,ROM,2605,2002-01-27,#FFFFFFF
Andrei Istratescu,ROM,2622,2002-07-27,#FFFFFFF
Andrei Istratescu,ROM,2615,2002-10-27,#FFFFFFF
Andrei Istratescu,ROM,2611,2004-10-27,#FFFFFFF
Andrei Istratescu,ROM,2617,2005-01-27,#FFFFFFF
Andrei Istratescu,ROM,2624,2005-04-27,#FFFFFFF
Andrei Istratescu,ROM,2624,2005-07-27,#FFFFFFF
Andrei Istratescu,ROM,2622,2005-10-27,#FFFFFFF
Andrei Istratescu,ROM,2618,2006-01-27,#FFFFFFF
Andrei Istratescu,ROM,2621,2006-04-27,#FFFFFFF
Andrei Istratescu,ROM,2619,2007-01-27,#FFFFFFF
Andrei Istratescu,ROM,2625,2007-04-27,#FFFFFFF
Andrei Istratescu,ROM,2629,2007-07-27,#FFFFFFF
Andrei Istratescu,ROU,2606,2002-04-27,#FFFFFFF
Andrei Istratescu,ROU,2631,2007-10-27,#FFFFFFF
Andrei Istratescu,ROU,2628,2008-04-27,#FFFFFFF
Andrei Istratescu,ROU,2636,2008-07-27,#FFFFFFF
Andrei Istratescu,ROU,2633,2008-10-27,#FFFFFFF
Andrei Kharlov,RUS,2627,2000-07-27,#D52B1E
Andrei Kharlov,RUS,2627,2000-10-27,#D52B1E
Andrei Kharlov,RUS,2639,2001-01-27,#D52B1E
Andrei Kharlov,RUS,2639,2001-04-27,#D52B1E
Andrei Kharlov,RUS,2656,2001-07-27,#D52B1E
Andrei Kharlov,RUS,2656,2001-10-27,#D52B1E
Andrei Kharlov,RUS,2638,2002-01-27,#D52B1E
Andrei Kharlov,RUS,2633,2002-04-27,#D52B1E
Andrei Kharlov,RUS,2609,2002-07-27,#D52B1E
Andrei Kharlov,RUS,2606,2002-10-27,#D52B1E
Andrei Kharlov,RUS,2607,2004-01-27,#D52B1E
Andrei Kharlov,RUS,2613,2004-10-27,#D52B1E
Andrei Kharlov,RUS,2614,2005-01-27,#D52B1E
Andrei Kharlov,RUS,2628,2005-04-27,#D52B1E
Andrei Kharlov,RUS,2619,2005-07-27,#D52B1E
Andrei Sokolov,FRA,2604,2001-07-27,#3e3b9b
Andrei Sokolov,FRA,2602,2001-10-27,#3e3b9b
Andrei Sokolov,FRA,2614,2002-01-27,#3e3b9b
Andrei Sokolov,FRA,2604,2002-04-27,#3e3b9b
Andrei Sokolov,FRA,2622,2005-10-27,#3e3b9b
Andrei Sokolov,FRA,2632,2006-01-27,#3e3b9b
Andrei Sokolov,FRA,2628,2006-04-27,#3e3b9b
Andrei Volokitin,UKR,2638,2004-07-27,#005BBB
Andrei Volokitin,UKR,2652,2004-10-27,#005BBB
Andrei Volokitin,UKR,2685,2005-01-27,#005BBB
Andrei Volokitin,UKR,2679,2005-04-27,#005BBB
Andrei Volokitin,UKR,2671,2005-07-27,#005BBB
Andrei Volokitin,UKR,2666,2005-10-27,#005BBB
Andrei Volokitin,UKR,2665,2006-01-27,#005BBB
Andrei Volokitin,UKR,2660,2006-04-27,#005BBB
Andrei Volokitin,UKR,2662,2006-07-27,#005BBB
Andrei Volokitin,UKR,2645,2006-10-27,#005BBB
Andrei Volokitin,UKR,2645,2007-01-27,#005BBB
Andrei Volokitin,UKR,2654,2007-04-27,#005BBB
Andrei Volokitin,UKR,2681,2007-07-27,#005BBB
Andrei Volokitin,UKR,2678,2007-10-27,#005BBB
Andrei Volokitin,UKR,2674,2008-01-27,#005BBB
Andrei Volokitin,UKR,2684,2008-04-27,#005BBB
Andrei Volokitin,UKR,2671,2008-07-27,#005BBB
Andrei Volokitin,UKR,2659,2008-10-27,#005BBB
Andrei Volokitin,UKR,2671,2009-01-27,#005BBB
Andrei Volokitin,UKR,2671,2009-04-27,#005BBB
Andrei Volokitin,UKR,2678,2009-07-27,#005BBB
Andrei Volokitin,UKR,2681,2009-09-27,#005BBB
Andrei Volokitin,UKR,2691,2009-11-27,#005BBB
Andrei Volokitin,UKR,2692,2010-01-27,#005BBB
Andrei Volokitin,UKR,2687,2010-03-27,#005BBB
Andrei Volokitin,UKR,2664,2010-05-27,#005BBB
Andrei Volokitin,UKR,2661,2010-07-27,#005BBB
Andrei Volokitin,UKR,2661,2010-09-27,#005BBB
Andrei Volokitin,UKR,2676,2010-11-27,#005BBB
Andrei Volokitin,UKR,2678,2011-01-27,#005BBB
Andrei Volokitin,UKR,2677,2011-03-27,#005BBB
Andrei Volokitin,UKR,2677,2011-05-27,#005BBB
Andrei Volokitin,UKR,2683,2011-07-27,#005BBB
Andrei Volokitin,UKR,2686,2011-09-27,#005BBB
Andrei Volokitin,UKR,2695,2011-11-27,#005BBB
Andrei Volokitin,UKR,2695,2012-01-27,#005BBB
Andrei Volokitin,UKR,2695,2012-03-27,#005BBB
Andrei Volokitin,UKR,2704,2012-05-27,#005BBB
Andrei Volokitin,UKR,2704,2012-07-27,#005BBB
Andrei Volokitin,UKR,2709,2012-08-27,#005BBB
Andrei Volokitin,UKR,2718,2012-09-27,#005BBB
Andrei Volokitin,UKR,2724,2012-10-27,#005BBB
Andrei Volokitin,UKR,2722,2012-11-27,#005BBB
Andrei Volokitin,UKR,2722,2012-12-27,#005BBB
Andrei Volokitin,UKR,2722,2013-01-27,#005BBB
Andrei Volokitin,UKR,2722,2013-02-27,#005BBB
Andrei Volokitin,UKR,2725,2013-03-27,#005BBB
Andrei Volokitin,UKR,2702,2013-04-27,#005BBB
Andrei Volokitin,UKR,2687,2013-05-27,#005BBB
Andrei Volokitin,UKR,2687,2013-06-27,#005BBB
Andrei Volokitin,UKR,2688,2013-07-27,#005BBB
Andrei Volokitin,UKR,2688,2013-08-27,#005BBB
Andrei Volokitin,UKR,2688,2013-09-27,#005BBB
Andrei Volokitin,UKR,2683,2013-10-27,#005BBB
Andrei Volokitin,UKR,2682,2013-11-27,#005BBB
Andrei Volokitin,UKR,2678,2013-12-27,#005BBB
Andrei Volokitin,UKR,2679,2014-01-27,#005BBB
Andrei Volokitin,UKR,2679,2014-02-27,#005BBB
Andrei Volokitin,UKR,2674,2014-03-27,#005BBB
Andrei Volokitin,UKR,2660,2015-04-27,#005BBB
Andrei Volokitin,UKR,2654,2015-05-27,#005BBB
Andrei Volokitin,UKR,2654,2015-06-27,#005BBB
Andrei Volokitin,UKR,2654,2015-07-27,#005BBB
Andrei Volokitin,UKR,2677,2016-10-27,#005BBB
Andrei Volokitin,UKR,2668,2016-11-27,#005BBB
Andrey Shariyazdanov,RUS,2596,2001-01-27,#D52B1E
Andrey Vovk,UKR,2654,2015-04-27,#005BBB
Anish Giri,NED,2772,2017-07-27,#ff9a14
Anish Giri,NED,2772,2017-08-27,#ff9a14
Anish Giri,NED,2777,2017-09-27,#ff9a14
Anish Giri,NED,2762,2017-10-27,#ff9a14
Anish Giri,NED,2762,2017-11-27,#ff9a14
Anish Giri,NED,2752,2017-12-27,#ff9a14
Anish Giri,NED,2752,2018-01-27,#ff9a14
Anish Giri,NED,2777,2018-02-27,#ff9a14
Anish Giri,NED,2777,2018-03-27,#ff9a14
Anish Giri,NED,2777,2018-04-27,#ff9a14
Anish Giri,NED,2776,2018-05-27,#ff9a14
Anish Giri,NED,2782,2018-06-27,#ff9a14
Anish Giri,NED,2782,2018-07-27,#ff9a14
Anish Giri,NED,2780,2018-08-27,#ff9a14
Anish Giri,NED,2780,2018-09-27,#ff9a14
Anish Giri,NED,2780,2018-10-27,#ff9a14
Anish Giri,NED,2780,2018-11-27,#ff9a14
Anish Giri,NED,2783,2018-12-27,#ff9a14
Anish Giri,NED,2783,2019-01-27,#ff9a14
Anish Giri,NED,2797,2019-02-24,#ff9a14
Anish Giri,NED,2642,2010-05-27,#ff9a14
Anish Giri,NED,2672,2010-07-27,#ff9a14
Anish Giri,NED,2677,2010-09-27,#ff9a14
Anish Giri,NED,2682,2010-11-27,#ff9a14
Anish Giri,NED,2686,2011-01-27,#ff9a14
Anish Giri,NED,2690,2011-03-27,#ff9a14
Anish Giri,NED,2687,2011-05-27,#ff9a14
Anish Giri,NED,2701,2011-07-27,#ff9a14
Anish Giri,NED,2722,2011-09-27,#ff9a14
Anish Giri,NED,2714,2011-11-27,#ff9a14
Anish Giri,NED,2714,2012-01-27,#ff9a14
Anish Giri,NED,2717,2012-03-27,#ff9a14
Anish Giri,NED,2693,2012-05-27,#ff9a14
Anish Giri,NED,2696,2012-07-27,#ff9a14
Anish Giri,NED,2711,2012-08-27,#ff9a14
Anish Giri,NED,2730,2012-09-27,#ff9a14
Anish Giri,NED,2730,2012-10-27,#ff9a14
Anish Giri,NED,2715,2012-11-27,#ff9a14
Anish Giri,NED,2720,2012-12-27,#ff9a14
Anish Giri,NED,2726,2013-01-27,#ff9a14
Anish Giri,NED,2722,2013-02-27,#ff9a14
Anish Giri,NED,2729,2013-03-27,#ff9a14
Anish Giri,NED,2727,2013-04-27,#ff9a14
Anish Giri,NED,2734,2013-05-27,#ff9a14
Anish Giri,NED,2734,2013-06-27,#ff9a14
Anish Giri,NED,2734,2013-07-27,#ff9a14
Anish Giri,NED,2737,2013-08-27,#ff9a14
Anish Giri,NED,2737,2013-09-27,#ff9a14
Anish Giri,NED,2749,2013-10-27,#ff9a14
Anish Giri,NED,2732,2013-11-27,#ff9a14
Anish Giri,NED,2734,2013-12-27,#ff9a14
Anish Giri,NED,2734,2014-01-27,#ff9a14
Anish Giri,NED,2746,2014-02-27,#ff9a14
Anish Giri,NED,2745,2014-03-27,#ff9a14
Anish Giri,NED,2745,2014-04-27,#ff9a14
Anish Giri,NED,2746,2014-05-27,#ff9a14
Anish Giri,NED,2752,2014-06-27,#ff9a14
Anish Giri,NED,2750,2014-07-27,#ff9a14
Anish Giri,NED,2745,2014-08-27,#ff9a14
Anish Giri,NED,2758,2014-09-27,#ff9a14
Anish Giri,NED,2768,2014-10-27,#ff9a14
Anish Giri,NED,2776,2014-11-27,#ff9a14
Anish Giri,NED,2768,2014-12-27,#ff9a14
Anish Giri,NED,2784,2015-01-27,#ff9a14
Anish Giri,NED,2797,2015-02-27,#ff9a14
Anish Giri,NED,2790,2015-03-27,#ff9a14
Anish Giri,NED,2790,2015-04-27,#ff9a14
Anish Giri,NED,2776,2015-05-27,#ff9a14
Anish Giri,NED,2773,2015-06-27,#ff9a14
Anish Giri,NED,2791,2015-07-27,#ff9a14
Anish Giri,NED,2793,2015-08-27,#ff9a14
Anish Giri,NED,2793,2015-09-27,#ff9a14
Anish Giri,NED,2798,2015-10-27,#ff9a14
Anish Giri,NED,2778,2015-11-27,#ff9a14
Anish Giri,NED,2784,2015-12-27,#ff9a14
Anish Giri,NED,2798,2016-01-27,#ff9a14
Anish Giri,NED,2798,2016-02-27,#ff9a14
Anish Giri,NED,2793,2016-03-27,#ff9a14
Anish Giri,NED,2790,2016-04-27,#ff9a14
Anish Giri,NED,2790,2016-05-27,#ff9a14
Anish Giri,NED,2782,2016-06-27,#ff9a14
Anish Giri,NED,2785,2016-07-27,#ff9a14
Anish Giri,NED,2769,2016-08-27,#ff9a14
Anish Giri,NED,2755,2016-09-27,#ff9a14
Anish Giri,NED,2756,2016-10-27,#ff9a14
Anish Giri,NED,2767,2016-11-27,#ff9a14
Anish Giri,NED,2771,2016-12-27,#ff9a14
Anish Giri,NED,2773,2017-01-27,#ff9a14
Anish Giri,NED,2769,2017-02-27,#ff9a14
Anish Giri,NED,2769,2017-03-27,#ff9a14
Anish Giri,NED,2771,2017-04-27,#ff9a14
Anish Giri,NED,2785,2017-05-27,#ff9a14
Anish Giri,NED,2771,2017-06-27,#ff9a14
Anton Demchenko,RUS,2656,2017-11-27,#D52B1E
Anton Demchenko,RUS,2660,2017-12-27,#D52B1E
Anton Demchenko,RUS,2671,2018-01-27,#D52B1E
Anton Demchenko,RUS,2671,2018-02-27,#D52B1E
Anton Demchenko,RUS,2672,2018-03-27,#D52B1E
Anton Demchenko,RUS,2679,2018-04-27,#D52B1E
Anton Demchenko,RUS,2679,2018-05-27,#D52B1E
Anton Demchenko,RUS,2670,2018-06-27,#D52B1E
Anton Demchenko,RUS,2664,2018-07-27,#D52B1E
Anton Demchenko,RUS,2670,2018-08-27,#D52B1E
Anton Demchenko,RUS,2675,2018-09-27,#D52B1E
Anton Demchenko,RUS,2679,2018-10-27,#D52B1E
Anton Demchenko,RUS,2679,2018-11-27,#D52B1E
Anton Demchenko,RUS,2679,2018-12-27,#D52B1E
Anton Demchenko,RUS,2679,2019-01-27,#D52B1E
Anton Demchenko,RUS,2679,2019-02-24,#D52B1E
Anton Filippov,UZB,2652,2012-11-27,#FFFFFFF
Anton Filippov,UZB,2652,2012-12-27,#FFFFFFF
Anton Filippov,UZB,2652,2013-01-27,#FFFFFFF
Anton Filippov,UZB,2652,2013-02-27,#FFFFFFF
Anton Filippov,UZB,2652,2013-03-27,#FFFFFFF
Anton Filippov,UZB,2652,2013-04-27,#FFFFFFF
Anton Korobov,UKR,2668,2017-07-27,#005BBB
Anton Korobov,UKR,2668,2017-08-27,#005BBB
Anton Korobov,UKR,2652,2017-09-27,#005BBB
Anton Korobov,UKR,2652,2017-12-27,#005BBB
Anton Korobov,UKR,2664,2018-02-27,#005BBB
Anton Korobov,UKR,2664,2018-03-27,#005BBB
Anton Korobov,UKR,2683,2018-04-27,#005BBB
Anton Korobov,UKR,2678,2018-05-27,#005BBB
Anton Korobov,UKR,2667,2018-06-27,#005BBB
Anton Korobov,UKR,2664,2018-07-27,#005BBB
Anton Korobov,UKR,2664,2018-08-27,#005BBB
Anton Korobov,UKR,2685,2018-09-27,#005BBB
Anton Korobov,UKR,2694,2018-10-27,#005BBB
Anton Korobov,UKR,2703,2018-11-27,#005BBB
Anton Korobov,UKR,2698,2018-12-27,#005BBB
Anton Korobov,UKR,2699,2019-01-27,#005BBB
Anton Korobov,UKR,2687,2019-02-24,#005BBB
Anton Korobov,UKR,2642,2009-11-27,#005BBB
Anton Korobov,UKR,2648,2010-01-27,#005BBB
Anton Korobov,UKR,2663,2010-03-27,#005BBB
Anton Korobov,UKR,2649,2010-05-27,#005BBB
Anton Korobov,UKR,2657,2010-07-27,#005BBB
Anton Korobov,UKR,2670,2010-09-27,#005BBB
Anton Korobov,UKR,2684,2010-11-27,#005BBB
Anton Korobov,UKR,2670,2011-01-27,#005BBB
Anton Korobov,UKR,2647,2011-03-27,#005BBB
Anton Korobov,UKR,2660,2011-05-27,#005BBB
Anton Korobov,UKR,2671,2011-07-27,#005BBB
Anton Korobov,UKR,2671,2011-09-27,#005BBB
Anton Korobov,UKR,2660,2011-11-27,#005BBB
Anton Korobov,UKR,2660,2012-01-27,#005BBB
Anton Korobov,UKR,2679,2012-03-27,#005BBB
Anton Korobov,UKR,2678,2012-05-27,#005BBB
Anton Korobov,UKR,2683,2012-07-27,#005BBB
Anton Korobov,UKR,2683,2012-08-27,#005BBB
Anton Korobov,UKR,2705,2012-09-27,#005BBB
Anton Korobov,UKR,2705,2012-10-27,#005BBB
Anton Korobov,UKR,2702,2012-11-27,#005BBB
Anton Korobov,UKR,2702,2012-12-27,#005BBB
Anton Korobov,UKR,2690,2013-01-27,#005BBB
Anton Korobov,UKR,2702,2013-02-27,#005BBB
Anton Korobov,UKR,2702,2013-03-27,#005BBB
Anton Korobov,UKR,2698,2013-04-27,#005BBB
Anton Korobov,UKR,2705,2013-05-27,#005BBB
Anton Korobov,UKR,2715,2013-06-27,#005BBB
Anton Korobov,UKR,2720,2013-07-27,#005BBB
Anton Korobov,UKR,2720,2013-08-27,#005BBB
Anton Korobov,UKR,2720,2013-09-27,#005BBB
Anton Korobov,UKR,2716,2013-10-27,#005BBB
Anton Korobov,UKR,2713,2013-11-27,#005BBB
Anton Korobov,UKR,2713,2013-12-27,#005BBB
Anton Korobov,UKR,2723,2014-01-27,#005BBB
Anton Korobov,UKR,2723,2014-02-27,#005BBB
Anton Korobov,UKR,2719,2014-03-27,#005BBB
Anton Korobov,UKR,2698,2014-04-27,#005BBB
Anton Korobov,UKR,2696,2014-05-27,#005BBB
Anton Korobov,UKR,2680,2014-06-27,#005BBB
Anton Korobov,UKR,2680,2014-07-27,#005BBB
Anton Korobov,UKR,2680,2014-08-27,#005BBB
Anton Korobov,UKR,2673,2014-09-27,#005BBB
Anton Korobov,UKR,2679,2014-10-27,#005BBB
Anton Korobov,UKR,2680,2014-11-27,#005BBB
Anton Korobov,UKR,2687,2014-12-27,#005BBB
Anton Korobov,UKR,2687,2015-01-27,#005BBB
Anton Korobov,UKR,2687,2015-02-27,#005BBB
Anton Korobov,UKR,2694,2015-03-27,#005BBB
Anton Korobov,UKR,2707,2015-04-27,#005BBB
Anton Korobov,UKR,2708,2015-05-27,#005BBB
Anton Korobov,UKR,2698,2015-06-27,#005BBB
Anton Korobov,UKR,2699,2015-07-27,#005BBB
Anton Korobov,UKR,2699,2015-08-27,#005BBB
Anton Korobov,UKR,2700,2015-09-27,#005BBB
Anton Korobov,UKR,2700,2015-10-27,#005BBB
Anton Korobov,UKR,2709,2015-11-27,#005BBB
Anton Korobov,UKR,2713,2015-12-27,#005BBB
Anton Korobov,UKR,2710,2016-01-27,#005BBB
Anton Korobov,UKR,2710,2016-02-27,#005BBB
Anton Korobov,UKR,2713,2016-03-27,#005BBB
Anton Korobov,UKR,2695,2016-04-27,#005BBB
Anton Korobov,UKR,2674,2016-05-27,#005BBB
Anton Korobov,UKR,2656,2016-06-27,#005BBB
Anton Korobov,UKR,2656,2016-07-27,#005BBB
Anton Korobov,UKR,2656,2016-08-27,#005BBB
Anton Korobov,UKR,2675,2016-09-27,#005BBB
Anton Korobov,UKR,2687,2016-10-27,#005BBB
Anton Korobov,UKR,2689,2016-11-27,#005BBB
Anton Korobov,UKR,2692,2016-12-27,#005BBB
Anton Korobov,UKR,2689,2017-01-27,#005BBB
Anton Korobov,UKR,2691,2017-02-27,#005BBB
Anton Korobov,UKR,2694,2017-03-27,#005BBB
Anton Korobov,UKR,2695,2017-04-27,#005BBB
Anton Korobov,UKR,2688,2017-05-27,#005BBB
Anton Korobov,UKR,2711,2017-06-27,#005BBB
Anton Kovalyov,CAN,2663,2017-10-27,#FFFFFFF
Anton Kovalyov,CAN,2664,2017-11-27,#FFFFFFF
Anton Kovalyov,CAN,2652,2017-12-27,#FFFFFFF
Anton Kovalyov,CAN,2654,2018-02-27,#FFFFFFF
Anton Kovalyov,CAN,2660,2018-03-27,#FFFFFFF
Anton Kovalyov,CAN,2660,2018-04-27,#FFFFFFF
Anton Kovalyov,CAN,2660,2018-05-27,#FFFFFFF
Anton Kovalyov,CAN,2658,2018-07-27,#FFFFFFF
Arkadij Naiditsch,AZE,2710,2017-07-27,#00c0d6
Arkadij Naiditsch,AZE,2710,2017-08-27,#00c0d6
Arkadij Naiditsch,AZE,2702,2017-09-27,#00c0d6
Arkadij Naiditsch,AZE,2702,2017-10-27,#00c0d6
Arkadij Naiditsch,AZE,2700,2017-11-27,#00c0d6
Arkadij Naiditsch,AZE,2705,2017-12-27,#00c0d6
Arkadij Naiditsch,AZE,2701,2018-01-27,#00c0d6
Arkadij Naiditsch,AZE,2705,2018-02-27,#00c0d6
Arkadij Naiditsch,AZE,2701,2018-03-27,#00c0d6
Arkadij Naiditsch,AZE,2701,2018-04-27,#00c0d6
Arkadij Naiditsch,AZE,2697,2018-05-27,#00c0d6
Arkadij Naiditsch,AZE,2697,2018-06-27,#00c0d6
Arkadij Naiditsch,AZE,2698,2018-07-27,#00c0d6
Arkadij Naiditsch,AZE,2711,2018-08-27,#00c0d6
Arkadij Naiditsch,AZE,2721,2018-09-27,#00c0d6
Arkadij Naiditsch,AZE,2721,2018-10-27,#00c0d6
Arkadij Naiditsch,AZE,2736,2018-11-27,#00c0d6
Arkadij Naiditsch,AZE,2736,2018-12-27,#00c0d6
Arkadij Naiditsch,AZE,2734,2019-01-27,#00c0d6
Arkadij Naiditsch,AZE,2732,2019-02-24,#00c0d6
Arkadij Naiditsch,AZE,2685,2015-08-27,#00c0d6
Arkadij Naiditsch,AZE,2684,2015-09-27,#00c0d6
Arkadij Naiditsch,AZE,2682,2015-10-27,#00c0d6
Arkadij Naiditsch,AZE,2689,2015-11-27,#00c0d6
Arkadij Naiditsch,AZE,2698,2015-12-27,#00c0d6
Arkadij Naiditsch,AZE,2696,2016-01-27,#00c0d6
Arkadij Naiditsch,AZE,2702,2016-02-27,#00c0d6
Arkadij Naiditsch,AZE,2673,2016-03-27,#00c0d6
Arkadij Naiditsch,AZE,2660,2016-04-27,#00c0d6
Arkadij Naiditsch,AZE,2663,2016-05-27,#00c0d6
Arkadij Naiditsch,AZE,2657,2016-06-27,#00c0d6
Arkadij Naiditsch,AZE,2667,2016-07-27,#00c0d6
Arkadij Naiditsch,AZE,2696,2016-08-27,#00c0d6
Arkadij Naiditsch,AZE,2696,2016-09-27,#00c0d6
Arkadij Naiditsch,AZE,2684,2016-10-27,#00c0d6
Arkadij Naiditsch,AZE,2686,2016-11-27,#00c0d6
Arkadij Naiditsch,AZE,2687,2016-12-27,#00c0d6
Arkadij Naiditsch,AZE,2702,2017-01-27,#00c0d6
Arkadij Naiditsch,AZE,2702,2017-02-27,#00c0d6
Arkadij Naiditsch,AZE,2702,2017-03-27,#00c0d6
Arkadij Naiditsch,AZE,2702,2017-04-27,#00c0d6
Arkadij Naiditsch,AZE,2700,2017-05-27,#00c0d6
Arkadij Naiditsch,AZE,2712,2017-06-27,#00c0d6
Arkadij Naiditsch,AZE,2611,2004-10-27,#00c0d6
Arkadij Naiditsch,AZE,2623,2005-01-27,#00c0d6
Arkadij Naiditsch,AZE,2626,2005-04-27,#00c0d6
Arkadij Naiditsch,AZE,2641,2005-10-27,#00c0d6
Arkadij Naiditsch,AZE,2657,2006-01-27,#00c0d6
Arkadij Naiditsch,AZE,2664,2006-04-27,#00c0d6
Arkadij Naiditsch,AZE,2664,2006-07-27,#00c0d6
Arkadij Naiditsch,AZE,2676,2006-10-27,#00c0d6
Arkadij Naiditsch,AZE,2663,2007-01-27,#00c0d6
Arkadij Naiditsch,AZE,2654,2007-04-27,#00c0d6
Arkadij Naiditsch,AZE,2644,2007-07-27,#00c0d6
Arkadij Naiditsch,AZE,2639,2007-10-27,#00c0d6
Arkadij Naiditsch,AZE,2638,2008-01-27,#00c0d6
Arkadij Naiditsch,AZE,2665,2008-07-27,#00c0d6
Arkadij Naiditsch,AZE,2678,2008-10-27,#00c0d6
Arkadij Naiditsch,AZE,2693,2009-01-27,#00c0d6
Arkadij Naiditsch,AZE,2700,2009-04-27,#00c0d6
Arkadij Naiditsch,AZE,2697,2009-07-27,#00c0d6
Arkadij Naiditsch,AZE,2685,2009-09-27,#00c0d6
Arkadij Naiditsch,AZE,2689,2009-11-27,#00c0d6
Arkadij Naiditsch,AZE,2687,2010-01-27,#00c0d6
Arkadij Naiditsch,AZE,2691,2010-03-27,#00c0d6
Arkadij Naiditsch,AZE,2686,2010-05-27,#00c0d6
Arkadij Naiditsch,AZE,2684,2010-07-27,#00c0d6
Arkadij Naiditsch,AZE,2674,2010-09-27,#00c0d6
Arkadij Naiditsch,AZE,2685,2010-11-27,#00c0d6
Arkadij Naiditsch,AZE,2685,2011-01-27,#00c0d6
Arkadij Naiditsch,AZE,2684,2011-03-27,#00c0d6
Arkadij Naiditsch,AZE,2716,2011-05-27,#00c0d6
Arkadij Naiditsch,AZE,2706,2011-07-27,#00c0d6
Arkadij Naiditsch,AZE,2707,2011-09-27,#00c0d6
Arkadij Naiditsch,AZE,2712,2011-11-27,#00c0d6
Arkadij Naiditsch,AZE,2702,2012-01-27,#00c0d6
Arkadij Naiditsch,AZE,2702,2012-03-27,#00c0d6
Arkadij Naiditsch,AZE,2698,2012-05-27,#00c0d6
Arkadij Naiditsch,AZE,2700,2012-07-27,#00c0d6
Arkadij Naiditsch,AZE,2712,2012-08-27,#00c0d6
Arkadij Naiditsch,AZE,2712,2012-09-27,#00c0d6
Arkadij Naiditsch,AZE,2704,2012-10-27,#00c0d6
Arkadij Naiditsch,AZE,2708,2012-11-27,#00c0d6
Arkadij Naiditsch,AZE,2708,2012-12-27,#00c0d6
Arkadij Naiditsch,AZE,2708,2013-01-27,#00c0d6
Arkadij Naiditsch,AZE,2716,2013-02-27,#00c0d6
Arkadij Naiditsch,AZE,2706,2013-03-27,#00c0d6
Arkadij Naiditsch,AZE,2706,2013-04-27,#00c0d6
Arkadij Naiditsch,AZE,2710,2013-05-27,#00c0d6
Arkadij Naiditsch,AZE,2710,2013-06-27,#00c0d6
Arkadij Naiditsch,AZE,2710,2013-07-27,#00c0d6
Arkadij Naiditsch,AZE,2710,2013-08-27,#00c0d6
Arkadij Naiditsch,AZE,2710,2013-09-27,#00c0d6
Arkadij Naiditsch,AZE,2724,2013-10-27,#00c0d6
Arkadij Naiditsch,AZE,2727,2013-11-27,#00c0d6
Arkadij Naiditsch,AZE,2737,2013-12-27,#00c0d6
Arkadij Naiditsch,AZE,2718,2014-01-27,#00c0d6
Arkadij Naiditsch,AZE,2702,2014-02-27,#00c0d6
Arkadij Naiditsch,AZE,2706,2014-03-27,#00c0d6
Arkadij Naiditsch,AZE,2706,2014-04-27,#00c0d6
Arkadij Naiditsch,AZE,2700,2014-05-27,#00c0d6
Arkadij Naiditsch,AZE,2705,2014-06-27,#00c0d6
Arkadij Naiditsch,AZE,2705,2014-07-27,#00c0d6
Arkadij Naiditsch,AZE,2709,2014-08-27,#00c0d6
Arkadij Naiditsch,AZE,2715,2014-09-27,#00c0d6
Arkadij Naiditsch,AZE,2710,2014-10-27,#00c0d6
Arkadij Naiditsch,AZE,2719,2014-11-27,#00c0d6
Arkadij Naiditsch,AZE,2731,2014-12-27,#00c0d6
Arkadij Naiditsch,AZE,2694,2015-01-27,#00c0d6
Arkadij Naiditsch,AZE,2706,2015-02-27,#00c0d6
Arkadij Naiditsch,AZE,2711,2015-03-27,#00c0d6
Arkadij Naiditsch,AZE,2720,2015-04-27,#00c0d6
Arkadij Naiditsch,AZE,2720,2015-05-27,#00c0d6
Arkadij Naiditsch,AZE,2722,2015-06-27,#00c0d6
Arkadij Naiditsch,AZE,2690,2015-07-27,#00c0d6
Arman Pashikian,ARM,2655,2009-04-27,#dbb300
Arman Pashikian,ARM,2650,2009-07-27,#dbb300
Arman Pashikian,ARM,2663,2009-09-27,#dbb300
Arman Pashikian,ARM,2656,2009-11-27,#dbb300
Arman Pashikian,ARM,2647,2010-01-27,#dbb300
Arman Pashikian,ARM,2652,2010-03-27,#dbb300
Artashes Minasian,ARM,2595,2000-07-27,#dbb300
Artashes Minasian,ARM,2614,2000-10-27,#dbb300
Artur Jussupow,GER,2610,2000-07-27,#FFFFFFF
Artur Jussupow,GER,2610,2000-10-27,#FFFFFFF
Artur Jussupow,GER,2645,2001-01-27,#FFFFFFF
Artur Jussupow,GER,2645,2001-04-27,#FFFFFFF
Artur Jussupow,GER,2633,2001-07-27,#FFFFFFF
Artur Jussupow,GER,2633,2001-10-27,#FFFFFFF
Artur Jussupow,GER,2618,2002-01-27,#FFFFFFF
Artur Jussupow,GER,2618,2002-04-27,#FFFFFFF
Artur Jussupow,GER,2618,2002-07-27,#FFFFFFF
Artur Jussupow,GER,2622,2002-10-27,#FFFFFFF
Artur Jussupow,GER,2604,2003-04-27,#FFFFFFF
Artyom Timofeev,RUS,2611,2004-07-27,#D52B1E
Artyom Timofeev,RUS,2611,2004-10-27,#D52B1E
Artyom Timofeev,RUS,2619,2005-01-27,#D52B1E
Artyom Timofeev,RUS,2622,2005-04-27,#D52B1E
Artyom Timofeev,RUS,2661,2005-07-27,#D52B1E
Artyom Timofeev,RUS,2658,2005-10-27,#D52B1E
Artyom Timofeev,RUS,2653,2006-01-27,#D52B1E
Artyom Timofeev,RUS,2646,2006-04-27,#D52B1E
Artyom Timofeev,RUS,2657,2006-07-27,#D52B1E
Artyom Timofeev,RUS,2662,2006-10-27,#D52B1E
Artyom Timofeev,RUS,2663,2007-01-27,#D52B1E
Artyom Timofeev,RUS,2658,2007-04-27,#D52B1E
Artyom Timofeev,RUS,2650,2007-07-27,#D52B1E
Artyom Timofeev,RUS,2637,2007-10-27,#D52B1E
Artyom Timofeev,RUS,2664,2008-01-27,#D52B1E
Artyom Timofeev,RUS,2664,2008-04-27,#D52B1E
Artyom Timofeev,RUS,2650,2008-07-27,#D52B1E
Artyom Timofeev,RUS,2670,2008-10-27,#D52B1E
Artyom Timofeev,RUS,2671,2009-01-27,#D52B1E
Artyom Timofeev,RUS,2677,2009-04-27,#D52B1E
Artyom Timofeev,RUS,2681,2009-07-27,#D52B1E
Artyom Timofeev,RUS,2668,2009-09-27,#D52B1E
Artyom Timofeev,RUS,2651,2009-11-27,#D52B1E
Artyom Timofeev,RUS,2652,2010-01-27,#D52B1E
Artyom Timofeev,RUS,2655,2010-03-27,#D52B1E
Artyom Timofeev,RUS,2677,2010-05-27,#D52B1E
Artyom Timofeev,RUS,2690,2010-07-27,#D52B1E
Artyom Timofeev,RUS,2690,2010-09-27,#D52B1E
Artyom Timofeev,RUS,2681,2010-11-27,#D52B1E
Artyom Timofeev,RUS,2681,2011-01-27,#D52B1E
Artyom Timofeev,RUS,2665,2011-03-27,#D52B1E
Artyom Timofeev,RUS,2665,2011-05-27,#D52B1E
Artyom Timofeev,RUS,2665,2011-07-27,#D52B1E
Artyom Timofeev,RUS,2664,2011-09-27,#D52B1E
Artyom Timofeev,RUS,2659,2011-11-27,#D52B1E
Artyom Timofeev,RUS,2659,2012-01-27,#D52B1E
Axel Bachmann,PAR,2656,2016-08-27,#FFFFFFF
B. Adhiban,IND,2677,2017-07-27,#FF9933
B. Adhiban,IND,2677,2017-08-27,#FF9933
B. Adhiban,IND,2670,2017-09-27,#FF9933
B. Adhiban,IND,2671,2017-10-27,#FF9933
B. Adhiban,IND,2655,2017-11-27,#FF9933
B. Adhiban,IND,2655,2017-12-27,#FF9933
B. Adhiban,IND,2655,2018-01-27,#FF9933
B. Adhiban,IND,2661,2018-04-27,#FF9933
B. Adhiban,IND,2671,2018-05-27,#FF9933
B. Adhiban,IND,2671,2018-06-27,#FF9933
B. Adhiban,IND,2671,2018-07-27,#FF9933
B. Adhiban,IND,2671,2018-08-27,#FF9933
B. Adhiban,IND,2668,2018-09-27,#FF9933
B. Adhiban,IND,2668,2018-10-27,#FF9933
B. Adhiban,IND,2682,2018-11-27,#FF9933
B. Adhiban,IND,2695,2018-12-27,#FF9933
B. Adhiban,IND,2689,2019-01-27,#FF9933
B. Adhiban,IND,2689,2019-02-24,#FF9933
B. Adhiban,IND,2674,2015-09-27,#FF9933
B. Adhiban,IND,2674,2015-10-27,#FF9933
B. Adhiban,IND,2669,2015-11-27,#FF9933
B. Adhiban,IND,2669,2015-12-27,#FF9933
B. Adhiban,IND,2653,2016-01-27,#FF9933
B. Adhiban,IND,2653,2016-02-27,#FF9933
B. Adhiban,IND,2663,2016-03-27,#FF9933
B. Adhiban,IND,2663,2016-04-27,#FF9933
B. Adhiban,IND,2665,2016-05-27,#FF9933
B. Adhiban,IND,2677,2016-06-27,#FF9933
B. Adhiban,IND,2671,2016-07-27,#FF9933
B. Adhiban,IND,2671,2016-08-27,#FF9933
B. Adhiban,IND,2671,2016-09-27,#FF9933
B. Adhiban,IND,2689,2016-10-27,#FF9933
B. Adhiban,IND,2666,2016-11-27,#FF9933
B. Adhiban,IND,2666,2016-12-27,#FF9933
B. Adhiban,IND,2682,2017-02-27,#FF9933
B. Adhiban,IND,2682,2017-03-27,#FF9933
B. Adhiban,IND,2661,2017-04-27,#FF9933
B. Adhiban,IND,2672,2017-05-27,#FF9933
B. Adhiban,IND,2670,2017-06-27,#FF9933
Baadur Jobava,GEO,2687,2017-07-27,#FF0000
Baadur Jobava,GEO,2687,2017-08-27,#FF0000
Baadur Jobava,GEO,2702,2017-09-27,#FF0000
Baadur Jobava,GEO,2705,2017-10-27,#FF0000
Baadur Jobava,GEO,2712,2017-11-27,#FF0000
Baadur Jobava,GEO,2690,2017-12-27,#FF0000
Baadur Jobava,GEO,2690,2018-01-27,#FF0000
Baadur Jobava,GEO,2685,2018-02-27,#FF0000
Baadur Jobava,GEO,2685,2018-03-27,#FF0000
Baadur Jobava,GEO,2669,2018-04-27,#FF0000
Baadur Jobava,GEO,2663,2018-05-27,#FF0000
Baadur Jobava,GEO,2605,2003-10-27,#FF0000
Baadur Jobava,GEO,2616,2004-01-27,#FF0000
Baadur Jobava,GEO,2616,2004-04-27,#FF0000
Baadur Jobava,GEO,2615,2004-07-27,#FF0000
Baadur Jobava,GEO,2614,2004-10-27,#FF0000
Baadur Jobava,GEO,2640,2005-01-27,#FF0000
Baadur Jobava,GEO,2637,2005-04-27,#FF0000
Baadur Jobava,GEO,2621,2005-07-27,#FF0000
Baadur Jobava,GEO,2646,2006-04-27,#FF0000
Baadur Jobava,GEO,2651,2006-07-27,#FF0000
Baadur Jobava,GEO,2650,2006-10-27,#FF0000
Baadur Jobava,GEO,2650,2007-01-27,#FF0000
Baadur Jobava,GEO,2658,2007-04-27,#FF0000
Baadur Jobava,GEO,2644,2007-07-27,#FF0000
Baadur Jobava,GEO,2644,2007-10-27,#FF0000
Baadur Jobava,GEO,2643,2008-01-27,#FF0000
Baadur Jobava,GEO,2658,2008-04-27,#FF0000
Baadur Jobava,GEO,2665,2008-07-27,#FF0000
Baadur Jobava,GEO,2664,2008-10-27,#FF0000
Baadur Jobava,GEO,2669,2009-01-27,#FF0000
Baadur Jobava,GEO,2687,2009-04-27,#FF0000
Baadur Jobava,GEO,2684,2009-07-27,#FF0000
Baadur Jobava,GEO,2696,2009-09-27,#FF0000
Baadur Jobava,GEO,2696,2009-11-27,#FF0000
Baadur Jobava,GEO,2704,2010-01-27,#FF0000
Baadur Jobava,GEO,2695,2010-03-27,#FF0000
Baadur Jobava,GEO,2715,2010-05-27,#FF0000
Baadur Jobava,GEO,2710,2010-07-27,#FF0000
Baadur Jobava,GEO,2710,2010-09-27,#FF0000
Baadur Jobava,GEO,2707,2010-11-27,#FF0000
Baadur Jobava,GEO,2707,2011-01-27,#FF0000
Baadur Jobava,GEO,2707,2011-03-27,#FF0000
Baadur Jobava,GEO,2704,2011-05-27,#FF0000
Baadur Jobava,GEO,2713,2011-07-27,#FF0000
Baadur Jobava,GEO,2712,2011-09-27,#FF0000
Baadur Jobava,GEO,2678,2011-11-27,#FF0000
Baadur Jobava,GEO,2704,2012-01-27,#FF0000
Baadur Jobava,GEO,2706,2012-03-27,#FF0000
Baadur Jobava,GEO,2721,2012-05-27,#FF0000
Baadur Jobava,GEO,2730,2012-07-27,#FF0000
Baadur Jobava,GEO,2730,2012-08-27,#FF0000
Baadur Jobava,GEO,2734,2012-09-27,#FF0000
Baadur Jobava,GEO,2710,2012-10-27,#FF0000
Baadur Jobava,GEO,2710,2012-11-27,#FF0000
Baadur Jobava,GEO,2711,2012-12-27,#FF0000
Baadur Jobava,GEO,2702,2013-01-27,#FF0000
Baadur Jobava,GEO,2702,2013-02-27,#FF0000
Baadur Jobava,GEO,2702,2013-03-27,#FF0000
Baadur Jobava,GEO,2702,2013-04-27,#FF0000
Baadur Jobava,GEO,2702,2013-05-27,#FF0000
Baadur Jobava,GEO,2688,2013-06-27,#FF0000
Baadur Jobava,GEO,2693,2013-07-27,#FF0000
Baadur Jobava,GEO,2696,2013-08-27,#FF0000
Baadur Jobava,GEO,2696,2013-09-27,#FF0000
Baadur Jobava,GEO,2694,2013-10-27,#FF0000
Baadur Jobava,GEO,2695,2013-11-27,#FF0000
Baadur Jobava,GEO,2705,2013-12-27,#FF0000
Baadur Jobava,GEO,2710,2014-01-27,#FF0000
Baadur Jobava,GEO,2706,2014-02-27,#FF0000
Baadur Jobava,GEO,2716,2014-03-27,#FF0000
Baadur Jobava,GEO,2706,2014-04-27,#FF0000
Baadur Jobava,GEO,2712,2014-05-27,#FF0000
Baadur Jobava,GEO,2713,2014-06-27,#FF0000
Baadur Jobava,GEO,2713,2014-07-27,#FF0000
Baadur Jobava,GEO,2713,2014-08-27,#FF0000
Baadur Jobava,GEO,2708,2014-09-27,#FF0000
Baadur Jobava,GEO,2717,2014-10-27,#FF0000
Baadur Jobava,GEO,2722,2014-11-27,#FF0000
Baadur Jobava,GEO,2733,2014-12-27,#FF0000
Baadur Jobava,GEO,2727,2015-01-27,#FF0000
Baadur Jobava,GEO,2696,2015-02-27,#FF0000
Baadur Jobava,GEO,2699,2015-03-27,#FF0000
Baadur Jobava,GEO,2699,2015-04-27,#FF0000
Baadur Jobava,GEO,2699,2015-05-27,#FF0000
Baadur Jobava,GEO,2693,2015-06-27,#FF0000
Baadur Jobava,GEO,2693,2015-07-27,#FF0000
Baadur Jobava,GEO,2664,2015-08-27,#FF0000
Baadur Jobava,GEO,2671,2015-09-27,#FF0000
Baadur Jobava,GEO,2683,2015-10-27,#FF0000
Baadur Jobava,GEO,2668,2015-11-27,#FF0000
Baadur Jobava,GEO,2673,2015-12-27,#FF0000
Baadur Jobava,GEO,2673,2016-01-27,#FF0000
Baadur Jobava,GEO,2673,2016-02-27,#FF0000
Baadur Jobava,GEO,2676,2016-03-27,#FF0000
Baadur Jobava,GEO,2672,2016-04-27,#FF0000
Baadur Jobava,GEO,2661,2016-05-27,#FF0000
Baadur Jobava,GEO,2669,2016-06-27,#FF0000
Baadur Jobava,GEO,2669,2016-07-27,#FF0000
Baadur Jobava,GEO,2669,2016-08-27,#FF0000
Baadur Jobava,GEO,2665,2016-09-27,#FF0000
Baadur Jobava,GEO,2698,2016-10-27,#FF0000
Baadur Jobava,GEO,2702,2016-11-27,#FF0000
Baadur Jobava,GEO,2702,2016-12-27,#FF0000
Baadur Jobava,GEO,2701,2017-01-27,#FF0000
Baadur Jobava,GEO,2701,2017-02-27,#FF0000
Baadur Jobava,GEO,2701,2017-03-27,#FF0000
Baadur Jobava,GEO,2712,2017-04-27,#FF0000
Baadur Jobava,GEO,2713,2017-05-27,#FF0000
Baadur Jobava,GEO,2707,2017-06-27,#FF0000
Bartlomiej Macieja,POL,2608,2001-04-27,#DC143C
Bartlomiej Macieja,POL,2612,2002-01-27,#DC143C
Bartlomiej Macieja,POL,2607,2002-07-27,#DC143C
Bartlomiej Macieja,POL,2615,2002-10-27,#DC143C
Bartlomiej Macieja,POL,2629,2003-01-27,#DC143C
Bartlomiej Macieja,POL,2634,2003-04-27,#DC143C
Bartlomiej Macieja,POL,2627,2003-07-27,#DC143C
Bartlomiej Macieja,POL,2635,2003-10-27,#DC143C
Bartlomiej Macieja,POL,2653,2004-01-27,#DC143C
Bartlomiej Macieja,POL,2633,2004-04-27,#DC143C
Bartlomiej Macieja,POL,2633,2004-07-27,#DC143C
Bartlomiej Macieja,POL,2613,2004-10-27,#DC143C
Bartlomiej Macieja,POL,2618,2005-01-27,#DC143C
Bartlomiej Macieja,POL,2622,2006-10-27,#DC143C
Bartlomiej Macieja,POL,2629,2007-01-27,#DC143C
Bartlomiej Macieja,POL,2639,2010-07-27,#DC143C
Bartlomiej Macieja,POL,2651,2010-09-27,#DC143C
Bartosz Socko,POL,2615,2005-07-27,#DC143C
Bartosz Socko,POL,2621,2006-07-27,#DC143C
Bartosz Socko,POL,2630,2006-10-27,#DC143C
Bartosz Socko,POL,2629,2007-01-27,#DC143C
Bartosz Socko,POL,2641,2007-04-27,#DC143C
Bartosz Socko,POL,2660,2007-07-27,#DC143C
Bartosz Socko,POL,2646,2007-10-27,#DC143C
Bartosz Socko,POL,2635,2008-01-27,#DC143C
Bartosz Socko,POL,2644,2008-04-27,#DC143C
Bartosz Socko,POL,2637,2009-04-27,#DC143C
Bartosz Socko,POL,2656,2009-07-27,#DC143C
Bartosz Socko,POL,2643,2009-11-27,#DC143C
Bartosz Socko,POL,2643,2010-01-27,#DC143C
Bartosz Socko,POL,2644,2010-05-27,#DC143C
Bartosz Socko,POL,2646,2010-07-27,#DC143C
Bartosz Socko,POL,2657,2010-09-27,#DC143C
Bartosz Socko,POL,2660,2010-11-27,#DC143C
Bartosz Socko,POL,2660,2011-01-27,#DC143C
Bartosz Socko,POL,2660,2011-03-27,#DC143C
Bartosz Socko,POL,2654,2011-05-27,#DC143C
Bartosz Socko,POL,2658,2013-10-27,#DC143C
Bartosz Socko,POL,2661,2013-11-27,#DC143C
Bartosz Socko,POL,2657,2013-12-27,#DC143C
Bartosz Socko,POL,2657,2014-01-27,#DC143C
Bartosz Socko,POL,2663,2014-02-27,#DC143C
Bartosz Socko,POL,2651,2014-03-27,#DC143C
Bassem Amin,EGY,2680,2017-07-27,#FFFFFFF
Bassem Amin,EGY,2680,2017-08-27,#FFFFFFF
Bassem Amin,EGY,2699,2017-09-27,#FFFFFFF
Bassem Amin,EGY,2698,2017-10-27,#FFFFFFF
Bassem Amin,EGY,2700,2017-11-27,#FFFFFFF
Bassem Amin,EGY,2689,2017-12-27,#FFFFFFF
Bassem Amin,EGY,2693,2018-01-27,#FFFFFFF
Bassem Amin,EGY,2688,2018-02-27,#FFFFFFF
Bassem Amin,EGY,2696,2018-03-27,#FFFFFFF
Bassem Amin,EGY,2700,2018-04-27,#FFFFFFF
Bassem Amin,EGY,2667,2018-05-27,#FFFFFFF
Bassem Amin,EGY,2679,2018-06-27,#FFFFFFF
Bassem Amin,EGY,2679,2018-07-27,#FFFFFFF
Bassem Amin,EGY,2684,2018-08-27,#FFFFFFF
Bassem Amin,EGY,2686,2018-09-27,#FFFFFFF
Bassem Amin,EGY,2686,2018-10-27,#FFFFFFF
Bassem Amin,EGY,2709,2018-11-27,#FFFFFFF
Bassem Amin,EGY,2710,2018-12-27,#FFFFFFF
Bassem Amin,EGY,2712,2019-01-27,#FFFFFFF
Bassem Amin,EGY,2710,2019-02-24,#FFFFFFF
Bassem Amin,EGY,2652,2013-11-27,#FFFFFFF
Bassem Amin,EGY,2654,2013-12-27,#FFFFFFF
Bassem Amin,EGY,2665,2014-01-27,#FFFFFFF
Bassem Amin,EGY,2665,2014-02-27,#FFFFFFF
Bassem Amin,EGY,2657,2014-03-27,#FFFFFFF
Bassem Amin,EGY,2657,2015-11-27,#FFFFFFF
Bassem Amin,EGY,2665,2015-12-27,#FFFFFFF
Bassem Amin,EGY,2665,2016-01-27,#FFFFFFF
Bassem Amin,EGY,2655,2016-02-27,#FFFFFFF
Bassem Amin,EGY,2655,2016-03-27,#FFFFFFF
Bassem Amin,EGY,2655,2016-04-27,#FFFFFFF
Bassem Amin,EGY,2654,2016-06-27,#FFFFFFF
Bassem Amin,EGY,2654,2016-07-27,#FFFFFFF
Bassem Amin,EGY,2661,2016-09-27,#FFFFFFF
Bassem Amin,EGY,2655,2016-10-27,#FFFFFFF
Bassem Amin,EGY,2658,2016-11-27,#FFFFFFF
Bassem Amin,EGY,2662,2016-12-27,#FFFFFFF
Bassem Amin,EGY,2666,2017-01-27,#FFFFFFF
Bassem Amin,EGY,2662,2017-02-27,#FFFFFFF
Bassem Amin,EGY,2660,2017-03-27,#FFFFFFF
Bassem Amin,EGY,2663,2017-04-27,#FFFFFFF
Bassem Amin,EGY,2668,2017-05-27,#FFFFFFF
Bassem Amin,EGY,2672,2017-06-27,#FFFFFFF
Bojan Vuckovic,SRB,2640,2010-05-27,#FFFFFFF
Boris Avrukh,ISR,2625,2000-07-27,#0038B8
Boris Avrukh,ISR,2625,2000-10-27,#0038B8
Boris Avrukh,ISR,2630,2001-01-27,#0038B8
Boris Avrukh,ISR,2600,2001-04-27,#0038B8
Boris Avrukh,ISR,2598,2001-07-27,#0038B8
Boris Avrukh,ISR,2606,2001-10-27,#0038B8
Boris Avrukh,ISR,2609,2003-10-27,#0038B8
Boris Avrukh,ISR,2620,2004-01-27,#0038B8
Boris Avrukh,ISR,2620,2004-04-27,#0038B8
Boris Avrukh,ISR,2614,2004-10-27,#0038B8
Boris Avrukh,ISR,2629,2005-01-27,#0038B8
Boris Avrukh,ISR,2642,2005-04-27,#0038B8
Boris Avrukh,ISR,2652,2005-07-27,#0038B8
Boris Avrukh,ISR,2652,2005-10-27,#0038B8
Boris Avrukh,ISR,2633,2006-01-27,#0038B8
Boris Avrukh,ISR,2633,2006-04-27,#0038B8
Boris Avrukh,ISR,2641,2006-07-27,#0038B8
Boris Avrukh,ISR,2644,2006-10-27,#0038B8
Boris Avrukh,ISR,2644,2007-01-27,#0038B8
Boris Avrukh,ISR,2644,2007-04-27,#0038B8
Boris Avrukh,ISR,2645,2007-07-27,#0038B8
Boris Avrukh,ISR,2641,2007-10-27,#0038B8
Boris Avrukh,ISR,2628,2008-01-27,#0038B8
Boris Avrukh,ISR,2632,2008-04-27,#0038B8
Boris Avrukh,ISR,2656,2008-07-27,#0038B8
Boris Avrukh,ISR,2657,2008-10-27,#0038B8
Boris Avrukh,ISR,2645,2009-01-27,#0038B8
Boris Avrukh,ISR,2647,2009-04-27,#0038B8
Boris Avrukh,ISR,2641,2009-07-27,#0038B8
Boris Avrukh,ISR,2668,2009-09-27,#0038B8
Boris Avrukh,ISR,2655,2009-11-27,#0038B8
Boris Avrukh,ISR,2656,2010-01-27,#0038B8
Boris Avrukh,ISR,2656,2010-03-27,#0038B8
Boris Avrukh,ISR,2656,2010-05-27,#0038B8
Boris F Gulko,USA,2643,2000-07-27,#3c3b6e
Boris F Gulko,USA,2642,2000-10-27,#3c3b6e
Boris F Gulko,USA,2622,2001-01-27,#3c3b6e
Boris F Gulko,USA,2606,2001-04-27,#3c3b6e
Boris F Gulko,USA,2602,2001-07-27,#3c3b6e
Boris F Gulko,USA,2608,2001-10-27,#3c3b6e
Boris F Gulko,USA,2601,2002-01-27,#3c3b6e
Boris Gelfand,ISR,2729,2017-07-27,#0038B8
Boris Gelfand,ISR,2729,2017-08-27,#0038B8
Boris Gelfand,ISR,2737,2017-09-27,#0038B8
Boris Gelfand,ISR,2737,2017-10-27,#0038B8
Boris Gelfand,ISR,2719,2017-11-27,#0038B8
Boris Gelfand,ISR,2697,2017-12-27,#0038B8
Boris Gelfand,ISR,2697,2018-01-27,#0038B8
Boris Gelfand,ISR,2697,2018-02-27,#0038B8
Boris Gelfand,ISR,2695,2018-03-27,#0038B8
Boris Gelfand,ISR,2695,2018-04-27,#0038B8
Boris Gelfand,ISR,2695,2018-05-27,#0038B8
Boris Gelfand,ISR,2689,2018-06-27,#0038B8
Boris Gelfand,ISR,2703,2018-07-27,#0038B8
Boris Gelfand,ISR,2703,2018-08-27,#0038B8
Boris Gelfand,ISR,2703,2018-09-27,#0038B8
Boris Gelfand,ISR,2701,2018-10-27,#0038B8
Boris Gelfand,ISR,2673,2018-11-27,#0038B8
Boris Gelfand,ISR,2673,2018-12-27,#0038B8
Boris Gelfand,ISR,2669,2019-01-27,#0038B8
Boris Gelfand,ISR,2669,2019-02-24,#0038B8
Boris Gelfand,ISR,2681,2000-07-27,#0038B8
Boris Gelfand,ISR,2683,2000-10-27,#0038B8
Boris Gelfand,ISR,2712,2001-01-27,#0038B8
Boris Gelfand,ISR,2712,2001-04-27,#0038B8
Boris Gelfand,ISR,2714,2001-07-27,#0038B8
Boris Gelfand,ISR,2701,2001-10-27,#0038B8
Boris Gelfand,ISR,2708,2002-01-27,#0038B8
Boris Gelfand,ISR,2710,2002-04-27,#0038B8
Boris Gelfand,ISR,2710,2002-07-27,#0038B8
Boris Gelfand,ISR,2704,2002-10-27,#0038B8
Boris Gelfand,ISR,2700,2003-01-27,#0038B8
Boris Gelfand,ISR,2700,2003-04-27,#0038B8
Boris Gelfand,ISR,2695,2003-07-27,#0038B8
Boris Gelfand,ISR,2703,2003-10-27,#0038B8
Boris Gelfand,ISR,2709,2004-01-27,#0038B8
Boris Gelfand,ISR,2714,2004-04-27,#0038B8
Boris Gelfand,ISR,2709,2004-07-27,#0038B8
Boris Gelfand,ISR,2693,2004-10-27,#0038B8
Boris Gelfand,ISR,2696,2005-01-27,#0038B8
Boris Gelfand,ISR,2713,2005-04-27,#0038B8
Boris Gelfand,ISR,2724,2005-07-27,#0038B8
Boris Gelfand,ISR,2717,2005-10-27,#0038B8
Boris Gelfand,ISR,2723,2006-01-27,#0038B8
Boris Gelfand,ISR,2727,2006-04-27,#0038B8
Boris Gelfand,ISR,2729,2006-07-27,#0038B8
Boris Gelfand,ISR,2733,2006-10-27,#0038B8
Boris Gelfand,ISR,2733,2007-01-27,#0038B8
Boris Gelfand,ISR,2733,2007-04-27,#0038B8
Boris Gelfand,ISR,2733,2007-07-27,#0038B8
Boris Gelfand,ISR,2736,2007-10-27,#0038B8
Boris Gelfand,ISR,2737,2008-01-27,#0038B8
Boris Gelfand,ISR,2723,2008-04-27,#0038B8
Boris Gelfand,ISR,2720,2008-07-27,#0038B8
Boris Gelfand,ISR,2719,2008-10-27,#0038B8
Boris Gelfand,ISR,2733,2009-01-27,#0038B8
Boris Gelfand,ISR,2733,2009-04-27,#0038B8
Boris Gelfand,ISR,2755,2009-07-27,#0038B8
Boris Gelfand,ISR,2756,2009-09-27,#0038B8
Boris Gelfand,ISR,2758,2009-11-27,#0038B8
Boris Gelfand,ISR,2761,2010-01-27,#0038B8
Boris Gelfand,ISR,2750,2010-03-27,#0038B8
Boris Gelfand,ISR,2741,2010-05-27,#0038B8
Boris Gelfand,ISR,2739,2010-07-27,#0038B8
Boris Gelfand,ISR,2751,2010-09-27,#0038B8
Boris Gelfand,ISR,2741,2010-11-27,#0038B8
Boris Gelfand,ISR,2733,2011-01-27,#0038B8
Boris Gelfand,ISR,2733,2011-03-27,#0038B8
Boris Gelfand,ISR,2733,2011-05-27,#0038B8
Boris Gelfand,ISR,2746,2011-07-27,#0038B8
Boris Gelfand,ISR,2746,2011-09-27,#0038B8
Boris Gelfand,ISR,2744,2011-11-27,#0038B8
Boris Gelfand,ISR,2739,2012-01-27,#0038B8
Boris Gelfand,ISR,2727,2012-03-27,#0038B8
Boris Gelfand,ISR,2727,2012-05-27,#0038B8
Boris Gelfand,ISR,2738,2012-07-27,#0038B8
Boris Gelfand,ISR,2738,2012-08-27,#0038B8
Boris Gelfand,ISR,2738,2012-09-27,#0038B8
Boris Gelfand,ISR,2736,2012-10-27,#0038B8
Boris Gelfand,ISR,2751,2012-11-27,#0038B8
Boris Gelfand,ISR,2751,2012-12-27,#0038B8
Boris Gelfand,ISR,2740,2013-01-27,#0038B8
Boris Gelfand,ISR,2740,2013-02-27,#0038B8
Boris Gelfand,ISR,2740,2013-03-27,#0038B8
Boris Gelfand,ISR,2739,2013-04-27,#0038B8
Boris Gelfand,ISR,2744,2013-05-27,#0038B8
Boris Gelfand,ISR,2755,2013-06-27,#0038B8
Boris Gelfand,ISR,2773,2013-07-27,#0038B8
Boris Gelfand,ISR,2764,2013-08-27,#0038B8
Boris Gelfand,ISR,2764,2013-09-27,#0038B8
Boris Gelfand,ISR,2765,2013-10-27,#0038B8
Boris Gelfand,ISR,2777,2013-11-27,#0038B8
Boris Gelfand,ISR,2777,2013-12-27,#0038B8
Boris Gelfand,ISR,2777,2014-01-27,#0038B8
Boris Gelfand,ISR,2761,2014-02-27,#0038B8
Boris Gelfand,ISR,2753,2014-03-27,#0038B8
Boris Gelfand,ISR,2753,2014-04-27,#0038B8
Boris Gelfand,ISR,2753,2014-05-27,#0038B8
Boris Gelfand,ISR,2753,2014-06-27,#0038B8
Boris Gelfand,ISR,2753,2014-07-27,#0038B8
Boris Gelfand,ISR,2753,2014-08-27,#0038B8
Boris Gelfand,ISR,2748,2014-09-27,#0038B8
Boris Gelfand,ISR,2748,2014-10-27,#0038B8
Boris Gelfand,ISR,2759,2014-11-27,#0038B8
Boris Gelfand,ISR,2743,2014-12-27,#0038B8
Boris Gelfand,ISR,2747,2015-01-27,#0038B8
Boris Gelfand,ISR,2747,2015-02-27,#0038B8
Boris Gelfand,ISR,2747,2015-03-27,#0038B8
Boris Gelfand,ISR,2747,2015-04-27,#0038B8
Boris Gelfand,ISR,2744,2015-05-27,#0038B8
Boris Gelfand,ISR,2751,2015-06-27,#0038B8
Boris Gelfand,ISR,2751,2015-07-27,#0038B8
Boris Gelfand,ISR,2741,2015-08-27,#0038B8
Boris Gelfand,ISR,2741,2015-09-27,#0038B8
Boris Gelfand,ISR,2741,2015-10-27,#0038B8
Boris Gelfand,ISR,2731,2015-11-27,#0038B8
Boris Gelfand,ISR,2731,2015-12-27,#0038B8
Boris Gelfand,ISR,2735,2016-01-27,#0038B8
Boris Gelfand,ISR,2735,2016-02-27,#0038B8
Boris Gelfand,ISR,2735,2016-03-27,#0038B8
Boris Gelfand,ISR,2740,2016-04-27,#0038B8
Boris Gelfand,ISR,2740,2016-05-27,#0038B8
Boris Gelfand,ISR,2734,2016-06-27,#0038B8
Boris Gelfand,ISR,2734,2016-07-27,#0038B8
Boris Gelfand,ISR,2743,2016-08-27,#0038B8
Boris Gelfand,ISR,2743,2016-09-27,#0038B8
Boris Gelfand,ISR,2743,2016-10-27,#0038B8
Boris Gelfand,ISR,2720,2016-11-27,#0038B8
Boris Gelfand,ISR,2725,2016-12-27,#0038B8
Boris Gelfand,ISR,2721,2017-01-27,#0038B8
Boris Gelfand,ISR,2721,2017-02-27,#0038B8
Boris Gelfand,ISR,2724,2017-03-27,#0038B8
Boris Gelfand,ISR,2724,2017-04-27,#0038B8
Boris Gelfand,ISR,2724,2017-05-27,#0038B8
Boris Gelfand,ISR,2728,2017-06-27,#0038B8
Boris Grachev,RUS,2654,2017-07-27,#D52B1E
Boris Grachev,RUS,2654,2017-08-27,#D52B1E
Boris Grachev,RUS,2654,2017-09-27,#D52B1E
Boris Grachev,RUS,2657,2017-11-27,#D52B1E
Boris Grachev,RUS,2657,2017-12-27,#D52B1E
Boris Grachev,RUS,2653,2018-01-27,#D52B1E
Boris Grachev,RUS,2653,2018-02-27,#D52B1E
Boris Grachev,RUS,2640,2008-07-27,#D52B1E
Boris Grachev,RUS,2653,2008-10-27,#D52B1E
Boris Grachev,RUS,2655,2009-01-27,#D52B1E
Boris Grachev,RUS,2652,2009-04-27,#D52B1E
Boris Grachev,RUS,2669,2009-07-27,#D52B1E
Boris Grachev,RUS,2684,2009-09-27,#D52B1E
Boris Grachev,RUS,2652,2009-11-27,#D52B1E
Boris Grachev,RUS,2653,2010-01-27,#D52B1E
Boris Grachev,RUS,2667,2010-03-27,#D52B1E
Boris Grachev,RUS,2667,2010-05-27,#D52B1E
Boris Grachev,RUS,2668,2010-07-27,#D52B1E
Boris Grachev,RUS,2668,2010-09-27,#D52B1E
Boris Grachev,RUS,2654,2010-11-27,#D52B1E
Boris Grachev,RUS,2660,2011-01-27,#D52B1E
Boris Grachev,RUS,2675,2011-03-27,#D52B1E
Boris Grachev,RUS,2669,2011-05-27,#D52B1E
Boris Grachev,RUS,2680,2011-07-27,#D52B1E
Boris Grachev,RUS,2682,2011-09-27,#D52B1E
Boris Grachev,RUS,2693,2011-11-27,#D52B1E
Boris Grachev,RUS,2693,2012-01-27,#D52B1E
Boris Grachev,RUS,2705,2012-03-27,#D52B1E
Boris Grachev,RUS,2680,2012-05-27,#D52B1E
Boris Grachev,RUS,2674,2012-07-27,#D52B1E
Boris Grachev,RUS,2675,2012-08-27,#D52B1E
Boris Grachev,RUS,2672,2012-09-27,#D52B1E
Boris Grachev,RUS,2672,2012-10-27,#D52B1E
Boris Grachev,RUS,2685,2012-11-27,#D52B1E
Boris Grachev,RUS,2688,2012-12-27,#D52B1E
Boris Grachev,RUS,2688,2013-01-27,#D52B1E
Boris Grachev,RUS,2693,2013-02-27,#D52B1E
Boris Grachev,RUS,2693,2013-03-27,#D52B1E
Boris Grachev,RUS,2693,2013-04-27,#D52B1E
Boris Grachev,RUS,2687,2013-05-27,#D52B1E
Boris Grachev,RUS,2683,2013-06-27,#D52B1E
Boris Grachev,RUS,2683,2013-07-27,#D52B1E
Boris Grachev,RUS,2676,2013-08-27,#D52B1E
Boris Grachev,RUS,2670,2013-09-27,#D52B1E
Boris Grachev,RUS,2669,2013-10-27,#D52B1E
Boris Grachev,RUS,2669,2013-11-27,#D52B1E
Boris Grachev,RUS,2669,2013-12-27,#D52B1E
Boris Grachev,RUS,2668,2014-01-27,#D52B1E
Boris Grachev,RUS,2669,2014-02-27,#D52B1E
Boris Grachev,RUS,2675,2014-03-27,#D52B1E
Boris Grachev,RUS,2659,2014-04-27,#D52B1E
Boris Grachev,RUS,2658,2014-05-27,#D52B1E
Boris Grachev,RUS,2661,2014-06-27,#D52B1E
Boris Grachev,RUS,2672,2014-07-27,#D52B1E
Boris Grachev,RUS,2672,2014-08-27,#D52B1E
Boris Grachev,RUS,2673,2014-09-27,#D52B1E
Boris Grachev,RUS,2673,2014-10-27,#D52B1E
Boris Grachev,RUS,2669,2014-11-27,#D52B1E
Boris Grachev,RUS,2669,2014-12-27,#D52B1E
Boris Grachev,RUS,2670,2015-01-27,#D52B1E
Boris Grachev,RUS,2670,2015-02-27,#D52B1E
Boris Grachev,RUS,2673,2015-03-27,#D52B1E
Boris Grachev,RUS,2671,2015-04-27,#D52B1E
Boris Grachev,RUS,2666,2015-05-27,#D52B1E
Boris Grachev,RUS,2657,2015-06-27,#D52B1E
Boris Grachev,RUS,2657,2015-07-27,#D52B1E
Boris Grachev,RUS,2658,2017-04-27,#D52B1E
Boris Grachev,RUS,2658,2017-05-27,#D52B1E
Boris Savchenko,RUS,2648,2008-10-27,#D52B1E
Boris Savchenko,RUS,2654,2009-01-27,#D52B1E
Boris Savchenko,RUS,2655,2009-04-27,#D52B1E
Boris Savchenko,RUS,2650,2009-07-27,#D52B1E
Boris Savchenko,RUS,2644,2009-11-27,#D52B1E
Boris Savchenko,RUS,2652,2010-03-27,#D52B1E
Boris Savchenko,RUS,2642,2010-05-27,#D52B1E
Borki Predojevic,BIH,2628,2007-07-27,#FFFFFFF
Borki Predojevic,BIH,2645,2007-10-27,#FFFFFFF
Borki Predojevic,BIH,2641,2008-01-27,#FFFFFFF
Borki Predojevic,BIH,2651,2008-04-27,#FFFFFFF
Borki Predojevic,BIH,2634,2008-07-27,#FFFFFFF
Borki Predojevic,BIH,2650,2009-01-27,#FFFFFFF
Borki Predojevic,BIH,2652,2009-04-27,#FFFFFFF
Borki Predojevic,BIH,2644,2009-07-27,#FFFFFFF
Borki Predojevic,BIH,2654,2009-09-27,#FFFFFFF
Borki Predojevic,BIH,2652,2009-11-27,#FFFFFFF
Borki Predojevic,BIH,2655,2016-05-27,#FFFFFFF
Branko Damljanovic,SCG,2625,2006-07-27,#FFFFFFF
Chanda Sandipan,IND,2640,2010-05-27,#FF9933
Chanda Sandipan,IND,2656,2011-05-27,#FF9933
Chanda Sandipan,IND,2656,2011-07-27,#FF9933
Chao b Li,CHN,2744,2017-07-27,#e02a00
Chao b Li,CHN,2744,2017-08-27,#e02a00
Chao b Li,CHN,2745,2017-09-27,#e02a00
Chao b Li,CHN,2739,2017-10-27,#e02a00
Chao b Li,CHN,2741,2017-11-27,#e02a00
Chao b Li,CHN,2732,2017-12-27,#e02a00
Chao b Li,CHN,2732,2018-01-27,#e02a00
Chao b Li,CHN,2732,2018-02-27,#e02a00
Chao b Li,CHN,2732,2018-03-27,#e02a00
Chao b Li,CHN,2732,2018-04-27,#e02a00
Chao b Li,CHN,2724,2018-05-27,#e02a00
Chao b Li,CHN,2725,2018-06-27,#e02a00
Chao b Li,CHN,2715,2018-07-27,#e02a00
Chao b Li,CHN,2714,2018-08-27,#e02a00
Chao b Li,CHN,2708,2018-09-27,#e02a00
Chao b Li,CHN,2708,2018-10-27,#e02a00
Chao b Li,CHN,2703,2018-11-27,#e02a00
Chao b Li,CHN,2703,2018-12-27,#e02a00
Chao b Li,CHN,2699,2019-01-27,#e02a00
Chao b Li,CHN,2699,2019-02-24,#e02a00
Chao b Li,CHN,2643,2009-04-27,#e02a00
Chao b Li,CHN,2649,2011-01-27,#e02a00
Chao b Li,CHN,2656,2011-05-27,#e02a00
Chao b Li,CHN,2669,2011-07-27,#e02a00
Chao b Li,CHN,2710,2011-09-27,#e02a00
Chao b Li,CHN,2700,2011-11-27,#e02a00
Chao b Li,CHN,2693,2012-01-27,#e02a00
Chao b Li,CHN,2703,2012-03-27,#e02a00
Chao b Li,CHN,2703,2012-05-27,#e02a00
Chao b Li,CHN,2687,2012-07-27,#e02a00
Chao b Li,CHN,2665,2012-08-27,#e02a00
Chao b Li,CHN,2665,2012-09-27,#e02a00
Chao b Li,CHN,2681,2012-10-27,#e02a00
Chao b Li,CHN,2693,2012-11-27,#e02a00
Chao b Li,CHN,2670,2012-12-27,#e02a00
Chao b Li,CHN,2674,2013-01-27,#e02a00
Chao b Li,CHN,2686,2013-02-27,#e02a00
Chao b Li,CHN,2686,2013-03-27,#e02a00
Chao b Li,CHN,2686,2013-04-27,#e02a00
Chao b Li,CHN,2686,2013-05-27,#e02a00
Chao b Li,CHN,2693,2013-06-27,#e02a00
Chao b Li,CHN,2686,2013-07-27,#e02a00
Chao b Li,CHN,2693,2013-08-27,#e02a00
Chao b Li,CHN,2693,2013-09-27,#e02a00
Chao b Li,CHN,2682,2013-10-27,#e02a00
Chao b Li,CHN,2679,2013-11-27,#e02a00
Chao b Li,CHN,2683,2013-12-27,#e02a00
Chao b Li,CHN,2680,2014-01-27,#e02a00
Chao b Li,CHN,2697,2014-02-27,#e02a00
Chao b Li,CHN,2700,2014-03-27,#e02a00
Chao b Li,CHN,2711,2014-04-27,#e02a00
Chao b Li,CHN,2711,2014-05-27,#e02a00
Chao b Li,CHN,2711,2014-06-27,#e02a00
Chao b Li,CHN,2711,2014-07-27,#e02a00
Chao b Li,CHN,2711,2014-08-27,#e02a00
Chao b Li,CHN,2711,2014-09-27,#e02a00
Chao b Li,CHN,2711,2014-10-27,#e02a00
Chao b Li,CHN,2722,2014-11-27,#e02a00
Chao b Li,CHN,2730,2014-12-27,#e02a00
Chao b Li,CHN,2728,2015-01-27,#e02a00
Chao b Li,CHN,2728,2015-02-27,#e02a00
Chao b Li,CHN,2721,2015-03-27,#e02a00
Chao b Li,CHN,2730,2015-04-27,#e02a00
Chao b Li,CHN,2748,2015-05-27,#e02a00
Chao b Li,CHN,2748,2015-06-27,#e02a00
Chao b Li,CHN,2748,2015-07-27,#e02a00
Chao b Li,CHN,2748,2015-08-27,#e02a00
Chao b Li,CHN,2756,2015-09-27,#e02a00
Chao b Li,CHN,2750,2015-10-27,#e02a00
Chao b Li,CHN,2750,2015-11-27,#e02a00
Chao b Li,CHN,2750,2015-12-27,#e02a00
Chao b Li,CHN,2751,2016-01-27,#e02a00
Chao b Li,CHN,2751,2016-02-27,#e02a00
Chao b Li,CHN,2757,2016-03-27,#e02a00
Chao b Li,CHN,2755,2016-04-27,#e02a00
Chao b Li,CHN,2756,2016-05-27,#e02a00
Chao b Li,CHN,2758,2016-06-27,#e02a00
Chao b Li,CHN,2758,2016-07-27,#e02a00
Chao b Li,CHN,2753,2016-08-27,#e02a00
Chao b Li,CHN,2746,2016-09-27,#e02a00
Chao b Li,CHN,2728,2016-10-27,#e02a00
Chao b Li,CHN,2730,2016-11-27,#e02a00
Chao b Li,CHN,2720,2016-12-27,#e02a00
Chao b Li,CHN,2720,2017-01-27,#e02a00
Chao b Li,CHN,2720,2017-02-27,#e02a00
Chao b Li,CHN,2720,2017-03-27,#e02a00
Chao b Li,CHN,2720,2017-04-27,#e02a00
Chao b Li,CHN,2722,2017-05-27,#e02a00
Chao b Li,CHN,2720,2017-06-27,#e02a00
Christian Bauer,FRA,2654,2017-11-27,#3e3b9b
Christian Bauer,FRA,2618,2001-01-27,#3e3b9b
Christian Bauer,FRA,2612,2001-04-27,#3e3b9b
Christian Bauer,FRA,2622,2004-10-27,#3e3b9b
Christian Bauer,FRA,2636,2005-01-27,#3e3b9b
Christian Bauer,FRA,2640,2005-04-27,#3e3b9b
Christian Bauer,FRA,2641,2005-07-27,#3e3b9b
Christian Bauer,FRA,2625,2005-10-27,#3e3b9b
Christian Bauer,FRA,2627,2006-01-27,#3e3b9b
Christian Bauer,FRA,2638,2006-04-27,#3e3b9b
Christian Bauer,FRA,2629,2007-04-27,#3e3b9b
Christian Bauer,FRA,2626,2007-07-27,#3e3b9b
Christian Bauer,FRA,2634,2007-10-27,#3e3b9b
Christian Bauer,FRA,2679,2012-01-27,#3e3b9b
Christian Bauer,FRA,2679,2012-03-27,#3e3b9b
Christian Bauer,FRA,2672,2012-05-27,#3e3b9b
Christian Bauer,FRA,2681,2012-07-27,#3e3b9b
Christian Bauer,FRA,2682,2012-08-27,#3e3b9b
Christian Bauer,FRA,2676,2012-09-27,#3e3b9b
Christian Bauer,FRA,2664,2012-10-27,#3e3b9b
Christian Bauer,FRA,2658,2014-08-27,#3e3b9b
Christian Bauer,FRA,2654,2015-01-27,#3e3b9b
Christopher Lutz,GER,2595,2000-07-27,#FFFFFFF
Christopher Lutz,GER,2595,2000-10-27,#FFFFFFF
Christopher Lutz,GER,2609,2001-01-27,#FFFFFFF
Christopher Lutz,GER,2614,2001-04-27,#FFFFFFF
Christopher Lutz,GER,2643,2001-07-27,#FFFFFFF
Christopher Lutz,GER,2643,2001-10-27,#FFFFFFF
Christopher Lutz,GER,2644,2002-01-27,#FFFFFFF
Christopher Lutz,GER,2644,2002-04-27,#FFFFFFF
Christopher Lutz,GER,2655,2002-07-27,#FFFFFFF
Christopher Lutz,GER,2645,2002-10-27,#FFFFFFF
Christopher Lutz,GER,2640,2003-01-27,#FFFFFFF
Christopher Lutz,GER,2640,2003-04-27,#FFFFFFF
Christopher Lutz,GER,2631,2003-07-27,#FFFFFFF
Christopher Lutz,GER,2613,2003-10-27,#FFFFFFF
Christopher Lutz,GER,2614,2005-01-27,#FFFFFFF
Christopher Lutz,GER,2616,2005-07-27,#FFFFFFF
Constantin Lupulescu,ROU,2650,2011-07-27,#FFFFFFF
Constantin Lupulescu,ROU,2655,2011-09-27,#FFFFFFF
Constantin Lupulescu,ROU,2657,2011-11-27,#FFFFFFF
Constantin Lupulescu,ROU,2655,2013-06-27,#FFFFFFF
Constantin Lupulescu,ROU,2660,2014-04-27,#FFFFFFF
Csaba Balogh,HUN,2662,2011-09-27,#259838
Csaba Balogh,HUN,2662,2011-11-27,#259838
Csaba Balogh,HUN,2665,2012-01-27,#259838
Csaba Balogh,HUN,2664,2012-03-27,#259838
Csaba Balogh,HUN,2672,2012-05-27,#259838
Csaba Balogh,HUN,2668,2012-07-27,#259838
Csaba Balogh,HUN,2668,2012-08-27,#259838
Csaba Balogh,HUN,2668,2012-09-27,#259838
Csaba Balogh,HUN,2664,2012-10-27,#259838
Csaba Balogh,HUN,2654,2014-02-27,#259838
Csaba Balogh,HUN,2651,2014-03-27,#259838
Csaba Balogh,HUN,2656,2014-04-27,#259838
Csaba Balogh,HUN,2651,2014-05-27,#259838
Csaba Balogh,HUN,2660,2014-09-27,#259838
Csaba Balogh,HUN,2660,2014-10-27,#259838
Csaba Balogh,HUN,2658,2014-11-27,#259838
Csaba Balogh,HUN,2658,2014-12-27,#259838
Csaba Balogh,HUN,2659,2015-01-27,#259838
Csaba Balogh,HUN,2659,2015-02-27,#259838
Csaba Balogh,HUN,2655,2015-03-27,#259838
Csaba Balogh,HUN,2659,2015-05-27,#259838
Csaba Balogh,HUN,2659,2015-06-27,#259838
Csaba Balogh,HUN,2659,2015-07-27,#259838
Csaba Balogh,HUN,2659,2015-08-27,#259838
Csaba Balogh,HUN,2659,2015-09-27,#259838
Csaba Balogh,HUN,2657,2015-10-27,#259838
Curt Hansen,DEN,2613,2000-07-27,#FFFFFFF
Curt Hansen,DEN,2620,2000-10-27,#FFFFFFF
Curt Hansen,DEN,2619,2001-01-27,#FFFFFFF
Curt Hansen,DEN,2619,2001-04-27,#FFFFFFF
Curt Hansen,DEN,2626,2001-07-27,#FFFFFFF
Curt Hansen,DEN,2613,2001-10-27,#FFFFFFF
Curt Hansen,DEN,2613,2002-01-27,#FFFFFFF
Curt Hansen,DEN,2613,2002-04-27,#FFFFFFF
Curt Hansen,DEN,2625,2002-07-27,#FFFFFFF
Curt Hansen,DEN,2610,2002-10-27,#FFFFFFF
Curt Hansen,DEN,2610,2003-01-27,#FFFFFFF
Curt Hansen,DEN,2610,2003-04-27,#FFFFFFF
Curt Hansen,DEN,2618,2003-07-27,#FFFFFFF
Curt Hansen,DEN,2616,2003-10-27,#FFFFFFF
Curt Hansen,DEN,2635,2004-01-27,#FFFFFFF
Curt Hansen,DEN,2635,2004-04-27,#FFFFFFF
Curt Hansen,DEN,2635,2004-07-27,#FFFFFFF
Curt Hansen,DEN,2633,2004-10-27,#FFFFFFF
Curt Hansen,DEN,2633,2005-01-27,#FFFFFFF
Curt Hansen,DEN,2633,2005-04-27,#FFFFFFF
Curt Hansen,DEN,2625,2006-07-27,#FFFFFFF
Curt Hansen,DEN,2621,2006-10-27,#FFFFFFF
Curt Hansen,DEN,2621,2007-01-27,#FFFFFFF
Daniel Fridman,GER,2628,2007-07-27,#FFFFFFF
Daniel Fridman,GER,2627,2008-01-27,#FFFFFFF
Daniel Fridman,GER,2640,2008-04-27,#FFFFFFF
Daniel Fridman,GER,2637,2008-07-27,#FFFFFFF
Daniel Fridman,GER,2650,2009-01-27,#FFFFFFF
Daniel Fridman,GER,2646,2009-04-27,#FFFFFFF
Daniel Fridman,GER,2665,2009-07-27,#FFFFFFF
Daniel Fridman,GER,2661,2009-09-27,#FFFFFFF
Daniel Fridman,GER,2649,2009-11-27,#FFFFFFF
Daniel Fridman,GER,2654,2010-01-27,#FFFFFFF
Daniel Fridman,GER,2650,2010-03-27,#FFFFFFF
Daniel Fridman,GER,2654,2010-05-27,#FFFFFFF
Daniel Fridman,GER,2645,2010-07-27,#FFFFFFF
Daniel Fridman,GER,2645,2010-09-27,#FFFFFFF
Daniel Fridman,GER,2645,2010-11-27,#FFFFFFF
Daniel Fridman,GER,2655,2011-01-27,#FFFFFFF
Daniel Fridman,GER,2661,2011-03-27,#FFFFFFF
Daniel Fridman,GER,2661,2011-05-27,#FFFFFFF
Daniel Fridman,GER,2659,2011-07-27,#FFFFFFF
Daniel Fridman,GER,2652,2011-09-27,#FFFFFFF
Daniel Fridman,GER,2661,2011-11-27,#FFFFFFF
Daniel Fridman,GER,2660,2012-01-27,#FFFFFFF
Daniel Fridman,GER,2653,2012-03-27,#FFFFFFF
Daniel Fridman,GER,2653,2012-08-27,#FFFFFFF
Daniel Fridman,GER,2657,2012-09-27,#FFFFFFF
Daniel Fridman,GER,2670,2012-10-27,#FFFFFFF
Daniel Fridman,GER,2668,2012-11-27,#FFFFFFF
Daniel Fridman,GER,2667,2012-12-27,#FFFFFFF
Daniel Fridman,GER,2667,2013-01-27,#FFFFFFF
Daniel Fridman,GER,2667,2013-02-27,#FFFFFFF
Daniel Fridman,GER,2658,2013-03-27,#FFFFFFF
Daniel Fridman,GER,2652,2013-04-27,#FFFFFFF
Daniel Fridman,LAT,2621,2003-04-27,#FFFFFFF
Daniel Fridman,LAT,2626,2007-01-27,#FFFFFFF
Daniel Fridman,LAT,2635,2007-04-27,#FFFFFFF
Daniel Stellwagen,NED,2631,2007-07-27,#ff9a14
Daniel Stellwagen,NED,2639,2007-10-27,#ff9a14
Daniil Dubov,RUS,2666,2017-07-27,#D52B1E
Daniil Dubov,RUS,2666,2017-08-27,#D52B1E
Daniil Dubov,RUS,2666,2017-09-27,#D52B1E
Daniil Dubov,RUS,2677,2017-10-27,#D52B1E
Daniil Dubov,RUS,2677,2017-11-27,#D52B1E
Daniil Dubov,RUS,2683,2017-12-27,#D52B1E
Daniil Dubov,RUS,2694,2018-01-27,#D52B1E
Daniil Dubov,RUS,2694,2018-02-27,#D52B1E
Daniil Dubov,RUS,2701,2018-03-27,#D52B1E
Daniil Dubov,RUS,2696,2018-04-27,#D52B1E
Daniil Dubov,RUS,2696,2018-05-27,#D52B1E
Daniil Dubov,RUS,2691,2018-06-27,#D52B1E
Daniil Dubov,RUS,2691,2018-07-27,#D52B1E
Daniil Dubov,RUS,2691,2018-08-27,#D52B1E
Daniil Dubov,RUS,2709,2018-09-27,#D52B1E
Daniil Dubov,RUS,2703,2018-10-27,#D52B1E
Daniil Dubov,RUS,2703,2018-11-27,#D52B1E
Daniil Dubov,RUS,2703,2018-12-27,#D52B1E
Daniil Dubov,RUS,2703,2019-01-27,#D52B1E
Daniil Dubov,RUS,2703,2019-02-24,#D52B1E
Daniil Dubov,RUS,2659,2015-05-27,#D52B1E
Daniil Dubov,RUS,2661,2015-06-27,#D52B1E
Daniil Dubov,RUS,2661,2015-07-27,#D52B1E
Daniil Dubov,RUS,2654,2015-08-27,#D52B1E
Daniil Dubov,RUS,2661,2015-09-27,#D52B1E
Daniil Dubov,RUS,2661,2015-10-27,#D52B1E
Daniil Dubov,RUS,2655,2015-11-27,#D52B1E
Daniil Dubov,RUS,2655,2015-12-27,#D52B1E
Daniil Dubov,RUS,2666,2016-06-27,#D52B1E
Daniil Dubov,RUS,2661,2016-07-27,#D52B1E
Daniil Dubov,RUS,2660,2016-12-27,#D52B1E
Daniil Dubov,RUS,2661,2017-01-27,#D52B1E
Daniil Dubov,RUS,2661,2017-02-27,#D52B1E
Daniil Dubov,RUS,2661,2017-03-27,#D52B1E
Daniil Dubov,RUS,2660,2017-04-27,#D52B1E
Daniil Dubov,RUS,2660,2017-05-27,#D52B1E
Dariusz Swiercz,USA,2655,2019-02-24,#3c3b6e
Dariusz Swiercz,POL,2654,2018-02-27,#DC143C
Dariusz Swiercz,POL,2654,2018-03-27,#DC143C
Dariusz Swiercz,POL,2659,2018-04-27,#DC143C
Dariusz Swiercz,POL,2657,2018-05-27,#DC143C
Dariusz Swiercz,POL,2657,2018-06-27,#DC143C
Dariusz Swiercz,POL,2663,2018-07-27,#DC143C
Dariusz Swiercz,POL,2669,2018-08-27,#DC143C
Dariusz Swiercz,POL,2669,2018-09-27,#DC143C
Dariusz Swiercz,POL,2656,2018-10-27,#DC143C
Dariusz Swiercz,POL,2654,2013-08-27,#DC143C
Dariusz Swiercz,POL,2654,2013-09-27,#DC143C
Dariusz Swiercz,POL,2664,2016-01-27,#DC143C
Dariusz Swiercz,POL,2664,2016-02-27,#DC143C
Dariusz Swiercz,POL,2665,2016-03-27,#DC143C
Dariusz Swiercz,POL,2655,2016-04-27,#DC143C
Dariusz Swiercz,POL,2656,2016-05-27,#DC143C
Darmen Sadvakasov,KAZ,2611,2004-01-27,#FFFFFFF
Darmen Sadvakasov,KAZ,2626,2004-04-27,#FFFFFFF
Darmen Sadvakasov,KAZ,2626,2004-07-27,#FFFFFFF
Darmen Sadvakasov,KAZ,2631,2004-10-27,#FFFFFFF
Darmen Sadvakasov,KAZ,2635,2005-01-27,#FFFFFFF
Darmen Sadvakasov,KAZ,2629,2006-01-27,#FFFFFFF
Darmen Sadvakasov,KAZ,2619,2006-04-27,#FFFFFFF
Darmen Sadvakasov,KAZ,2635,2007-07-27,#FFFFFFF
Darmen Sadvakasov,KAZ,2629,2008-04-27,#FFFFFFF
Darmen Sadvakasov,KAZ,2632,2008-07-27,#FFFFFFF
Darmen Sadvakasov,KAZ,2643,2008-10-27,#FFFFFFF
David Anton Guijarro,ESP,2654,2017-07-27,#ffc50a
David Anton Guijarro,ESP,2654,2017-08-27,#ffc50a
David Anton Guijarro,ESP,2656,2017-09-27,#ffc50a
David Anton Guijarro,ESP,2666,2017-12-27,#ffc50a
David Anton Guijarro,ESP,2666,2018-01-27,#ffc50a
David Anton Guijarro,ESP,2666,2018-02-27,#ffc50a
David Anton Guijarro,ESP,2653,2018-04-27,#ffc50a
David Anton Guijarro,ESP,2652,2018-06-27,#ffc50a
David Anton Guijarro,ESP,2652,2018-08-27,#ffc50a
David Anton Guijarro,ESP,2676,2017-03-27,#ffc50a
David Anton Guijarro,ESP,2679,2017-04-27,#ffc50a
David Anton Guijarro,ESP,2660,2017-05-27,#ffc50a
David Anton Guijarro,ESP,2659,2017-06-27,#ffc50a
David Navara,CZE,2737,2017-07-27,#11574E
David Navara,CZE,2737,2017-08-27,#11574E
David Navara,CZE,2720,2017-09-27,#11574E
David Navara,CZE,2726,2017-10-27,#11574E
David Navara,CZE,2732,2017-11-27,#11574E
David Navara,CZE,2740,2017-12-27,#11574E
David Navara,CZE,2749,2018-01-27,#11574E
David Navara,CZE,2745,2018-02-27,#11574E
David Navara,CZE,2737,2018-03-27,#11574E
David Navara,CZE,2745,2018-04-27,#11574E
David Navara,CZE,2727,2018-05-27,#11574E
David Navara,CZE,2727,2018-06-27,#11574E
David Navara,CZE,2741,2018-07-27,#11574E
David Navara,CZE,2741,2018-08-27,#11574E
David Navara,CZE,2740,2018-09-27,#11574E
David Navara,CZE,2740,2018-10-27,#11574E
David Navara,CZE,2733,2018-11-27,#11574E
David Navara,CZE,2736,2018-12-27,#11574E
David Navara,CZE,2738,2019-01-27,#11574E
David Navara,CZE,2738,2019-02-24,#11574E
David Navara,CZE,2608,2003-07-27,#11574E
David Navara,CZE,2607,2003-10-27,#11574E
David Navara,CZE,2616,2004-07-27,#11574E
David Navara,CZE,2620,2004-10-27,#11574E
David Navara,CZE,2644,2005-01-27,#11574E
David Navara,CZE,2647,2005-04-27,#11574E
David Navara,CZE,2663,2005-07-27,#11574E
David Navara,CZE,2646,2005-10-27,#11574E
David Navara,CZE,2660,2006-01-27,#11574E
David Navara,CZE,2658,2006-04-27,#11574E
David Navara,CZE,2719,2006-07-27,#11574E
David Navara,CZE,2725,2006-10-27,#11574E
David Navara,CZE,2719,2007-01-27,#11574E
David Navara,CZE,2720,2007-04-27,#11574E
David Navara,CZE,2656,2007-07-27,#11574E
David Navara,CZE,2656,2007-10-27,#11574E
David Navara,CZE,2680,2008-01-27,#11574E
David Navara,CZE,2672,2008-04-27,#11574E
David Navara,CZE,2646,2008-07-27,#11574E
David Navara,CZE,2633,2008-10-27,#11574E
David Navara,CZE,2638,2009-01-27,#11574E
David Navara,CZE,2654,2009-04-27,#11574E
David Navara,CZE,2687,2009-07-27,#11574E
David Navara,CZE,2692,2009-09-27,#11574E
David Navara,CZE,2707,2009-11-27,#11574E
David Navara,CZE,2708,2010-01-27,#11574E
David Navara,CZE,2708,2010-03-27,#11574E
David Navara,CZE,2718,2010-05-27,#11574E
David Navara,CZE,2731,2010-07-27,#11574E
David Navara,CZE,2722,2010-09-27,#11574E
David Navara,CZE,2708,2010-11-27,#11574E
David Navara,CZE,2708,2011-01-27,#11574E
David Navara,CZE,2722,2011-03-27,#11574E
David Navara,CZE,2702,2011-05-27,#11574E
David Navara,CZE,2722,2011-07-27,#11574E
David Navara,CZE,2705,2011-09-27,#11574E
David Navara,CZE,2724,2011-11-27,#11574E
David Navara,CZE,2712,2012-01-27,#11574E
David Navara,CZE,2700,2012-03-27,#11574E
David Navara,CZE,2706,2012-05-27,#11574E
David Navara,CZE,2679,2012-07-27,#11574E
David Navara,CZE,2691,2012-08-27,#11574E
David Navara,CZE,2691,2012-09-27,#11574E
David Navara,CZE,2722,2012-10-27,#11574E
David Navara,CZE,2710,2012-11-27,#11574E
David Navara,CZE,2710,2012-12-27,#11574E
David Navara,CZE,2710,2013-01-27,#11574E
David Navara,CZE,2710,2013-02-27,#11574E
David Navara,CZE,2706,2013-03-27,#11574E
David Navara,CZE,2706,2013-04-27,#11574E
David Navara,CZE,2697,2013-05-27,#11574E
David Navara,CZE,2707,2013-06-27,#11574E
David Navara,CZE,2715,2013-07-27,#11574E
David Navara,CZE,2715,2013-08-27,#11574E
David Navara,CZE,2715,2013-09-27,#11574E
David Navara,CZE,2703,2013-10-27,#11574E
David Navara,CZE,2705,2013-11-27,#11574E
David Navara,CZE,2708,2013-12-27,#11574E
David Navara,CZE,2702,2014-01-27,#11574E
David Navara,CZE,2702,2014-02-27,#11574E
David Navara,CZE,2700,2014-03-27,#11574E
David Navara,CZE,2706,2014-04-27,#11574E
David Navara,CZE,2708,2014-05-27,#11574E
David Navara,CZE,2724,2014-06-27,#11574E
David Navara,CZE,2716,2014-07-27,#11574E
David Navara,CZE,2716,2014-08-27,#11574E
David Navara,CZE,2722,2014-09-27,#11574E
David Navara,CZE,2718,2014-10-27,#11574E
David Navara,CZE,2727,2014-11-27,#11574E
David Navara,CZE,2727,2014-12-27,#11574E
David Navara,CZE,2729,2015-01-27,#11574E
David Navara,CZE,2735,2015-02-27,#11574E
David Navara,CZE,2736,2015-03-27,#11574E
David Navara,CZE,2744,2015-04-27,#11574E
David Navara,CZE,2751,2015-05-27,#11574E
David Navara,CZE,2751,2015-06-27,#11574E
David Navara,CZE,2724,2015-07-27,#11574E
David Navara,CZE,2724,2015-08-27,#11574E
David Navara,CZE,2728,2015-09-27,#11574E
David Navara,CZE,2734,2015-10-27,#11574E
David Navara,CZE,2730,2015-11-27,#11574E
David Navara,CZE,2730,2015-12-27,#11574E
David Navara,CZE,2730,2016-01-27,#11574E
David Navara,CZE,2734,2016-02-27,#11574E
David Navara,CZE,2726,2016-03-27,#11574E
David Navara,CZE,2726,2016-04-27,#11574E
David Navara,CZE,2735,2016-05-27,#11574E
David Navara,CZE,2744,2016-06-27,#11574E
David Navara,CZE,2745,2016-07-27,#11574E
David Navara,CZE,2742,2016-08-27,#11574E
David Navara,CZE,2742,2016-09-27,#11574E
David Navara,CZE,2737,2016-10-27,#11574E
David Navara,CZE,2725,2016-11-27,#11574E
David Navara,CZE,2725,2016-12-27,#11574E
David Navara,CZE,2735,2017-01-27,#11574E
David Navara,CZE,2730,2017-02-27,#11574E
David Navara,CZE,2728,2017-03-27,#11574E
David Navara,CZE,2732,2017-04-27,#11574E
David Navara,CZE,2739,2017-05-27,#11574E
David Navara,CZE,2737,2017-06-27,#11574E
David W L Howell,ENG,2702,2017-07-27,#b32100
David W L Howell,ENG,2702,2017-08-27,#b32100
David W L Howell,ENG,2701,2017-09-27,#b32100
David W L Howell,ENG,2698,2017-10-27,#b32100
David W L Howell,ENG,2685,2017-11-27,#b32100
David W L Howell,ENG,2676,2017-12-27,#b32100
David W L Howell,ENG,2682,2018-01-27,#b32100
David W L Howell,ENG,2682,2018-02-27,#b32100
David W L Howell,ENG,2701,2018-03-27,#b32100
David W L Howell,ENG,2699,2018-04-27,#b32100
David W L Howell,ENG,2701,2018-05-27,#b32100
David W L Howell,ENG,2687,2018-06-27,#b32100
David W L Howell,ENG,2687,2018-07-27,#b32100
David W L Howell,ENG,2687,2018-08-27,#b32100
David W L Howell,ENG,2689,2018-09-27,#b32100
David W L Howell,ENG,2689,2018-10-27,#b32100
David W L Howell,ENG,2697,2018-11-27,#b32100
David W L Howell,ENG,2696,2018-12-27,#b32100
David W L Howell,ENG,2685,2019-01-27,#b32100
David W L Howell,ENG,2689,2019-02-24,#b32100
David W L Howell,ENG,2654,2014-04-27,#b32100
David W L Howell,ENG,2654,2014-05-27,#b32100
David W L Howell,ENG,2657,2014-09-27,#b32100
David W L Howell,ENG,2657,2014-10-27,#b32100
David W L Howell,ENG,2667,2014-11-27,#b32100
David W L Howell,ENG,2670,2014-12-27,#b32100
David W L Howell,ENG,2670,2015-01-27,#b32100
David W L Howell,ENG,2663,2015-02-27,#b32100
David W L Howell,ENG,2686,2015-03-27,#b32100
David W L Howell,ENG,2687,2015-04-27,#b32100
David W L Howell,ENG,2696,2015-05-27,#b32100
David W L Howell,ENG,2698,2015-06-27,#b32100
David W L Howell,ENG,2698,2015-07-27,#b32100
David W L Howell,ENG,2712,2015-08-27,#b32100
David W L Howell,ENG,2705,2015-09-27,#b32100
David W L Howell,ENG,2705,2015-10-27,#b32100
David W L Howell,ENG,2693,2015-11-27,#b32100
David W L Howell,ENG,2688,2015-12-27,#b32100
David W L Howell,ENG,2685,2016-01-27,#b32100
David W L Howell,ENG,2685,2016-02-27,#b32100
David W L Howell,ENG,2674,2016-03-27,#b32100
David W L Howell,ENG,2678,2016-04-27,#b32100
David W L Howell,ENG,2671,2016-05-27,#b32100
David W L Howell,ENG,2663,2016-06-27,#b32100
David W L Howell,ENG,2663,2016-07-27,#b32100
David W L Howell,ENG,2663,2016-08-27,#b32100
David W L Howell,ENG,2665,2016-09-27,#b32100
David W L Howell,ENG,2655,2016-11-27,#b32100
David W L Howell,ENG,2655,2017-01-27,#b32100
David W L Howell,ENG,2657,2017-02-27,#b32100
David W L Howell,ENG,2667,2017-03-27,#b32100
David W L Howell,ENG,2684,2017-04-27,#b32100
David W L Howell,ENG,2684,2017-05-27,#b32100
David W L Howell,ENG,2692,2017-06-27,#b32100
Denis Khismatullin,RUS,2643,2009-11-27,#D52B1E
Denis Khismatullin,RUS,2651,2010-01-27,#D52B1E
Denis Khismatullin,RUS,2657,2010-03-27,#D52B1E
Denis Khismatullin,RUS,2657,2010-05-27,#D52B1E
Denis Khismatullin,RUS,2667,2010-07-27,#D52B1E
Denis Khismatullin,RUS,2654,2010-09-27,#D52B1E
Denis Khismatullin,RUS,2659,2010-11-27,#D52B1E
Denis Khismatullin,RUS,2649,2011-01-27,#D52B1E
Denis Khismatullin,RUS,2662,2011-03-27,#D52B1E
Denis Khismatullin,RUS,2656,2011-05-27,#D52B1E
Denis Khismatullin,RUS,2656,2011-07-27,#D52B1E
Denis Khismatullin,RUS,2660,2011-11-27,#D52B1E
Denis Khismatullin,RUS,2664,2012-01-27,#D52B1E
Denis Khismatullin,RUS,2656,2012-03-27,#D52B1E
Denis Khismatullin,RUS,2664,2012-05-27,#D52B1E
Denis Khismatullin,RUS,2664,2012-07-27,#D52B1E
Denis Khismatullin,RUS,2652,2013-01-27,#D52B1E
Denis Khismatullin,RUS,2655,2013-02-27,#D52B1E
Denis Khismatullin,RUS,2653,2013-05-27,#D52B1E
Denis Khismatullin,RUS,2658,2013-06-27,#D52B1E
Denis Khismatullin,RUS,2658,2013-07-27,#D52B1E
Denis Khismatullin,RUS,2653,2013-08-27,#D52B1E
Denis Khismatullin,RUS,2661,2013-09-27,#D52B1E
Denis Khismatullin,RUS,2656,2013-10-27,#D52B1E
Denis Khismatullin,RUS,2674,2013-11-27,#D52B1E
Denis Khismatullin,RUS,2674,2013-12-27,#D52B1E
Denis Khismatullin,RUS,2674,2014-01-27,#D52B1E
Denis Khismatullin,RUS,2698,2014-02-27,#D52B1E
Denis Khismatullin,RUS,2714,2014-03-27,#D52B1E
Denis Khismatullin,RUS,2681,2014-04-27,#D52B1E
Denis Khismatullin,RUS,2682,2014-05-27,#D52B1E
Denis Khismatullin,RUS,2671,2014-06-27,#D52B1E
Denis Khismatullin,RUS,2680,2014-07-27,#D52B1E
Denis Khismatullin,RUS,2681,2014-08-27,#D52B1E
Denis Khismatullin,RUS,2681,2014-09-27,#D52B1E
Denis Khismatullin,RUS,2681,2014-10-27,#D52B1E
Denis Khismatullin,RUS,2679,2014-11-27,#D52B1E
Denis Khismatullin,RUS,2668,2014-12-27,#D52B1E
Denis Khismatullin,RUS,2673,2015-01-27,#D52B1E
Denis Khismatullin,RUS,2658,2015-04-27,#D52B1E
Denis Khismatullin,RUS,2666,2015-05-27,#D52B1E
Denis Khismatullin,RUS,2654,2015-11-27,#D52B1E
Denis Khismatullin,RUS,2654,2015-12-27,#D52B1E
Dmitry Andreikin,RUS,2706,2017-07-27,#D52B1E
Dmitry Andreikin,RUS,2706,2017-08-27,#D52B1E
Dmitry Andreikin,RUS,2708,2017-09-27,#D52B1E
Dmitry Andreikin,RUS,2705,2017-10-27,#D52B1E
Dmitry Andreikin,RUS,2713,2017-11-27,#D52B1E
Dmitry Andreikin,RUS,2712,2017-12-27,#D52B1E
Dmitry Andreikin,RUS,2712,2018-01-27,#D52B1E
Dmitry Andreikin,RUS,2712,2018-02-27,#D52B1E
Dmitry Andreikin,RUS,2712,2018-03-27,#D52B1E
Dmitry Andreikin,RUS,2702,2018-04-27,#D52B1E
Dmitry Andreikin,RUS,2702,2018-05-27,#D52B1E
Dmitry Andreikin,RUS,2702,2018-06-27,#D52B1E
Dmitry Andreikin,RUS,2702,2018-07-27,#D52B1E
Dmitry Andreikin,RUS,2710,2018-08-27,#D52B1E
Dmitry Andreikin,RUS,2712,2018-09-27,#D52B1E
Dmitry Andreikin,RUS,2723,2018-10-27,#D52B1E
Dmitry Andreikin,RUS,2719,2018-11-27,#D52B1E
Dmitry Andreikin,RUS,2719,2018-12-27,#D52B1E
Dmitry Andreikin,RUS,2725,2019-01-27,#D52B1E
Dmitry Andreikin,RUS,2725,2019-02-24,#D52B1E
Dmitry Andreikin,RUS,2648,2009-07-27,#D52B1E
Dmitry Andreikin,RUS,2659,2009-09-27,#D52B1E
Dmitry Andreikin,RUS,2645,2010-03-27,#D52B1E
Dmitry Andreikin,RUS,2643,2010-05-27,#D52B1E
Dmitry Andreikin,RUS,2650,2010-07-27,#D52B1E
Dmitry Andreikin,RUS,2669,2010-09-27,#D52B1E
Dmitry Andreikin,RUS,2683,2010-11-27,#D52B1E
Dmitry Andreikin,RUS,2689,2011-01-27,#D52B1E
Dmitry Andreikin,RUS,2686,2011-03-27,#D52B1E
Dmitry Andreikin,RUS,2687,2011-05-27,#D52B1E
Dmitry Andreikin,RUS,2696,2011-07-27,#D52B1E
Dmitry Andreikin,RUS,2705,2011-09-27,#D52B1E
Dmitry Andreikin,RUS,2688,2011-11-27,#D52B1E
Dmitry Andreikin,RUS,2688,2012-01-27,#D52B1E
Dmitry Andreikin,RUS,2689,2012-03-27,#D52B1E
Dmitry Andreikin,RUS,2700,2012-05-27,#D52B1E
Dmitry Andreikin,RUS,2700,2012-07-27,#D52B1E
Dmitry Andreikin,RUS,2715,2012-08-27,#D52B1E
Dmitry Andreikin,RUS,2718,2012-09-27,#D52B1E
Dmitry Andreikin,RUS,2718,2012-10-27,#D52B1E
Dmitry Andreikin,RUS,2723,2012-11-27,#D52B1E
Dmitry Andreikin,RUS,2723,2012-12-27,#D52B1E
Dmitry Andreikin,RUS,2727,2013-01-27,#D52B1E
Dmitry Andreikin,RUS,2727,2013-02-27,#D52B1E
Dmitry Andreikin,RUS,2727,2013-03-27,#D52B1E
Dmitry Andreikin,RUS,2727,2013-04-27,#D52B1E
Dmitry Andreikin,RUS,2724,2013-05-27,#D52B1E
Dmitry Andreikin,RUS,2713,2013-06-27,#D52B1E
Dmitry Andreikin,RUS,2727,2013-07-27,#D52B1E
Dmitry Andreikin,RUS,2716,2013-08-27,#D52B1E
Dmitry Andreikin,RUS,2709,2013-09-27,#D52B1E
Dmitry Andreikin,RUS,2706,2013-10-27,#D52B1E
Dmitry Andreikin,RUS,2710,2013-11-27,#D52B1E
Dmitry Andreikin,RUS,2709,2013-12-27,#D52B1E
Dmitry Andreikin,RUS,2709,2014-01-27,#D52B1E
Dmitry Andreikin,RUS,2709,2014-02-27,#D52B1E
Dmitry Andreikin,RUS,2709,2014-03-27,#D52B1E
Dmitry Andreikin,RUS,2722,2014-04-27,#D52B1E
Dmitry Andreikin,RUS,2722,2014-05-27,#D52B1E
Dmitry Andreikin,RUS,2722,2014-06-27,#D52B1E
Dmitry Andreikin,RUS,2722,2014-07-27,#D52B1E
Dmitry Andreikin,RUS,2722,2014-08-27,#D52B1E
Dmitry Andreikin,RUS,2722,2014-09-27,#D52B1E
Dmitry Andreikin,RUS,2722,2014-10-27,#D52B1E
Dmitry Andreikin,RUS,2717,2014-11-27,#D52B1E
Dmitry Andreikin,RUS,2737,2014-12-27,#D52B1E
Dmitry Andreikin,RUS,2737,2015-01-27,#D52B1E
Dmitry Andreikin,RUS,2737,2015-02-27,#D52B1E
Dmitry Andreikin,RUS,2723,2015-03-27,#D52B1E
Dmitry Andreikin,RUS,2723,2015-04-27,#D52B1E
Dmitry Andreikin,RUS,2723,2015-05-27,#D52B1E
Dmitry Andreikin,RUS,2718,2015-06-27,#D52B1E
Dmitry Andreikin,RUS,2723,2015-07-27,#D52B1E
Dmitry Andreikin,RUS,2720,2015-08-27,#D52B1E
Dmitry Andreikin,RUS,2720,2015-09-27,#D52B1E
Dmitry Andreikin,RUS,2720,2015-10-27,#D52B1E
Dmitry Andreikin,RUS,2732,2015-11-27,#D52B1E
Dmitry Andreikin,RUS,2732,2015-12-27,#D52B1E
Dmitry Andreikin,RUS,2732,2016-01-27,#D52B1E
Dmitry Andreikin,RUS,2732,2016-02-27,#D52B1E
Dmitry Andreikin,RUS,2732,2016-03-27,#D52B1E
Dmitry Andreikin,RUS,2736,2016-04-27,#D52B1E
Dmitry Andreikin,RUS,2736,2016-05-27,#D52B1E
Dmitry Andreikin,RUS,2743,2016-06-27,#D52B1E
Dmitry Andreikin,RUS,2733,2016-07-27,#D52B1E
Dmitry Andreikin,RUS,2733,2016-08-27,#D52B1E
Dmitry Andreikin,RUS,2727,2016-09-27,#D52B1E
Dmitry Andreikin,RUS,2736,2016-10-27,#D52B1E
Dmitry Andreikin,RUS,2736,2016-11-27,#D52B1E
Dmitry Andreikin,RUS,2737,2016-12-27,#D52B1E
Dmitry Andreikin,RUS,2736,2017-01-27,#D52B1E
Dmitry Andreikin,RUS,2734,2017-02-27,#D52B1E
Dmitry Andreikin,RUS,2734,2017-03-27,#D52B1E
Dmitry Andreikin,RUS,2734,2017-04-27,#D52B1E
Dmitry Andreikin,RUS,2723,2017-05-27,#D52B1E
Dmitry Andreikin,RUS,2720,2017-06-27,#D52B1E
Dmitry Bocharov,RUS,2647,2009-01-27,#D52B1E
Dmitry Gordievsky,RUS,2653,2018-05-27,#D52B1E
Dmitry Jakovenko,RUS,2710,2017-07-27,#D52B1E
Dmitry Jakovenko,RUS,2710,2017-08-27,#D52B1E
Dmitry Jakovenko,RUS,2710,2017-09-27,#D52B1E
Dmitry Jakovenko,RUS,2710,2017-10-27,#D52B1E
Dmitry Jakovenko,RUS,2721,2017-11-27,#D52B1E
Dmitry Jakovenko,RUS,2730,2017-12-27,#D52B1E
Dmitry Jakovenko,RUS,2744,2018-01-27,#D52B1E
Dmitry Jakovenko,RUS,2744,2018-02-27,#D52B1E
Dmitry Jakovenko,RUS,2746,2018-03-27,#D52B1E
Dmitry Jakovenko,RUS,2732,2018-04-27,#D52B1E
Dmitry Jakovenko,RUS,2735,2018-05-27,#D52B1E
Dmitry Jakovenko,RUS,2735,2018-06-27,#D52B1E
Dmitry Jakovenko,RUS,2749,2018-07-27,#D52B1E
Dmitry Jakovenko,RUS,2748,2018-08-27,#D52B1E
Dmitry Jakovenko,RUS,2747,2018-09-27,#D52B1E
Dmitry Jakovenko,RUS,2752,2018-10-27,#D52B1E
Dmitry Jakovenko,RUS,2735,2018-11-27,#D52B1E
Dmitry Jakovenko,RUS,2735,2018-12-27,#D52B1E
Dmitry Jakovenko,RUS,2719,2019-01-27,#D52B1E
Dmitry Jakovenko,RUS,2719,2019-02-24,#D52B1E
Dmitry Jakovenko,RUS,2627,2005-07-27,#D52B1E
Dmitry Jakovenko,RUS,2644,2005-10-27,#D52B1E
Dmitry Jakovenko,RUS,2662,2006-01-27,#D52B1E
Dmitry Jakovenko,RUS,2675,2006-04-27,#D52B1E
Dmitry Jakovenko,RUS,2667,2006-07-27,#D52B1E
Dmitry Jakovenko,RUS,2671,2006-10-27,#D52B1E
Dmitry Jakovenko,RUS,2691,2007-01-27,#D52B1E
Dmitry Jakovenko,RUS,2708,2007-04-27,#D52B1E
Dmitry Jakovenko,RUS,2735,2007-07-27,#D52B1E
Dmitry Jakovenko,RUS,2710,2007-10-27,#D52B1E
Dmitry Jakovenko,RUS,2720,2008-01-27,#D52B1E
Dmitry Jakovenko,RUS,2711,2008-04-27,#D52B1E
Dmitry Jakovenko,RUS,2709,2008-07-27,#D52B1E
Dmitry Jakovenko,RUS,2737,2008-10-27,#D52B1E
Dmitry Jakovenko,RUS,2760,2009-01-27,#D52B1E
Dmitry Jakovenko,RUS,2753,2009-04-27,#D52B1E
Dmitry Jakovenko,RUS,2760,2009-07-27,#D52B1E
Dmitry Jakovenko,RUS,2742,2009-09-27,#D52B1E
Dmitry Jakovenko,RUS,2736,2009-11-27,#D52B1E
Dmitry Jakovenko,RUS,2730,2010-01-27,#D52B1E
Dmitry Jakovenko,RUS,2725,2010-03-27,#D52B1E
Dmitry Jakovenko,RUS,2725,2010-05-27,#D52B1E
Dmitry Jakovenko,RUS,2726,2010-07-27,#D52B1E
Dmitry Jakovenko,RUS,2726,2010-09-27,#D52B1E
Dmitry Jakovenko,RUS,2726,2010-11-27,#D52B1E
Dmitry Jakovenko,RUS,2718,2011-01-27,#D52B1E
Dmitry Jakovenko,RUS,2718,2011-03-27,#D52B1E
Dmitry Jakovenko,RUS,2732,2011-05-27,#D52B1E
Dmitry Jakovenko,RUS,2736,2011-07-27,#D52B1E
Dmitry Jakovenko,RUS,2716,2011-09-27,#D52B1E
Dmitry Jakovenko,RUS,2729,2011-11-27,#D52B1E
Dmitry Jakovenko,RUS,2729,2012-01-27,#D52B1E
Dmitry Jakovenko,RUS,2729,2012-03-27,#D52B1E
Dmitry Jakovenko,RUS,2736,2012-05-27,#D52B1E
Dmitry Jakovenko,RUS,2736,2012-07-27,#D52B1E
Dmitry Jakovenko,RUS,2722,2012-08-27,#D52B1E
Dmitry Jakovenko,RUS,2724,2012-09-27,#D52B1E
Dmitry Jakovenko,RUS,2732,2012-10-27,#D52B1E
Dmitry Jakovenko,RUS,2741,2012-11-27,#D52B1E
Dmitry Jakovenko,RUS,2741,2012-12-27,#D52B1E
Dmitry Jakovenko,RUS,2734,2013-01-27,#D52B1E
Dmitry Jakovenko,RUS,2734,2013-02-27,#D52B1E
Dmitry Jakovenko,RUS,2734,2013-03-27,#D52B1E
Dmitry Jakovenko,RUS,2734,2013-04-27,#D52B1E
Dmitry Jakovenko,RUS,2731,2013-05-27,#D52B1E
Dmitry Jakovenko,RUS,2713,2013-06-27,#D52B1E
Dmitry Jakovenko,RUS,2713,2013-07-27,#D52B1E
Dmitry Jakovenko,RUS,2724,2013-08-27,#D52B1E
Dmitry Jakovenko,RUS,2724,2013-09-27,#D52B1E
Dmitry Jakovenko,RUS,2719,2013-10-27,#D52B1E
Dmitry Jakovenko,RUS,2721,2013-11-27,#D52B1E
Dmitry Jakovenko,RUS,2721,2013-12-27,#D52B1E
Dmitry Jakovenko,RUS,2727,2014-01-27,#D52B1E
Dmitry Jakovenko,RUS,2723,2014-02-27,#D52B1E
Dmitry Jakovenko,RUS,2723,2014-03-27,#D52B1E
Dmitry Jakovenko,RUS,2726,2014-04-27,#D52B1E
Dmitry Jakovenko,RUS,2730,2014-05-27,#D52B1E
Dmitry Jakovenko,RUS,2736,2014-06-27,#D52B1E
Dmitry Jakovenko,RUS,2747,2014-07-27,#D52B1E
Dmitry Jakovenko,RUS,2747,2014-08-27,#D52B1E
Dmitry Jakovenko,RUS,2747,2014-09-27,#D52B1E
Dmitry Jakovenko,RUS,2747,2014-10-27,#D52B1E
Dmitry Jakovenko,RUS,2745,2014-11-27,#D52B1E
Dmitry Jakovenko,RUS,2732,2014-12-27,#D52B1E
Dmitry Jakovenko,RUS,2733,2015-01-27,#D52B1E
Dmitry Jakovenko,RUS,2733,2015-02-27,#D52B1E
Dmitry Jakovenko,RUS,2742,2015-03-27,#D52B1E
Dmitry Jakovenko,RUS,2744,2015-04-27,#D52B1E
Dmitry Jakovenko,RUS,2738,2015-05-27,#D52B1E
Dmitry Jakovenko,RUS,2759,2015-06-27,#D52B1E
Dmitry Jakovenko,RUS,2757,2015-07-27,#D52B1E
Dmitry Jakovenko,RUS,2759,2015-08-27,#D52B1E
Dmitry Jakovenko,RUS,2748,2015-09-27,#D52B1E
Dmitry Jakovenko,RUS,2748,2015-10-27,#D52B1E
Dmitry Jakovenko,RUS,2735,2015-11-27,#D52B1E
Dmitry Jakovenko,RUS,2737,2015-12-27,#D52B1E
Dmitry Jakovenko,RUS,2732,2016-01-27,#D52B1E
Dmitry Jakovenko,RUS,2732,2016-02-27,#D52B1E
Dmitry Jakovenko,RUS,2731,2016-03-27,#D52B1E
Dmitry Jakovenko,RUS,2731,2016-04-27,#D52B1E
Dmitry Jakovenko,RUS,2731,2016-05-27,#D52B1E
Dmitry Jakovenko,RUS,2710,2016-06-27,#D52B1E
Dmitry Jakovenko,RUS,2712,2016-07-27,#D52B1E
Dmitry Jakovenko,RUS,2712,2016-08-27,#D52B1E
Dmitry Jakovenko,RUS,2714,2016-09-27,#D52B1E
Dmitry Jakovenko,RUS,2714,2016-10-27,#D52B1E
Dmitry Jakovenko,RUS,2709,2016-11-27,#D52B1E
Dmitry Jakovenko,RUS,2704,2016-12-27,#D52B1E
Dmitry Jakovenko,RUS,2709,2017-01-27,#D52B1E
Dmitry Jakovenko,RUS,2709,2017-02-27,#D52B1E
Dmitry Jakovenko,RUS,2718,2017-03-27,#D52B1E
Dmitry Jakovenko,RUS,2718,2017-04-27,#D52B1E
Dmitry Jakovenko,RUS,2718,2017-05-27,#D52B1E
Dmitry Jakovenko,RUS,2708,2017-06-27,#D52B1E
Dragan Solak,SRB,2630,2008-04-27,#FFFFFFF
Drazen Sermek,SLO,2601,2002-04-27,#0B4EA2
Drazen Sermek,SLO,2603,2002-07-27,#0B4EA2
Dusko Pavasovic,SLO,2615,2004-01-27,#0B4EA2
Eduardas Rozentalis,LTU,2593,2000-10-27,#FFFFFFF
Eduardas Rozentalis,LTU,2630,2001-01-27,#FFFFFFF
Eduardas Rozentalis,LTU,2597,2001-04-27,#FFFFFFF
Eduardas Rozentalis,LTU,2601,2001-10-27,#FFFFFFF
Eduardas Rozentalis,LTU,2598,2002-01-27,#FFFFFFF
Eduardas Rozentalis,LTU,2616,2003-07-27,#FFFFFFF
Eduardas Rozentalis,LTU,2633,2003-10-27,#FFFFFFF
Eduardas Rozentalis,LTU,2625,2004-01-27,#FFFFFFF
Eduardas Rozentalis,LTU,2619,2004-04-27,#FFFFFFF
Eduardas Rozentalis,LTU,2619,2004-07-27,#FFFFFFF
Eduardo Iturrizaga,VEN,2656,2011-11-27,#FFFFFFF
Eduardo Iturrizaga,VEN,2656,2012-11-27,#FFFFFFF
Eduardo Iturrizaga,VEN,2650,2013-01-27,#FFFFFFF
Eduardo Iturrizaga,VEN,2650,2013-03-27,#FFFFFFF
Eduardo Iturrizaga,VEN,2655,2013-04-27,#FFFFFFF
Eduardo Iturrizaga,VEN,2655,2013-05-27,#FFFFFFF
Eduardo Iturrizaga,VEN,2660,2013-08-27,#FFFFFFF
Eduardo Iturrizaga,VEN,2661,2013-09-27,#FFFFFFF
Eduardo Iturrizaga,VEN,2658,2013-10-27,#FFFFFFF
Eduardo Iturrizaga Bonelli,VEN,2662,2017-07-27,#FFFFFFF
Eduardo Iturrizaga Bonelli,VEN,2662,2017-08-27,#FFFFFFF
Eduardo Iturrizaga Bonelli,VEN,2665,2017-09-27,#FFFFFFF
Eduardo Iturrizaga Bonelli,VEN,2665,2017-10-27,#FFFFFFF
Eduardo Iturrizaga Bonelli,VEN,2665,2017-11-27,#FFFFFFF
Eduardo Iturrizaga Bonelli,VEN,2665,2017-12-27,#FFFFFFF
Eduardo Iturrizaga Bonelli,VEN,2652,2018-06-27,#FFFFFFF
Eduardo Iturrizaga Bonelli,VEN,2653,2014-06-27,#FFFFFFF
Eduardo Iturrizaga Bonelli,VEN,2653,2014-07-27,#FFFFFFF
Eduardo Iturrizaga Bonelli,VEN,2660,2014-09-27,#FFFFFFF
Eduardo Iturrizaga Bonelli,VEN,2658,2016-10-27,#FFFFFFF
Eduardo Iturrizaga Bonelli,VEN,2673,2017-03-27,#FFFFFFF
Eduardo Iturrizaga Bonelli,VEN,2671,2017-04-27,#FFFFFFF
Eduardo Iturrizaga Bonelli,VEN,2663,2017-05-27,#FFFFFFF
Eduardo Iturrizaga Bonelli,VEN,2663,2017-06-27,#FFFFFFF
Ehsan Ghaem Maghami,IRI,2623,2005-01-27,#FFFFFFF
Ehsan Ghaem Maghami,IRI,2633,2005-04-27,#FFFFFFF
Eltaj Safarli,AZE,2653,2018-04-27,#00c0d6
Eltaj Safarli,AZE,2657,2018-05-27,#00c0d6
Eltaj Safarli,AZE,2666,2018-06-27,#00c0d6
Eltaj Safarli,AZE,2667,2018-07-27,#00c0d6
Eltaj Safarli,AZE,2676,2018-08-27,#00c0d6
Eltaj Safarli,AZE,2676,2018-09-27,#00c0d6
Eltaj Safarli,AZE,2676,2018-10-27,#00c0d6
Eltaj Safarli,AZE,2671,2018-11-27,#00c0d6
Eltaj Safarli,AZE,2671,2018-12-27,#00c0d6
Eltaj Safarli,AZE,2681,2019-01-27,#00c0d6
Eltaj Safarli,AZE,2681,2019-02-24,#00c0d6
Eltaj Safarli,AZE,2660,2013-06-27,#00c0d6
Eltaj Safarli,AZE,2660,2013-07-27,#00c0d6
Eltaj Safarli,AZE,2660,2013-08-27,#00c0d6
Eltaj Safarli,AZE,2660,2013-09-27,#00c0d6
Eltaj Safarli,AZE,2653,2013-11-27,#00c0d6
Eltaj Safarli,AZE,2656,2014-03-27,#00c0d6
Eltaj Safarli,AZE,2656,2014-04-27,#00c0d6
Eltaj Safarli,AZE,2656,2014-05-27,#00c0d6
Eltaj Safarli,AZE,2655,2014-09-27,#00c0d6
Eltaj Safarli,AZE,2657,2015-09-27,#00c0d6
Eltaj Safarli,AZE,2657,2015-10-27,#00c0d6
Eltaj Safarli,AZE,2657,2015-11-27,#00c0d6
Eltaj Safarli,AZE,2653,2015-12-27,#00c0d6
Eltaj Safarli,AZE,2653,2016-01-27,#00c0d6
Eltaj Safarli,AZE,2653,2016-02-27,#00c0d6
Eltaj Safarli,AZE,2663,2016-03-27,#00c0d6
Eltaj Safarli,AZE,2666,2016-04-27,#00c0d6
Eltaj Safarli,AZE,2664,2016-05-27,#00c0d6
Eltaj Safarli,AZE,2673,2016-06-27,#00c0d6
Eltaj Safarli,AZE,2678,2016-07-27,#00c0d6
Eltaj Safarli,AZE,2678,2016-08-27,#00c0d6
Eltaj Safarli,AZE,2688,2016-09-27,#00c0d6
Eltaj Safarli,AZE,2694,2016-10-27,#00c0d6
Eltaj Safarli,AZE,2694,2016-11-27,#00c0d6
Eltaj Safarli,AZE,2691,2016-12-27,#00c0d6
Eltaj Safarli,AZE,2686,2017-01-27,#00c0d6
Eltaj Safarli,AZE,2680,2017-02-27,#00c0d6
Eltaj Safarli,AZE,2680,2017-03-27,#00c0d6
Eltaj Safarli,AZE,2680,2017-04-27,#00c0d6
Eltaj Safarli,AZE,2668,2017-05-27,#00c0d6
Eltaj Safarli,AZE,2656,2017-06-27,#00c0d6
Emil Sutovsky,ISR,2683,2017-07-27,#0038B8
Emil Sutovsky,ISR,2683,2017-08-27,#0038B8
Emil Sutovsky,ISR,2683,2017-09-27,#0038B8
Emil Sutovsky,ISR,2683,2017-10-27,#0038B8
Emil Sutovsky,ISR,2689,2017-11-27,#0038B8
Emil Sutovsky,ISR,2673,2017-12-27,#0038B8
Emil Sutovsky,ISR,2673,2018-01-27,#0038B8
Emil Sutovsky,ISR,2658,2018-02-27,#0038B8
Emil Sutovsky,ISR,2659,2018-03-27,#0038B8
Emil Sutovsky,ISR,2609,2000-07-27,#0038B8
Emil Sutovsky,ISR,2609,2000-10-27,#0038B8
Emil Sutovsky,ISR,2605,2001-01-27,#0038B8
Emil Sutovsky,ISR,2604,2001-04-27,#0038B8
Emil Sutovsky,ISR,2651,2001-07-27,#0038B8
Emil Sutovsky,ISR,2664,2001-10-27,#0038B8
Emil Sutovsky,ISR,2656,2002-01-27,#0038B8
Emil Sutovsky,ISR,2660,2002-04-27,#0038B8
Emil Sutovsky,ISR,2658,2002-07-27,#0038B8
Emil Sutovsky,ISR,2657,2002-10-27,#0038B8
Emil Sutovsky,ISR,2651,2003-01-27,#0038B8
Emil Sutovsky,ISR,2652,2003-04-27,#0038B8
Emil Sutovsky,ISR,2639,2003-07-27,#0038B8
Emil Sutovsky,ISR,2646,2003-10-27,#0038B8
Emil Sutovsky,ISR,2666,2004-01-27,#0038B8
Emil Sutovsky,ISR,2661,2004-04-27,#0038B8
Emil Sutovsky,ISR,2679,2004-07-27,#0038B8
Emil Sutovsky,ISR,2697,2004-10-27,#0038B8
Emil Sutovsky,ISR,2669,2005-01-27,#0038B8
Emil Sutovsky,ISR,2665,2005-04-27,#0038B8
Emil Sutovsky,ISR,2674,2005-07-27,#0038B8
Emil Sutovsky,ISR,2654,2005-10-27,#0038B8
Emil Sutovsky,ISR,2624,2006-01-27,#0038B8
Emil Sutovsky,ISR,2628,2006-04-27,#0038B8
Emil Sutovsky,ISR,2629,2007-01-27,#0038B8
Emil Sutovsky,ISR,2648,2007-04-27,#0038B8
Emil Sutovsky,ISR,2656,2007-07-27,#0038B8
Emil Sutovsky,ISR,2655,2007-10-27,#0038B8
Emil Sutovsky,ISR,2642,2008-01-27,#0038B8
Emil Sutovsky,ISR,2630,2008-04-27,#0038B8
Emil Sutovsky,ISR,2654,2008-07-27,#0038B8
Emil Sutovsky,ISR,2651,2008-10-27,#0038B8
Emil Sutovsky,ISR,2660,2009-01-27,#0038B8
Emil Sutovsky,ISR,2660,2009-04-27,#0038B8
Emil Sutovsky,ISR,2675,2009-07-27,#0038B8
Emil Sutovsky,ISR,2676,2009-09-27,#0038B8
Emil Sutovsky,ISR,2666,2009-11-27,#0038B8
Emil Sutovsky,ISR,2657,2010-01-27,#0038B8
Emil Sutovsky,ISR,2650,2010-03-27,#0038B8
Emil Sutovsky,ISR,2661,2010-05-27,#0038B8
Emil Sutovsky,ISR,2665,2010-07-27,#0038B8
Emil Sutovsky,ISR,2665,2010-09-27,#0038B8
Emil Sutovsky,ISR,2695,2010-11-27,#0038B8
Emil Sutovsky,ISR,2695,2011-01-27,#0038B8
Emil Sutovsky,ISR,2692,2011-03-27,#0038B8
Emil Sutovsky,ISR,2686,2011-05-27,#0038B8
Emil Sutovsky,ISR,2700,2011-07-27,#0038B8
Emil Sutovsky,ISR,2690,2011-09-27,#0038B8
Emil Sutovsky,ISR,2696,2011-11-27,#0038B8
Emil Sutovsky,ISR,2703,2012-01-27,#0038B8
Emil Sutovsky,ISR,2700,2012-03-27,#0038B8
Emil Sutovsky,ISR,2687,2012-05-27,#0038B8
Emil Sutovsky,ISR,2687,2012-07-27,#0038B8
Emil Sutovsky,ISR,2687,2012-08-27,#0038B8
Emil Sutovsky,ISR,2687,2012-09-27,#0038B8
Emil Sutovsky,ISR,2685,2012-10-27,#0038B8
Emil Sutovsky,ISR,2684,2012-11-27,#0038B8
Emil Sutovsky,ISR,2684,2012-12-27,#0038B8
Emil Sutovsky,ISR,2684,2013-01-27,#0038B8
Emil Sutovsky,ISR,2684,2013-02-27,#0038B8
Emil Sutovsky,ISR,2671,2013-03-27,#0038B8
Emil Sutovsky,ISR,2671,2013-04-27,#0038B8
Emil Sutovsky,ISR,2673,2013-05-27,#0038B8
Emil Sutovsky,ISR,2660,2013-06-27,#0038B8
Emil Sutovsky,ISR,2660,2013-07-27,#0038B8
Emil Sutovsky,ISR,2660,2013-08-27,#0038B8
Emil Sutovsky,ISR,2660,2013-09-27,#0038B8
Emil Sutovsky,ISR,2657,2013-10-27,#0038B8
Emil Sutovsky,ISR,2657,2013-11-27,#0038B8
Emil Sutovsky,ISR,2657,2013-12-27,#0038B8
Emil Sutovsky,ISR,2663,2014-01-27,#0038B8
Emil Sutovsky,ISR,2663,2014-02-27,#0038B8
Emil Sutovsky,ISR,2652,2014-03-27,#0038B8
Emil Sutovsky,ISR,2675,2017-06-27,#0038B8
Emilio Cordova,PER,2660,2016-12-27,#FFFFFFF
Emilio Cordova,PER,2655,2017-01-27,#FFFFFFF
Emilio Cordova,PER,2655,2017-02-27,#FFFFFFF
Erik Van Den Doel,NED,2607,2001-07-27,#ff9a14
Erik Van Den Doel,NED,2602,2002-07-27,#ff9a14
Erik Van Den Doel,NED,2615,2003-07-27,#ff9a14
Erik Van Den Doel,NED,2609,2003-10-27,#ff9a14
Ernesto Inarkiev,RUS,2702,2017-07-27,#D52B1E
Ernesto Inarkiev,RUS,2702,2017-08-27,#D52B1E
Ernesto Inarkiev,RUS,2694,2017-09-27,#D52B1E
Ernesto Inarkiev,RUS,2693,2017-10-27,#D52B1E
Ernesto Inarkiev,RUS,2683,2017-11-27,#D52B1E
Ernesto Inarkiev,RUS,2689,2017-12-27,#D52B1E
Ernesto Inarkiev,RUS,2684,2018-01-27,#D52B1E
Ernesto Inarkiev,RUS,2684,2018-02-27,#D52B1E
Ernesto Inarkiev,RUS,2684,2018-03-27,#D52B1E
Ernesto Inarkiev,RUS,2680,2018-04-27,#D52B1E
Ernesto Inarkiev,RUS,2686,2018-05-27,#D52B1E
Ernesto Inarkiev,RUS,2684,2018-06-27,#D52B1E
Ernesto Inarkiev,RUS,2684,2018-07-27,#D52B1E
Ernesto Inarkiev,RUS,2690,2018-08-27,#D52B1E
Ernesto Inarkiev,RUS,2679,2018-09-27,#D52B1E
Ernesto Inarkiev,RUS,2691,2018-10-27,#D52B1E
Ernesto Inarkiev,RUS,2693,2018-11-27,#D52B1E
Ernesto Inarkiev,RUS,2693,2018-12-27,#D52B1E
Ernesto Inarkiev,RUS,2692,2019-01-27,#D52B1E
Ernesto Inarkiev,RUS,2692,2019-02-24,#D52B1E
Ernesto Inarkiev,RUS,2606,2004-01-27,#D52B1E
Ernesto Inarkiev,RUS,2618,2005-07-27,#D52B1E
Ernesto Inarkiev,RUS,2625,2006-07-27,#D52B1E
Ernesto Inarkiev,RUS,2628,2006-10-27,#D52B1E
Ernesto Inarkiev,RUS,2669,2007-01-27,#D52B1E
Ernesto Inarkiev,RUS,2669,2007-04-27,#D52B1E
Ernesto Inarkiev,RUS,2663,2007-07-27,#D52B1E
Ernesto Inarkiev,RUS,2674,2007-10-27,#D52B1E
Ernesto Inarkiev,RUS,2681,2008-01-27,#D52B1E
Ernesto Inarkiev,RUS,2684,2008-04-27,#D52B1E
Ernesto Inarkiev,RUS,2675,2008-07-27,#D52B1E
Ernesto Inarkiev,RUS,2669,2008-10-27,#D52B1E
Ernesto Inarkiev,RUS,2656,2009-01-27,#D52B1E
Ernesto Inarkiev,RUS,2676,2009-04-27,#D52B1E
Ernesto Inarkiev,RUS,2675,2009-07-27,#D52B1E
Ernesto Inarkiev,RUS,2664,2009-09-27,#D52B1E
Ernesto Inarkiev,RUS,2645,2009-11-27,#D52B1E
Ernesto Inarkiev,RUS,2649,2010-01-27,#D52B1E
Ernesto Inarkiev,RUS,2667,2010-03-27,#D52B1E
Ernesto Inarkiev,RUS,2669,2010-05-27,#D52B1E
Ernesto Inarkiev,RUS,2671,2010-07-27,#D52B1E
Ernesto Inarkiev,RUS,2671,2010-09-27,#D52B1E
Ernesto Inarkiev,RUS,2667,2010-11-27,#D52B1E
Ernesto Inarkiev,RUS,2672,2011-01-27,#D52B1E
Ernesto Inarkiev,RUS,2674,2011-03-27,#D52B1E
Ernesto Inarkiev,RUS,2679,2011-05-27,#D52B1E
Ernesto Inarkiev,RUS,2679,2011-07-27,#D52B1E
Ernesto Inarkiev,RUS,2692,2011-09-27,#D52B1E
Ernesto Inarkiev,RUS,2686,2011-11-27,#D52B1E
Ernesto Inarkiev,RUS,2689,2012-01-27,#D52B1E
Ernesto Inarkiev,RUS,2695,2012-03-27,#D52B1E
Ernesto Inarkiev,RUS,2707,2012-05-27,#D52B1E
Ernesto Inarkiev,RUS,2707,2012-07-27,#D52B1E
Ernesto Inarkiev,RUS,2683,2012-08-27,#D52B1E
Ernesto Inarkiev,RUS,2683,2012-09-27,#D52B1E
Ernesto Inarkiev,RUS,2683,2012-10-27,#D52B1E
Ernesto Inarkiev,RUS,2693,2012-11-27,#D52B1E
Ernesto Inarkiev,RUS,2693,2012-12-27,#D52B1E
Ernesto Inarkiev,RUS,2688,2013-01-27,#D52B1E
Ernesto Inarkiev,RUS,2688,2013-02-27,#D52B1E
Ernesto Inarkiev,RUS,2688,2013-03-27,#D52B1E
Ernesto Inarkiev,RUS,2688,2013-04-27,#D52B1E
Ernesto Inarkiev,RUS,2690,2013-05-27,#D52B1E
Ernesto Inarkiev,RUS,2680,2013-06-27,#D52B1E
Ernesto Inarkiev,RUS,2680,2013-07-27,#D52B1E
Ernesto Inarkiev,RUS,2693,2013-08-27,#D52B1E
Ernesto Inarkiev,RUS,2693,2013-09-27,#D52B1E
Ernesto Inarkiev,RUS,2695,2013-10-27,#D52B1E
Ernesto Inarkiev,RUS,2695,2013-11-27,#D52B1E
Ernesto Inarkiev,RUS,2698,2013-12-27,#D52B1E
Ernesto Inarkiev,RUS,2698,2014-01-27,#D52B1E
Ernesto Inarkiev,RUS,2698,2014-02-27,#D52B1E
Ernesto Inarkiev,RUS,2698,2014-03-27,#D52B1E
Ernesto Inarkiev,RUS,2691,2014-04-27,#D52B1E
Ernesto Inarkiev,RUS,2682,2014-05-27,#D52B1E
Ernesto Inarkiev,RUS,2682,2014-06-27,#D52B1E
Ernesto Inarkiev,RUS,2666,2014-07-27,#D52B1E
Ernesto Inarkiev,RUS,2666,2014-08-27,#D52B1E
Ernesto Inarkiev,RUS,2672,2014-09-27,#D52B1E
Ernesto Inarkiev,RUS,2672,2014-10-27,#D52B1E
Ernesto Inarkiev,RUS,2688,2014-11-27,#D52B1E
Ernesto Inarkiev,RUS,2680,2014-12-27,#D52B1E
Ernesto Inarkiev,RUS,2675,2015-01-27,#D52B1E
Ernesto Inarkiev,RUS,2675,2015-02-27,#D52B1E
Ernesto Inarkiev,RUS,2706,2015-03-27,#D52B1E
Ernesto Inarkiev,RUS,2690,2015-04-27,#D52B1E
Ernesto Inarkiev,RUS,2664,2015-05-27,#D52B1E
Ernesto Inarkiev,RUS,2668,2015-06-27,#D52B1E
Ernesto Inarkiev,RUS,2668,2015-07-27,#D52B1E
Ernesto Inarkiev,RUS,2660,2015-08-27,#D52B1E
Ernesto Inarkiev,RUS,2660,2015-09-27,#D52B1E
Ernesto Inarkiev,RUS,2660,2015-10-27,#D52B1E
Ernesto Inarkiev,RUS,2668,2015-11-27,#D52B1E
Ernesto Inarkiev,RUS,2668,2015-12-27,#D52B1E
Ernesto Inarkiev,RUS,2676,2016-01-27,#D52B1E
Ernesto Inarkiev,RUS,2676,2016-02-27,#D52B1E
Ernesto Inarkiev,RUS,2677,2016-03-27,#D52B1E
Ernesto Inarkiev,RUS,2679,2016-04-27,#D52B1E
Ernesto Inarkiev,RUS,2686,2016-05-27,#D52B1E
Ernesto Inarkiev,RUS,2729,2016-06-27,#D52B1E
Ernesto Inarkiev,RUS,2730,2016-07-27,#D52B1E
Ernesto Inarkiev,RUS,2721,2016-08-27,#D52B1E
Ernesto Inarkiev,RUS,2732,2016-09-27,#D52B1E
Ernesto Inarkiev,RUS,2732,2016-10-27,#D52B1E
Ernesto Inarkiev,RUS,2714,2016-11-27,#D52B1E
Ernesto Inarkiev,RUS,2709,2016-12-27,#D52B1E
Ernesto Inarkiev,RUS,2723,2017-01-27,#D52B1E
Ernesto Inarkiev,RUS,2723,2017-02-27,#D52B1E
Ernesto Inarkiev,RUS,2723,2017-03-27,#D52B1E
Ernesto Inarkiev,RUS,2727,2017-04-27,#D52B1E
Ernesto Inarkiev,RUS,2727,2017-05-27,#D52B1E
Ernesto Inarkiev,RUS,2707,2017-06-27,#D52B1E
Erwin L'Ami,NED,2651,2014-05-27,#ff9a14
Etienne Bacrot,FRA,2715,2017-07-27,#3e3b9b
Etienne Bacrot,FRA,2715,2017-08-27,#3e3b9b
Etienne Bacrot,FRA,2728,2017-09-27,#3e3b9b
Etienne Bacrot,FRA,2723,2017-10-27,#3e3b9b
Etienne Bacrot,FRA,2727,2017-11-27,#3e3b9b
Etienne Bacrot,FRA,2725,2017-12-27,#3e3b9b
Etienne Bacrot,FRA,2722,2018-01-27,#3e3b9b
Etienne Bacrot,FRA,2722,2018-02-27,#3e3b9b
Etienne Bacrot,FRA,2718,2018-03-27,#3e3b9b
Etienne Bacrot,FRA,2718,2018-04-27,#3e3b9b
Etienne Bacrot,FRA,2714,2018-05-27,#3e3b9b
Etienne Bacrot,FRA,2709,2018-06-27,#3e3b9b
Etienne Bacrot,FRA,2710,2018-07-27,#3e3b9b
Etienne Bacrot,FRA,2699,2018-08-27,#3e3b9b
Etienne Bacrot,FRA,2678,2018-09-27,#3e3b9b
Etienne Bacrot,FRA,2678,2018-10-27,#3e3b9b
Etienne Bacrot,FRA,2677,2018-11-27,#3e3b9b
Etienne Bacrot,FRA,2686,2018-12-27,#3e3b9b
Etienne Bacrot,FRA,2684,2019-01-27,#3e3b9b
Etienne Bacrot,FRA,2684,2019-02-24,#3e3b9b
Etienne Bacrot,FRA,2613,2000-07-27,#3e3b9b
Etienne Bacrot,FRA,2613,2000-10-27,#3e3b9b
Etienne Bacrot,FRA,2618,2001-01-27,#3e3b9b
Etienne Bacrot,FRA,2627,2001-04-27,#3e3b9b
Etienne Bacrot,FRA,2653,2001-07-27,#3e3b9b
Etienne Bacrot,FRA,2653,2001-10-27,#3e3b9b
Etienne Bacrot,FRA,2649,2002-01-27,#3e3b9b
Etienne Bacrot,FRA,2653,2002-04-27,#3e3b9b
Etienne Bacrot,FRA,2653,2002-07-27,#3e3b9b
Etienne Bacrot,FRA,2653,2002-10-27,#3e3b9b
Etienne Bacrot,FRA,2671,2003-01-27,#3e3b9b
Etienne Bacrot,FRA,2654,2003-04-27,#3e3b9b
Etienne Bacrot,FRA,2645,2003-07-27,#3e3b9b
Etienne Bacrot,FRA,2664,2003-10-27,#3e3b9b
Etienne Bacrot,FRA,2664,2004-01-27,#3e3b9b
Etienne Bacrot,FRA,2675,2004-04-27,#3e3b9b
Etienne Bacrot,FRA,2712,2004-07-27,#3e3b9b
Etienne Bacrot,FRA,2718,2004-10-27,#3e3b9b
Etienne Bacrot,FRA,2715,2005-01-27,#3e3b9b
Etienne Bacrot,FRA,2731,2005-04-27,#3e3b9b
Etienne Bacrot,FRA,2729,2005-07-27,#3e3b9b
Etienne Bacrot,FRA,2725,2005-10-27,#3e3b9b
Etienne Bacrot,FRA,2717,2006-01-27,#3e3b9b
Etienne Bacrot,FRA,2708,2006-04-27,#3e3b9b
Etienne Bacrot,FRA,2707,2006-07-27,#3e3b9b
Etienne Bacrot,FRA,2705,2006-10-27,#3e3b9b
Etienne Bacrot,FRA,2705,2007-01-27,#3e3b9b
Etienne Bacrot,FRA,2709,2007-04-27,#3e3b9b
Etienne Bacrot,FRA,2695,2007-07-27,#3e3b9b
Etienne Bacrot,FRA,2695,2007-10-27,#3e3b9b
Etienne Bacrot,FRA,2700,2008-01-27,#3e3b9b
Etienne Bacrot,FRA,2705,2008-04-27,#3e3b9b
Etienne Bacrot,FRA,2691,2008-07-27,#3e3b9b
Etienne Bacrot,FRA,2705,2008-10-27,#3e3b9b
Etienne Bacrot,FRA,2722,2009-01-27,#3e3b9b
Etienne Bacrot,FRA,2728,2009-04-27,#3e3b9b
Etienne Bacrot,FRA,2721,2009-07-27,#3e3b9b
Etienne Bacrot,FRA,2709,2009-09-27,#3e3b9b
Etienne Bacrot,FRA,2700,2009-11-27,#3e3b9b
Etienne Bacrot,FRA,2713,2010-01-27,#3e3b9b
Etienne Bacrot,FRA,2714,2010-03-27,#3e3b9b
Etienne Bacrot,FRA,2710,2010-05-27,#3e3b9b
Etienne Bacrot,FRA,2720,2010-07-27,#3e3b9b
Etienne Bacrot,FRA,2716,2010-09-27,#3e3b9b
Etienne Bacrot,FRA,2715,2010-11-27,#3e3b9b
Etienne Bacrot,FRA,2723,2011-01-27,#3e3b9b
Etienne Bacrot,FRA,2718,2011-03-27,#3e3b9b
Etienne Bacrot,FRA,2705,2011-05-27,#3e3b9b
Etienne Bacrot,FRA,2710,2011-07-27,#3e3b9b
Etienne Bacrot,FRA,2705,2011-09-27,#3e3b9b
Etienne Bacrot,FRA,2714,2011-11-27,#3e3b9b
Etienne Bacrot,FRA,2704,2012-01-27,#3e3b9b
Etienne Bacrot,FRA,2706,2012-03-27,#3e3b9b
Etienne Bacrot,FRA,2695,2012-05-27,#3e3b9b
Etienne Bacrot,FRA,2713,2012-07-27,#3e3b9b
Etienne Bacrot,FRA,2713,2012-08-27,#3e3b9b
Etienne Bacrot,FRA,2705,2012-09-27,#3e3b9b
Etienne Bacrot,FRA,2705,2012-10-27,#3e3b9b
Etienne Bacrot,FRA,2702,2012-11-27,#3e3b9b
Etienne Bacrot,FRA,2703,2012-12-27,#3e3b9b
Etienne Bacrot,FRA,2703,2013-01-27,#3e3b9b
Etienne Bacrot,FRA,2704,2013-02-27,#3e3b9b
Etienne Bacrot,FRA,2705,2013-03-27,#3e3b9b
Etienne Bacrot,FRA,2705,2013-04-27,#3e3b9b
Etienne Bacrot,FRA,2725,2013-05-27,#3e3b9b
Etienne Bacrot,FRA,2725,2013-06-27,#3e3b9b
Etienne Bacrot,FRA,2714,2013-07-27,#3e3b9b
Etienne Bacrot,FRA,2714,2013-08-27,#3e3b9b
Etienne Bacrot,FRA,2723,2013-09-27,#3e3b9b
Etienne Bacrot,FRA,2730,2013-10-27,#3e3b9b
Etienne Bacrot,FRA,2749,2013-11-27,#3e3b9b
Etienne Bacrot,FRA,2740,2013-12-27,#3e3b9b
Etienne Bacrot,FRA,2738,2014-01-27,#3e3b9b
Etienne Bacrot,FRA,2738,2014-02-27,#3e3b9b
Etienne Bacrot,FRA,2739,2014-03-27,#3e3b9b
Etienne Bacrot,FRA,2722,2014-04-27,#3e3b9b
Etienne Bacrot,FRA,2721,2014-05-27,#3e3b9b
Etienne Bacrot,FRA,2720,2014-06-27,#3e3b9b
Etienne Bacrot,FRA,2720,2014-07-27,#3e3b9b
Etienne Bacrot,FRA,2720,2014-08-27,#3e3b9b
Etienne Bacrot,FRA,2729,2014-09-27,#3e3b9b
Etienne Bacrot,FRA,2719,2014-10-27,#3e3b9b
Etienne Bacrot,FRA,2716,2014-11-27,#3e3b9b
Etienne Bacrot,FRA,2718,2014-12-27,#3e3b9b
Etienne Bacrot,FRA,2711,2015-01-27,#3e3b9b
Etienne Bacrot,FRA,2711,2015-02-27,#3e3b9b
Etienne Bacrot,FRA,2712,2015-03-27,#3e3b9b
Etienne Bacrot,FRA,2706,2015-04-27,#3e3b9b
Etienne Bacrot,FRA,2704,2015-05-27,#3e3b9b
Etienne Bacrot,FRA,2695,2015-06-27,#3e3b9b
Etienne Bacrot,FRA,2693,2015-07-27,#3e3b9b
Etienne Bacrot,FRA,2694,2015-08-27,#3e3b9b
Etienne Bacrot,FRA,2692,2015-09-27,#3e3b9b
Etienne Bacrot,FRA,2697,2015-10-27,#3e3b9b
Etienne Bacrot,FRA,2686,2015-11-27,#3e3b9b
Etienne Bacrot,FRA,2692,2015-12-27,#3e3b9b
Etienne Bacrot,FRA,2697,2016-01-27,#3e3b9b
Etienne Bacrot,FRA,2697,2016-02-27,#3e3b9b
Etienne Bacrot,FRA,2701,2016-03-27,#3e3b9b
Etienne Bacrot,FRA,2698,2016-04-27,#3e3b9b
Etienne Bacrot,FRA,2702,2016-05-27,#3e3b9b
Etienne Bacrot,FRA,2695,2016-06-27,#3e3b9b
Etienne Bacrot,FRA,2690,2016-07-27,#3e3b9b
Etienne Bacrot,FRA,2692,2016-08-27,#3e3b9b
Etienne Bacrot,FRA,2692,2016-09-27,#3e3b9b
Etienne Bacrot,FRA,2692,2016-10-27,#3e3b9b
Etienne Bacrot,FRA,2691,2016-11-27,#3e3b9b
Etienne Bacrot,FRA,2689,2016-12-27,#3e3b9b
Etienne Bacrot,FRA,2695,2017-01-27,#3e3b9b
Etienne Bacrot,FRA,2695,2017-02-27,#3e3b9b
Etienne Bacrot,FRA,2695,2017-03-27,#3e3b9b
Etienne Bacrot,FRA,2696,2017-04-27,#3e3b9b
Etienne Bacrot,FRA,2696,2017-05-27,#3e3b9b
Etienne Bacrot,FRA,2708,2017-06-27,#3e3b9b
Evgenij Agrest,SWE,2607,2002-10-27,#FFFFFFF
Evgenij Agrest,SWE,2616,2004-01-27,#FFFFFFF
Evgenij Miroshnichenko,UKR,2615,2004-07-27,#005BBB
Evgenij Miroshnichenko,UKR,2617,2004-10-27,#005BBB
Evgenij Miroshnichenko,UKR,2620,2005-01-27,#005BBB
Evgenij Miroshnichenko,UKR,2628,2005-04-27,#005BBB
Evgenij Miroshnichenko,UKR,2634,2005-07-27,#005BBB
Evgenij Miroshnichenko,UKR,2634,2005-10-27,#005BBB
Evgenij Miroshnichenko,UKR,2619,2006-01-27,#005BBB
Evgenij Miroshnichenko,UKR,2627,2006-10-27,#005BBB
Evgenij Miroshnichenko,UKR,2632,2007-01-27,#005BBB
Evgenij Miroshnichenko,UKR,2646,2007-04-27,#005BBB
Evgenij Miroshnichenko,UKR,2671,2007-07-27,#005BBB
Evgenij Miroshnichenko,UKR,2651,2007-10-27,#005BBB
Evgenij Miroshnichenko,UKR,2647,2008-01-27,#005BBB
Evgenij Miroshnichenko,UKR,2642,2008-04-27,#005BBB
Evgenij Miroshnichenko,UKR,2667,2009-01-27,#005BBB
Evgenij Miroshnichenko,UKR,2680,2009-04-27,#005BBB
Evgenij Miroshnichenko,UKR,2696,2009-07-27,#005BBB
Evgenij Miroshnichenko,UKR,2690,2009-09-27,#005BBB
Evgenij Miroshnichenko,UKR,2686,2009-11-27,#005BBB
Evgenij Miroshnichenko,UKR,2686,2010-01-27,#005BBB
Evgenij Miroshnichenko,UKR,2686,2010-03-27,#005BBB
Evgenij Miroshnichenko,UKR,2684,2010-05-27,#005BBB
Evgenij Miroshnichenko,UKR,2686,2010-07-27,#005BBB
Evgenij Miroshnichenko,UKR,2677,2010-09-27,#005BBB
Evgenij Miroshnichenko,UKR,2670,2010-11-27,#005BBB
Evgenij Miroshnichenko,UKR,2670,2011-01-27,#005BBB
Evgenij Miroshnichenko,UKR,2670,2011-03-27,#005BBB
Evgenij Miroshnichenko,UKR,2651,2011-05-27,#005BBB
Evgeniy Najer,RUS,2707,2017-07-27,#D52B1E
Evgeniy Najer,RUS,2707,2017-08-27,#D52B1E
Evgeniy Najer,RUS,2694,2017-09-27,#D52B1E
Evgeniy Najer,RUS,2699,2017-10-27,#D52B1E
Evgeniy Najer,RUS,2693,2017-11-27,#D52B1E
Evgeniy Najer,RUS,2696,2017-12-27,#D52B1E
Evgeniy Najer,RUS,2691,2018-01-27,#D52B1E
Evgeniy Najer,RUS,2683,2018-02-27,#D52B1E
Evgeniy Najer,RUS,2683,2018-03-27,#D52B1E
Evgeniy Najer,RUS,2674,2018-04-27,#D52B1E
Evgeniy Najer,RUS,2667,2018-05-27,#D52B1E
Evgeniy Najer,RUS,2668,2018-06-27,#D52B1E
Evgeniy Najer,RUS,2668,2018-07-27,#D52B1E
Evgeniy Najer,RUS,2663,2018-08-27,#D52B1E
Evgeniy Najer,RUS,2663,2018-09-27,#D52B1E
Evgeniy Najer,RUS,2663,2018-10-27,#D52B1E
Evgeniy Najer,RUS,2663,2018-11-27,#D52B1E
Evgeniy Najer,RUS,2670,2018-12-27,#D52B1E
Evgeniy Najer,RUS,2658,2019-01-27,#D52B1E
Evgeniy Najer,RUS,2666,2019-02-24,#D52B1E
Evgeniy Najer,RUS,2597,2000-07-27,#D52B1E
Evgeniy Najer,RUS,2616,2001-01-27,#D52B1E
Evgeniy Najer,RUS,2600,2001-04-27,#D52B1E
Evgeniy Najer,RUS,2599,2001-07-27,#D52B1E
Evgeniy Najer,RUS,2599,2001-10-27,#D52B1E
Evgeniy Najer,RUS,2599,2002-01-27,#D52B1E
Evgeniy Najer,RUS,2598,2002-04-27,#D52B1E
Evgeniy Najer,RUS,2606,2003-04-27,#D52B1E
Evgeniy Najer,RUS,2608,2003-07-27,#D52B1E
Evgeniy Najer,RUS,2608,2003-10-27,#D52B1E
Evgeniy Najer,RUS,2606,2004-04-27,#D52B1E
Evgeniy Najer,RUS,2624,2004-10-27,#D52B1E
Evgeniy Najer,RUS,2624,2005-01-27,#D52B1E
Evgeniy Najer,RUS,2615,2005-04-27,#D52B1E
Evgeniy Najer,RUS,2641,2005-10-27,#D52B1E
Evgeniy Najer,RUS,2652,2006-01-27,#D52B1E
Evgeniy Najer,RUS,2653,2006-04-27,#D52B1E
Evgeniy Najer,RUS,2677,2006-07-27,#D52B1E
Evgeniy Najer,RUS,2648,2006-10-27,#D52B1E
Evgeniy Najer,RUS,2624,2007-04-27,#D52B1E
Evgeniy Najer,RUS,2635,2007-10-27,#D52B1E
Evgeniy Najer,RUS,2634,2008-01-27,#D52B1E
Evgeniy Najer,RUS,2670,2008-07-27,#D52B1E
Evgeniy Najer,RUS,2682,2008-10-27,#D52B1E
Evgeniy Najer,RUS,2669,2009-01-27,#D52B1E
Evgeniy Najer,RUS,2669,2009-04-27,#D52B1E
Evgeniy Najer,RUS,2663,2009-07-27,#D52B1E
Evgeniy Najer,RUS,2681,2009-09-27,#D52B1E
Evgeniy Najer,RUS,2666,2009-11-27,#D52B1E
Evgeniy Najer,RUS,2665,2010-01-27,#D52B1E
Evgeniy Najer,RUS,2665,2010-03-27,#D52B1E
Evgeniy Najer,RUS,2663,2010-05-27,#D52B1E
Evgeniy Najer,RUS,2672,2010-07-27,#D52B1E
Evgeniy Najer,RUS,2657,2010-09-27,#D52B1E
Evgeniy Najer,RUS,2664,2012-05-27,#D52B1E
Evgeniy Najer,RUS,2664,2012-07-27,#D52B1E
Evgeniy Najer,RUS,2664,2012-08-27,#D52B1E
Evgeniy Najer,RUS,2664,2012-09-27,#D52B1E
Evgeniy Najer,RUS,2664,2012-10-27,#D52B1E
Evgeniy Najer,RUS,2655,2014-04-27,#D52B1E
Evgeniy Najer,RUS,2653,2014-05-27,#D52B1E
Evgeniy Najer,RUS,2653,2014-06-27,#D52B1E
Evgeniy Najer,RUS,2663,2015-04-27,#D52B1E
Evgeniy Najer,RUS,2663,2015-05-27,#D52B1E
Evgeniy Najer,RUS,2661,2015-06-27,#D52B1E
Evgeniy Najer,RUS,2661,2015-07-27,#D52B1E
Evgeniy Najer,RUS,2658,2015-08-27,#D52B1E
Evgeniy Najer,RUS,2658,2015-09-27,#D52B1E
Evgeniy Najer,RUS,2658,2015-10-27,#D52B1E
Evgeniy Najer,RUS,2674,2015-11-27,#D52B1E
Evgeniy Najer,RUS,2674,2015-12-27,#D52B1E
Evgeniy Najer,RUS,2674,2016-01-27,#D52B1E
Evgeniy Najer,RUS,2672,2016-02-27,#D52B1E
Evgeniy Najer,RUS,2664,2016-03-27,#D52B1E
Evgeniy Najer,RUS,2682,2016-04-27,#D52B1E
Evgeniy Najer,RUS,2681,2016-05-27,#D52B1E
Evgeniy Najer,RUS,2687,2016-06-27,#D52B1E
Evgeniy Najer,RUS,2687,2016-07-27,#D52B1E
Evgeniy Najer,RUS,2677,2016-08-27,#D52B1E
Evgeniy Najer,RUS,2677,2016-09-27,#D52B1E
Evgeniy Najer,RUS,2677,2016-10-27,#D52B1E
Evgeniy Najer,RUS,2683,2016-11-27,#D52B1E
Evgeniy Najer,RUS,2679,2016-12-27,#D52B1E
Evgeniy Najer,RUS,2679,2017-01-27,#D52B1E
Evgeniy Najer,RUS,2659,2017-02-27,#D52B1E
Evgeniy Najer,RUS,2659,2017-03-27,#D52B1E
Evgeniy Najer,RUS,2679,2017-04-27,#D52B1E
Evgeniy Najer,RUS,2682,2017-05-27,#D52B1E
Evgeniy Najer,RUS,2706,2017-06-27,#D52B1E
Evgeny Alekseev,RUS,2614,2003-01-27,#D52B1E
Evgeny Alekseev,RUS,2607,2003-04-27,#D52B1E
Evgeny Alekseev,RUS,2613,2003-07-27,#D52B1E
Evgeny Alekseev,RUS,2613,2003-10-27,#D52B1E
Evgeny Alekseev,RUS,2609,2004-01-27,#D52B1E
Evgeny Alekseev,RUS,2616,2004-04-27,#D52B1E
Evgeny Alekseev,RUS,2625,2005-07-27,#D52B1E
Evgeny Alekseev,RUS,2632,2005-10-27,#D52B1E
Evgeny Alekseev,RUS,2634,2006-01-27,#D52B1E
Evgeny Alekseev,RUS,2640,2006-04-27,#D52B1E
Evgeny Alekseev,RUS,2644,2006-07-27,#D52B1E
Evgeny Alekseev,RUS,2639,2006-10-27,#D52B1E
Evgeny Alekseev,RUS,2661,2007-01-27,#D52B1E
Evgeny Alekseev,RUS,2679,2007-04-27,#D52B1E
Evgeny Alekseev,RUS,2689,2007-07-27,#D52B1E
Evgeny Alekseev,RUS,2716,2007-10-27,#D52B1E
Evgeny Alekseev,RUS,2711,2008-01-27,#D52B1E
Evgeny Alekseev,RUS,2711,2008-04-27,#D52B1E
Evgeny Alekseev,RUS,2708,2008-07-27,#D52B1E
Evgeny Alekseev,RUS,2715,2008-10-27,#D52B1E
Evgeny Alekseev,RUS,2718,2009-01-27,#D52B1E
Evgeny Alekseev,RUS,2716,2009-04-27,#D52B1E
Evgeny Alekseev,RUS,2714,2009-07-27,#D52B1E
Evgeny Alekseev,RUS,2725,2009-09-27,#D52B1E
Evgeny Alekseev,RUS,2715,2009-11-27,#D52B1E
Evgeny Alekseev,RUS,2703,2010-01-27,#D52B1E
Evgeny Alekseev,RUS,2700,2010-03-27,#D52B1E
Evgeny Alekseev,RUS,2700,2010-05-27,#D52B1E
Evgeny Alekseev,RUS,2691,2010-07-27,#D52B1E
Evgeny Alekseev,RUS,2691,2010-09-27,#D52B1E
Evgeny Alekseev,RUS,2701,2010-11-27,#D52B1E
Evgeny Alekseev,RUS,2701,2011-01-27,#D52B1E
Evgeny Alekseev,RUS,2688,2011-03-27,#D52B1E
Evgeny Alekseev,RUS,2673,2011-05-27,#D52B1E
Evgeny Alekseev,RUS,2659,2011-07-27,#D52B1E
Evgeny Alekseev,RUS,2662,2011-09-27,#D52B1E
Evgeny Alekseev,RUS,2670,2011-11-27,#D52B1E
Evgeny Alekseev,RUS,2670,2012-01-27,#D52B1E
Evgeny Alekseev,RUS,2673,2012-03-27,#D52B1E
Evgeny Alekseev,RUS,2677,2012-05-27,#D52B1E
Evgeny Alekseev,RUS,2677,2012-07-27,#D52B1E
Evgeny Alekseev,RUS,2673,2012-08-27,#D52B1E
Evgeny Alekseev,RUS,2682,2012-09-27,#D52B1E
Evgeny Alekseev,RUS,2683,2012-10-27,#D52B1E
Evgeny Alekseev,RUS,2691,2012-11-27,#D52B1E
Evgeny Alekseev,RUS,2691,2012-12-27,#D52B1E
Evgeny Alekseev,RUS,2691,2013-01-27,#D52B1E
Evgeny Alekseev,RUS,2695,2013-02-27,#D52B1E
Evgeny Alekseev,RUS,2695,2013-03-27,#D52B1E
Evgeny Alekseev,RUS,2695,2013-04-27,#D52B1E
Evgeny Alekseev,RUS,2700,2013-05-27,#D52B1E
Evgeny Alekseev,RUS,2714,2013-06-27,#D52B1E
Evgeny Alekseev,RUS,2714,2013-07-27,#D52B1E
Evgeny Alekseev,RUS,2710,2013-08-27,#D52B1E
Evgeny Alekseev,RUS,2710,2013-09-27,#D52B1E
Evgeny Alekseev,RUS,2707,2013-10-27,#D52B1E
Evgeny Alekseev,RUS,2698,2013-11-27,#D52B1E
Evgeny Alekseev,RUS,2698,2013-12-27,#D52B1E
Evgeny Alekseev,RUS,2698,2014-01-27,#D52B1E
Evgeny Alekseev,RUS,2689,2014-02-27,#D52B1E
Evgeny Alekseev,RUS,2692,2014-03-27,#D52B1E
Evgeny Alekseev,RUS,2678,2014-04-27,#D52B1E
Evgeny Alekseev,RUS,2673,2014-05-27,#D52B1E
Evgeny Alekseev,RUS,2673,2014-06-27,#D52B1E
Evgeny Alekseev,RUS,2675,2014-07-27,#D52B1E
Evgeny Alekseev,RUS,2675,2014-08-27,#D52B1E
Evgeny Alekseev,RUS,2675,2014-09-27,#D52B1E
Evgeny Alekseev,RUS,2682,2014-10-27,#D52B1E
Evgeny Alekseev,RUS,2681,2014-11-27,#D52B1E
Evgeny Alekseev,RUS,2679,2014-12-27,#D52B1E
Evgeny Alekseev,RUS,2679,2015-01-27,#D52B1E
Evgeny Alekseev,RUS,2677,2015-02-27,#D52B1E
Evgeny Alekseev,RUS,2665,2015-03-27,#D52B1E
Evgeny Alekseev,RUS,2654,2015-04-27,#D52B1E
Evgeny Alekseev,RUS,2651,2015-06-27,#D52B1E
Evgeny Bareev,RUS,2702,2000-07-27,#D52B1E
Evgeny Bareev,RUS,2694,2000-10-27,#D52B1E
Evgeny Bareev,RUS,2709,2001-01-27,#D52B1E
Evgeny Bareev,RUS,2709,2001-04-27,#D52B1E
Evgeny Bareev,RUS,2719,2001-07-27,#D52B1E
Evgeny Bareev,RUS,2719,2001-10-27,#D52B1E
Evgeny Bareev,RUS,2707,2002-01-27,#D52B1E
Evgeny Bareev,RUS,2724,2002-04-27,#D52B1E
Evgeny Bareev,RUS,2726,2002-07-27,#D52B1E
Evgeny Bareev,RUS,2737,2002-10-27,#D52B1E
Evgeny Bareev,RUS,2729,2003-01-27,#D52B1E
Evgeny Bareev,RUS,2734,2003-04-27,#D52B1E
Evgeny Bareev,RUS,2721,2003-07-27,#D52B1E
Evgeny Bareev,RUS,2739,2003-10-27,#D52B1E
Evgeny Bareev,RUS,2714,2004-01-27,#D52B1E
Evgeny Bareev,RUS,2711,2004-04-27,#D52B1E
Evgeny Bareev,RUS,2715,2004-07-27,#D52B1E
Evgeny Bareev,RUS,2715,2004-10-27,#D52B1E
Evgeny Bareev,RUS,2709,2005-01-27,#D52B1E
Evgeny Bareev,RUS,2709,2005-04-27,#D52B1E
Evgeny Bareev,RUS,2688,2005-07-27,#D52B1E
Evgeny Bareev,RUS,2675,2005-10-27,#D52B1E
Evgeny Bareev,RUS,2698,2006-01-27,#D52B1E
Evgeny Bareev,RUS,2701,2006-04-27,#D52B1E
Evgeny Bareev,RUS,2683,2006-07-27,#D52B1E
Evgeny Bareev,RUS,2683,2006-10-27,#D52B1E
Evgeny Bareev,RUS,2643,2007-01-27,#D52B1E
Evgeny Bareev,RUS,2643,2007-04-27,#D52B1E
Evgeny Bareev,RUS,2653,2007-07-27,#D52B1E
Evgeny Bareev,RUS,2653,2007-10-27,#D52B1E
Evgeny Bareev,RUS,2677,2008-01-27,#D52B1E
Evgeny Bareev,RUS,2677,2008-04-27,#D52B1E
Evgeny Bareev,RUS,2655,2008-07-27,#D52B1E
Evgeny Bareev,RUS,2647,2008-10-27,#D52B1E
Evgeny Bareev,RUS,2645,2009-01-27,#D52B1E
Evgeny Bareev,RUS,2636,2009-04-27,#D52B1E
Evgeny Bareev,RUS,2643,2010-01-27,#D52B1E
Evgeny Bareev,RUS,2667,2010-03-27,#D52B1E
Evgeny Bareev,RUS,2663,2010-05-27,#D52B1E
Evgeny Bareev,RUS,2663,2010-07-27,#D52B1E
Evgeny Bareev,RUS,2663,2010-09-27,#D52B1E
Evgeny Bareev,RUS,2663,2010-11-27,#D52B1E
Evgeny Bareev,RUS,2663,2011-01-27,#D52B1E
Evgeny Bareev,RUS,2663,2011-03-27,#D52B1E
Evgeny Bareev,CAN,2666,2017-07-27,#FFFFFFF
Evgeny Bareev,CAN,2666,2017-08-27,#FFFFFFF
Evgeny Bareev,CAN,2666,2017-09-27,#FFFFFFF
Evgeny Bareev,CAN,2669,2015-09-27,#FFFFFFF
Evgeny Bareev,CAN,2669,2015-10-27,#FFFFFFF
Evgeny Bareev,CAN,2675,2015-11-27,#FFFFFFF
Evgeny Bareev,CAN,2675,2015-12-27,#FFFFFFF
Evgeny Bareev,CAN,2675,2016-01-27,#FFFFFFF
Evgeny Bareev,CAN,2675,2016-02-27,#FFFFFFF
Evgeny Bareev,CAN,2675,2016-03-27,#FFFFFFF
Evgeny Bareev,CAN,2675,2016-04-27,#FFFFFFF
Evgeny Bareev,CAN,2675,2016-05-27,#FFFFFFF
Evgeny Bareev,CAN,2675,2016-06-27,#FFFFFFF
Evgeny Bareev,CAN,2675,2016-07-27,#FFFFFFF
Evgeny Bareev,CAN,2675,2016-08-27,#FFFFFFF
Evgeny Bareev,CAN,2675,2016-09-27,#FFFFFFF
Evgeny Bareev,CAN,2666,2016-10-27,#FFFFFFF
Evgeny Bareev,CAN,2666,2016-11-27,#FFFFFFF
Evgeny Bareev,CAN,2666,2016-12-27,#FFFFFFF
Evgeny Bareev,CAN,2666,2017-01-27,#FFFFFFF
Evgeny Bareev,CAN,2666,2017-02-27,#FFFFFFF
Evgeny Bareev,CAN,2666,2017-03-27,#FFFFFFF
Evgeny Bareev,CAN,2666,2017-04-27,#FFFFFFF
Evgeny Bareev,CAN,2666,2017-05-27,#FFFFFFF
Evgeny Bareev,CAN,2666,2017-06-27,#FFFFFFF
Evgeny Pigusov,RUS,2613,2001-07-27,#D52B1E
Evgeny Pigusov,RUS,2613,2001-10-27,#D52B1E
Evgeny Pigusov,RUS,2623,2002-01-27,#D52B1E
Evgeny Pigusov,RUS,2623,2002-04-27,#D52B1E
Evgeny Pigusov,RUS,2622,2002-07-27,#D52B1E
Evgeny Pigusov,RUS,2622,2002-10-27,#D52B1E
Evgeny Pigusov,RUS,2615,2003-01-27,#D52B1E
Evgeny Postny,ISR,2622,2007-04-27,#0038B8
Evgeny Postny,ISR,2627,2008-01-27,#0038B8
Evgeny Postny,ISR,2649,2008-04-27,#0038B8
Evgeny Postny,ISR,2661,2008-07-27,#0038B8
Evgeny Postny,ISR,2674,2008-10-27,#0038B8
Evgeny Postny,ISR,2652,2009-01-27,#0038B8
Evgeny Postny,ISR,2648,2009-04-27,#0038B8
Evgeny Postny,ISR,2647,2009-07-27,#0038B8
Evgeny Postny,ISR,2651,2009-09-27,#0038B8
Evgeny Postny,ISR,2650,2009-11-27,#0038B8
Evgeny Postny,ISR,2648,2010-01-27,#0038B8
Evgeny Postny,ISR,2652,2012-01-27,#0038B8
Evgeny Postny,ISR,2662,2012-03-27,#0038B8
Evgeny Postny,ISR,2654,2014-11-27,#0038B8
Evgeny Postny,ISR,2653,2015-09-27,#0038B8
Evgeny Postny,ISR,2658,2015-10-27,#0038B8
Evgeny Postny,ISR,2672,2015-11-27,#0038B8
Evgeny Postny,ISR,2670,2015-12-27,#0038B8
Evgeny Postny,ISR,2670,2016-01-27,#0038B8
Evgeny Postny,ISR,2668,2016-02-27,#0038B8
Evgeny Postny,ISR,2668,2016-03-27,#0038B8
Evgeny Postny,ISR,2673,2016-04-27,#0038B8
Evgeny Postny,ISR,2662,2016-05-27,#0038B8
Evgeny Romanov,RUS,2662,2013-06-27,#D52B1E
Evgeny Romanov,RUS,2662,2013-07-27,#D52B1E
Evgeny Romanov,RUS,2655,2013-09-27,#D52B1E
Evgeny Romanov,RUS,2654,2013-10-27,#D52B1E
Evgeny Romanov,RUS,2653,2013-11-27,#D52B1E
Evgeny Romanov,RUS,2654,2013-12-27,#D52B1E
Evgeny Romanov,RUS,2654,2014-01-27,#D52B1E
Evgeny Romanov,RUS,2653,2014-02-27,#D52B1E
Evgeny Tomashevsky,RUS,2710,2017-07-27,#D52B1E
Evgeny Tomashevsky,RUS,2710,2017-08-27,#D52B1E
Evgeny Tomashevsky,RUS,2710,2017-09-27,#D52B1E
Evgeny Tomashevsky,RUS,2702,2017-10-27,#D52B1E
Evgeny Tomashevsky,RUS,2702,2017-11-27,#D52B1E
Evgeny Tomashevsky,RUS,2713,2017-12-27,#D52B1E
Evgeny Tomashevsky,RUS,2714,2018-01-27,#D52B1E
Evgeny Tomashevsky,RUS,2714,2018-02-27,#D52B1E
Evgeny Tomashevsky,RUS,2714,2018-03-27,#D52B1E
Evgeny Tomashevsky,RUS,2714,2018-04-27,#D52B1E
Evgeny Tomashevsky,RUS,2714,2018-05-27,#D52B1E
Evgeny Tomashevsky,RUS,2702,2018-06-27,#D52B1E
Evgeny Tomashevsky,RUS,2702,2018-07-27,#D52B1E
Evgeny Tomashevsky,RUS,2702,2018-08-27,#D52B1E
Evgeny Tomashevsky,RUS,2702,2018-09-27,#D52B1E
Evgeny Tomashevsky,RUS,2705,2018-10-27,#D52B1E
Evgeny Tomashevsky,RUS,2705,2018-11-27,#D52B1E
Evgeny Tomashevsky,RUS,2705,2018-12-27,#D52B1E
Evgeny Tomashevsky,RUS,2705,2019-01-27,#D52B1E
Evgeny Tomashevsky,RUS,2705,2019-02-24,#D52B1E
Evgeny Tomashevsky,RUS,2624,2007-01-27,#D52B1E
Evgeny Tomashevsky,RUS,2641,2007-04-27,#D52B1E
Evgeny Tomashevsky,RUS,2654,2007-07-27,#D52B1E
Evgeny Tomashevsky,RUS,2646,2007-10-27,#D52B1E
Evgeny Tomashevsky,RUS,2646,2008-01-27,#D52B1E
Evgeny Tomashevsky,RUS,2658,2008-04-27,#D52B1E
Evgeny Tomashevsky,RUS,2646,2008-07-27,#D52B1E
Evgeny Tomashevsky,RUS,2646,2008-10-27,#D52B1E
Evgeny Tomashevsky,RUS,2664,2009-01-27,#D52B1E
Evgeny Tomashevsky,RUS,2684,2009-04-27,#D52B1E
Evgeny Tomashevsky,RUS,2689,2009-07-27,#D52B1E
Evgeny Tomashevsky,RUS,2688,2009-09-27,#D52B1E
Evgeny Tomashevsky,RUS,2708,2009-11-27,#D52B1E
Evgeny Tomashevsky,RUS,2705,2010-01-27,#D52B1E
Evgeny Tomashevsky,RUS,2701,2010-03-27,#D52B1E
Evgeny Tomashevsky,RUS,2708,2010-05-27,#D52B1E
Evgeny Tomashevsky,RUS,2708,2010-07-27,#D52B1E
Evgeny Tomashevsky,RUS,2701,2010-09-27,#D52B1E
Evgeny Tomashevsky,RUS,2699,2010-11-27,#D52B1E
Evgeny Tomashevsky,RUS,2695,2011-01-27,#D52B1E
Evgeny Tomashevsky,RUS,2707,2011-03-27,#D52B1E
Evgeny Tomashevsky,RUS,2707,2011-05-27,#D52B1E
Evgeny Tomashevsky,RUS,2707,2011-07-27,#D52B1E
Evgeny Tomashevsky,RUS,2710,2011-09-27,#D52B1E
Evgeny Tomashevsky,RUS,2740,2011-11-27,#D52B1E
Evgeny Tomashevsky,RUS,2740,2012-01-27,#D52B1E
Evgeny Tomashevsky,RUS,2736,2012-03-27,#D52B1E
Evgeny Tomashevsky,RUS,2738,2012-05-27,#D52B1E
Evgeny Tomashevsky,RUS,2733,2012-07-27,#D52B1E
Evgeny Tomashevsky,RUS,2730,2012-08-27,#D52B1E
Evgeny Tomashevsky,RUS,2730,2012-09-27,#D52B1E
Evgeny Tomashevsky,RUS,2720,2012-10-27,#D52B1E
Evgeny Tomashevsky,RUS,2725,2012-11-27,#D52B1E
Evgeny Tomashevsky,RUS,2725,2012-12-27,#D52B1E
Evgeny Tomashevsky,RUS,2722,2013-01-27,#D52B1E
Evgeny Tomashevsky,RUS,2722,2013-02-27,#D52B1E
Evgeny Tomashevsky,RUS,2722,2013-03-27,#D52B1E
Evgeny Tomashevsky,RUS,2722,2013-04-27,#D52B1E
Evgeny Tomashevsky,RUS,2719,2013-05-27,#D52B1E
Evgeny Tomashevsky,RUS,2709,2013-06-27,#D52B1E
Evgeny Tomashevsky,RUS,2709,2013-07-27,#D52B1E
Evgeny Tomashevsky,RUS,2706,2013-08-27,#D52B1E
Evgeny Tomashevsky,RUS,2703,2013-09-27,#D52B1E
Evgeny Tomashevsky,RUS,2720,2013-10-27,#D52B1E
Evgeny Tomashevsky,RUS,2722,2013-11-27,#D52B1E
Evgeny Tomashevsky,RUS,2715,2013-12-27,#D52B1E
Evgeny Tomashevsky,RUS,2715,2014-01-27,#D52B1E
Evgeny Tomashevsky,RUS,2715,2014-02-27,#D52B1E
Evgeny Tomashevsky,RUS,2711,2014-03-27,#D52B1E
Evgeny Tomashevsky,RUS,2697,2014-04-27,#D52B1E
Evgeny Tomashevsky,RUS,2695,2014-05-27,#D52B1E
Evgeny Tomashevsky,RUS,2695,2014-06-27,#D52B1E
Evgeny Tomashevsky,RUS,2701,2014-07-27,#D52B1E
Evgeny Tomashevsky,RUS,2701,2014-08-27,#D52B1E
Evgeny Tomashevsky,RUS,2701,2014-09-27,#D52B1E
Evgeny Tomashevsky,RUS,2701,2014-10-27,#D52B1E
Evgeny Tomashevsky,RUS,2714,2014-11-27,#D52B1E
Evgeny Tomashevsky,RUS,2714,2014-12-27,#D52B1E
Evgeny Tomashevsky,RUS,2716,2015-01-27,#D52B1E
Evgeny Tomashevsky,RUS,2716,2015-02-27,#D52B1E
Evgeny Tomashevsky,RUS,2745,2015-03-27,#D52B1E
Evgeny Tomashevsky,RUS,2745,2015-04-27,#D52B1E
Evgeny Tomashevsky,RUS,2749,2015-05-27,#D52B1E
Evgeny Tomashevsky,RUS,2745,2015-06-27,#D52B1E
Evgeny Tomashevsky,RUS,2745,2015-07-27,#D52B1E
Evgeny Tomashevsky,RUS,2747,2015-08-27,#D52B1E
Evgeny Tomashevsky,RUS,2758,2015-09-27,#D52B1E
Evgeny Tomashevsky,RUS,2758,2015-10-27,#D52B1E
Evgeny Tomashevsky,RUS,2743,2015-11-27,#D52B1E
Evgeny Tomashevsky,RUS,2744,2015-12-27,#D52B1E
Evgeny Tomashevsky,RUS,2728,2016-01-27,#D52B1E
Evgeny Tomashevsky,RUS,2728,2016-02-27,#D52B1E
Evgeny Tomashevsky,RUS,2722,2016-03-27,#D52B1E
Evgeny Tomashevsky,RUS,2722,2016-04-27,#D52B1E
Evgeny Tomashevsky,RUS,2722,2016-05-27,#D52B1E
Evgeny Tomashevsky,RUS,2731,2016-06-27,#D52B1E
Evgeny Tomashevsky,RUS,2731,2016-07-27,#D52B1E
Evgeny Tomashevsky,RUS,2731,2016-08-27,#D52B1E
Evgeny Tomashevsky,RUS,2731,2016-09-27,#D52B1E
Evgeny Tomashevsky,RUS,2724,2016-10-27,#D52B1E
Evgeny Tomashevsky,RUS,2722,2016-11-27,#D52B1E
Evgeny Tomashevsky,RUS,2716,2016-12-27,#D52B1E
Evgeny Tomashevsky,RUS,2711,2017-01-27,#D52B1E
Evgeny Tomashevsky,RUS,2711,2017-02-27,#D52B1E
Evgeny Tomashevsky,RUS,2701,2017-03-27,#D52B1E
Evgeny Tomashevsky,RUS,2701,2017-04-27,#D52B1E
Evgeny Tomashevsky,RUS,2696,2017-05-27,#D52B1E
Evgeny Tomashevsky,RUS,2706,2017-06-27,#D52B1E
Evgeny Vladimirov,KAZ,2598,2000-07-27,#FFFFFFF
Evgeny Vladimirov,KAZ,2621,2000-10-27,#FFFFFFF
Evgeny Vladimirov,KAZ,2612,2001-01-27,#FFFFFFF
Evgeny Vladimirov,KAZ,2612,2001-04-27,#FFFFFFF
Evgeny Vladimirov,KAZ,2612,2001-07-27,#FFFFFFF
Evgeny Vladimirov,KAZ,2605,2002-04-27,#FFFFFFF
Evgeny Vladimirov,KAZ,2606,2003-07-27,#FFFFFFF
Evgeny Vladimirov,KAZ,2614,2003-10-27,#FFFFFFF
Evgeny Vladimirov,KAZ,2621,2004-01-27,#FFFFFFF
Evgeny Vladimirov,KAZ,2621,2004-04-27,#FFFFFFF
Evgeny Vladimirov,KAZ,2628,2004-07-27,#FFFFFFF
Evgeny Vladimirov,KAZ,2627,2004-10-27,#FFFFFFF
Evgeny Vladimirov,KAZ,2623,2005-01-27,#FFFFFFF
Evgeny Vladimirov,KAZ,2623,2005-04-27,#FFFFFFF
Evgeny Vladimirov,KAZ,2616,2005-07-27,#FFFFFFF
Evgeny Vladimirov,KAZ,2616,2005-10-27,#FFFFFFF
Evgeny Vladimirov,KAZ,2616,2006-04-27,#FFFFFFF
Evgeny Vladimirov,KAZ,2627,2007-04-27,#FFFFFFF
Evgeny Vladimirov,KAZ,2627,2007-07-27,#FFFFFFF
Evgeny Vladimirov,KAZ,2627,2007-10-27,#FFFFFFF
Evgeny Vladimirov,KAZ,2627,2008-01-27,#FFFFFFF
Fabiano Caruana,ITA,2807,2017-07-27,#009246
Fabiano Caruana,ITA,2807,2017-08-27,#009246
Fabiano Caruana,ITA,2799,2017-09-27,#009246
Fabiano Caruana,ITA,2794,2017-10-27,#009246
Fabiano Caruana,ITA,2799,2017-11-27,#009246
Fabiano Caruana,ITA,2799,2017-12-27,#009246
Fabiano Caruana,ITA,2811,2018-01-27,#009246
Fabiano Caruana,ITA,2784,2018-02-27,#009246
Fabiano Caruana,ITA,2784,2018-03-27,#009246
Fabiano Caruana,ITA,2804,2018-04-27,#009246
Fabiano Caruana,ITA,2822,2018-05-27,#009246
Fabiano Caruana,ITA,2816,2018-06-27,#009246
Fabiano Caruana,ITA,2822,2018-07-27,#009246
Fabiano Caruana,ITA,2822,2018-08-27,#009246
Fabiano Caruana,ITA,2827,2018-09-27,#009246
Fabiano Caruana,ITA,2827,2018-10-27,#009246
Fabiano Caruana,ITA,2832,2018-11-27,#009246
Fabiano Caruana,ITA,2832,2018-12-27,#009246
Fabiano Caruana,ITA,2828,2019-01-27,#009246
Fabiano Caruana,ITA,2828,2019-02-24,#009246
Fabiano Caruana,ITA,2797,2015-07-27,#009246
Fabiano Caruana,ITA,2808,2015-08-27,#009246
Fabiano Caruana,ITA,2808,2015-09-27,#009246
Fabiano Caruana,ITA,2796,2015-10-27,#009246
Fabiano Caruana,ITA,2787,2015-11-27,#009246
Fabiano Caruana,ITA,2787,2015-12-27,#009246
Fabiano Caruana,ITA,2787,2016-01-27,#009246
Fabiano Caruana,ITA,2787,2016-02-27,#009246
Fabiano Caruana,ITA,2794,2016-03-27,#009246
Fabiano Caruana,ITA,2795,2016-04-27,#009246
Fabiano Caruana,ITA,2804,2016-05-27,#009246
Fabiano Caruana,ITA,2804,2016-06-27,#009246
Fabiano Caruana,ITA,2810,2016-07-27,#009246
Fabiano Caruana,ITA,2807,2016-08-27,#009246
Fabiano Caruana,ITA,2808,2016-09-27,#009246
Fabiano Caruana,ITA,2813,2016-10-27,#009246
Fabiano Caruana,ITA,2823,2016-11-27,#009246
Fabiano Caruana,ITA,2823,2016-12-27,#009246
Fabiano Caruana,ITA,2827,2017-01-27,#009246
Fabiano Caruana,ITA,2827,2017-02-27,#009246
Fabiano Caruana,ITA,2817,2017-03-27,#009246
Fabiano Caruana,ITA,2817,2017-04-27,#009246
Fabiano Caruana,ITA,2802,2017-05-27,#009246
Fabiano Caruana,ITA,2808,2017-06-27,#009246
Fabiano Caruana,ITA,2640,2008-10-27,#009246
Fabiano Caruana,ITA,2646,2009-01-27,#009246
Fabiano Caruana,ITA,2649,2009-04-27,#009246
Fabiano Caruana,ITA,2670,2009-07-27,#009246
Fabiano Caruana,ITA,2662,2009-09-27,#009246
Fabiano Caruana,ITA,2652,2009-11-27,#009246
Fabiano Caruana,ITA,2675,2010-01-27,#009246
Fabiano Caruana,ITA,2680,2010-03-27,#009246
Fabiano Caruana,ITA,2675,2010-05-27,#009246
Fabiano Caruana,ITA,2697,2010-07-27,#009246
Fabiano Caruana,ITA,2700,2010-09-27,#009246
Fabiano Caruana,ITA,2709,2010-11-27,#009246
Fabiano Caruana,ITA,2721,2011-01-27,#009246
Fabiano Caruana,ITA,2716,2011-03-27,#009246
Fabiano Caruana,ITA,2714,2011-05-27,#009246
Fabiano Caruana,ITA,2711,2011-07-27,#009246
Fabiano Caruana,ITA,2712,2011-09-27,#009246
Fabiano Caruana,ITA,2727,2011-11-27,#009246
Fabiano Caruana,ITA,2736,2012-01-27,#009246
Fabiano Caruana,ITA,2767,2012-03-27,#009246
Fabiano Caruana,ITA,2770,2012-05-27,#009246
Fabiano Caruana,ITA,2775,2012-07-27,#009246
Fabiano Caruana,ITA,2773,2012-08-27,#009246
Fabiano Caruana,ITA,2773,2012-09-27,#009246
Fabiano Caruana,ITA,2772,2012-10-27,#009246
Fabiano Caruana,ITA,2786,2012-11-27,#009246
Fabiano Caruana,ITA,2782,2012-12-27,#009246
Fabiano Caruana,ITA,2781,2013-01-27,#009246
Fabiano Caruana,ITA,2757,2013-02-27,#009246
Fabiano Caruana,ITA,2760,2013-03-27,#009246
Fabiano Caruana,ITA,2772,2013-04-27,#009246
Fabiano Caruana,ITA,2774,2013-05-27,#009246
Fabiano Caruana,ITA,2774,2013-06-27,#009246
Fabiano Caruana,ITA,2796,2013-07-27,#009246
Fabiano Caruana,ITA,2796,2013-08-27,#009246
Fabiano Caruana,ITA,2779,2013-09-27,#009246
Fabiano Caruana,ITA,2779,2013-10-27,#009246
Fabiano Caruana,ITA,2782,2013-11-27,#009246
Fabiano Caruana,ITA,2782,2013-12-27,#009246
Fabiano Caruana,ITA,2782,2014-01-27,#009246
Fabiano Caruana,ITA,2781,2014-02-27,#009246
Fabiano Caruana,ITA,2783,2014-03-27,#009246
Fabiano Caruana,ITA,2783,2014-04-27,#009246
Fabiano Caruana,ITA,2783,2014-05-27,#009246
Fabiano Caruana,ITA,2791,2014-06-27,#009246
Fabiano Caruana,ITA,2789,2014-07-27,#009246
Fabiano Caruana,ITA,2801,2014-08-27,#009246
Fabiano Caruana,ITA,2801,2014-09-27,#009246
Fabiano Caruana,ITA,2844,2014-10-27,#009246
Fabiano Caruana,ITA,2839,2014-11-27,#009246
Fabiano Caruana,ITA,2829,2014-12-27,#009246
Fabiano Caruana,ITA,2820,2015-01-27,#009246
Fabiano Caruana,ITA,2811,2015-02-27,#009246
Fabiano Caruana,ITA,2802,2015-03-27,#009246
Fabiano Caruana,ITA,2802,2015-04-27,#009246
Fabiano Caruana,ITA,2803,2015-05-27,#009246
Fabiano Caruana,ITA,2805,2015-06-27,#009246
Farrukh Amonatov,TJK,2637,2007-10-27,#FFFFFFF
Farrukh Amonatov,TJK,2649,2008-01-27,#FFFFFFF
Farrukh Amonatov,TJK,2650,2008-07-27,#FFFFFFF
Farrukh Amonatov,TJK,2634,2008-10-27,#FFFFFFF
Farrukh Amonatov,TJK,2647,2009-01-27,#FFFFFFF
Farrukh Amonatov,TJK,2648,2009-04-27,#FFFFFFF
Farrukh Amonatov,TJK,2641,2009-07-27,#FFFFFFF
Farrukh Amonatov,TJK,2643,2009-09-27,#FFFFFFF
Ferenc Berkes,HUN,2658,2017-07-27,#259838
Ferenc Berkes,HUN,2658,2017-08-27,#259838
Ferenc Berkes,HUN,2661,2017-09-27,#259838
Ferenc Berkes,HUN,2661,2017-10-27,#259838
Ferenc Berkes,HUN,2653,2017-11-27,#259838
Ferenc Berkes,HUN,2658,2017-12-27,#259838
Ferenc Berkes,HUN,2662,2018-01-27,#259838
Ferenc Berkes,HUN,2669,2018-02-27,#259838
Ferenc Berkes,HUN,2671,2018-03-27,#259838
Ferenc Berkes,HUN,2670,2018-04-27,#259838
Ferenc Berkes,HUN,2670,2018-05-27,#259838
Ferenc Berkes,HUN,2676,2018-06-27,#259838
Ferenc Berkes,HUN,2676,2018-07-27,#259838
Ferenc Berkes,HUN,2678,2018-08-27,#259838
Ferenc Berkes,HUN,2678,2018-09-27,#259838
Ferenc Berkes,HUN,2666,2018-10-27,#259838
Ferenc Berkes,HUN,2661,2018-11-27,#259838
Ferenc Berkes,HUN,2662,2018-12-27,#259838
Ferenc Berkes,HUN,2667,2019-01-27,#259838
Ferenc Berkes,HUN,2666,2019-02-24,#259838
Ferenc Berkes,HUN,2616,2003-10-27,#259838
Ferenc Berkes,HUN,2613,2004-04-27,#259838
Ferenc Berkes,HUN,2614,2004-07-27,#259838
Ferenc Berkes,HUN,2630,2004-10-27,#259838
Ferenc Berkes,HUN,2617,2005-04-27,#259838
Ferenc Berkes,HUN,2619,2005-07-27,#259838
Ferenc Berkes,HUN,2645,2008-07-27,#259838
Ferenc Berkes,HUN,2645,2008-10-27,#259838
Ferenc Berkes,HUN,2651,2009-01-27,#259838
Ferenc Berkes,HUN,2638,2009-04-27,#259838
Ferenc Berkes,HUN,2647,2009-07-27,#259838
Ferenc Berkes,HUN,2663,2009-09-27,#259838
Ferenc Berkes,HUN,2661,2009-11-27,#259838
Ferenc Berkes,HUN,2659,2010-01-27,#259838
Ferenc Berkes,HUN,2659,2010-03-27,#259838
Ferenc Berkes,HUN,2676,2010-05-27,#259838
Ferenc Berkes,HUN,2670,2010-07-27,#259838
Ferenc Berkes,HUN,2678,2010-09-27,#259838
Ferenc Berkes,HUN,2680,2010-11-27,#259838
Ferenc Berkes,HUN,2678,2011-01-27,#259838
Ferenc Berkes,HUN,2678,2011-03-27,#259838
Ferenc Berkes,HUN,2693,2011-05-27,#259838
Ferenc Berkes,HUN,2696,2011-07-27,#259838
Ferenc Berkes,HUN,2706,2011-09-27,#259838
Ferenc Berkes,HUN,2705,2011-11-27,#259838
Ferenc Berkes,HUN,2682,2012-01-27,#259838
Ferenc Berkes,HUN,2682,2012-03-27,#259838
Ferenc Berkes,HUN,2696,2012-05-27,#259838
Ferenc Berkes,HUN,2685,2012-07-27,#259838
Ferenc Berkes,HUN,2685,2012-08-27,#259838
Ferenc Berkes,HUN,2685,2012-09-27,#259838
Ferenc Berkes,HUN,2679,2012-10-27,#259838
Ferenc Berkes,HUN,2693,2012-11-27,#259838
Ferenc Berkes,HUN,2693,2012-12-27,#259838
Ferenc Berkes,HUN,2702,2013-01-27,#259838
Ferenc Berkes,HUN,2702,2013-02-27,#259838
Ferenc Berkes,HUN,2702,2013-03-27,#259838
Ferenc Berkes,HUN,2674,2013-04-27,#259838
Ferenc Berkes,HUN,2688,2013-05-27,#259838
Ferenc Berkes,HUN,2687,2013-06-27,#259838
Ferenc Berkes,HUN,2687,2013-07-27,#259838
Ferenc Berkes,HUN,2678,2013-08-27,#259838
Ferenc Berkes,HUN,2678,2013-09-27,#259838
Ferenc Berkes,HUN,2673,2013-10-27,#259838
Ferenc Berkes,HUN,2674,2013-11-27,#259838
Ferenc Berkes,HUN,2677,2013-12-27,#259838
Ferenc Berkes,HUN,2680,2014-01-27,#259838
Ferenc Berkes,HUN,2680,2014-02-27,#259838
Ferenc Berkes,HUN,2687,2014-03-27,#259838
Ferenc Berkes,HUN,2680,2014-04-27,#259838
Ferenc Berkes,HUN,2665,2014-05-27,#259838
Ferenc Berkes,HUN,2665,2014-06-27,#259838
Ferenc Berkes,HUN,2658,2014-07-27,#259838
Ferenc Berkes,HUN,2658,2014-08-27,#259838
Ferenc Berkes,HUN,2668,2014-10-27,#259838
Ferenc Berkes,HUN,2669,2014-11-27,#259838
Ferenc Berkes,HUN,2669,2014-12-27,#259838
Ferenc Berkes,HUN,2664,2015-01-27,#259838
Ferenc Berkes,HUN,2666,2015-02-27,#259838
Ferenc Berkes,HUN,2664,2015-03-27,#259838
Ferenc Berkes,HUN,2661,2015-04-27,#259838
Ferenc Berkes,HUN,2664,2015-05-27,#259838
Ferenc Berkes,HUN,2664,2015-06-27,#259838
Ferenc Berkes,HUN,2664,2015-07-27,#259838
Ferenc Berkes,HUN,2659,2015-08-27,#259838
Ferenc Berkes,HUN,2654,2017-05-27,#259838
Francisco Vallejo Pons,ESP,2717,2017-07-27,#ffc50a
Francisco Vallejo Pons,ESP,2717,2017-08-27,#ffc50a
Francisco Vallejo Pons,ESP,2717,2017-09-27,#ffc50a
Francisco Vallejo Pons,ESP,2714,2017-10-27,#ffc50a
Francisco Vallejo Pons,ESP,2705,2017-11-27,#ffc50a
Francisco Vallejo Pons,ESP,2707,2017-12-27,#ffc50a
Francisco Vallejo Pons,ESP,2718,2018-01-27,#ffc50a
Francisco Vallejo Pons,ESP,2718,2018-02-27,#ffc50a
Francisco Vallejo Pons,ESP,2716,2018-03-27,#ffc50a
Francisco Vallejo Pons,ESP,2705,2018-04-27,#ffc50a
Francisco Vallejo Pons,ESP,2709,2018-05-27,#ffc50a
Francisco Vallejo Pons,ESP,2707,2018-06-27,#ffc50a
Francisco Vallejo Pons,ESP,2707,2018-07-27,#ffc50a
Francisco Vallejo Pons,ESP,2707,2018-08-27,#ffc50a
Francisco Vallejo Pons,ESP,2713,2018-09-27,#ffc50a
Francisco Vallejo Pons,ESP,2713,2018-10-27,#ffc50a
Francisco Vallejo Pons,ESP,2694,2018-11-27,#ffc50a
Francisco Vallejo Pons,ESP,2695,2018-12-27,#ffc50a
Francisco Vallejo Pons,ESP,2698,2019-01-27,#ffc50a
Francisco Vallejo Pons,ESP,2698,2019-02-24,#ffc50a
Francisco Vallejo Pons,ESP,2630,2001-07-27,#ffc50a
Francisco Vallejo Pons,ESP,2630,2001-10-27,#ffc50a
Francisco Vallejo Pons,ESP,2629,2002-01-27,#ffc50a
Francisco Vallejo Pons,ESP,2638,2002-04-27,#ffc50a
Francisco Vallejo Pons,ESP,2652,2002-07-27,#ffc50a
Francisco Vallejo Pons,ESP,2635,2002-10-27,#ffc50a
Francisco Vallejo Pons,ESP,2629,2003-01-27,#ffc50a
Francisco Vallejo Pons,ESP,2645,2003-04-27,#ffc50a
Francisco Vallejo Pons,ESP,2662,2003-07-27,#ffc50a
Francisco Vallejo Pons,ESP,2662,2003-10-27,#ffc50a
Francisco Vallejo Pons,ESP,2663,2004-01-27,#ffc50a
Francisco Vallejo Pons,ESP,2666,2004-04-27,#ffc50a
Francisco Vallejo Pons,ESP,2679,2004-07-27,#ffc50a
Francisco Vallejo Pons,ESP,2678,2004-10-27,#ffc50a
Francisco Vallejo Pons,ESP,2686,2005-01-27,#ffc50a
Francisco Vallejo Pons,ESP,2677,2005-04-27,#ffc50a
Francisco Vallejo Pons,ESP,2681,2005-07-27,#ffc50a
Francisco Vallejo Pons,ESP,2674,2005-10-27,#ffc50a
Francisco Vallejo Pons,ESP,2650,2006-01-27,#ffc50a
Francisco Vallejo Pons,ESP,2666,2006-04-27,#ffc50a
Francisco Vallejo Pons,ESP,2674,2006-07-27,#ffc50a
Francisco Vallejo Pons,ESP,2674,2006-10-27,#ffc50a
Francisco Vallejo Pons,ESP,2679,2007-01-27,#ffc50a
Francisco Vallejo Pons,ESP,2676,2007-04-27,#ffc50a
Francisco Vallejo Pons,ESP,2666,2007-07-27,#ffc50a
Francisco Vallejo Pons,ESP,2660,2007-10-27,#ffc50a
Francisco Vallejo Pons,ESP,2675,2008-01-27,#ffc50a
Francisco Vallejo Pons,ESP,2684,2008-04-27,#ffc50a
Francisco Vallejo Pons,ESP,2650,2008-07-27,#ffc50a
Francisco Vallejo Pons,ESP,2664,2008-10-27,#ffc50a
Francisco Vallejo Pons,ESP,2702,2009-01-27,#ffc50a
Francisco Vallejo Pons,ESP,2688,2009-04-27,#ffc50a
Francisco Vallejo Pons,ESP,2693,2009-07-27,#ffc50a
Francisco Vallejo Pons,ESP,2696,2009-09-27,#ffc50a
Francisco Vallejo Pons,ESP,2711,2009-11-27,#ffc50a
Francisco Vallejo Pons,ESP,2705,2010-01-27,#ffc50a
Francisco Vallejo Pons,ESP,2708,2010-03-27,#ffc50a
Francisco Vallejo Pons,ESP,2703,2010-05-27,#ffc50a
Francisco Vallejo Pons,ESP,2697,2010-07-27,#ffc50a
Francisco Vallejo Pons,ESP,2697,2010-09-27,#ffc50a
Francisco Vallejo Pons,ESP,2698,2010-11-27,#ffc50a
Francisco Vallejo Pons,ESP,2698,2011-01-27,#ffc50a
Francisco Vallejo Pons,ESP,2707,2011-03-27,#ffc50a
Francisco Vallejo Pons,ESP,2722,2011-05-27,#ffc50a
Francisco Vallejo Pons,ESP,2724,2011-07-27,#ffc50a
Francisco Vallejo Pons,ESP,2716,2011-09-27,#ffc50a
Francisco Vallejo Pons,ESP,2705,2011-11-27,#ffc50a
Francisco Vallejo Pons,ESP,2705,2012-01-27,#ffc50a
Francisco Vallejo Pons,ESP,2693,2012-03-27,#ffc50a
Francisco Vallejo Pons,ESP,2697,2012-05-27,#ffc50a
Francisco Vallejo Pons,ESP,2697,2012-07-27,#ffc50a
Francisco Vallejo Pons,ESP,2697,2012-08-27,#ffc50a
Francisco Vallejo Pons,ESP,2697,2012-09-27,#ffc50a
Francisco Vallejo Pons,ESP,2700,2012-10-27,#ffc50a
Francisco Vallejo Pons,ESP,2694,2012-11-27,#ffc50a
Francisco Vallejo Pons,ESP,2694,2012-12-27,#ffc50a
Francisco Vallejo Pons,ESP,2694,2013-01-27,#ffc50a
Francisco Vallejo Pons,ESP,2694,2013-02-27,#ffc50a
Francisco Vallejo Pons,ESP,2694,2013-03-27,#ffc50a
Francisco Vallejo Pons,ESP,2694,2013-04-27,#ffc50a
Francisco Vallejo Pons,ESP,2695,2013-05-27,#ffc50a
Francisco Vallejo Pons,ESP,2706,2013-06-27,#ffc50a
Francisco Vallejo Pons,ESP,2706,2013-07-27,#ffc50a
Francisco Vallejo Pons,ESP,2706,2013-08-27,#ffc50a
Francisco Vallejo Pons,ESP,2706,2013-09-27,#ffc50a
Francisco Vallejo Pons,ESP,2705,2013-10-27,#ffc50a
Francisco Vallejo Pons,ESP,2705,2013-11-27,#ffc50a
Francisco Vallejo Pons,ESP,2705,2013-12-27,#ffc50a
Francisco Vallejo Pons,ESP,2707,2014-01-27,#ffc50a
Francisco Vallejo Pons,ESP,2707,2014-02-27,#ffc50a
Francisco Vallejo Pons,ESP,2697,2014-03-27,#ffc50a
Francisco Vallejo Pons,ESP,2693,2014-04-27,#ffc50a
Francisco Vallejo Pons,ESP,2700,2014-05-27,#ffc50a
Francisco Vallejo Pons,ESP,2698,2014-06-27,#ffc50a
Francisco Vallejo Pons,ESP,2698,2014-07-27,#ffc50a
Francisco Vallejo Pons,ESP,2698,2014-08-27,#ffc50a
Francisco Vallejo Pons,ESP,2712,2014-09-27,#ffc50a
Francisco Vallejo Pons,ESP,2716,2014-10-27,#ffc50a
Francisco Vallejo Pons,ESP,2711,2014-11-27,#ffc50a
Francisco Vallejo Pons,ESP,2705,2014-12-27,#ffc50a
Francisco Vallejo Pons,ESP,2706,2015-01-27,#ffc50a
Francisco Vallejo Pons,ESP,2706,2015-02-27,#ffc50a
Francisco Vallejo Pons,ESP,2708,2015-03-27,#ffc50a
Francisco Vallejo Pons,ESP,2696,2015-04-27,#ffc50a
Francisco Vallejo Pons,ESP,2686,2015-05-27,#ffc50a
Francisco Vallejo Pons,ESP,2686,2015-06-27,#ffc50a
Francisco Vallejo Pons,ESP,2686,2015-07-27,#ffc50a
Francisco Vallejo Pons,ESP,2686,2015-08-27,#ffc50a
Francisco Vallejo Pons,ESP,2689,2015-09-27,#ffc50a
Francisco Vallejo Pons,ESP,2684,2015-10-27,#ffc50a
Francisco Vallejo Pons,ESP,2684,2015-11-27,#ffc50a
Francisco Vallejo Pons,ESP,2676,2015-12-27,#ffc50a
Francisco Vallejo Pons,ESP,2675,2016-01-27,#ffc50a
Francisco Vallejo Pons,ESP,2675,2016-02-27,#ffc50a
Francisco Vallejo Pons,ESP,2677,2016-03-27,#ffc50a
Francisco Vallejo Pons,ESP,2691,2016-04-27,#ffc50a
Francisco Vallejo Pons,ESP,2700,2016-05-27,#ffc50a
Francisco Vallejo Pons,ESP,2711,2016-06-27,#ffc50a
Francisco Vallejo Pons,ESP,2713,2016-07-27,#ffc50a
Francisco Vallejo Pons,ESP,2713,2016-08-27,#ffc50a
Francisco Vallejo Pons,ESP,2716,2016-09-27,#ffc50a
Francisco Vallejo Pons,ESP,2711,2016-10-27,#ffc50a
Francisco Vallejo Pons,ESP,2716,2016-11-27,#ffc50a
Francisco Vallejo Pons,ESP,2711,2016-12-27,#ffc50a
Francisco Vallejo Pons,ESP,2709,2017-01-27,#ffc50a
Francisco Vallejo Pons,ESP,2709,2017-02-27,#ffc50a
Francisco Vallejo Pons,ESP,2710,2017-03-27,#ffc50a
Francisco Vallejo Pons,ESP,2710,2017-04-27,#ffc50a
Francisco Vallejo Pons,ESP,2710,2017-05-27,#ffc50a
Francisco Vallejo Pons,ESP,2717,2017-06-27,#ffc50a
Friso Nijboer,NED,2641,2006-10-27,#ff9a14
Friso Nijboer,NED,2638,2007-01-27,#ff9a14
Gabriel Sargissian,ARM,2652,2017-07-27,#dbb300
Gabriel Sargissian,ARM,2652,2017-08-27,#dbb300
Gabriel Sargissian,ARM,2652,2017-09-27,#dbb300
Gabriel Sargissian,ARM,2657,2017-10-27,#dbb300
Gabriel Sargissian,ARM,2655,2017-11-27,#dbb300
Gabriel Sargissian,ARM,2672,2017-12-27,#dbb300
Gabriel Sargissian,ARM,2677,2018-01-27,#dbb300
Gabriel Sargissian,ARM,2677,2018-02-27,#dbb300
Gabriel Sargissian,ARM,2677,2018-03-27,#dbb300
Gabriel Sargissian,ARM,2680,2018-04-27,#dbb300
Gabriel Sargissian,ARM,2680,2018-05-27,#dbb300
Gabriel Sargissian,ARM,2680,2018-06-27,#dbb300
Gabriel Sargissian,ARM,2680,2018-07-27,#dbb300
Gabriel Sargissian,ARM,2680,2018-08-27,#dbb300
Gabriel Sargissian,ARM,2691,2018-09-27,#dbb300
Gabriel Sargissian,ARM,2691,2018-10-27,#dbb300
Gabriel Sargissian,ARM,2689,2018-11-27,#dbb300
Gabriel Sargissian,ARM,2689,2018-12-27,#dbb300
Gabriel Sargissian,ARM,2689,2019-01-27,#dbb300
Gabriel Sargissian,ARM,2689,2019-02-24,#dbb300
Gabriel Sargissian,ARM,2614,2003-10-27,#dbb300
Gabriel Sargissian,ARM,2618,2004-01-27,#dbb300
Gabriel Sargissian,ARM,2614,2004-04-27,#dbb300
Gabriel Sargissian,ARM,2617,2004-07-27,#dbb300
Gabriel Sargissian,ARM,2611,2004-10-27,#dbb300
Gabriel Sargissian,ARM,2630,2005-04-27,#dbb300
Gabriel Sargissian,ARM,2667,2006-07-27,#dbb300
Gabriel Sargissian,ARM,2667,2006-10-27,#dbb300
Gabriel Sargissian,ARM,2658,2007-01-27,#dbb300
Gabriel Sargissian,ARM,2651,2007-04-27,#dbb300
Gabriel Sargissian,ARM,2667,2007-07-27,#dbb300
Gabriel Sargissian,ARM,2673,2007-10-27,#dbb300
Gabriel Sargissian,ARM,2676,2008-01-27,#dbb300
Gabriel Sargissian,ARM,2643,2008-04-27,#dbb300
Gabriel Sargissian,ARM,2660,2008-07-27,#dbb300
Gabriel Sargissian,ARM,2642,2008-10-27,#dbb300
Gabriel Sargissian,ARM,2677,2009-01-27,#dbb300
Gabriel Sargissian,ARM,2660,2009-04-27,#dbb300
Gabriel Sargissian,ARM,2667,2009-07-27,#dbb300
Gabriel Sargissian,ARM,2678,2009-09-27,#dbb300
Gabriel Sargissian,ARM,2676,2009-11-27,#dbb300
Gabriel Sargissian,ARM,2680,2010-01-27,#dbb300
Gabriel Sargissian,ARM,2675,2010-03-27,#dbb300
Gabriel Sargissian,ARM,2677,2010-05-27,#dbb300
Gabriel Sargissian,ARM,2673,2010-07-27,#dbb300
Gabriel Sargissian,ARM,2677,2010-09-27,#dbb300
Gabriel Sargissian,ARM,2667,2010-11-27,#dbb300
Gabriel Sargissian,ARM,2667,2011-01-27,#dbb300
Gabriel Sargissian,ARM,2676,2011-03-27,#dbb300
Gabriel Sargissian,ARM,2663,2011-05-27,#dbb300
Gabriel Sargissian,ARM,2663,2011-07-27,#dbb300
Gabriel Sargissian,ARM,2658,2011-09-27,#dbb300
Gabriel Sargissian,ARM,2671,2011-11-27,#dbb300
Gabriel Sargissian,ARM,2683,2012-01-27,#dbb300
Gabriel Sargissian,ARM,2674,2012-03-27,#dbb300
Gabriel Sargissian,ARM,2679,2012-05-27,#dbb300
Gabriel Sargissian,ARM,2685,2012-07-27,#dbb300
Gabriel Sargissian,ARM,2693,2012-08-27,#dbb300
Gabriel Sargissian,ARM,2693,2012-09-27,#dbb300
Gabriel Sargissian,ARM,2692,2012-10-27,#dbb300
Gabriel Sargissian,ARM,2679,2012-11-27,#dbb300
Gabriel Sargissian,ARM,2666,2012-12-27,#dbb300
Gabriel Sargissian,ARM,2666,2013-01-27,#dbb300
Gabriel Sargissian,ARM,2666,2013-02-27,#dbb300
Gabriel Sargissian,ARM,2666,2013-03-27,#dbb300
Gabriel Sargissian,ARM,2666,2013-04-27,#dbb300
Gabriel Sargissian,ARM,2667,2013-05-27,#dbb300
Gabriel Sargissian,ARM,2671,2013-06-27,#dbb300
Gabriel Sargissian,ARM,2671,2013-07-27,#dbb300
Gabriel Sargissian,ARM,2671,2013-08-27,#dbb300
Gabriel Sargissian,ARM,2671,2013-09-27,#dbb300
Gabriel Sargissian,ARM,2676,2013-10-27,#dbb300
Gabriel Sargissian,ARM,2676,2013-11-27,#dbb300
Gabriel Sargissian,ARM,2675,2013-12-27,#dbb300
Gabriel Sargissian,ARM,2671,2014-01-27,#dbb300
Gabriel Sargissian,ARM,2671,2014-02-27,#dbb300
Gabriel Sargissian,ARM,2676,2014-03-27,#dbb300
Gabriel Sargissian,ARM,2684,2014-04-27,#dbb300
Gabriel Sargissian,ARM,2684,2014-05-27,#dbb300
Gabriel Sargissian,ARM,2686,2014-06-27,#dbb300
Gabriel Sargissian,ARM,2686,2014-07-27,#dbb300
Gabriel Sargissian,ARM,2686,2014-08-27,#dbb300
Gabriel Sargissian,ARM,2691,2014-09-27,#dbb300
Gabriel Sargissian,ARM,2690,2014-10-27,#dbb300
Gabriel Sargissian,ARM,2687,2014-11-27,#dbb300
Gabriel Sargissian,ARM,2687,2014-12-27,#dbb300
Gabriel Sargissian,ARM,2668,2015-01-27,#dbb300
Gabriel Sargissian,ARM,2668,2015-02-27,#dbb300
Gabriel Sargissian,ARM,2668,2015-03-27,#dbb300
Gabriel Sargissian,ARM,2674,2015-04-27,#dbb300
Gabriel Sargissian,ARM,2673,2015-05-27,#dbb300
Gabriel Sargissian,ARM,2673,2015-06-27,#dbb300
Gabriel Sargissian,ARM,2673,2015-07-27,#dbb300
Gabriel Sargissian,ARM,2673,2015-08-27,#dbb300
Gabriel Sargissian,ARM,2679,2015-09-27,#dbb300
Gabriel Sargissian,ARM,2679,2015-10-27,#dbb300
Gabriel Sargissian,ARM,2689,2015-11-27,#dbb300
Gabriel Sargissian,ARM,2702,2015-12-27,#dbb300
Gabriel Sargissian,ARM,2702,2016-01-27,#dbb300
Gabriel Sargissian,ARM,2702,2016-02-27,#dbb300
Gabriel Sargissian,ARM,2702,2016-03-27,#dbb300
Gabriel Sargissian,ARM,2693,2016-04-27,#dbb300
Gabriel Sargissian,ARM,2689,2016-05-27,#dbb300
Gabriel Sargissian,ARM,2679,2016-06-27,#dbb300
Gabriel Sargissian,ARM,2679,2016-07-27,#dbb300
Gabriel Sargissian,ARM,2670,2016-08-27,#dbb300
Gabriel Sargissian,ARM,2670,2016-09-27,#dbb300
Gabriel Sargissian,ARM,2670,2016-10-27,#dbb300
Gabriel Sargissian,ARM,2667,2016-11-27,#dbb300
Gabriel Sargissian,ARM,2667,2016-12-27,#dbb300
Gabriel Sargissian,ARM,2667,2017-01-27,#dbb300
Gabriel Sargissian,ARM,2666,2017-02-27,#dbb300
Gabriel Sargissian,ARM,2666,2017-03-27,#dbb300
Gabriel Sargissian,ARM,2666,2017-04-27,#dbb300
Gadir Guseinov,AZE,2654,2017-07-27,#00c0d6
Gadir Guseinov,AZE,2654,2017-08-27,#00c0d6
Gadir Guseinov,AZE,2654,2018-04-27,#00c0d6
Gadir Guseinov,AZE,2654,2018-05-27,#00c0d6
Gadir Guseinov,AZE,2654,2018-06-27,#00c0d6
Gadir Guseinov,AZE,2654,2018-07-27,#00c0d6
Gadir Guseinov,AZE,2665,2018-08-27,#00c0d6
Gadir Guseinov,AZE,2667,2018-09-27,#00c0d6
Gadir Guseinov,AZE,2667,2018-10-27,#00c0d6
Gadir Guseinov,AZE,2664,2018-11-27,#00c0d6
Gadir Guseinov,AZE,2664,2018-12-27,#00c0d6
Gadir Guseinov,AZE,2664,2019-01-27,#00c0d6
Gadir Guseinov,AZE,2664,2019-02-24,#00c0d6
Gadir Guseinov,AZE,2643,2008-07-27,#00c0d6
Gadir Guseinov,AZE,2650,2008-10-27,#00c0d6
Gadir Guseinov,AZE,2661,2009-01-27,#00c0d6
Gadir Guseinov,AZE,2659,2009-04-27,#00c0d6
Gadir Guseinov,AZE,2664,2009-07-27,#00c0d6
Gadir Guseinov,AZE,2667,2009-09-27,#00c0d6
Garry Kasparov,RUS,2849,2000-07-27,#D52B1E
Garry Kasparov,RUS,2849,2000-10-27,#D52B1E
Garry Kasparov,RUS,2849,2001-01-27,#D52B1E
Garry Kasparov,RUS,2827,2001-04-27,#D52B1E
Garry Kasparov,RUS,2838,2001-07-27,#D52B1E
Garry Kasparov,RUS,2838,2001-10-27,#D52B1E
Garry Kasparov,RUS,2838,2002-01-27,#D52B1E
Garry Kasparov,RUS,2838,2002-04-27,#D52B1E
Garry Kasparov,RUS,2838,2002-07-27,#D52B1E
Garry Kasparov,RUS,2836,2002-10-27,#D52B1E
Garry Kasparov,RUS,2847,2003-01-27,#D52B1E
Garry Kasparov,RUS,2830,2003-04-27,#D52B1E
Garry Kasparov,RUS,2830,2003-07-27,#D52B1E
Garry Kasparov,RUS,2830,2003-10-27,#D52B1E
Garry Kasparov,RUS,2831,2004-01-27,#D52B1E
Garry Kasparov,RUS,2817,2004-04-27,#D52B1E
Garry Kasparov,RUS,2817,2004-07-27,#D52B1E
Garry Kasparov,RUS,2813,2004-10-27,#D52B1E
Garry Kasparov,RUS,2804,2005-01-27,#D52B1E
Garry Kasparov,RUS,2812,2005-04-27,#D52B1E
Garry Kasparov,RUS,2812,2005-07-27,#D52B1E
Garry Kasparov,RUS,2812,2005-10-27,#D52B1E
Garry Kasparov,RUS,2812,2006-01-27,#D52B1E
Gata Kamsky,USA,2678,2017-07-27,#3c3b6e
Gata Kamsky,USA,2678,2017-08-27,#3c3b6e
Gata Kamsky,USA,2676,2017-09-27,#3c3b6e
Gata Kamsky,USA,2676,2017-10-27,#3c3b6e
Gata Kamsky,USA,2677,2017-11-27,#3c3b6e
Gata Kamsky,USA,2677,2017-12-27,#3c3b6e
Gata Kamsky,USA,2677,2018-01-27,#3c3b6e
Gata Kamsky,USA,2677,2018-02-27,#3c3b6e
Gata Kamsky,USA,2677,2018-03-27,#3c3b6e
Gata Kamsky,USA,2670,2018-04-27,#3c3b6e
Gata Kamsky,USA,2670,2018-05-27,#3c3b6e
Gata Kamsky,USA,2675,2018-06-27,#3c3b6e
Gata Kamsky,USA,2675,2018-07-27,#3c3b6e
Gata Kamsky,USA,2675,2018-08-27,#3c3b6e
Gata Kamsky,USA,2666,2018-09-27,#3c3b6e
Gata Kamsky,USA,2666,2018-10-27,#3c3b6e
Gata Kamsky,USA,2666,2018-11-27,#3c3b6e
Gata Kamsky,USA,2666,2018-12-27,#3c3b6e
Gata Kamsky,USA,2666,2019-01-27,#3c3b6e
Gata Kamsky,USA,2666,2019-02-24,#3c3b6e
Gata Kamsky,USA,2700,2005-04-27,#3c3b6e
Gata Kamsky,USA,2700,2005-07-27,#3c3b6e
Gata Kamsky,USA,2690,2005-10-27,#3c3b6e
Gata Kamsky,USA,2686,2006-01-27,#3c3b6e
Gata Kamsky,USA,2671,2006-04-27,#3c3b6e
Gata Kamsky,USA,2697,2006-07-27,#3c3b6e
Gata Kamsky,USA,2705,2006-10-27,#3c3b6e
Gata Kamsky,USA,2705,2007-01-27,#3c3b6e
Gata Kamsky,USA,2705,2007-04-27,#3c3b6e
Gata Kamsky,USA,2718,2007-07-27,#3c3b6e
Gata Kamsky,USA,2714,2007-10-27,#3c3b6e
Gata Kamsky,USA,2726,2008-01-27,#3c3b6e
Gata Kamsky,USA,2726,2008-04-27,#3c3b6e
Gata Kamsky,USA,2723,2008-07-27,#3c3b6e
Gata Kamsky,USA,2729,2008-10-27,#3c3b6e
Gata Kamsky,USA,2725,2009-01-27,#3c3b6e
Gata Kamsky,USA,2720,2009-04-27,#3c3b6e
Gata Kamsky,USA,2717,2009-07-27,#3c3b6e
Gata Kamsky,USA,2692,2009-09-27,#3c3b6e
Gata Kamsky,USA,2695,2009-11-27,#3c3b6e
Gata Kamsky,USA,2693,2010-01-27,#3c3b6e
Gata Kamsky,USA,2702,2010-03-27,#3c3b6e
Gata Kamsky,USA,2702,2010-05-27,#3c3b6e
Gata Kamsky,USA,2713,2010-07-27,#3c3b6e
Gata Kamsky,USA,2705,2010-09-27,#3c3b6e
Gata Kamsky,USA,2726,2010-11-27,#3c3b6e
Gata Kamsky,USA,2730,2011-01-27,#3c3b6e
Gata Kamsky,USA,2733,2011-03-27,#3c3b6e
Gata Kamsky,USA,2732,2011-05-27,#3c3b6e
Gata Kamsky,USA,2741,2011-07-27,#3c3b6e
Gata Kamsky,USA,2756,2011-09-27,#3c3b6e
Gata Kamsky,USA,2732,2011-11-27,#3c3b6e
Gata Kamsky,USA,2732,2012-01-27,#3c3b6e
Gata Kamsky,USA,2741,2012-03-27,#3c3b6e
Gata Kamsky,USA,2741,2012-05-27,#3c3b6e
Gata Kamsky,USA,2744,2012-07-27,#3c3b6e
Gata Kamsky,USA,2746,2012-08-27,#3c3b6e
Gata Kamsky,USA,2746,2012-09-27,#3c3b6e
Gata Kamsky,USA,2755,2012-10-27,#3c3b6e
Gata Kamsky,USA,2762,2012-11-27,#3c3b6e
Gata Kamsky,USA,2762,2012-12-27,#3c3b6e
Gata Kamsky,USA,2740,2013-01-27,#3c3b6e
Gata Kamsky,USA,2740,2013-02-27,#3c3b6e
Gata Kamsky,USA,2741,2013-03-27,#3c3b6e
Gata Kamsky,USA,2741,2013-04-27,#3c3b6e
Gata Kamsky,USA,2741,2013-05-27,#3c3b6e
Gata Kamsky,USA,2741,2013-06-27,#3c3b6e
Gata Kamsky,USA,2763,2013-07-27,#3c3b6e
Gata Kamsky,USA,2741,2013-08-27,#3c3b6e
Gata Kamsky,USA,2741,2013-09-27,#3c3b6e
Gata Kamsky,USA,2725,2013-10-27,#3c3b6e
Gata Kamsky,USA,2721,2013-11-27,#3c3b6e
Gata Kamsky,USA,2721,2013-12-27,#3c3b6e
Gata Kamsky,USA,2709,2014-01-27,#3c3b6e
Gata Kamsky,USA,2709,2014-02-27,#3c3b6e
Gata Kamsky,USA,2709,2014-03-27,#3c3b6e
Gata Kamsky,USA,2714,2014-04-27,#3c3b6e
Gata Kamsky,USA,2713,2014-05-27,#3c3b6e
Gata Kamsky,USA,2712,2014-06-27,#3c3b6e
Gata Kamsky,USA,2717,2014-07-27,#3c3b6e
Gata Kamsky,USA,2706,2014-08-27,#3c3b6e
Gata Kamsky,USA,2681,2014-09-27,#3c3b6e
Gata Kamsky,USA,2677,2014-10-27,#3c3b6e
Gata Kamsky,USA,2676,2014-11-27,#3c3b6e
Gata Kamsky,USA,2681,2014-12-27,#3c3b6e
Gata Kamsky,USA,2676,2015-01-27,#3c3b6e
Gata Kamsky,USA,2671,2015-02-27,#3c3b6e
Gata Kamsky,USA,2683,2015-03-27,#3c3b6e
Gata Kamsky,USA,2680,2015-04-27,#3c3b6e
Gata Kamsky,USA,2673,2015-05-27,#3c3b6e
Gata Kamsky,USA,2669,2015-06-27,#3c3b6e
Gata Kamsky,USA,2672,2015-07-27,#3c3b6e
Gata Kamsky,USA,2670,2015-08-27,#3c3b6e
Gata Kamsky,USA,2691,2015-09-27,#3c3b6e
Gata Kamsky,USA,2680,2015-10-27,#3c3b6e
Gata Kamsky,USA,2681,2015-11-27,#3c3b6e
Gata Kamsky,USA,2669,2015-12-27,#3c3b6e
Gata Kamsky,USA,2665,2016-01-27,#3c3b6e
Gata Kamsky,USA,2667,2016-02-27,#3c3b6e
Gata Kamsky,USA,2673,2016-03-27,#3c3b6e
Gata Kamsky,USA,2678,2016-04-27,#3c3b6e
Gata Kamsky,USA,2670,2016-05-27,#3c3b6e
Gata Kamsky,USA,2675,2016-06-27,#3c3b6e
Gata Kamsky,USA,2660,2016-07-27,#3c3b6e
Gata Kamsky,USA,2661,2016-12-27,#3c3b6e
Gata Kamsky,USA,2666,2017-01-27,#3c3b6e
Gata Kamsky,USA,2669,2017-02-27,#3c3b6e
Gata Kamsky,USA,2659,2017-03-27,#3c3b6e
Gata Kamsky,USA,2668,2017-04-27,#3c3b6e
Gata Kamsky,USA,2676,2017-05-27,#3c3b6e
Gata Kamsky,USA,2678,2017-06-27,#3c3b6e
Gawain C B Jones,ENG,2660,2017-07-27,#b32100
Gawain C B Jones,ENG,2660,2017-08-27,#b32100
Gawain C B Jones,ENG,2668,2017-09-27,#b32100
Gawain C B Jones,ENG,2662,2017-10-27,#b32100
Gawain C B Jones,ENG,2659,2017-11-27,#b32100
Gawain C B Jones,ENG,2654,2017-12-27,#b32100
Gawain C B Jones,ENG,2675,2018-04-27,#b32100
Gawain C B Jones,ENG,2667,2018-05-27,#b32100
Gawain C B Jones,ENG,2670,2018-06-27,#b32100
Gawain C B Jones,ENG,2670,2018-07-27,#b32100
Gawain C B Jones,ENG,2666,2018-08-27,#b32100
Gawain C B Jones,ENG,2677,2018-09-27,#b32100
Gawain C B Jones,ENG,2677,2018-10-27,#b32100
Gawain C B Jones,ENG,2683,2018-11-27,#b32100
Gawain C B Jones,ENG,2682,2018-12-27,#b32100
Gawain C B Jones,ENG,2691,2019-01-27,#b32100
Gawain C B Jones,ENG,2689,2019-02-24,#b32100
Gawain C B Jones,ENG,2653,2012-01-27,#b32100
Gawain C B Jones,ENG,2657,2012-05-27,#b32100
Gawain C B Jones,ENG,2653,2012-08-27,#b32100
Gawain C B Jones,ENG,2658,2012-09-27,#b32100
Gawain C B Jones,ENG,2653,2013-03-27,#b32100
Gawain C B Jones,ENG,2654,2013-04-27,#b32100
Gawain C B Jones,ENG,2654,2013-12-27,#b32100
Gawain C B Jones,ENG,2654,2014-01-27,#b32100
Gawain C B Jones,ENG,2651,2014-03-27,#b32100
Gawain C B Jones,ENG,2654,2014-06-27,#b32100
Gawain C B Jones,ENG,2665,2014-07-27,#b32100
Gawain C B Jones,ENG,2665,2014-08-27,#b32100
Gawain C B Jones,ENG,2664,2014-09-27,#b32100
Gawain C B Jones,ENG,2664,2014-10-27,#b32100
Gawain C B Jones,ENG,2661,2014-11-27,#b32100
Gawain C B Jones,ENG,2661,2014-12-27,#b32100
Gawain C B Jones,ENG,2671,2015-01-27,#b32100
Gawain C B Jones,ENG,2670,2015-02-27,#b32100
Gawain C B Jones,ENG,2657,2016-05-27,#b32100
Gawain C B Jones,ENG,2663,2016-11-27,#b32100
Gawain C B Jones,ENG,2667,2016-12-27,#b32100
Gawain C B Jones,ENG,2665,2017-01-27,#b32100
Gawain C B Jones,ENG,2677,2017-02-27,#b32100
Gawain C B Jones,ENG,2676,2017-03-27,#b32100
Gawain C B Jones,ENG,2671,2017-04-27,#b32100
Gawain C B Jones,ENG,2654,2017-05-27,#b32100
Georg Meier,GER,2655,2017-10-27,#FFFFFFF
Georg Meier,GER,2641,2009-04-27,#FFFFFFF
Georg Meier,GER,2658,2009-07-27,#FFFFFFF
Georg Meier,GER,2664,2009-09-27,#FFFFFFF
Georg Meier,GER,2653,2009-11-27,#FFFFFFF
Georg Meier,GER,2658,2010-01-27,#FFFFFFF
Georg Meier,GER,2663,2010-03-27,#FFFFFFF
Georg Meier,GER,2648,2010-07-27,#FFFFFFF
Georg Meier,GER,2659,2010-09-27,#FFFFFFF
Georg Meier,GER,2656,2010-11-27,#FFFFFFF
Georg Meier,GER,2667,2011-01-27,#FFFFFFF
Georg Meier,GER,2669,2011-03-27,#FFFFFFF
Georg Meier,GER,2650,2011-05-27,#FFFFFFF
Georg Meier,GER,2656,2011-07-27,#FFFFFFF
Georg Meier,GER,2648,2011-09-27,#FFFFFFF
Georg Meier,GER,2659,2011-11-27,#FFFFFFF
Georg Meier,GER,2671,2012-01-27,#FFFFFFF
Georg Meier,GER,2656,2012-09-27,#FFFFFFF
Georg Meier,GER,2652,2013-03-27,#FFFFFFF
Georg Meier,GER,2652,2013-04-27,#FFFFFFF
Georg Meier,GER,2655,2013-05-27,#FFFFFFF
Georg Meier,GER,2652,2015-03-27,#FFFFFFF
Georg Meier,GER,2653,2015-04-27,#FFFFFFF
Georg Meier,GER,2654,2015-05-27,#FFFFFFF
Georg Meier,GER,2654,2015-06-27,#FFFFFFF
Georg Meier,GER,2654,2015-07-27,#FFFFFFF
Georg Meier,GER,2656,2015-09-27,#FFFFFFF
Georg Meier,GER,2654,2015-10-27,#FFFFFFF
Georg Meier,GER,2654,2015-11-27,#FFFFFFF
Georg Meier,GER,2660,2015-12-27,#FFFFFFF
Georg Meier,GER,2660,2016-01-27,#FFFFFFF
Georg Meier,GER,2660,2016-02-27,#FFFFFFF
Georg Meier,GER,2664,2016-03-27,#FFFFFFF
Georg Meier,GER,2659,2016-04-27,#FFFFFFF
Georg Meier,GER,2656,2016-05-27,#FFFFFFF
Georg Meier,GER,2657,2016-06-27,#FFFFFFF
Georg Meier,GER,2657,2016-07-27,#FFFFFFF
Georg Meier,GER,2657,2016-08-27,#FFFFFFF
Georg Meier,GER,2654,2016-09-27,#FFFFFFF
Gilberto Milos,BRA,2633,2000-07-27,#FFFFFFF
Gilberto Milos,BRA,2644,2000-10-27,#FFFFFFF
Gilberto Milos,BRA,2608,2001-01-27,#FFFFFFF
Gilberto Milos,BRA,2608,2001-04-27,#FFFFFFF
Gilberto Milos,BRA,2614,2001-07-27,#FFFFFFF
Gilberto Milos,BRA,2610,2001-10-27,#FFFFFFF
Gilberto Milos,BRA,2620,2005-10-27,#FFFFFFF
Giorgi Giorgadze,GEO,2599,2000-07-27,#FF0000
Giorgi Giorgadze,GEO,2599,2000-10-27,#FF0000
Giorgi Giorgadze,GEO,2601,2002-10-27,#FF0000
Giorgi Giorgadze,GEO,2601,2003-01-27,#FF0000
Giorgi Giorgadze,GEO,2612,2003-07-27,#FF0000
Giorgi Giorgadze,GEO,2612,2003-10-27,#FF0000
Giorgi Giorgadze,GEO,2612,2004-01-27,#FF0000
Giorgi Giorgadze,GEO,2612,2004-04-27,#FF0000
Giovanni Vescovi,BRA,2611,2002-04-27,#FFFFFFF
Giovanni Vescovi,BRA,2611,2002-07-27,#FFFFFFF
Giovanni Vescovi,BRA,2614,2002-10-27,#FFFFFFF
Giovanni Vescovi,BRA,2615,2003-04-27,#FFFFFFF
Giovanni Vescovi,BRA,2618,2003-07-27,#FFFFFFF
Giovanni Vescovi,BRA,2633,2003-10-27,#FFFFFFF
Giovanni Vescovi,BRA,2633,2004-01-27,#FFFFFFF
Giovanni Vescovi,BRA,2648,2004-04-27,#FFFFFFF
Giovanni Vescovi,BRA,2648,2004-07-27,#FFFFFFF
Giovanni Vescovi,BRA,2645,2004-10-27,#FFFFFFF
Giovanni Vescovi,BRA,2645,2005-01-27,#FFFFFFF
Giovanni Vescovi,BRA,2640,2005-04-27,#FFFFFFF
Giovanni Vescovi,BRA,2640,2005-07-27,#FFFFFFF
Giovanni Vescovi,BRA,2646,2005-10-27,#FFFFFFF
Giovanni Vescovi,BRA,2633,2006-01-27,#FFFFFFF
Giovanni Vescovi,BRA,2622,2006-04-27,#FFFFFFF
Giovanni Vescovi,BRA,2619,2006-07-27,#FFFFFFF
Giovanni Vescovi,BRA,2631,2008-07-27,#FFFFFFF
Giovanni Vescovi,BRA,2635,2008-10-27,#FFFFFFF
Giovanni Vescovi,BRA,2635,2009-01-27,#FFFFFFF
Giovanni Vescovi,BRA,2648,2009-11-27,#FFFFFFF
Giovanni Vescovi,BRA,2660,2010-01-27,#FFFFFFF
Gregory S Kaidanov,USA,2624,2000-07-27,#3c3b6e
Gregory S Kaidanov,USA,2619,2000-10-27,#3c3b6e
Gregory S Kaidanov,USA,2607,2001-01-27,#3c3b6e
Gregory S Kaidanov,USA,2601,2001-04-27,#3c3b6e
Gregory S Kaidanov,USA,2605,2001-07-27,#3c3b6e
Gregory S Kaidanov,USA,2605,2001-10-27,#3c3b6e
Gregory S Kaidanov,USA,2596,2002-01-27,#3c3b6e
Gregory S Kaidanov,USA,2616,2002-04-27,#3c3b6e
Gregory S Kaidanov,USA,2638,2002-07-27,#3c3b6e
Gregory S Kaidanov,USA,2646,2002-10-27,#3c3b6e
Gregory S Kaidanov,USA,2629,2003-01-27,#3c3b6e
Gregory S Kaidanov,USA,2640,2003-04-27,#3c3b6e
Gregory S Kaidanov,USA,2638,2003-07-27,#3c3b6e
Gregory S Kaidanov,USA,2624,2003-10-27,#3c3b6e
Gregory S Kaidanov,USA,2623,2004-01-27,#3c3b6e
Gregory S Kaidanov,USA,2621,2004-04-27,#3c3b6e
Gregory S Kaidanov,USA,2621,2004-07-27,#3c3b6e
Gregory S Kaidanov,USA,2611,2004-10-27,#3c3b6e
Gregory S Kaidanov,USA,2629,2005-01-27,#3c3b6e
Grzegorz Gajewski,POL,2650,2013-03-27,#DC143C
Grzegorz Gajewski,POL,2653,2013-04-27,#DC143C
Grzegorz Gajewski,POL,2653,2013-05-27,#DC143C
Grzegorz Gajewski,POL,2653,2013-07-27,#DC143C
Grzegorz Gajewski,POL,2659,2014-07-27,#DC143C
Grzegorz Gajewski,POL,2659,2014-08-27,#DC143C
Grzegorz Gajewski,POL,2654,2015-10-27,#DC143C
Hannes Stefansson,ISL,2604,2002-01-27,#FFFFFFF
Hannes Stefansson,ISL,2598,2002-04-27,#FFFFFFF
Hao Wang,CHN,2702,2017-07-27,#e02a00
Hao Wang,CHN,2702,2017-08-27,#e02a00
Hao Wang,CHN,2701,2017-09-27,#e02a00
Hao Wang,CHN,2706,2017-10-27,#e02a00
Hao Wang,CHN,2706,2017-11-27,#e02a00
Hao Wang,CHN,2709,2017-12-27,#e02a00
Hao Wang,CHN,2711,2018-01-27,#e02a00
Hao Wang,CHN,2712,2018-02-27,#e02a00
Hao Wang,CHN,2713,2018-03-27,#e02a00
Hao Wang,CHN,2707,2018-04-27,#e02a00
Hao Wang,CHN,2710,2018-05-27,#e02a00
Hao Wang,CHN,2710,2018-06-27,#e02a00
Hao Wang,CHN,2711,2018-07-27,#e02a00
Hao Wang,CHN,2711,2018-08-27,#e02a00
Hao Wang,CHN,2714,2018-09-27,#e02a00
Hao Wang,CHN,2722,2018-10-27,#e02a00
Hao Wang,CHN,2730,2018-11-27,#e02a00
Hao Wang,CHN,2730,2018-12-27,#e02a00
Hao Wang,CHN,2714,2019-01-27,#e02a00
Hao Wang,CHN,2714,2019-02-24,#e02a00
Hao Wang,CHN,2622,2006-10-27,#e02a00
Hao Wang,CHN,2619,2007-01-27,#e02a00
Hao Wang,CHN,2638,2007-04-27,#e02a00
Hao Wang,CHN,2624,2007-07-27,#e02a00
Hao Wang,CHN,2643,2007-10-27,#e02a00
Hao Wang,CHN,2665,2008-01-27,#e02a00
Hao Wang,CHN,2684,2008-04-27,#e02a00
Hao Wang,CHN,2691,2008-07-27,#e02a00
Hao Wang,CHN,2696,2008-10-27,#e02a00
Hao Wang,CHN,2691,2009-01-27,#e02a00
Hao Wang,CHN,2696,2009-04-27,#e02a00
Hao Wang,CHN,2690,2009-07-27,#e02a00
Hao Wang,CHN,2690,2009-09-27,#e02a00
Hao Wang,CHN,2708,2009-11-27,#e02a00
Hao Wang,CHN,2715,2010-01-27,#e02a00
Hao Wang,CHN,2715,2010-03-27,#e02a00
Hao Wang,CHN,2722,2010-05-27,#e02a00
Hao Wang,CHN,2724,2010-07-27,#e02a00
Hao Wang,CHN,2724,2010-09-27,#e02a00
Hao Wang,CHN,2727,2010-11-27,#e02a00
Hao Wang,CHN,2731,2011-01-27,#e02a00
Hao Wang,CHN,2728,2011-03-27,#e02a00
Hao Wang,CHN,2732,2011-05-27,#e02a00
Hao Wang,CHN,2718,2011-07-27,#e02a00
Hao Wang,CHN,2733,2011-09-27,#e02a00
Hao Wang,CHN,2736,2011-11-27,#e02a00
Hao Wang,CHN,2733,2012-01-27,#e02a00
Hao Wang,CHN,2733,2012-03-27,#e02a00
Hao Wang,CHN,2738,2012-05-27,#e02a00
Hao Wang,CHN,2739,2012-07-27,#e02a00
Hao Wang,CHN,2726,2012-08-27,#e02a00
Hao Wang,CHN,2742,2012-09-27,#e02a00
Hao Wang,CHN,2748,2012-10-27,#e02a00
Hao Wang,CHN,2737,2012-11-27,#e02a00
Hao Wang,CHN,2737,2012-12-27,#e02a00
Hao Wang,CHN,2752,2013-01-27,#e02a00
Hao Wang,CHN,2743,2013-02-27,#e02a00
Hao Wang,CHN,2743,2013-03-27,#e02a00
Hao Wang,CHN,2743,2013-04-27,#e02a00
Hao Wang,CHN,2743,2013-05-27,#e02a00
Hao Wang,CHN,2746,2013-06-27,#e02a00
Hao Wang,CHN,2752,2013-07-27,#e02a00
Hao Wang,CHN,2747,2013-08-27,#e02a00
Hao Wang,CHN,2736,2013-09-27,#e02a00
Hao Wang,CHN,2733,2013-10-27,#e02a00
Hao Wang,CHN,2737,2013-11-27,#e02a00
Hao Wang,CHN,2735,2013-12-27,#e02a00
Hao Wang,CHN,2734,2014-01-27,#e02a00
Hao Wang,CHN,2734,2014-02-27,#e02a00
Hao Wang,CHN,2734,2014-03-27,#e02a00
Hao Wang,CHN,2734,2014-04-27,#e02a00
Hao Wang,CHN,2734,2014-05-27,#e02a00
Hao Wang,CHN,2729,2014-06-27,#e02a00
Hao Wang,CHN,2730,2014-07-27,#e02a00
Hao Wang,CHN,2730,2014-08-27,#e02a00
Hao Wang,CHN,2730,2014-09-27,#e02a00
Hao Wang,CHN,2710,2014-10-27,#e02a00
Hao Wang,CHN,2710,2014-11-27,#e02a00
Hao Wang,CHN,2710,2014-12-27,#e02a00
Hao Wang,CHN,2713,2015-01-27,#e02a00
Hao Wang,CHN,2713,2015-02-27,#e02a00
Hao Wang,CHN,2713,2015-03-27,#e02a00
Hao Wang,CHN,2713,2015-04-27,#e02a00
Hao Wang,CHN,2710,2015-05-27,#e02a00
Hao Wang,CHN,2704,2015-06-27,#e02a00
Hao Wang,CHN,2705,2015-07-27,#e02a00
Hao Wang,CHN,2705,2015-08-27,#e02a00
Hao Wang,CHN,2712,2015-09-27,#e02a00
Hao Wang,CHN,2712,2015-10-27,#e02a00
Hao Wang,CHN,2700,2015-11-27,#e02a00
Hao Wang,CHN,2707,2015-12-27,#e02a00
Hao Wang,CHN,2695,2016-01-27,#e02a00
Hao Wang,CHN,2717,2016-02-27,#e02a00
Hao Wang,CHN,2717,2016-03-27,#e02a00
Hao Wang,CHN,2732,2016-04-27,#e02a00
Hao Wang,CHN,2734,2016-05-27,#e02a00
Hao Wang,CHN,2734,2016-06-27,#e02a00
Hao Wang,CHN,2734,2016-07-27,#e02a00
Hao Wang,CHN,2712,2016-08-27,#e02a00
Hao Wang,CHN,2710,2016-09-27,#e02a00
Hao Wang,CHN,2701,2016-10-27,#e02a00
Hao Wang,CHN,2680,2016-11-27,#e02a00
Hao Wang,CHN,2678,2016-12-27,#e02a00
Hao Wang,CHN,2670,2017-01-27,#e02a00
Hao Wang,CHN,2682,2017-02-27,#e02a00
Hao Wang,CHN,2683,2017-03-27,#e02a00
Hao Wang,CHN,2690,2017-04-27,#e02a00
Hao Wang,CHN,2680,2017-05-27,#e02a00
Hao Wang,CHN,2696,2017-06-27,#e02a00
Hichem Hamdouchi,MAR,2615,2003-01-27,#FFFFFFF
Hichem Hamdouchi,MAR,2605,2003-04-27,#FFFFFFF
Hikaru Nakamura,USA,2792,2017-07-27,#3c3b6e
Hikaru Nakamura,USA,2792,2017-08-27,#3c3b6e
Hikaru Nakamura,USA,2781,2017-09-27,#3c3b6e
Hikaru Nakamura,USA,2774,2017-10-27,#3c3b6e
Hikaru Nakamura,USA,2780,2017-11-27,#3c3b6e
Hikaru Nakamura,USA,2781,2017-12-27,#3c3b6e
Hikaru Nakamura,USA,2781,2018-01-27,#3c3b6e
Hikaru Nakamura,USA,2781,2018-02-27,#3c3b6e
Hikaru Nakamura,USA,2787,2018-03-27,#3c3b6e
Hikaru Nakamura,USA,2787,2018-04-27,#3c3b6e
Hikaru Nakamura,USA,2769,2018-05-27,#3c3b6e
Hikaru Nakamura,USA,2769,2018-06-27,#3c3b6e
Hikaru Nakamura,USA,2777,2018-07-27,#3c3b6e
Hikaru Nakamura,USA,2777,2018-08-27,#3c3b6e
Hikaru Nakamura,USA,2763,2018-09-27,#3c3b6e
Hikaru Nakamura,USA,2763,2018-10-27,#3c3b6e
Hikaru Nakamura,USA,2746,2018-11-27,#3c3b6e
Hikaru Nakamura,USA,2746,2018-12-27,#3c3b6e
Hikaru Nakamura,USA,2749,2019-01-27,#3c3b6e
Hikaru Nakamura,USA,2749,2019-02-24,#3c3b6e
Hikaru Nakamura,USA,2620,2004-10-27,#3c3b6e
Hikaru Nakamura,USA,2613,2005-01-27,#3c3b6e
Hikaru Nakamura,USA,2657,2005-04-27,#3c3b6e
Hikaru Nakamura,USA,2660,2005-07-27,#3c3b6e
Hikaru Nakamura,USA,2662,2005-10-27,#3c3b6e
Hikaru Nakamura,USA,2644,2006-01-27,#3c3b6e
Hikaru Nakamura,USA,2664,2006-04-27,#3c3b6e
Hikaru Nakamura,USA,2632,2006-07-27,#3c3b6e
Hikaru Nakamura,USA,2640,2006-10-27,#3c3b6e
Hikaru Nakamura,USA,2651,2007-01-27,#3c3b6e
Hikaru Nakamura,USA,2663,2007-04-27,#3c3b6e
Hikaru Nakamura,USA,2647,2007-07-27,#3c3b6e
Hikaru Nakamura,USA,2648,2007-10-27,#3c3b6e
Hikaru Nakamura,USA,2670,2008-01-27,#3c3b6e
Hikaru Nakamura,USA,2686,2008-04-27,#3c3b6e
Hikaru Nakamura,USA,2697,2008-07-27,#3c3b6e
Hikaru Nakamura,USA,2704,2008-10-27,#3c3b6e
Hikaru Nakamura,USA,2699,2009-01-27,#3c3b6e
Hikaru Nakamura,USA,2701,2009-04-27,#3c3b6e
Hikaru Nakamura,USA,2710,2009-07-27,#3c3b6e
Hikaru Nakamura,USA,2735,2009-09-27,#3c3b6e
Hikaru Nakamura,USA,2715,2009-11-27,#3c3b6e
Hikaru Nakamura,USA,2708,2010-01-27,#3c3b6e
Hikaru Nakamura,USA,2735,2010-03-27,#3c3b6e
Hikaru Nakamura,USA,2733,2010-05-27,#3c3b6e
Hikaru Nakamura,USA,2729,2010-07-27,#3c3b6e
Hikaru Nakamura,USA,2733,2010-09-27,#3c3b6e
Hikaru Nakamura,USA,2741,2010-11-27,#3c3b6e
Hikaru Nakamura,USA,2751,2011-01-27,#3c3b6e
Hikaru Nakamura,USA,2774,2011-03-27,#3c3b6e
Hikaru Nakamura,USA,2774,2011-05-27,#3c3b6e
Hikaru Nakamura,USA,2770,2011-07-27,#3c3b6e
Hikaru Nakamura,USA,2753,2011-09-27,#3c3b6e
Hikaru Nakamura,USA,2758,2011-11-27,#3c3b6e
Hikaru Nakamura,USA,2759,2012-01-27,#3c3b6e
Hikaru Nakamura,USA,2771,2012-03-27,#3c3b6e
Hikaru Nakamura,USA,2775,2012-05-27,#3c3b6e
Hikaru Nakamura,USA,2778,2012-07-27,#3c3b6e
Hikaru Nakamura,USA,2778,2012-08-27,#3c3b6e
Hikaru Nakamura,USA,2783,2012-09-27,#3c3b6e
Hikaru Nakamura,USA,2786,2012-10-27,#3c3b6e
Hikaru Nakamura,USA,2755,2012-11-27,#3c3b6e
Hikaru Nakamura,USA,2760,2012-12-27,#3c3b6e
Hikaru Nakamura,USA,2769,2013-01-27,#3c3b6e
Hikaru Nakamura,USA,2767,2013-02-27,#3c3b6e
Hikaru Nakamura,USA,2767,2013-03-27,#3c3b6e
Hikaru Nakamura,USA,2767,2013-04-27,#3c3b6e
Hikaru Nakamura,USA,2775,2013-05-27,#3c3b6e
Hikaru Nakamura,USA,2784,2013-06-27,#3c3b6e
Hikaru Nakamura,USA,2775,2013-07-27,#3c3b6e
Hikaru Nakamura,USA,2772,2013-08-27,#3c3b6e
Hikaru Nakamura,USA,2772,2013-09-27,#3c3b6e
Hikaru Nakamura,USA,2783,2013-10-27,#3c3b6e
Hikaru Nakamura,USA,2786,2013-11-27,#3c3b6e
Hikaru Nakamura,USA,2786,2013-12-27,#3c3b6e
Hikaru Nakamura,USA,2789,2014-01-27,#3c3b6e
Hikaru Nakamura,USA,2776,2014-02-27,#3c3b6e
Hikaru Nakamura,USA,2772,2014-03-27,#3c3b6e
Hikaru Nakamura,USA,2772,2014-04-27,#3c3b6e
Hikaru Nakamura,USA,2772,2014-05-27,#3c3b6e
Hikaru Nakamura,USA,2775,2014-06-27,#3c3b6e
Hikaru Nakamura,USA,2787,2014-07-27,#3c3b6e
Hikaru Nakamura,USA,2787,2014-08-27,#3c3b6e
Hikaru Nakamura,USA,2782,2014-09-27,#3c3b6e
Hikaru Nakamura,USA,2764,2014-10-27,#3c3b6e
Hikaru Nakamura,USA,2767,2014-11-27,#3c3b6e
Hikaru Nakamura,USA,2775,2014-12-27,#3c3b6e
Hikaru Nakamura,USA,2776,2015-01-27,#3c3b6e
Hikaru Nakamura,USA,2776,2015-02-27,#3c3b6e
Hikaru Nakamura,USA,2798,2015-03-27,#3c3b6e
Hikaru Nakamura,USA,2798,2015-04-27,#3c3b6e
Hikaru Nakamura,USA,2799,2015-05-27,#3c3b6e
Hikaru Nakamura,USA,2802,2015-06-27,#3c3b6e
Hikaru Nakamura,USA,2814,2015-07-27,#3c3b6e
Hikaru Nakamura,USA,2814,2015-08-27,#3c3b6e
Hikaru Nakamura,USA,2814,2015-09-27,#3c3b6e
Hikaru Nakamura,USA,2816,2015-10-27,#3c3b6e
Hikaru Nakamura,USA,2793,2015-11-27,#3c3b6e
Hikaru Nakamura,USA,2793,2015-12-27,#3c3b6e
Hikaru Nakamura,USA,2787,2016-01-27,#3c3b6e
Hikaru Nakamura,USA,2787,2016-02-27,#3c3b6e
Hikaru Nakamura,USA,2790,2016-03-27,#3c3b6e
Hikaru Nakamura,USA,2787,2016-04-27,#3c3b6e
Hikaru Nakamura,USA,2787,2016-05-27,#3c3b6e
Hikaru Nakamura,USA,2787,2016-06-27,#3c3b6e
Hikaru Nakamura,USA,2787,2016-07-27,#3c3b6e
Hikaru Nakamura,USA,2791,2016-08-27,#3c3b6e
Hikaru Nakamura,USA,2789,2016-09-27,#3c3b6e
Hikaru Nakamura,USA,2787,2016-10-27,#3c3b6e
Hikaru Nakamura,USA,2779,2016-11-27,#3c3b6e
Hikaru Nakamura,USA,2779,2016-12-27,#3c3b6e
Hikaru Nakamura,USA,2785,2017-01-27,#3c3b6e
Hikaru Nakamura,USA,2785,2017-02-27,#3c3b6e
Hikaru Nakamura,USA,2793,2017-03-27,#3c3b6e
Hikaru Nakamura,USA,2793,2017-04-27,#3c3b6e
Hikaru Nakamura,USA,2786,2017-05-27,#3c3b6e
Hikaru Nakamura,USA,2785,2017-06-27,#3c3b6e
Hrant Melkumyan,ARM,2654,2018-01-27,#dbb300
Hrant Melkumyan,ARM,2664,2018-02-27,#dbb300
Hrant Melkumyan,ARM,2664,2018-03-27,#dbb300
Hrant Melkumyan,ARM,2669,2018-04-27,#dbb300
Hrant Melkumyan,ARM,2662,2018-05-27,#dbb300
Hrant Melkumyan,ARM,2662,2018-06-27,#dbb300
Hrant Melkumyan,ARM,2670,2018-07-27,#dbb300
Hrant Melkumyan,ARM,2660,2018-08-27,#dbb300
Hrant Melkumyan,ARM,2660,2018-09-27,#dbb300
Hrant Melkumyan,ARM,2660,2018-10-27,#dbb300
Hrant Melkumyan,ARM,2668,2018-11-27,#dbb300
Hrant Melkumyan,ARM,2670,2018-12-27,#dbb300
Hrant Melkumyan,ARM,2660,2019-01-27,#dbb300
Hrant Melkumyan,ARM,2660,2019-02-24,#dbb300
Hrant Melkumyan,ARM,2656,2013-01-27,#dbb300
Hrant Melkumyan,ARM,2655,2014-08-27,#dbb300
Hrant Melkumyan,ARM,2678,2014-09-27,#dbb300
Hrant Melkumyan,ARM,2678,2014-10-27,#dbb300
Hrant Melkumyan,ARM,2678,2014-11-27,#dbb300
Hrant Melkumyan,ARM,2678,2014-12-27,#dbb300
Hrant Melkumyan,ARM,2673,2015-01-27,#dbb300
Hrant Melkumyan,ARM,2673,2015-02-27,#dbb300
Hrant Melkumyan,ARM,2676,2015-03-27,#dbb300
Hrant Melkumyan,ARM,2654,2015-05-27,#dbb300
Hrant Melkumyan,ARM,2654,2015-12-27,#dbb300
Hrant Melkumyan,ARM,2653,2016-03-27,#dbb300
Hrant Melkumyan,ARM,2671,2016-09-27,#dbb300
Hrant Melkumyan,ARM,2653,2016-10-27,#dbb300
Hua Ni,CHN,2677,2017-07-27,#e02a00
Hua Ni,CHN,2677,2017-08-27,#e02a00
Hua Ni,CHN,2674,2017-09-27,#e02a00
Hua Ni,CHN,2674,2017-10-27,#e02a00
Hua Ni,CHN,2674,2017-11-27,#e02a00
Hua Ni,CHN,2671,2017-12-27,#e02a00
Hua Ni,CHN,2670,2018-01-27,#e02a00
Hua Ni,CHN,2670,2018-02-27,#e02a00
Hua Ni,CHN,2670,2018-03-27,#e02a00
Hua Ni,CHN,2670,2018-04-27,#e02a00
Hua Ni,CHN,2673,2018-05-27,#e02a00
Hua Ni,CHN,2674,2018-06-27,#e02a00
Hua Ni,CHN,2674,2018-07-27,#e02a00
Hua Ni,CHN,2673,2018-08-27,#e02a00
Hua Ni,CHN,2676,2018-09-27,#e02a00
Hua Ni,CHN,2676,2018-10-27,#e02a00
Hua Ni,CHN,2683,2018-11-27,#e02a00
Hua Ni,CHN,2683,2018-12-27,#e02a00
Hua Ni,CHN,2683,2019-01-27,#e02a00
Hua Ni,CHN,2683,2019-02-24,#e02a00
Hua Ni,CHN,2611,2004-10-27,#e02a00
Hua Ni,CHN,2625,2005-01-27,#e02a00
Hua Ni,CHN,2638,2005-04-27,#e02a00
Hua Ni,CHN,2629,2005-07-27,#e02a00
Hua Ni,CHN,2621,2006-10-27,#e02a00
Hua Ni,CHN,2632,2007-01-27,#e02a00
Hua Ni,CHN,2654,2007-04-27,#e02a00
Hua Ni,CHN,2681,2007-07-27,#e02a00
Hua Ni,CHN,2641,2007-10-27,#e02a00
Hua Ni,CHN,2680,2008-01-27,#e02a00
Hua Ni,CHN,2703,2008-04-27,#e02a00
Hua Ni,CHN,2705,2008-07-27,#e02a00
Hua Ni,CHN,2710,2008-10-27,#e02a00
Hua Ni,CHN,2709,2009-01-27,#e02a00
Hua Ni,CHN,2724,2009-04-27,#e02a00
Hua Ni,CHN,2701,2009-07-27,#e02a00
Hua Ni,CHN,2692,2009-09-27,#e02a00
Hua Ni,CHN,2665,2009-11-27,#e02a00
Hua Ni,CHN,2657,2010-01-27,#e02a00
Hua Ni,CHN,2667,2010-03-27,#e02a00
Hua Ni,CHN,2667,2010-05-27,#e02a00
Hua Ni,CHN,2645,2010-07-27,#e02a00
Hua Ni,CHN,2643,2010-09-27,#e02a00
Hua Ni,CHN,2661,2011-05-27,#e02a00
Hua Ni,CHN,2662,2011-07-27,#e02a00
Hua Ni,CHN,2670,2011-09-27,#e02a00
Hua Ni,CHN,2656,2011-11-27,#e02a00
Hua Ni,CHN,2673,2012-05-27,#e02a00
Hua Ni,CHN,2660,2012-07-27,#e02a00
Hua Ni,CHN,2671,2012-08-27,#e02a00
Hua Ni,CHN,2671,2012-09-27,#e02a00
Hua Ni,CHN,2675,2012-10-27,#e02a00
Hua Ni,CHN,2681,2012-11-27,#e02a00
Hua Ni,CHN,2660,2012-12-27,#e02a00
Hua Ni,CHN,2661,2013-07-27,#e02a00
Hua Ni,CHN,2671,2013-08-27,#e02a00
Hua Ni,CHN,2668,2013-09-27,#e02a00
Hua Ni,CHN,2668,2013-10-27,#e02a00
Hua Ni,CHN,2668,2013-11-27,#e02a00
Hua Ni,CHN,2669,2013-12-27,#e02a00
Hua Ni,CHN,2658,2014-01-27,#e02a00
Hua Ni,CHN,2658,2014-02-27,#e02a00
Hua Ni,CHN,2658,2014-03-27,#e02a00
Hua Ni,CHN,2654,2014-04-27,#e02a00
Hua Ni,CHN,2653,2014-05-27,#e02a00
Hua Ni,CHN,2653,2014-06-27,#e02a00
Hua Ni,CHN,2674,2014-07-27,#e02a00
Hua Ni,CHN,2666,2014-08-27,#e02a00
Hua Ni,CHN,2675,2014-09-27,#e02a00
Hua Ni,CHN,2677,2014-10-27,#e02a00
Hua Ni,CHN,2677,2014-11-27,#e02a00
Hua Ni,CHN,2683,2014-12-27,#e02a00
Hua Ni,CHN,2689,2015-01-27,#e02a00
Hua Ni,CHN,2704,2015-02-27,#e02a00
Hua Ni,CHN,2704,2015-03-27,#e02a00
Hua Ni,CHN,2704,2015-04-27,#e02a00
Hua Ni,CHN,2701,2015-05-27,#e02a00
Hua Ni,CHN,2701,2015-06-27,#e02a00
Hua Ni,CHN,2703,2015-07-27,#e02a00
Hua Ni,CHN,2713,2015-08-27,#e02a00
Hua Ni,CHN,2704,2015-09-27,#e02a00
Hua Ni,CHN,2704,2015-10-27,#e02a00
Hua Ni,CHN,2696,2015-11-27,#e02a00
Hua Ni,CHN,2693,2015-12-27,#e02a00
Hua Ni,CHN,2697,2016-01-27,#e02a00
Hua Ni,CHN,2697,2016-02-27,#e02a00
Hua Ni,CHN,2691,2016-03-27,#e02a00
Hua Ni,CHN,2681,2016-04-27,#e02a00
Hua Ni,CHN,2682,2016-05-27,#e02a00
Hua Ni,CHN,2682,2016-06-27,#e02a00
Hua Ni,CHN,2660,2016-07-27,#e02a00
Hua Ni,CHN,2655,2016-08-27,#e02a00
Hua Ni,CHN,2655,2016-09-27,#e02a00
Hua Ni,CHN,2659,2016-10-27,#e02a00
Hua Ni,CHN,2659,2016-11-27,#e02a00
Hua Ni,CHN,2664,2016-12-27,#e02a00
Hua Ni,CHN,2674,2017-01-27,#e02a00
Hua Ni,CHN,2674,2017-02-27,#e02a00
Hua Ni,CHN,2674,2017-03-27,#e02a00
Hua Ni,CHN,2674,2017-04-27,#e02a00
Hua Ni,CHN,2675,2017-05-27,#e02a00
Hua Ni,CHN,2674,2017-06-27,#e02a00
Ian Nepomniachtchi,RUS,2751,2017-07-27,#D52B1E
Ian Nepomniachtchi,RUS,2751,2017-08-27,#D52B1E
Ian Nepomniachtchi,RUS,2741,2017-09-27,#D52B1E
Ian Nepomniachtchi,RUS,2733,2017-10-27,#D52B1E
Ian Nepomniachtchi,RUS,2732,2017-11-27,#D52B1E
Ian Nepomniachtchi,RUS,2729,2017-12-27,#D52B1E
Ian Nepomniachtchi,RUS,2751,2018-01-27,#D52B1E
Ian Nepomniachtchi,RUS,2751,2018-02-27,#D52B1E
Ian Nepomniachtchi,RUS,2751,2018-03-27,#D52B1E
Ian Nepomniachtchi,RUS,2751,2018-04-27,#D52B1E
Ian Nepomniachtchi,RUS,2751,2018-05-27,#D52B1E
Ian Nepomniachtchi,RUS,2751,2018-06-27,#D52B1E
Ian Nepomniachtchi,RUS,2757,2018-07-27,#D52B1E
Ian Nepomniachtchi,RUS,2768,2018-08-27,#D52B1E
Ian Nepomniachtchi,RUS,2768,2018-09-27,#D52B1E
Ian Nepomniachtchi,RUS,2759,2018-10-27,#D52B1E
Ian Nepomniachtchi,RUS,2763,2018-11-27,#D52B1E
Ian Nepomniachtchi,RUS,2763,2018-12-27,#D52B1E
Ian Nepomniachtchi,RUS,2763,2019-01-27,#D52B1E
Ian Nepomniachtchi,RUS,2771,2019-02-24,#D52B1E
Ian Nepomniachtchi,RUS,2634,2008-04-27,#D52B1E
Ian Nepomniachtchi,RUS,2658,2010-01-27,#D52B1E
Ian Nepomniachtchi,RUS,2656,2010-03-27,#D52B1E
Ian Nepomniachtchi,RUS,2695,2010-05-27,#D52B1E
Ian Nepomniachtchi,RUS,2706,2010-07-27,#D52B1E
Ian Nepomniachtchi,RUS,2706,2010-09-27,#D52B1E
Ian Nepomniachtchi,RUS,2720,2010-11-27,#D52B1E
Ian Nepomniachtchi,RUS,2733,2011-01-27,#D52B1E
Ian Nepomniachtchi,RUS,2729,2011-03-27,#D52B1E
Ian Nepomniachtchi,RUS,2711,2011-05-27,#D52B1E
Ian Nepomniachtchi,RUS,2711,2011-07-27,#D52B1E
Ian Nepomniachtchi,RUS,2718,2011-09-27,#D52B1E
Ian Nepomniachtchi,RUS,2730,2011-11-27,#D52B1E
Ian Nepomniachtchi,RUS,2735,2012-01-27,#D52B1E
Ian Nepomniachtchi,RUS,2718,2012-03-27,#D52B1E
Ian Nepomniachtchi,RUS,2716,2012-05-27,#D52B1E
Ian Nepomniachtchi,RUS,2718,2012-07-27,#D52B1E
Ian Nepomniachtchi,RUS,2704,2012-08-27,#D52B1E
Ian Nepomniachtchi,RUS,2704,2012-09-27,#D52B1E
Ian Nepomniachtchi,RUS,2704,2012-10-27,#D52B1E
Ian Nepomniachtchi,RUS,2707,2012-11-27,#D52B1E
Ian Nepomniachtchi,RUS,2707,2012-12-27,#D52B1E
Ian Nepomniachtchi,RUS,2703,2013-01-27,#D52B1E
Ian Nepomniachtchi,RUS,2703,2013-02-27,#D52B1E
Ian Nepomniachtchi,RUS,2708,2013-03-27,#D52B1E
Ian Nepomniachtchi,RUS,2708,2013-04-27,#D52B1E
Ian Nepomniachtchi,RUS,2710,2013-05-27,#D52B1E
Ian Nepomniachtchi,RUS,2717,2013-06-27,#D52B1E
Ian Nepomniachtchi,RUS,2717,2013-07-27,#D52B1E
Ian Nepomniachtchi,RUS,2723,2013-08-27,#D52B1E
Ian Nepomniachtchi,RUS,2717,2013-09-27,#D52B1E
Ian Nepomniachtchi,RUS,2702,2013-10-27,#D52B1E
Ian Nepomniachtchi,RUS,2721,2013-11-27,#D52B1E
Ian Nepomniachtchi,RUS,2721,2013-12-27,#D52B1E
Ian Nepomniachtchi,RUS,2732,2014-01-27,#D52B1E
Ian Nepomniachtchi,RUS,2732,2014-02-27,#D52B1E
Ian Nepomniachtchi,RUS,2732,2014-03-27,#D52B1E
Ian Nepomniachtchi,RUS,2732,2014-04-27,#D52B1E
Ian Nepomniachtchi,RUS,2735,2014-05-27,#D52B1E
Ian Nepomniachtchi,RUS,2730,2014-06-27,#D52B1E
Ian Nepomniachtchi,RUS,2730,2014-07-27,#D52B1E
Ian Nepomniachtchi,RUS,2714,2014-08-27,#D52B1E
Ian Nepomniachtchi,RUS,2710,2014-09-27,#D52B1E
Ian Nepomniachtchi,RUS,2714,2014-10-27,#D52B1E
Ian Nepomniachtchi,RUS,2714,2014-11-27,#D52B1E
Ian Nepomniachtchi,RUS,2714,2014-12-27,#D52B1E
Ian Nepomniachtchi,RUS,2714,2015-01-27,#D52B1E
Ian Nepomniachtchi,RUS,2714,2015-02-27,#D52B1E
Ian Nepomniachtchi,RUS,2714,2015-03-27,#D52B1E
Ian Nepomniachtchi,RUS,2716,2015-04-27,#D52B1E
Ian Nepomniachtchi,RUS,2728,2015-05-27,#D52B1E
Ian Nepomniachtchi,RUS,2720,2015-06-27,#D52B1E
Ian Nepomniachtchi,RUS,2709,2015-07-27,#D52B1E
Ian Nepomniachtchi,RUS,2705,2015-08-27,#D52B1E
Ian Nepomniachtchi,RUS,2705,2015-09-27,#D52B1E
Ian Nepomniachtchi,RUS,2705,2015-10-27,#D52B1E
Ian Nepomniachtchi,RUS,2705,2015-11-27,#D52B1E
Ian Nepomniachtchi,RUS,2707,2015-12-27,#D52B1E
Ian Nepomniachtchi,RUS,2704,2016-01-27,#D52B1E
Ian Nepomniachtchi,RUS,2704,2016-02-27,#D52B1E
Ian Nepomniachtchi,RUS,2704,2016-03-27,#D52B1E
Ian Nepomniachtchi,RUS,2703,2016-04-27,#D52B1E
Ian Nepomniachtchi,RUS,2703,2016-05-27,#D52B1E
Ian Nepomniachtchi,RUS,2719,2016-06-27,#D52B1E
Ian Nepomniachtchi,RUS,2725,2016-07-27,#D52B1E
Ian Nepomniachtchi,RUS,2740,2016-08-27,#D52B1E
Ian Nepomniachtchi,RUS,2740,2016-09-27,#D52B1E
Ian Nepomniachtchi,RUS,2749,2016-10-27,#D52B1E
Ian Nepomniachtchi,RUS,2767,2016-11-27,#D52B1E
Ian Nepomniachtchi,RUS,2767,2016-12-27,#D52B1E
Ian Nepomniachtchi,RUS,2767,2017-01-27,#D52B1E
Ian Nepomniachtchi,RUS,2749,2017-02-27,#D52B1E
Ian Nepomniachtchi,RUS,2751,2017-03-27,#D52B1E
Ian Nepomniachtchi,RUS,2751,2017-04-27,#D52B1E
Ian Nepomniachtchi,RUS,2751,2017-05-27,#D52B1E
Ian Nepomniachtchi,RUS,2732,2017-06-27,#D52B1E
Igor A Novikov,UKR,2611,2000-07-27,#005BBB
Igor A Novikov,UKR,2600,2000-10-27,#005BBB
Igor A Novikov,UKR,2596,2001-01-27,#005BBB
Igor A Novikov,UKR,2596,2001-04-27,#005BBB
Igor A Novikov,USA,2603,2002-04-27,#3c3b6e
Igor A Novikov,USA,2601,2002-07-27,#3c3b6e
Igor A Novikov,USA,2598,2003-01-27,#3c3b6e
Igor Khenkin,GER,2633,2000-07-27,#FFFFFFF
Igor Khenkin,GER,2633,2000-10-27,#FFFFFFF
Igor Khenkin,GER,2612,2001-01-27,#FFFFFFF
Igor Khenkin,GER,2609,2001-04-27,#FFFFFFF
Igor Khenkin,GER,2603,2002-10-27,#FFFFFFF
Igor Khenkin,GER,2624,2003-01-27,#FFFFFFF
Igor Khenkin,GER,2644,2003-04-27,#FFFFFFF
Igor Khenkin,GER,2638,2003-07-27,#FFFFFFF
Igor Khenkin,GER,2627,2003-10-27,#FFFFFFF
Igor Khenkin,GER,2611,2004-01-27,#FFFFFFF
Igor Khenkin,GER,2620,2006-10-27,#FFFFFFF
Igor Khenkin,GER,2629,2007-04-27,#FFFFFFF
Igor Khenkin,GER,2655,2008-07-27,#FFFFFFF
Igor Khenkin,GER,2647,2008-10-27,#FFFFFFF
Igor Khenkin,GER,2644,2009-01-27,#FFFFFFF
Igor Khenkin,GER,2670,2012-05-27,#FFFFFFF
Igor Khenkin,GER,2669,2012-07-27,#FFFFFFF
Igor Khenkin,GER,2656,2012-08-27,#FFFFFFF
Igor Khenkin,GER,2655,2012-10-27,#FFFFFFF
Igor Khenkin,GER,2659,2012-12-27,#FFFFFFF
Igor Khenkin,GER,2659,2013-01-27,#FFFFFFF
Igor Kovalenko,LAT,2657,2018-12-27,#FFFFFFF
Igor Kovalenko,LAT,2663,2019-01-27,#FFFFFFF
Igor Kovalenko,LAT,2652,2019-02-24,#FFFFFFF
Igor Kovalenko,LAT,2653,2015-01-27,#FFFFFFF
Igor Kovalenko,LAT,2656,2015-02-27,#FFFFFFF
Igor Kovalenko,LAT,2661,2015-03-27,#FFFFFFF
Igor Kovalenko,LAT,2665,2015-04-27,#FFFFFFF
Igor Kovalenko,LAT,2657,2015-06-27,#FFFFFFF
Igor Kovalenko,LAT,2682,2015-07-27,#FFFFFFF
Igor Kovalenko,LAT,2702,2015-08-27,#FFFFFFF
Igor Kovalenko,LAT,2699,2015-09-27,#FFFFFFF
Igor Kovalenko,LAT,2700,2015-10-27,#FFFFFFF
Igor Kovalenko,LAT,2694,2015-11-27,#FFFFFFF
Igor Kovalenko,LAT,2680,2015-12-27,#FFFFFFF
Igor Kovalenko,LAT,2680,2016-01-27,#FFFFFFF
Igor Kovalenko,LAT,2667,2016-02-27,#FFFFFFF
Igor Kovalenko,LAT,2667,2016-03-27,#FFFFFFF
Igor Kovalenko,LAT,2662,2016-04-27,#FFFFFFF
Igor Kovalenko,LAT,2668,2016-06-27,#FFFFFFF
Igor Kovalenko,LAT,2667,2016-07-27,#FFFFFFF
Igor Kovalenko,LAT,2664,2016-08-27,#FFFFFFF
Igor Kovalenko,LAT,2664,2016-10-27,#FFFFFFF
Igor Kovalenko,LAT,2682,2016-11-27,#FFFFFFF
Igor Kovalenko,LAT,2684,2016-12-27,#FFFFFFF
Igor Kovalenko,LAT,2684,2017-01-27,#FFFFFFF
Igor Kovalenko,LAT,2684,2017-02-27,#FFFFFFF
Igor Kovalenko,LAT,2672,2017-03-27,#FFFFFFF
Igor Kovalenko,LAT,2659,2017-04-27,#FFFFFFF
Igor Kovalenko,LAT,2657,2017-05-27,#FFFFFFF
Igor Kovalenko,LAT,2656,2017-06-27,#FFFFFFF
Igor Kurnosov,RUS,2658,2009-04-27,#D52B1E
Igor Kurnosov,RUS,2669,2009-07-27,#D52B1E
Igor Kurnosov,RUS,2669,2009-09-27,#D52B1E
Igor Kurnosov,RUS,2666,2009-11-27,#D52B1E
Igor Kurnosov,RUS,2668,2010-01-27,#D52B1E
Igor Kurnosov,RUS,2674,2010-03-27,#D52B1E
Igor Kurnosov,RUS,2680,2010-05-27,#D52B1E
Igor Kurnosov,RUS,2662,2010-07-27,#D52B1E
Igor Kurnosov,RUS,2659,2010-09-27,#D52B1E
Igor Kurnosov,RUS,2676,2010-11-27,#D52B1E
Igor Kurnosov,RUS,2662,2011-01-27,#D52B1E
Igor Kurnosov,RUS,2653,2011-03-27,#D52B1E
Igor Kurnosov,RUS,2648,2011-09-27,#D52B1E
Igor Kurnosov,RUS,2657,2012-03-27,#D52B1E
Igor Kurnosov,RUS,2663,2012-05-27,#D52B1E
Igor Kurnosov,RUS,2663,2012-07-27,#D52B1E
Igor Kurnosov,RUS,2652,2012-08-27,#D52B1E
Igor Kurnosov,RUS,2660,2012-09-27,#D52B1E
Igor Kurnosov,RUS,2660,2012-10-27,#D52B1E
Igor Kurnosov,RUS,2649,2013-02-27,#D52B1E
Igor Kurnosov,RUS,2654,2013-05-27,#D52B1E
Igor Kurnosov,RUS,2657,2013-06-27,#D52B1E
Igor Kurnosov,RUS,2657,2013-07-27,#D52B1E
Igor Kurnosov,RUS,2662,2013-08-27,#D52B1E
Igor Lysyj,RUS,2656,2012-03-27,#D52B1E
Igor Lysyj,RUS,2656,2013-06-27,#D52B1E
Igor Lysyj,RUS,2656,2013-07-27,#D52B1E
Igor Lysyj,RUS,2657,2013-10-27,#D52B1E
Igor Lysyj,RUS,2666,2013-11-27,#D52B1E
Igor Lysyj,RUS,2666,2013-12-27,#D52B1E
Igor Lysyj,RUS,2666,2014-01-27,#D52B1E
Igor Lysyj,RUS,2655,2014-02-27,#D52B1E
Igor Lysyj,RUS,2655,2014-03-27,#D52B1E
Igor Lysyj,RUS,2662,2014-04-27,#D52B1E
Igor Lysyj,RUS,2661,2014-05-27,#D52B1E
Igor Lysyj,RUS,2670,2014-06-27,#D52B1E
Igor Lysyj,RUS,2686,2014-07-27,#D52B1E
Igor Lysyj,RUS,2686,2014-08-27,#D52B1E
Igor Lysyj,RUS,2684,2014-09-27,#D52B1E
Igor Lysyj,RUS,2686,2014-10-27,#D52B1E
Igor Lysyj,RUS,2686,2014-11-27,#D52B1E
Igor Lysyj,RUS,2686,2014-12-27,#D52B1E
Igor Lysyj,RUS,2700,2015-01-27,#D52B1E
Igor Lysyj,RUS,2700,2015-02-27,#D52B1E
Igor Lysyj,RUS,2691,2015-03-27,#D52B1E
Igor Lysyj,RUS,2691,2015-04-27,#D52B1E
Igor Lysyj,RUS,2677,2015-05-27,#D52B1E
Igor Lysyj,RUS,2674,2015-06-27,#D52B1E
Igor Lysyj,RUS,2671,2015-07-27,#D52B1E
Igor Lysyj,RUS,2673,2015-08-27,#D52B1E
Igor Lysyj,RUS,2671,2015-09-27,#D52B1E
Igor Lysyj,RUS,2671,2015-10-27,#D52B1E
Igor Lysyj,RUS,2660,2015-11-27,#D52B1E
Igor Lysyj,RUS,2666,2015-12-27,#D52B1E
Igor Lysyj,RUS,2668,2016-01-27,#D52B1E
Igor Lysyj,RUS,2668,2016-02-27,#D52B1E
Igor Lysyj,RUS,2668,2016-03-27,#D52B1E
Igor Lysyj,RUS,2668,2016-04-27,#D52B1E
Igor Lysyj,RUS,2668,2016-05-27,#D52B1E
Igor Lysyj,RUS,2663,2016-06-27,#D52B1E
Igor Lysyj,RUS,2663,2016-07-27,#D52B1E
Igor Miladinovic,GRE,2609,2003-07-27,#FFFFFFF
Igor Miladinovic,GRE,2614,2004-04-27,#FFFFFFF
Igor Miladinovic,GRE,2630,2004-07-27,#FFFFFFF
Igor Miladinovic,GRE,2611,2004-10-27,#FFFFFFF
Igor V. Glek,GER,2601,2002-01-27,#FFFFFFF
Igor V. Glek,GER,2605,2002-04-27,#FFFFFFF
Igors Rausis,CZE,2651,2018-08-27,#11574E
Igors Rausis,CZE,2651,2018-09-27,#11574E
Igors Rausis,CZE,2652,2018-11-27,#11574E
Igors Rausis,CZE,2655,2018-12-27,#11574E
Igors Rausis,CZE,2653,2019-01-27,#11574E
Igors Rausis,CZE,2659,2019-02-24,#11574E
Ildar Ibragimov,USA,2617,2005-10-27,#3c3b6e
Ildar Ibragimov,USA,2635,2006-01-27,#3c3b6e
Ildar Ibragimov,USA,2637,2006-04-27,#3c3b6e
Ildar Ibragimov,USA,2624,2006-07-27,#3c3b6e
Ildar Khairullin,RUS,2649,2011-05-27,#D52B1E
Ildar Khairullin,RUS,2649,2011-07-27,#D52B1E
Ildar Khairullin,RUS,2650,2013-01-27,#D52B1E
Ildar Khairullin,RUS,2650,2013-02-27,#D52B1E
Ildar Khairullin,RUS,2657,2013-03-27,#D52B1E
Ildar Khairullin,RUS,2660,2013-04-27,#D52B1E
Ildar Khairullin,RUS,2657,2013-05-27,#D52B1E
Ildar Khairullin,RUS,2658,2013-06-27,#D52B1E
Ildar Khairullin,RUS,2658,2013-07-27,#D52B1E
Ildar Khairullin,RUS,2653,2013-11-27,#D52B1E
Ildar Khairullin,RUS,2653,2013-12-27,#D52B1E
Ildar Khairullin,RUS,2653,2014-01-27,#D52B1E
Ildar Khairullin,RUS,2657,2014-03-27,#D52B1E
Ildar Khairullin,RUS,2653,2015-06-27,#D52B1E
Ildar Khairullin,RUS,2653,2015-07-27,#D52B1E
Ildar Khairullin,RUS,2662,2015-08-27,#D52B1E
Ilia Smirin,ISR,2677,2000-07-27,#0038B8
Ilia Smirin,ISR,2674,2000-10-27,#0038B8
Ilia Smirin,ISR,2686,2001-01-27,#0038B8
Ilia Smirin,ISR,2691,2001-04-27,#0038B8
Ilia Smirin,ISR,2702,2001-07-27,#0038B8
Ilia Smirin,ISR,2698,2001-10-27,#0038B8
Ilia Smirin,ISR,2702,2002-01-27,#0038B8
Ilia Smirin,ISR,2685,2002-04-27,#0038B8
Ilia Smirin,ISR,2676,2002-07-27,#0038B8
Ilia Smirin,ISR,2683,2002-10-27,#0038B8
Ilia Smirin,ISR,2664,2003-01-27,#0038B8
Ilia Smirin,ISR,2662,2003-04-27,#0038B8
Ilia Smirin,ISR,2656,2003-07-27,#0038B8
Ilia Smirin,ISR,2670,2003-10-27,#0038B8
Ilia Smirin,ISR,2670,2004-01-27,#0038B8
Ilia Smirin,ISR,2675,2004-04-27,#0038B8
Ilia Smirin,ISR,2671,2004-07-27,#0038B8
Ilia Smirin,ISR,2673,2004-10-27,#0038B8
Ilia Smirin,ISR,2644,2005-01-27,#0038B8
Ilia Smirin,ISR,2649,2005-04-27,#0038B8
Ilia Smirin,ISR,2652,2005-07-27,#0038B8
Ilia Smirin,ISR,2673,2005-10-27,#0038B8
Ilia Smirin,ISR,2662,2006-01-27,#0038B8
Ilia Smirin,ISR,2662,2006-04-27,#0038B8
Ilia Smirin,ISR,2659,2006-07-27,#0038B8
Ilia Smirin,ISR,2659,2006-10-27,#0038B8
Ilia Smirin,ISR,2654,2007-01-27,#0038B8
Ilia Smirin,ISR,2650,2007-04-27,#0038B8
Ilia Smirin,ISR,2649,2007-07-27,#0038B8
Ilia Smirin,ISR,2639,2007-10-27,#0038B8
Ilia Smirin,ISR,2630,2008-04-27,#0038B8
Ilia Smirin,ISR,2637,2008-07-27,#0038B8
Ilia Smirin,ISR,2649,2008-10-27,#0038B8
Ilia Smirin,ISR,2647,2009-01-27,#0038B8
Ilia Smirin,ISR,2641,2009-04-27,#0038B8
Ilia Smirin,ISR,2650,2009-07-27,#0038B8
Ilia Smirin,ISR,2648,2009-09-27,#0038B8
Ilia Smirin,ISR,2662,2009-11-27,#0038B8
Ilia Smirin,ISR,2668,2010-01-27,#0038B8
Ilia Smirin,ISR,2647,2010-03-27,#0038B8
Ilia Smirin,ISR,2646,2010-07-27,#0038B8
Ilia Smirin,ISR,2657,2010-09-27,#0038B8
Ilia Smirin,ISR,2654,2010-11-27,#0038B8
Ilia Smirin,ISR,2660,2011-01-27,#0038B8
Ilia Smirin,ISR,2658,2011-03-27,#0038B8
Ilia Smirin,ISR,2661,2011-05-27,#0038B8
Ilia Smirin,ISR,2676,2011-07-27,#0038B8
Ilia Smirin,ISR,2678,2011-09-27,#0038B8
Ilia Smirin,ISR,2670,2011-11-27,#0038B8
Ilia Smirin,ISR,2660,2012-01-27,#0038B8
Ilia Smirin,ISR,2657,2012-03-27,#0038B8
Ilia Smirin,ISR,2652,2012-12-27,#0038B8
Ilia Smirin,ISR,2652,2013-01-27,#0038B8
Ilia Smirin,ISR,2654,2013-02-27,#0038B8
Ilia Smirin,ISR,2659,2013-03-27,#0038B8
Ilia Smirin,ISR,2663,2013-04-27,#0038B8
Ilia Smirin,ISR,2663,2013-05-27,#0038B8
Ilia Smirin,ISR,2663,2013-06-27,#0038B8
Ilia Smirin,ISR,2663,2013-07-27,#0038B8
Ilia Smirin,ISR,2663,2013-08-27,#0038B8
Ilia Smirin,ISR,2663,2013-09-27,#0038B8
Ilia Smirin,ISR,2663,2013-10-27,#0038B8
Ilia Smirin,ISR,2656,2014-04-27,#0038B8
Ilia Smirin,ISR,2660,2014-05-27,#0038B8
Ilia Smirin,ISR,2660,2014-06-27,#0038B8
Ilia Smirin,ISR,2656,2014-08-27,#0038B8
Ilia Smirin,ISR,2655,2014-09-27,#0038B8
Ilia Smirin,ISR,2655,2014-10-27,#0038B8
Ilia Smirin,ISR,2658,2015-05-27,#0038B8
Ilia Smirin,ISR,2663,2015-06-27,#0038B8
Ilia Smirin,ISR,2663,2015-07-27,#0038B8
Ilia Smirin,ISR,2669,2015-08-27,#0038B8
Ilia Smirin,ISR,2655,2015-09-27,#0038B8
Ilia Smirin,ISR,2655,2015-10-27,#0038B8
Ilia Smirin,ISR,2658,2015-11-27,#0038B8
Ilia Smirin,ISR,2658,2015-12-27,#0038B8
Ilia Smirin,ISR,2658,2016-01-27,#0038B8
Ilia Smirin,ISR,2658,2016-02-27,#0038B8
Ilia Smirin,ISR,2658,2016-03-27,#0038B8
Ilia Smirin,ISR,2665,2016-04-27,#0038B8
Ilia Smirin,ISR,2669,2016-05-27,#0038B8
Ilia Smirin,ISR,2676,2016-06-27,#0038B8
Ilia Smirin,ISR,2676,2016-07-27,#0038B8
Ilia Smirin,ISR,2687,2016-08-27,#0038B8
Ilia Smirin,ISR,2685,2016-09-27,#0038B8
Ilia Smirin,ISR,2685,2016-10-27,#0038B8
Ilia Smirin,ISR,2674,2016-11-27,#0038B8
Ilia Smirin,ISR,2669,2016-12-27,#0038B8
Ilia Smirin,ISR,2667,2017-01-27,#0038B8
Ilia Smirin,ISR,2670,2017-02-27,#0038B8
Ilia Smirin,ISR,2668,2017-03-27,#0038B8
Ilia Smirin,ISR,2671,2017-04-27,#0038B8
Ilia Smirin,ISR,2676,2017-05-27,#0038B8
Ilia Smirin,ISR,2676,2017-06-27,#0038B8
Ioannis Papaioannou,GRE,2652,2017-07-27,#FFFFFFF
Ioannis Papaioannou,GRE,2652,2017-08-27,#FFFFFFF
Ioannis Papaioannou,GRE,2652,2017-09-27,#FFFFFFF
Ioannis Papaioannou,GRE,2601,2002-01-27,#FFFFFFF
Ivan Bukavshin,RUS,2655,2015-08-27,#D52B1E
Ivan Bukavshin,RUS,2657,2015-09-27,#D52B1E
Ivan Bukavshin,RUS,2657,2015-10-27,#D52B1E
Ivan Bukavshin,RUS,2657,2015-11-27,#D52B1E
Ivan Bukavshin,RUS,2657,2015-12-27,#D52B1E
Ivan Bukavshin,RUS,2658,2016-01-27,#D52B1E
Ivan Bukavshin,RUS,2658,2016-02-27,#D52B1E
Ivan Bukavshin,RUS,2658,2016-03-27,#D52B1E
Ivan Bukavshin,RUS,2658,2016-04-27,#D52B1E
Ivan Bukavshin,RUS,2658,2016-05-27,#D52B1E
Ivan Bukavshin,RUS,2658,2016-06-27,#D52B1E
Ivan Bukavshin,RUS,2658,2016-07-27,#D52B1E
Ivan Cheparinov,BUL,2696,2017-07-27,#00966E
Ivan Cheparinov,BUL,2696,2017-08-27,#00966E
Ivan Cheparinov,BUL,2695,2017-09-27,#00966E
Ivan Cheparinov,BUL,2697,2017-10-27,#00966E
Ivan Cheparinov,BUL,2710,2017-11-27,#00966E
Ivan Cheparinov,BUL,2710,2017-12-27,#00966E
Ivan Cheparinov,BUL,2699,2018-01-27,#00966E
Ivan Cheparinov,BUL,2699,2018-02-27,#00966E
Ivan Cheparinov,BUL,2693,2018-03-27,#00966E
Ivan Cheparinov,BUL,2702,2018-04-27,#00966E
Ivan Cheparinov,BUL,2705,2018-05-27,#00966E
Ivan Cheparinov,BUL,2712,2018-06-27,#00966E
Ivan Cheparinov,BUL,2712,2018-07-27,#00966E
Ivan Cheparinov,BUL,2718,2018-08-27,#00966E
Ivan Cheparinov,BUL,2715,2018-09-27,#00966E
Ivan Cheparinov,BUL,2715,2018-10-27,#00966E
Ivan Cheparinov,BUL,2711,2018-11-27,#00966E
Ivan Cheparinov,BUL,2709,2018-12-27,#00966E
Ivan Cheparinov,BUL,2691,2019-01-27,#00966E
Ivan Cheparinov,BUL,2691,2019-02-24,#00966E
Ivan Cheparinov,BUL,2621,2005-04-27,#00966E
Ivan Cheparinov,BUL,2634,2005-07-27,#00966E
Ivan Cheparinov,BUL,2618,2005-10-27,#00966E
Ivan Cheparinov,BUL,2625,2006-01-27,#00966E
Ivan Cheparinov,BUL,2635,2006-04-27,#00966E
Ivan Cheparinov,BUL,2632,2006-07-27,#00966E
Ivan Cheparinov,BUL,2632,2006-10-27,#00966E
Ivan Cheparinov,BUL,2640,2007-01-27,#00966E
Ivan Cheparinov,BUL,2646,2007-04-27,#00966E
Ivan Cheparinov,BUL,2657,2007-07-27,#00966E
Ivan Cheparinov,BUL,2670,2007-10-27,#00966E
Ivan Cheparinov,BUL,2713,2008-01-27,#00966E
Ivan Cheparinov,BUL,2695,2008-04-27,#00966E
Ivan Cheparinov,BUL,2687,2008-07-27,#00966E
Ivan Cheparinov,BUL,2696,2008-10-27,#00966E
Ivan Cheparinov,BUL,2679,2009-01-27,#00966E
Ivan Cheparinov,BUL,2678,2009-04-27,#00966E
Ivan Cheparinov,BUL,2678,2009-07-27,#00966E
Ivan Cheparinov,BUL,2667,2009-09-27,#00966E
Ivan Cheparinov,BUL,2671,2009-11-27,#00966E
Ivan Cheparinov,BUL,2660,2010-01-27,#00966E
Ivan Cheparinov,BUL,2657,2010-03-27,#00966E
Ivan Cheparinov,BUL,2640,2010-05-27,#00966E
Ivan Cheparinov,BUL,2661,2010-07-27,#00966E
Ivan Cheparinov,BUL,2661,2010-09-27,#00966E
Ivan Cheparinov,BUL,2668,2010-11-27,#00966E
Ivan Cheparinov,BUL,2665,2011-01-27,#00966E
Ivan Cheparinov,BUL,2664,2011-03-27,#00966E
Ivan Cheparinov,BUL,2669,2011-05-27,#00966E
Ivan Cheparinov,BUL,2669,2011-07-27,#00966E
Ivan Cheparinov,BUL,2650,2011-09-27,#00966E
Ivan Cheparinov,BUL,2659,2012-01-27,#00966E
Ivan Cheparinov,BUL,2664,2012-03-27,#00966E
Ivan Cheparinov,BUL,2673,2012-05-27,#00966E
Ivan Cheparinov,BUL,2677,2012-07-27,#00966E
Ivan Cheparinov,BUL,2681,2012-08-27,#00966E
Ivan Cheparinov,BUL,2689,2012-09-27,#00966E
Ivan Cheparinov,BUL,2710,2012-10-27,#00966E
Ivan Cheparinov,BUL,2710,2012-11-27,#00966E
Ivan Cheparinov,BUL,2709,2012-12-27,#00966E
Ivan Cheparinov,BUL,2709,2013-01-27,#00966E
Ivan Cheparinov,BUL,2709,2013-02-27,#00966E
Ivan Cheparinov,BUL,2706,2013-03-27,#00966E
Ivan Cheparinov,BUL,2702,2013-04-27,#00966E
Ivan Cheparinov,BUL,2700,2013-05-27,#00966E
Ivan Cheparinov,BUL,2678,2013-06-27,#00966E
Ivan Cheparinov,BUL,2678,2013-07-27,#00966E
Ivan Cheparinov,BUL,2678,2013-08-27,#00966E
Ivan Cheparinov,BUL,2687,2013-09-27,#00966E
Ivan Cheparinov,BUL,2672,2013-10-27,#00966E
Ivan Cheparinov,BUL,2672,2013-11-27,#00966E
Ivan Cheparinov,BUL,2672,2013-12-27,#00966E
Ivan Cheparinov,BUL,2672,2014-01-27,#00966E
Ivan Cheparinov,BUL,2672,2014-02-27,#00966E
Ivan Cheparinov,BUL,2681,2014-03-27,#00966E
Ivan Cheparinov,BUL,2686,2014-04-27,#00966E
Ivan Cheparinov,BUL,2686,2014-05-27,#00966E
Ivan Cheparinov,BUL,2682,2014-06-27,#00966E
Ivan Cheparinov,BUL,2690,2014-07-27,#00966E
Ivan Cheparinov,BUL,2681,2014-08-27,#00966E
Ivan Cheparinov,BUL,2674,2014-09-27,#00966E
Ivan Cheparinov,BUL,2681,2014-10-27,#00966E
Ivan Cheparinov,BUL,2684,2014-11-27,#00966E
Ivan Cheparinov,BUL,2684,2014-12-27,#00966E
Ivan Cheparinov,BUL,2681,2015-01-27,#00966E
Ivan Cheparinov,BUL,2681,2015-02-27,#00966E
Ivan Cheparinov,BUL,2675,2015-03-27,#00966E
Ivan Cheparinov,BUL,2680,2015-04-27,#00966E
Ivan Cheparinov,BUL,2681,2015-05-27,#00966E
Ivan Cheparinov,BUL,2681,2015-06-27,#00966E
Ivan Cheparinov,BUL,2683,2015-07-27,#00966E
Ivan Cheparinov,BUL,2690,2015-08-27,#00966E
Ivan Cheparinov,BUL,2681,2015-09-27,#00966E
Ivan Cheparinov,BUL,2681,2015-10-27,#00966E
Ivan Cheparinov,BUL,2682,2015-11-27,#00966E
Ivan Cheparinov,BUL,2682,2015-12-27,#00966E
Ivan Cheparinov,BUL,2682,2016-01-27,#00966E
Ivan Cheparinov,BUL,2684,2016-02-27,#00966E
Ivan Cheparinov,BUL,2684,2016-03-27,#00966E
Ivan Cheparinov,BUL,2695,2016-04-27,#00966E
Ivan Cheparinov,BUL,2685,2016-05-27,#00966E
Ivan Cheparinov,BUL,2687,2016-06-27,#00966E
Ivan Cheparinov,BUL,2688,2016-07-27,#00966E
Ivan Cheparinov,BUL,2688,2016-08-27,#00966E
Ivan Cheparinov,BUL,2677,2016-09-27,#00966E
Ivan Cheparinov,BUL,2677,2016-10-27,#00966E
Ivan Cheparinov,BUL,2689,2016-11-27,#00966E
Ivan Cheparinov,BUL,2689,2016-12-27,#00966E
Ivan Cheparinov,BUL,2689,2017-01-27,#00966E
Ivan Cheparinov,BUL,2689,2017-02-27,#00966E
Ivan Cheparinov,BUL,2698,2017-03-27,#00966E
Ivan Cheparinov,BUL,2688,2017-04-27,#00966E
Ivan Cheparinov,BUL,2688,2017-05-27,#00966E
Ivan Cheparinov,BUL,2690,2017-06-27,#00966E
Ivan Ivanisevic,SRB,2649,2008-01-27,#FFFFFFF
Ivan Ivanisevic,SRB,2649,2008-04-27,#FFFFFFF
Ivan Ivanisevic,SRB,2664,2008-07-27,#FFFFFFF
Ivan Ivanisevic,SRB,2658,2008-10-27,#FFFFFFF
Ivan Ivanisevic,SRB,2648,2011-05-27,#FFFFFFF
Ivan Ivanisevic,SRB,2653,2013-04-27,#FFFFFFF
Ivan Ivanisevic,SRB,2655,2013-05-27,#FFFFFFF
Ivan Ivanisevic,SRB,2657,2015-05-27,#FFFFFFF
Ivan Ivanisevic,SRB,2662,2015-06-27,#FFFFFFF
Ivan Ivanisevic,SRB,2662,2015-07-27,#FFFFFFF
Ivan Ivanisevic,SRB,2662,2015-08-27,#FFFFFFF
Ivan Ivanisevic,SRB,2658,2015-09-27,#FFFFFFF
Ivan Ivanisevic,SRB,2662,2015-11-27,#FFFFFFF
Ivan Ivanisevic,SRB,2660,2015-12-27,#FFFFFFF
Ivan Ivanisevic,SRB,2665,2016-01-27,#FFFFFFF
Ivan Ivanisevic,SRB,2665,2016-02-27,#FFFFFFF
Ivan Ivanisevic,SRB,2665,2016-03-27,#FFFFFFF
Ivan Ivanisevic,SRB,2656,2016-07-27,#FFFFFFF
Ivan Morovic Fernandez,CRO,2608,2000-07-27,#FFFFFFF
Ivan Morovic Fernandez,CRO,2608,2000-10-27,#FFFFFFF
Ivan Popov,RUS,2656,2013-09-27,#D52B1E
Ivan Popov,RUS,2652,2013-11-27,#D52B1E
Ivan Popov,RUS,2653,2014-02-27,#D52B1E
Ivan Popov,RUS,2651,2014-04-27,#D52B1E
Ivan Popov,RUS,2653,2015-08-27,#D52B1E
Ivan Popov,RUS,2661,2015-09-27,#D52B1E
Ivan Popov,RUS,2661,2015-10-27,#D52B1E
Ivan Salgado Lopez,ESP,2662,2016-09-27,#ffc50a
Ivan Saric,CRO,2662,2017-09-27,#FFFFFFF
Ivan Saric,CRO,2662,2017-10-27,#FFFFFFF
Ivan Saric,CRO,2661,2017-11-27,#FFFFFFF
Ivan Saric,CRO,2669,2017-12-27,#FFFFFFF
Ivan Saric,CRO,2664,2018-01-27,#FFFFFFF
Ivan Saric,CRO,2664,2018-02-27,#FFFFFFF
Ivan Saric,CRO,2657,2018-03-27,#FFFFFFF
Ivan Saric,CRO,2677,2018-04-27,#FFFFFFF
Ivan Saric,CRO,2685,2018-05-27,#FFFFFFF
Ivan Saric,CRO,2685,2018-06-27,#FFFFFFF
Ivan Saric,CRO,2689,2018-07-27,#FFFFFFF
Ivan Saric,CRO,2690,2018-08-27,#FFFFFFF
Ivan Saric,CRO,2689,2018-09-27,#FFFFFFF
Ivan Saric,CRO,2687,2018-10-27,#FFFFFFF
Ivan Saric,CRO,2692,2018-11-27,#FFFFFFF
Ivan Saric,CRO,2695,2018-12-27,#FFFFFFF
Ivan Saric,CRO,2690,2019-01-27,#FFFFFFF
Ivan Saric,CRO,2690,2019-02-24,#FFFFFFF
Ivan Saric,CRO,2661,2014-02-27,#FFFFFFF
Ivan Saric,CRO,2661,2014-03-27,#FFFFFFF
Ivan Saric,CRO,2665,2014-04-27,#FFFFFFF
Ivan Saric,CRO,2666,2014-05-27,#FFFFFFF
Ivan Saric,CRO,2671,2014-06-27,#FFFFFFF
Ivan Saric,CRO,2671,2014-07-27,#FFFFFFF
Ivan Saric,CRO,2671,2014-08-27,#FFFFFFF
Ivan Saric,CRO,2678,2014-09-27,#FFFFFFF
Ivan Saric,CRO,2678,2014-10-27,#FFFFFFF
Ivan Saric,CRO,2680,2014-11-27,#FFFFFFF
Ivan Saric,CRO,2679,2014-12-27,#FFFFFFF
Ivan Saric,CRO,2666,2015-01-27,#FFFFFFF
Ivan Saric,CRO,2661,2015-02-27,#FFFFFFF
Ivan Saric,CRO,2661,2015-08-27,#FFFFFFF
Ivan Saric,CRO,2678,2015-09-27,#FFFFFFF
Ivan Saric,CRO,2678,2015-10-27,#FFFFFFF
Ivan Saric,CRO,2654,2015-12-27,#FFFFFFF
Ivan Saric,CRO,2660,2016-06-27,#FFFFFFF
Ivan Saric,CRO,2660,2016-07-27,#FFFFFFF
Ivan Saric,CRO,2667,2016-08-27,#FFFFFFF
Ivan Saric,CRO,2668,2016-09-27,#FFFFFFF
Ivan Saric,CRO,2666,2016-10-27,#FFFFFFF
Ivan Sokolov,NED,2677,2002-07-27,#ff9a14
Ivan Sokolov,NED,2684,2002-10-27,#ff9a14
Ivan Sokolov,NED,2688,2003-01-27,#ff9a14
Ivan Sokolov,NED,2677,2003-04-27,#ff9a14
Ivan Sokolov,NED,2693,2003-07-27,#ff9a14
Ivan Sokolov,NED,2695,2003-10-27,#ff9a14
Ivan Sokolov,NED,2706,2004-01-27,#ff9a14
Ivan Sokolov,NED,2690,2004-04-27,#ff9a14
Ivan Sokolov,NED,2679,2004-07-27,#ff9a14
Ivan Sokolov,NED,2663,2004-10-27,#ff9a14
Ivan Sokolov,NED,2685,2005-01-27,#ff9a14
Ivan Sokolov,NED,2662,2005-04-27,#ff9a14
Ivan Sokolov,NED,2691,2005-07-27,#ff9a14
Ivan Sokolov,NED,2696,2005-10-27,#ff9a14
Ivan Sokolov,NED,2689,2006-01-27,#ff9a14
Ivan Sokolov,NED,2676,2006-04-27,#ff9a14
Ivan Sokolov,NED,2652,2006-07-27,#ff9a14
Ivan Sokolov,NED,2670,2006-10-27,#ff9a14
Ivan Sokolov,NED,2652,2007-01-27,#ff9a14
Ivan Sokolov,NED,2663,2007-04-27,#ff9a14
Ivan Sokolov,NED,2666,2007-07-27,#ff9a14
Ivan Sokolov,NED,2673,2007-10-27,#ff9a14
Ivan Sokolov,NED,2686,2008-01-27,#ff9a14
Ivan Sokolov,NED,2690,2008-04-27,#ff9a14
Ivan Sokolov,NED,2658,2008-07-27,#ff9a14
Ivan Sokolov,NED,2650,2008-10-27,#ff9a14
Ivan Sokolov,NED,2657,2009-01-27,#ff9a14
Ivan Sokolov,NED,2669,2009-04-27,#ff9a14
Ivan Sokolov,NED,2657,2011-01-27,#ff9a14
Ivan Sokolov,NED,2672,2011-07-27,#ff9a14
Ivan Sokolov,NED,2673,2011-09-27,#ff9a14
Ivan Sokolov,NED,2653,2012-03-27,#ff9a14
Ivan Sokolov,NED,2680,2012-05-27,#ff9a14
Ivan Sokolov,NED,2676,2012-07-27,#ff9a14
Ivan Sokolov,NED,2696,2012-08-27,#ff9a14
Ivan Sokolov,NED,2699,2012-09-27,#ff9a14
Ivan Sokolov,NED,2690,2012-10-27,#ff9a14
Ivan Sokolov,NED,2677,2012-11-27,#ff9a14
Ivan Sokolov,NED,2667,2012-12-27,#ff9a14
Ivan Sokolov,NED,2667,2013-01-27,#ff9a14
Ivan Sokolov,NED,2656,2013-08-27,#ff9a14
Ivan Sokolov,BIH,2611,2000-07-27,#FFFFFFF
Ivan Sokolov,BIH,2611,2000-10-27,#FFFFFFF
Ivan Sokolov,BIH,2659,2001-01-27,#FFFFFFF
Ivan Sokolov,BIH,2659,2001-04-27,#FFFFFFF
Ivan Sokolov,BIH,2658,2001-10-27,#FFFFFFF
Ivan Sokolov,BIH,2659,2002-01-27,#FFFFFFF
Ivan Sokolov,BIH,2647,2002-04-27,#FFFFFFF
Ivan Sokolov,BIH,2655,2009-07-27,#FFFFFFF
Ivan Sokolov,BIH,2657,2009-09-27,#FFFFFFF
Ivan Sokolov,BIH,2652,2009-11-27,#FFFFFFF
Ivan Sokolov,BIH,2649,2010-01-27,#FFFFFFF
Ivan Sokolov,BIH,2654,2010-05-27,#FFFFFFF
Ivan Sokolov,BIH,2641,2010-07-27,#FFFFFFF
Jaan Ehlvest,USA,2643,2007-04-27,#3c3b6e
Jaan Ehlvest,USA,2629,2007-07-27,#3c3b6e
Jaan Ehlvest,EST,2627,2000-07-27,#FFFFFFF
Jaan Ehlvest,EST,2628,2000-10-27,#FFFFFFF
Jaan Ehlvest,EST,2638,2001-01-27,#FFFFFFF
Jaan Ehlvest,EST,2630,2001-04-27,#FFFFFFF
Jaan Ehlvest,EST,2627,2001-07-27,#FFFFFFF
Jaan Ehlvest,EST,2626,2001-10-27,#FFFFFFF
Jaan Ehlvest,EST,2600,2002-07-27,#FFFFFFF
Jaan Ehlvest,EST,2600,2002-10-27,#FFFFFFF
Jaan Ehlvest,EST,2600,2003-01-27,#FFFFFFF
Jaan Ehlvest,EST,2631,2004-10-27,#FFFFFFF
Jaan Ehlvest,EST,2622,2005-01-27,#FFFFFFF
Jaan Ehlvest,EST,2618,2005-10-27,#FFFFFFF
Jaan Ehlvest,EST,2619,2006-01-27,#FFFFFFF
Jan Gustafsson,GER,2611,2004-07-27,#FFFFFFF
Jan Gustafsson,GER,2616,2005-01-27,#FFFFFFF
Jan Gustafsson,GER,2627,2005-04-27,#FFFFFFF
Jan Gustafsson,GER,2634,2008-10-27,#FFFFFFF
Jan Gustafsson,GER,2634,2009-01-27,#FFFFFFF
Jan Gustafsson,GER,2646,2010-03-27,#FFFFFFF
Jan Gustafsson,GER,2640,2010-05-27,#FFFFFFF
Jan Gustafsson,GER,2643,2010-07-27,#FFFFFFF
Jan Gustafsson,GER,2646,2010-09-27,#FFFFFFF
Jan Gustafsson,GER,2652,2010-11-27,#FFFFFFF
Jan Gustafsson,GER,2652,2011-01-27,#FFFFFFF
Jan Gustafsson,GER,2647,2011-03-27,#FFFFFFF
Jan H Timman,NED,2639,2000-07-27,#ff9a14
Jan H Timman,NED,2639,2000-10-27,#ff9a14
Jan H Timman,NED,2629,2001-01-27,#ff9a14
Jan H Timman,NED,2620,2001-04-27,#ff9a14
Jan H Timman,NED,2600,2001-10-27,#ff9a14
Jan H Timman,NED,2605,2002-01-27,#ff9a14
Jan H Timman,NED,2616,2002-04-27,#ff9a14
Jan H Timman,NED,2623,2002-07-27,#ff9a14
Jan H Timman,NED,2625,2005-07-27,#ff9a14
Jan H Timman,NED,2630,2005-10-27,#ff9a14
Jan H Timman,NED,2630,2006-01-27,#ff9a14
Jan H Timman,NED,2616,2006-04-27,#ff9a14
Jan Smeets,NED,2650,2009-11-27,#ff9a14
Jan Smeets,NED,2657,2010-01-27,#ff9a14
Jan Smeets,NED,2651,2010-03-27,#ff9a14
Jan Smeets,NED,2659,2010-05-27,#ff9a14
Jan Smeets,NED,2669,2010-07-27,#ff9a14
Jan Smeets,NED,2669,2010-09-27,#ff9a14
Jan Smeets,NED,2660,2010-11-27,#ff9a14
Jan Smeets,NED,2662,2011-01-27,#ff9a14
Jan Smeets,NED,2660,2011-03-27,#ff9a14
Jan-Krzysztof Duda,POL,2707,2017-07-27,#DC143C
Jan-Krzysztof Duda,POL,2707,2017-08-27,#DC143C
Jan-Krzysztof Duda,POL,2698,2017-09-27,#DC143C
Jan-Krzysztof Duda,POL,2706,2017-10-27,#DC143C
Jan-Krzysztof Duda,POL,2710,2017-11-27,#DC143C
Jan-Krzysztof Duda,POL,2717,2017-12-27,#DC143C
Jan-Krzysztof Duda,POL,2724,2018-01-27,#DC143C
Jan-Krzysztof Duda,POL,2724,2018-02-27,#DC143C
Jan-Krzysztof Duda,POL,2724,2018-03-27,#DC143C
Jan-Krzysztof Duda,POL,2724,2018-04-27,#DC143C
Jan-Krzysztof Duda,POL,2724,2018-05-27,#DC143C
Jan-Krzysztof Duda,POL,2731,2018-06-27,#DC143C
Jan-Krzysztof Duda,POL,2737,2018-07-27,#DC143C
Jan-Krzysztof Duda,POL,2740,2018-08-27,#DC143C
Jan-Krzysztof Duda,POL,2739,2018-09-27,#DC143C
Jan-Krzysztof Duda,POL,2739,2018-10-27,#DC143C
Jan-Krzysztof Duda,POL,2738,2018-11-27,#DC143C
Jan-Krzysztof Duda,POL,2738,2018-12-27,#DC143C
Jan-Krzysztof Duda,POL,2738,2019-01-27,#DC143C
Jan-Krzysztof Duda,POL,2731,2019-02-24,#DC143C
Jan-Krzysztof Duda,POL,2658,2015-10-27,#DC143C
Jan-Krzysztof Duda,POL,2658,2015-11-27,#DC143C
Jan-Krzysztof Duda,POL,2663,2015-12-27,#DC143C
Jan-Krzysztof Duda,POL,2660,2016-01-27,#DC143C
Jan-Krzysztof Duda,POL,2660,2016-02-27,#DC143C
Jan-Krzysztof Duda,POL,2663,2016-04-27,#DC143C
Jan-Krzysztof Duda,POL,2666,2016-05-27,#DC143C
Jan-Krzysztof Duda,POL,2660,2016-06-27,#DC143C
Jan-Krzysztof Duda,POL,2671,2016-07-27,#DC143C
Jan-Krzysztof Duda,POL,2675,2016-08-27,#DC143C
Jan-Krzysztof Duda,POL,2675,2016-09-27,#DC143C
Jan-Krzysztof Duda,POL,2678,2016-10-27,#DC143C
Jan-Krzysztof Duda,POL,2684,2016-11-27,#DC143C
Jan-Krzysztof Duda,POL,2684,2016-12-27,#DC143C
Jan-Krzysztof Duda,POL,2684,2017-01-27,#DC143C
Jan-Krzysztof Duda,POL,2684,2017-02-27,#DC143C
Jan-Krzysztof Duda,POL,2684,2017-03-27,#DC143C
Jan-Krzysztof Duda,POL,2684,2017-04-27,#DC143C
Jan-Krzysztof Duda,POL,2693,2017-05-27,#DC143C
Jan-Krzysztof Duda,POL,2697,2017-06-27,#DC143C
Jean-Marc Degraeve,FRA,2602,2001-07-27,#3e3b9b
Jeffery Xiong,USA,2665,2018-04-27,#3c3b6e
Jeffery Xiong,USA,2661,2018-05-27,#3c3b6e
Jeffery Xiong,USA,2656,2018-06-27,#3c3b6e
Jeffery Xiong,USA,2655,2018-07-27,#3c3b6e
Jeffery Xiong,USA,2651,2018-09-27,#3c3b6e
Jeffery Xiong,USA,2656,2018-10-27,#3c3b6e
Jeffery Xiong,USA,2675,2018-11-27,#3c3b6e
Jeffery Xiong,USA,2676,2018-12-27,#3c3b6e
Jeffery Xiong,USA,2672,2019-01-27,#3c3b6e
Jeffery Xiong,USA,2666,2019-02-24,#3c3b6e
Jeffery Xiong,USA,2660,2016-11-27,#3c3b6e
Jeffery Xiong,USA,2666,2016-12-27,#3c3b6e
Jeffery Xiong,USA,2667,2017-01-27,#3c3b6e
Jeffery Xiong,USA,2674,2017-02-27,#3c3b6e
Jeffery Xiong,USA,2674,2017-03-27,#3c3b6e
Jeffery Xiong,USA,2665,2017-04-27,#3c3b6e
Jeffery Xiong,USA,2658,2017-06-27,#3c3b6e
Jeroen Piket,NED,2649,2000-07-27,#ff9a14
Jeroen Piket,NED,2640,2000-10-27,#ff9a14
Jeroen Piket,NED,2632,2001-01-27,#ff9a14
Jeroen Piket,NED,2628,2001-04-27,#ff9a14
Jeroen Piket,NED,2630,2001-07-27,#ff9a14
Jeroen Piket,NED,2649,2001-10-27,#ff9a14
Jeroen Piket,NED,2659,2002-01-27,#ff9a14
Jeroen Piket,NED,2659,2002-04-27,#ff9a14
Jeroen Piket,NED,2646,2002-07-27,#ff9a14
Jeroen Piket,NED,2646,2002-10-27,#ff9a14
Jeroen Piket,NED,2646,2003-01-27,#ff9a14
Jeroen Piket,NED,2646,2003-04-27,#ff9a14
Jeroen Piket,NED,2632,2003-07-27,#ff9a14
Jeroen Piket,NED,2624,2003-10-27,#ff9a14
Jeroen Piket,NED,2624,2004-01-27,#ff9a14
Jeroen Piket,NED,2624,2004-04-27,#ff9a14
Jeroen Piket,NED,2624,2004-07-27,#ff9a14
Jianchao Zhou,CHN,2635,2009-04-27,#e02a00
Jianchao Zhou,CHN,2650,2010-03-27,#e02a00
Jianchao Zhou,CHN,2652,2010-05-27,#e02a00
Jianchao Zhou,CHN,2668,2010-07-27,#e02a00
Jianchao Zhou,CHN,2660,2010-09-27,#e02a00
Jianchao Zhou,CHN,2669,2010-11-27,#e02a00
Jianchao Zhou,CHN,2655,2011-01-27,#e02a00
Jianchao Zhou,CHN,2660,2011-03-27,#e02a00
Jiangchuan Ye,CHN,2670,2000-07-27,#e02a00
Jiangchuan Ye,CHN,2682,2000-10-27,#e02a00
Jiangchuan Ye,CHN,2671,2001-01-27,#e02a00
Jiangchuan Ye,CHN,2671,2001-04-27,#e02a00
Jiangchuan Ye,CHN,2677,2001-07-27,#e02a00
Jiangchuan Ye,CHN,2681,2001-10-27,#e02a00
Jiangchuan Ye,CHN,2676,2002-01-27,#e02a00
Jiangchuan Ye,CHN,2676,2002-04-27,#e02a00
Jiangchuan Ye,CHN,2676,2002-07-27,#e02a00
Jiangchuan Ye,CHN,2667,2002-10-27,#e02a00
Jiangchuan Ye,CHN,2682,2003-01-27,#e02a00
Jiangchuan Ye,CHN,2684,2003-04-27,#e02a00
Jiangchuan Ye,CHN,2683,2003-07-27,#e02a00
Jiangchuan Ye,CHN,2681,2003-10-27,#e02a00
Jiangchuan Ye,CHN,2681,2004-01-27,#e02a00
Jiangchuan Ye,CHN,2681,2004-04-27,#e02a00
Jiangchuan Ye,CHN,2681,2004-07-27,#e02a00
Jiangchuan Ye,CHN,2649,2004-10-27,#e02a00
Jiangchuan Ye,CHN,2648,2005-01-27,#e02a00
Jiangchuan Ye,CHN,2648,2005-04-27,#e02a00
Jiangchuan Ye,CHN,2648,2005-07-27,#e02a00
Jiangchuan Ye,CHN,2632,2007-04-27,#e02a00
Jiangchuan Ye,CHN,2632,2007-07-27,#e02a00
Jiangchuan Ye,CHN,2632,2007-10-27,#e02a00
Joel Benjamin,USA,2598,2002-04-27,#3c3b6e
Joel Benjamin,USA,2608,2002-07-27,#3c3b6e
Joel Benjamin,USA,2609,2002-10-27,#3c3b6e
Joel Lautier,FRA,2648,2000-07-27,#3e3b9b
Joel Lautier,FRA,2648,2000-10-27,#3e3b9b
Joel Lautier,FRA,2658,2001-01-27,#3e3b9b
Joel Lautier,FRA,2658,2001-04-27,#3e3b9b
Joel Lautier,FRA,2675,2001-07-27,#3e3b9b
Joel Lautier,FRA,2653,2001-10-27,#3e3b9b
Joel Lautier,FRA,2687,2002-01-27,#3e3b9b
Joel Lautier,FRA,2675,2002-04-27,#3e3b9b
Joel Lautier,FRA,2663,2002-07-27,#3e3b9b
Joel Lautier,FRA,2665,2002-10-27,#3e3b9b
Joel Lautier,FRA,2670,2003-01-27,#3e3b9b
Joel Lautier,FRA,2666,2003-04-27,#3e3b9b
Joel Lautier,FRA,2677,2003-07-27,#3e3b9b
Joel Lautier,FRA,2666,2003-10-27,#3e3b9b
Joel Lautier,FRA,2676,2004-01-27,#3e3b9b
Joel Lautier,FRA,2680,2004-04-27,#3e3b9b
Joel Lautier,FRA,2666,2004-07-27,#3e3b9b
Joel Lautier,FRA,2682,2004-10-27,#3e3b9b
Joel Lautier,FRA,2678,2005-01-27,#3e3b9b
Joel Lautier,FRA,2678,2005-04-27,#3e3b9b
Joel Lautier,FRA,2672,2005-07-27,#3e3b9b
Joel Lautier,FRA,2679,2005-10-27,#3e3b9b
Joel Lautier,FRA,2682,2006-01-27,#3e3b9b
Joel Lautier,FRA,2682,2006-04-27,#3e3b9b
Joel Lautier,FRA,2675,2006-07-27,#3e3b9b
Joel Lautier,FRA,2656,2006-10-27,#3e3b9b
Joel Lautier,FRA,2656,2007-01-27,#3e3b9b
Joel Lautier,FRA,2661,2007-04-27,#3e3b9b
Joel Lautier,FRA,2654,2007-07-27,#3e3b9b
Joel Lautier,FRA,2657,2007-10-27,#3e3b9b
Joel Lautier,FRA,2657,2008-01-27,#3e3b9b
Joel Lautier,FRA,2657,2008-04-27,#3e3b9b
Joel Lautier,FRA,2657,2008-07-27,#3e3b9b
Joel Lautier,FRA,2658,2010-03-27,#3e3b9b
Joerg Hickl,GER,2600,2001-07-27,#FFFFFFF
Joerg Hickl,GER,2600,2001-10-27,#FFFFFFF
Joerg Hickl,GER,2601,2002-01-27,#FFFFFFF
Joerg Hickl,GER,2602,2002-04-27,#FFFFFFF
Joerg Hickl,GER,2602,2002-07-27,#FFFFFFF
Joerg Hickl,GER,2605,2002-10-27,#FFFFFFF
Johann Hjartarson,ISL,2634,2002-04-27,#FFFFFFF
Johann Hjartarson,ISL,2634,2002-07-27,#FFFFFFF
Johann Hjartarson,ISL,2634,2002-10-27,#FFFFFFF
Johann Hjartarson,ISL,2634,2003-01-27,#FFFFFFF
Johann Hjartarson,ISL,2640,2003-07-27,#FFFFFFF
Johann Hjartarson,ISL,2640,2003-10-27,#FFFFFFF
Johann Hjartarson,ISL,2640,2004-01-27,#FFFFFFF
Johann Hjartarson,ISL,2640,2004-04-27,#FFFFFFF
Johann Hjartarson,ISL,2628,2004-07-27,#FFFFFFF
Johann Hjartarson,ISL,2628,2004-10-27,#FFFFFFF
Johann Hjartarson,ISL,2628,2005-01-27,#FFFFFFF
Johann Hjartarson,ISL,2628,2005-04-27,#FFFFFFF
Johann Hjartarson,ISL,2621,2005-07-27,#FFFFFFF
Johann Hjartarson,ISL,2619,2005-10-27,#FFFFFFF
Johann Hjartarson,ISL,2619,2006-01-27,#FFFFFFF
Johann Hjartarson,ISL,2619,2006-04-27,#FFFFFFF
John D.M. Nunn,ENG,2595,2001-10-27,#b32100
John D.M. Nunn,ENG,2611,2002-07-27,#b32100
John D.M. Nunn,ENG,2611,2002-10-27,#b32100
John D.M. Nunn,ENG,2611,2003-01-27,#b32100
John D.M. Nunn,ENG,2611,2003-04-27,#b32100
John D.M. Nunn,ENG,2617,2003-07-27,#b32100
John D.M. Nunn,ENG,2617,2003-10-27,#b32100
John D.M. Nunn,ENG,2617,2004-01-27,#b32100
John D.M. Nunn,ENG,2617,2004-04-27,#b32100
Jon Ludvig Hammer,NOR,2662,2018-08-27,#EF2B2D
Jon Ludvig Hammer,NOR,2662,2018-09-27,#EF2B2D
Jon Ludvig Hammer,NOR,2662,2018-10-27,#EF2B2D
Jon Ludvig Hammer,NOR,2659,2018-11-27,#EF2B2D
Jon Ludvig Hammer,NOR,2652,2018-12-27,#EF2B2D
Jon Ludvig Hammer,NOR,2652,2019-01-27,#EF2B2D
Jon Ludvig Hammer,NOR,2652,2019-02-24,#EF2B2D
Jon Ludvig Hammer,NOR,2647,2010-11-27,#EF2B2D
Jon Ludvig Hammer,NOR,2665,2015-05-27,#EF2B2D
Jon Ludvig Hammer,NOR,2677,2015-06-27,#EF2B2D
Jon Ludvig Hammer,NOR,2677,2015-07-27,#EF2B2D
Jon Ludvig Hammer,NOR,2677,2015-08-27,#EF2B2D
Jon Ludvig Hammer,NOR,2683,2015-09-27,#EF2B2D
Jon Ludvig Hammer,NOR,2680,2015-10-27,#EF2B2D
Jon Ludvig Hammer,NOR,2682,2015-11-27,#EF2B2D
Jon Ludvig Hammer,NOR,2695,2015-12-27,#EF2B2D
Jon Ludvig Hammer,NOR,2695,2016-01-27,#EF2B2D
Jon Ludvig Hammer,NOR,2705,2016-02-27,#EF2B2D
Jon Ludvig Hammer,NOR,2701,2016-03-27,#EF2B2D
Jon Ludvig Hammer,NOR,2689,2016-04-27,#EF2B2D
Jon Ludvig Hammer,NOR,2689,2016-05-27,#EF2B2D
Jon Ludvig Hammer,NOR,2668,2016-06-27,#EF2B2D
Jonathan S. Speelman,ENG,2623,2000-07-27,#b32100
Jonathan S. Speelman,ENG,2612,2000-10-27,#b32100
Jonathan S. Speelman,ENG,2604,2001-01-27,#b32100
Jonathan S. Speelman,ENG,2603,2001-07-27,#b32100
Jonathan S. Speelman,ENG,2596,2001-10-27,#b32100
Jonathan S. Speelman,ENG,2596,2002-01-27,#b32100
Jorge Cori,PER,2657,2017-10-27,#FFFFFFF
Jorge Cori,PER,2657,2017-11-27,#FFFFFFF
Jorge Cori,PER,2660,2017-12-27,#FFFFFFF
Jorge Cori,PER,2660,2018-01-27,#FFFFFFF
Jorge Cori,PER,2654,2018-02-27,#FFFFFFF
Jorge Cori,PER,2658,2018-03-27,#FFFFFFF
Jorge Cori,PER,2654,2018-04-27,#FFFFFFF
Jorge Cori,PER,2659,2018-05-27,#FFFFFFF
Jorge Cori,PER,2659,2018-06-27,#FFFFFFF
Jorge Cori,PER,2664,2018-07-27,#FFFFFFF
Jorge Cori,PER,2664,2018-08-27,#FFFFFFF
Jorge Cori,PER,2664,2018-09-27,#FFFFFFF
Jorge Cori,PER,2664,2018-10-27,#FFFFFFF
Jorge Cori,PER,2689,2018-11-27,#FFFFFFF
Jorge Cori,PER,2689,2018-12-27,#FFFFFFF
Jorge Cori,PER,2689,2019-01-27,#FFFFFFF
Jorge Cori,PER,2686,2019-02-24,#FFFFFFF
Josif D Dorfman,FRA,2600,2000-07-27,#3e3b9b
Josif D Dorfman,FRA,2600,2000-10-27,#3e3b9b
Josif D Dorfman,FRA,2602,2001-01-27,#3e3b9b
Josif D Dorfman,FRA,2602,2001-04-27,#3e3b9b
Josif D Dorfman,FRA,2602,2001-07-27,#3e3b9b
Josif D Dorfman,FRA,2599,2001-10-27,#3e3b9b
Josif D Dorfman,FRA,2602,2002-01-27,#3e3b9b
Josif D Dorfman,FRA,2613,2002-04-27,#3e3b9b
Josif D Dorfman,FRA,2617,2002-07-27,#3e3b9b
Josif D Dorfman,FRA,2617,2002-10-27,#3e3b9b
Josif D Dorfman,FRA,2610,2003-01-27,#3e3b9b
Josif D Dorfman,FRA,2610,2003-04-27,#3e3b9b
Josif D Dorfman,FRA,2607,2003-07-27,#3e3b9b
Josif D Dorfman,FRA,2608,2003-10-27,#3e3b9b
Josif D Dorfman,FRA,2608,2004-01-27,#3e3b9b
Judit Polgar,HUN,2656,2000-07-27,#259838
Judit Polgar,HUN,2656,2000-10-27,#259838
Judit Polgar,HUN,2676,2001-01-27,#259838
Judit Polgar,HUN,2679,2001-04-27,#259838
Judit Polgar,HUN,2686,2001-07-27,#259838
Judit Polgar,HUN,2686,2001-10-27,#259838
Judit Polgar,HUN,2677,2002-01-27,#259838
Judit Polgar,HUN,2677,2002-04-27,#259838
Judit Polgar,HUN,2681,2002-07-27,#259838
Judit Polgar,HUN,2685,2002-10-27,#259838
Judit Polgar,HUN,2700,2003-01-27,#259838
Judit Polgar,HUN,2715,2003-04-27,#259838
Judit Polgar,HUN,2718,2003-07-27,#259838
Judit Polgar,HUN,2722,2003-10-27,#259838
Judit Polgar,HUN,2728,2004-01-27,#259838
Judit Polgar,HUN,2728,2004-04-27,#259838
Judit Polgar,HUN,2728,2004-07-27,#259838
Judit Polgar,HUN,2728,2004-10-27,#259838
Judit Polgar,HUN,2732,2005-04-27,#259838
Judit Polgar,HUN,2735,2005-07-27,#259838
Judit Polgar,HUN,2735,2005-10-27,#259838
Judit Polgar,HUN,2711,2006-01-27,#259838
Judit Polgar,HUN,2711,2006-04-27,#259838
Judit Polgar,HUN,2710,2006-07-27,#259838
Judit Polgar,HUN,2710,2006-10-27,#259838
Judit Polgar,HUN,2727,2007-01-27,#259838
Judit Polgar,HUN,2727,2007-04-27,#259838
Judit Polgar,HUN,2707,2007-07-27,#259838
Judit Polgar,HUN,2708,2007-10-27,#259838
Judit Polgar,HUN,2707,2008-01-27,#259838
Judit Polgar,HUN,2709,2008-04-27,#259838
Judit Polgar,HUN,2711,2008-07-27,#259838
Judit Polgar,HUN,2711,2008-10-27,#259838
Judit Polgar,HUN,2693,2009-01-27,#259838
Judit Polgar,HUN,2693,2009-04-27,#259838
Judit Polgar,HUN,2687,2009-07-27,#259838
Judit Polgar,HUN,2687,2009-09-27,#259838
Judit Polgar,HUN,2680,2009-11-27,#259838
Judit Polgar,HUN,2682,2010-01-27,#259838
Judit Polgar,HUN,2682,2010-03-27,#259838
Judit Polgar,HUN,2682,2010-05-27,#259838
Judit Polgar,HUN,2682,2010-07-27,#259838
Judit Polgar,HUN,2682,2010-09-27,#259838
Judit Polgar,HUN,2686,2010-11-27,#259838
Judit Polgar,HUN,2686,2011-01-27,#259838
Judit Polgar,HUN,2686,2011-03-27,#259838
Judit Polgar,HUN,2699,2011-05-27,#259838
Judit Polgar,HUN,2699,2011-07-27,#259838
Judit Polgar,HUN,2701,2011-09-27,#259838
Judit Polgar,HUN,2710,2011-11-27,#259838
Judit Polgar,HUN,2710,2012-01-27,#259838
Judit Polgar,HUN,2709,2012-03-27,#259838
Judit Polgar,HUN,2709,2012-05-27,#259838
Judit Polgar,HUN,2709,2012-07-27,#259838
Judit Polgar,HUN,2698,2012-08-27,#259838
Judit Polgar,HUN,2698,2012-09-27,#259838
Judit Polgar,HUN,2705,2012-10-27,#259838
Judit Polgar,HUN,2705,2012-11-27,#259838
Judit Polgar,HUN,2705,2012-12-27,#259838
Judit Polgar,HUN,2696,2013-01-27,#259838
Judit Polgar,HUN,2696,2013-02-27,#259838
Judit Polgar,HUN,2696,2013-03-27,#259838
Judit Polgar,HUN,2696,2013-04-27,#259838
Judit Polgar,HUN,2696,2013-05-27,#259838
Judit Polgar,HUN,2696,2013-06-27,#259838
Judit Polgar,HUN,2696,2013-07-27,#259838
Judit Polgar,HUN,2696,2013-08-27,#259838
Judit Polgar,HUN,2696,2013-09-27,#259838
Judit Polgar,HUN,2689,2013-10-27,#259838
Judit Polgar,HUN,2689,2013-11-27,#259838
Judit Polgar,HUN,2693,2013-12-27,#259838
Judit Polgar,HUN,2693,2014-01-27,#259838
Judit Polgar,HUN,2693,2014-02-27,#259838
Judit Polgar,HUN,2693,2014-03-27,#259838
Judit Polgar,HUN,2685,2014-04-27,#259838
Judit Polgar,HUN,2685,2014-05-27,#259838
Judit Polgar,HUN,2685,2014-06-27,#259838
Judit Polgar,HUN,2676,2014-07-27,#259838
Judit Polgar,HUN,2676,2014-08-27,#259838
Judit Polgar,HUN,2675,2014-09-27,#259838
Judit Polgar,HUN,2675,2014-10-27,#259838
Judit Polgar,HUN,2675,2014-11-27,#259838
Judit Polgar,HUN,2675,2014-12-27,#259838
Judit Polgar,HUN,2675,2015-01-27,#259838
Judit Polgar,HUN,2675,2015-02-27,#259838
Judit Polgar,HUN,2675,2015-03-27,#259838
Judit Polgar,HUN,2675,2015-04-27,#259838
Judit Polgar,HUN,2675,2015-05-27,#259838
Judit Polgar,HUN,2675,2015-06-27,#259838
Judit Polgar,HUN,2675,2015-07-27,#259838
Judit Polgar,HUN,2675,2015-08-27,#259838
Julian M. Hodgson,ENG,2640,2000-07-27,#b32100
Julian M. Hodgson,ENG,2633,2000-10-27,#b32100
Julian M. Hodgson,ENG,2596,2001-01-27,#b32100
Julian M. Hodgson,ENG,2598,2002-01-27,#b32100
Julian M. Hodgson,ENG,2598,2002-04-27,#b32100
Julian M. Hodgson,ENG,2608,2002-07-27,#b32100
Julian M. Hodgson,ENG,2608,2002-10-27,#b32100
Julian M. Hodgson,ENG,2608,2003-01-27,#b32100
Julian M. Hodgson,ENG,2608,2003-04-27,#b32100
Julian M. Hodgson,ENG,2609,2003-07-27,#b32100
Julian M. Hodgson,ENG,2609,2003-10-27,#b32100
Julian M. Hodgson,ENG,2609,2004-01-27,#b32100
Julian M. Hodgson,ENG,2609,2004-04-27,#b32100
Julio E Granda Zuniga,PER,2662,2017-07-27,#FFFFFFF
Julio E Granda Zuniga,PER,2662,2017-08-27,#FFFFFFF
Julio E Granda Zuniga,PER,2653,2017-09-27,#FFFFFFF
Julio E Granda Zuniga,PER,2653,2017-10-27,#FFFFFFF
Julio E Granda Zuniga,PER,2657,2017-12-27,#FFFFFFF
Julio E Granda Zuniga,PER,2657,2018-01-27,#FFFFFFF
Julio E Granda Zuniga,PER,2657,2018-02-27,#FFFFFFF
Julio E Granda Zuniga,PER,2605,2000-07-27,#FFFFFFF
Julio E Granda Zuniga,PER,2623,2003-01-27,#FFFFFFF
Julio E Granda Zuniga,PER,2628,2003-04-27,#FFFFFFF
Julio E Granda Zuniga,PER,2641,2003-07-27,#FFFFFFF
Julio E Granda Zuniga,PER,2623,2003-10-27,#FFFFFFF
Julio E Granda Zuniga,PER,2637,2005-10-27,#FFFFFFF
Julio E Granda Zuniga,PER,2631,2006-01-27,#FFFFFFF
Julio E Granda Zuniga,PER,2631,2006-04-27,#FFFFFFF
Julio E Granda Zuniga,PER,2634,2006-07-27,#FFFFFFF
Julio E Granda Zuniga,PER,2646,2006-10-27,#FFFFFFF
Julio E Granda Zuniga,PER,2647,2009-07-27,#FFFFFFF
Julio E Granda Zuniga,PER,2644,2009-09-27,#FFFFFFF
Julio E Granda Zuniga,PER,2643,2010-03-27,#FFFFFFF
Julio E Granda Zuniga,PER,2657,2012-05-27,#FFFFFFF
Julio E Granda Zuniga,PER,2657,2012-07-27,#FFFFFFF
Julio E Granda Zuniga,PER,2653,2012-08-27,#FFFFFFF
Julio E Granda Zuniga,PER,2659,2013-05-27,#FFFFFFF
Julio E Granda Zuniga,PER,2679,2013-06-27,#FFFFFFF
Julio E Granda Zuniga,PER,2679,2013-07-27,#FFFFFFF
Julio E Granda Zuniga,PER,2664,2013-08-27,#FFFFFFF
Julio E Granda Zuniga,PER,2663,2013-09-27,#FFFFFFF
Julio E Granda Zuniga,PER,2665,2013-10-27,#FFFFFFF
Julio E Granda Zuniga,PER,2680,2013-11-27,#FFFFFFF
Julio E Granda Zuniga,PER,2680,2013-12-27,#FFFFFFF
Julio E Granda Zuniga,PER,2680,2014-01-27,#FFFFFFF
Julio E Granda Zuniga,PER,2680,2014-02-27,#FFFFFFF
Julio E Granda Zuniga,PER,2680,2014-03-27,#FFFFFFF
Julio E Granda Zuniga,PER,2685,2014-04-27,#FFFFFFF
Julio E Granda Zuniga,PER,2675,2014-05-27,#FFFFFFF
Julio E Granda Zuniga,PER,2674,2014-06-27,#FFFFFFF
Julio E Granda Zuniga,PER,2674,2014-07-27,#FFFFFFF
Julio E Granda Zuniga,PER,2663,2014-08-27,#FFFFFFF
Julio E Granda Zuniga,PER,2675,2014-09-27,#FFFFFFF
Julio E Granda Zuniga,PER,2674,2014-10-27,#FFFFFFF
Julio E Granda Zuniga,PER,2654,2014-11-27,#FFFFFFF
Julio E Granda Zuniga,PER,2652,2015-06-27,#FFFFFFF
Julio E Granda Zuniga,PER,2652,2015-07-27,#FFFFFFF
Julio E Granda Zuniga,PER,2663,2015-08-27,#FFFFFFF
Julio E Granda Zuniga,PER,2667,2015-09-27,#FFFFFFF
Julio E Granda Zuniga,PER,2667,2015-10-27,#FFFFFFF
Julio E Granda Zuniga,PER,2678,2015-11-27,#FFFFFFF
Julio E Granda Zuniga,PER,2685,2015-12-27,#FFFFFFF
Julio E Granda Zuniga,PER,2683,2016-01-27,#FFFFFFF
Julio E Granda Zuniga,PER,2688,2016-02-27,#FFFFFFF
Julio E Granda Zuniga,PER,2688,2016-03-27,#FFFFFFF
Julio E Granda Zuniga,PER,2685,2016-04-27,#FFFFFFF
Julio E Granda Zuniga,PER,2686,2016-05-27,#FFFFFFF
Julio E Granda Zuniga,PER,2699,2016-06-27,#FFFFFFF
Julio E Granda Zuniga,PER,2699,2016-07-27,#FFFFFFF
Julio E Granda Zuniga,PER,2672,2016-08-27,#FFFFFFF
Julio E Granda Zuniga,PER,2658,2017-04-27,#FFFFFFF
Julio E Granda Zuniga,PER,2654,2017-05-27,#FFFFFFF
Julio E Granda Zuniga,PER,2656,2017-06-27,#FFFFFFF
Jun Xu,CHN,2668,2000-07-27,#e02a00
Jun Xu,CHN,2665,2000-10-27,#e02a00
Jun Xu,CHN,2655,2001-01-27,#e02a00
Jun Xu,CHN,2655,2001-04-27,#e02a00
Jun Xu,CHN,2646,2001-07-27,#e02a00
Jun Xu,CHN,2654,2001-10-27,#e02a00
Jun Xu,CHN,2654,2002-01-27,#e02a00
Jun Xu,CHN,2654,2002-04-27,#e02a00
Jun Xu,CHN,2654,2002-07-27,#e02a00
Jun Xu,CHN,2643,2002-10-27,#e02a00
Jun Xu,CHN,2626,2003-01-27,#e02a00
Jun Xu,CHN,2628,2003-04-27,#e02a00
Jun Xu,CHN,2626,2003-07-27,#e02a00
Jun Xu,CHN,2608,2003-10-27,#e02a00
Jun Xu,CHN,2608,2004-01-27,#e02a00
Jun Xu,CHN,2608,2004-04-27,#e02a00
Jun Xu,CHN,2617,2004-07-27,#e02a00
Kacper Piorun,POL,2656,2018-01-27,#DC143C
Kacper Piorun,POL,2659,2018-02-27,#DC143C
Kacper Piorun,POL,2653,2018-03-27,#DC143C
Kacper Piorun,POL,2655,2016-03-27,#DC143C
Kacper Piorun,POL,2657,2016-04-27,#DC143C
Kacper Piorun,POL,2681,2016-05-27,#DC143C
Kacper Piorun,POL,2676,2016-06-27,#DC143C
Kacper Piorun,POL,2685,2016-07-27,#DC143C
Kacper Piorun,POL,2681,2016-08-27,#DC143C
Kacper Piorun,POL,2681,2016-09-27,#DC143C
Kacper Piorun,POL,2665,2016-10-27,#DC143C
Kacper Piorun,POL,2660,2016-11-27,#DC143C
Kacper Piorun,POL,2657,2016-12-27,#DC143C
Kamil Miton,POL,2635,2005-10-27,#DC143C
Kamil Miton,POL,2646,2006-01-27,#DC143C
Kamil Miton,POL,2646,2006-04-27,#DC143C
Kamil Miton,POL,2638,2006-07-27,#DC143C
Kamil Miton,POL,2638,2006-10-27,#DC143C
Kamil Miton,POL,2655,2007-01-27,#DC143C
Kamil Miton,POL,2653,2007-04-27,#DC143C
Kamil Miton,POL,2648,2007-07-27,#DC143C
Kamil Miton,POL,2628,2007-10-27,#DC143C
Karen Asrian,ARM,2604,2001-07-27,#dbb300
Karen Asrian,ARM,2604,2001-10-27,#dbb300
Karen Asrian,ARM,2599,2002-01-27,#dbb300
Karen Asrian,ARM,2645,2005-10-27,#dbb300
Karen Asrian,ARM,2646,2006-01-27,#dbb300
Karen Asrian,ARM,2646,2006-04-27,#dbb300
Karen Asrian,ARM,2635,2006-07-27,#dbb300
Karen Asrian,ARM,2634,2006-10-27,#dbb300
Karen Asrian,ARM,2634,2007-01-27,#dbb300
Karen Asrian,ARM,2635,2007-04-27,#dbb300
Karen Asrian,ARM,2630,2008-04-27,#dbb300
Kevin Spraggett,CAN,2633,2007-01-27,#FFFFFFF
Kiril Georgiev,BUL,2661,2000-07-27,#00966E
Kiril Georgiev,BUL,2674,2000-10-27,#00966E
Kiril Georgiev,BUL,2676,2001-01-27,#00966E
Kiril Georgiev,BUL,2676,2001-04-27,#00966E
Kiril Georgiev,BUL,2695,2001-07-27,#00966E
Kiril Georgiev,BUL,2686,2001-10-27,#00966E
Kiril Georgiev,BUL,2655,2002-01-27,#00966E
Kiril Georgiev,BUL,2654,2002-04-27,#00966E
Kiril Georgiev,BUL,2625,2004-10-27,#00966E
Kiril Georgiev,BUL,2654,2005-01-27,#00966E
Kiril Georgiev,BUL,2666,2005-04-27,#00966E
Kiril Georgiev,BUL,2666,2005-07-27,#00966E
Kiril Georgiev,BUL,2648,2005-10-27,#00966E
Kiril Georgiev,BUL,2645,2006-01-27,#00966E
Kiril Georgiev,BUL,2677,2006-04-27,#00966E
Kiril Georgiev,BUL,2685,2006-07-27,#00966E
Kiril Georgiev,BUL,2680,2006-10-27,#00966E
Kiril Georgiev,BUL,2661,2007-01-27,#00966E
Kiril Georgiev,BUL,2653,2007-04-27,#00966E
Kiril Georgiev,BUL,2663,2007-07-27,#00966E
Kiril Georgiev,BUL,2649,2007-10-27,#00966E
Kiril Georgiev,BUL,2662,2008-01-27,#00966E
Kiril Georgiev,BUL,2665,2008-04-27,#00966E
Kiril Georgiev,BUL,2671,2008-07-27,#00966E
Kiril Georgiev,BUL,2645,2008-10-27,#00966E
Kiril Georgiev,BUL,2634,2009-01-27,#00966E
Kiril Georgiev,BUL,2637,2009-04-27,#00966E
Kiril Georgiev,BUL,2645,2009-07-27,#00966E
Kiril Georgiev,BUL,2663,2009-09-27,#00966E
Kiril Georgiev,BUL,2672,2009-11-27,#00966E
Kiril Georgiev,BUL,2672,2010-01-27,#00966E
Kiril Georgiev,BUL,2669,2010-03-27,#00966E
Kiril Georgiev,BUL,2662,2010-05-27,#00966E
Kiril Georgiev,BUL,2675,2010-07-27,#00966E
Kiril Georgiev,BUL,2685,2010-09-27,#00966E
Kiril Georgiev,BUL,2669,2010-11-27,#00966E
Kiril Georgiev,BUL,2669,2011-01-27,#00966E
Kiril Georgiev,BUL,2666,2011-03-27,#00966E
Kiril Georgiev,BUL,2656,2011-05-27,#00966E
Kiril Georgiev,BUL,2654,2011-07-27,#00966E
Kiril Georgiev,BUL,2664,2011-09-27,#00966E
Kiril Georgiev,BUL,2666,2011-11-27,#00966E
Kiril Georgiev,BUL,2658,2012-01-27,#00966E
Kiril Georgiev,BUL,2671,2012-03-27,#00966E
Kiril Georgiev,BUL,2689,2012-05-27,#00966E
Kiril Georgiev,BUL,2680,2012-07-27,#00966E
Kiril Georgiev,BUL,2682,2012-08-27,#00966E
Kiril Georgiev,BUL,2687,2012-09-27,#00966E
Kiril Georgiev,BUL,2668,2012-10-27,#00966E
Kiril Georgiev,BUL,2660,2012-11-27,#00966E
Kiril Georgiev,BUL,2660,2012-12-27,#00966E
Kiril Georgiev,BUL,2657,2013-03-27,#00966E
Kiril Georgiev,BUL,2657,2013-04-27,#00966E
Kiril Georgiev,BUL,2657,2013-05-27,#00966E
Kiril Georgiev,BUL,2664,2013-10-27,#00966E
Kiril Georgiev,BUL,2653,2014-01-27,#00966E
Kiril Georgiev,BUL,2657,2014-02-27,#00966E
Kiril Georgiev,MKD,2658,2002-07-27,#FFFFFFF
Kiril Georgiev,MKD,2658,2002-10-27,#FFFFFFF
Kiril Georgiev,MKD,2654,2003-01-27,#FFFFFFF
Kiril Georgiev,MKD,2647,2003-04-27,#FFFFFFF
Kiril Georgiev,MKD,2637,2003-07-27,#FFFFFFF
Kiril Georgiev,MKD,2651,2003-10-27,#FFFFFFF
Kiril Georgiev,MKD,2637,2004-01-27,#FFFFFFF
Kiril Georgiev,MKD,2637,2004-04-27,#FFFFFFF
Kiril Georgiev,MKD,2626,2004-07-27,#FFFFFFF
Konstantin Landa,RUS,2610,2000-07-27,#D52B1E
Konstantin Landa,RUS,2610,2000-10-27,#D52B1E
Konstantin Landa,RUS,2610,2001-01-27,#D52B1E
Konstantin Landa,RUS,2610,2001-04-27,#D52B1E
Konstantin Landa,RUS,2619,2001-07-27,#D52B1E
Konstantin Landa,RUS,2619,2001-10-27,#D52B1E
Konstantin Landa,RUS,2619,2002-01-27,#D52B1E
Konstantin Landa,RUS,2623,2002-04-27,#D52B1E
Konstantin Landa,RUS,2621,2002-07-27,#D52B1E
Konstantin Landa,RUS,2632,2002-10-27,#D52B1E
Konstantin Landa,RUS,2649,2003-01-27,#D52B1E
Konstantin Landa,RUS,2643,2003-04-27,#D52B1E
Konstantin Landa,RUS,2614,2003-07-27,#D52B1E
Konstantin Landa,RUS,2669,2007-07-27,#D52B1E
Konstantin Landa,RUS,2678,2007-10-27,#D52B1E
Konstantin Landa,RUS,2641,2008-01-27,#D52B1E
Konstantin Landa,RUS,2633,2008-04-27,#D52B1E
Konstantin Landa,RUS,2655,2009-07-27,#D52B1E
Konstantin Landa,RUS,2655,2009-09-27,#D52B1E
Konstantin Landa,RUS,2664,2009-11-27,#D52B1E
Konstantin Landa,RUS,2645,2010-01-27,#D52B1E
Konstantin Landa,RUS,2655,2014-05-27,#D52B1E
Konstantin Landa,RUS,2662,2014-06-27,#D52B1E
Konstantin Landa,RUS,2670,2014-07-27,#D52B1E
Konstantin Landa,RUS,2670,2014-08-27,#D52B1E
Konstantin Landa,RUS,2670,2014-09-27,#D52B1E
Konstantin Sakaev,RUS,2627,2000-07-27,#D52B1E
Konstantin Sakaev,RUS,2620,2000-10-27,#D52B1E
Konstantin Sakaev,RUS,2639,2001-01-27,#D52B1E
Konstantin Sakaev,RUS,2637,2001-04-27,#D52B1E
Konstantin Sakaev,RUS,2630,2001-07-27,#D52B1E
Konstantin Sakaev,RUS,2639,2001-10-27,#D52B1E
Konstantin Sakaev,RUS,2649,2002-01-27,#D52B1E
Konstantin Sakaev,RUS,2649,2002-04-27,#D52B1E
Konstantin Sakaev,RUS,2647,2002-07-27,#D52B1E
Konstantin Sakaev,RUS,2647,2002-10-27,#D52B1E
Konstantin Sakaev,RUS,2645,2003-01-27,#D52B1E
Konstantin Sakaev,RUS,2664,2003-04-27,#D52B1E
Konstantin Sakaev,RUS,2655,2003-07-27,#D52B1E
Konstantin Sakaev,RUS,2657,2003-10-27,#D52B1E
Konstantin Sakaev,RUS,2656,2004-01-27,#D52B1E
Konstantin Sakaev,RUS,2665,2004-04-27,#D52B1E
Konstantin Sakaev,RUS,2664,2004-07-27,#D52B1E
Konstantin Sakaev,RUS,2669,2004-10-27,#D52B1E
Konstantin Sakaev,RUS,2677,2005-01-27,#D52B1E
Konstantin Sakaev,RUS,2672,2005-04-27,#D52B1E
Konstantin Sakaev,RUS,2669,2005-07-27,#D52B1E
Konstantin Sakaev,RUS,2668,2005-10-27,#D52B1E
Konstantin Sakaev,RUS,2649,2006-01-27,#D52B1E
Konstantin Sakaev,RUS,2637,2006-04-27,#D52B1E
Konstantin Sakaev,RUS,2642,2006-07-27,#D52B1E
Konstantin Sakaev,RUS,2641,2006-10-27,#D52B1E
Konstantin Sakaev,RUS,2641,2007-01-27,#D52B1E
Konstantin Sakaev,RUS,2633,2007-04-27,#D52B1E
Konstantin Sakaev,RUS,2634,2007-07-27,#D52B1E
Konstantin Sakaev,RUS,2634,2007-10-27,#D52B1E
Konstantin Sakaev,RUS,2646,2008-01-27,#D52B1E
Konstantin Sakaev,RUS,2649,2008-04-27,#D52B1E
Konstantin Sakaev,RUS,2634,2008-07-27,#D52B1E
Konstantin Sakaev,RUS,2640,2008-10-27,#D52B1E
Krishnan Sasikiran,IND,2688,2017-07-27,#FF9933
Krishnan Sasikiran,IND,2688,2017-08-27,#FF9933
Krishnan Sasikiran,IND,2676,2017-09-27,#FF9933
Krishnan Sasikiran,IND,2677,2017-10-27,#FF9933
Krishnan Sasikiran,IND,2677,2017-11-27,#FF9933
Krishnan Sasikiran,IND,2680,2017-12-27,#FF9933
Krishnan Sasikiran,IND,2680,2018-01-27,#FF9933
Krishnan Sasikiran,IND,2671,2018-02-27,#FF9933
Krishnan Sasikiran,IND,2671,2018-03-27,#FF9933
Krishnan Sasikiran,IND,2662,2018-04-27,#FF9933
Krishnan Sasikiran,IND,2666,2018-05-27,#FF9933
Krishnan Sasikiran,IND,2666,2018-06-27,#FF9933
Krishnan Sasikiran,IND,2666,2018-07-27,#FF9933
Krishnan Sasikiran,IND,2671,2018-08-27,#FF9933
Krishnan Sasikiran,IND,2672,2018-09-27,#FF9933
Krishnan Sasikiran,IND,2672,2018-10-27,#FF9933
Krishnan Sasikiran,IND,2671,2018-11-27,#FF9933
Krishnan Sasikiran,IND,2673,2018-12-27,#FF9933
Krishnan Sasikiran,IND,2678,2019-01-27,#FF9933
Krishnan Sasikiran,IND,2678,2019-02-24,#FF9933
Krishnan Sasikiran,IND,2594,2000-10-27,#FF9933
Krishnan Sasikiran,IND,2601,2001-01-27,#FF9933
Krishnan Sasikiran,IND,2611,2001-04-27,#FF9933
Krishnan Sasikiran,IND,2633,2002-04-27,#FF9933
Krishnan Sasikiran,IND,2650,2002-07-27,#FF9933
Krishnan Sasikiran,IND,2670,2002-10-27,#FF9933
Krishnan Sasikiran,IND,2664,2003-01-27,#FF9933
Krishnan Sasikiran,IND,2658,2003-04-27,#FF9933
Krishnan Sasikiran,IND,2654,2003-07-27,#FF9933
Krishnan Sasikiran,IND,2679,2003-10-27,#FF9933
Krishnan Sasikiran,IND,2654,2004-01-27,#FF9933
Krishnan Sasikiran,IND,2659,2004-04-27,#FF9933
Krishnan Sasikiran,IND,2666,2004-07-27,#FF9933
Krishnan Sasikiran,IND,2668,2004-10-27,#FF9933
Krishnan Sasikiran,IND,2657,2005-01-27,#FF9933
Krishnan Sasikiran,IND,2642,2005-04-27,#FF9933
Krishnan Sasikiran,IND,2652,2005-07-27,#FF9933
Krishnan Sasikiran,IND,2663,2005-10-27,#FF9933
Krishnan Sasikiran,IND,2670,2006-01-27,#FF9933
Krishnan Sasikiran,IND,2692,2006-04-27,#FF9933
Krishnan Sasikiran,IND,2675,2006-07-27,#FF9933
Krishnan Sasikiran,IND,2675,2006-10-27,#FF9933
Krishnan Sasikiran,IND,2700,2007-01-27,#FF9933
Krishnan Sasikiran,IND,2690,2007-04-27,#FF9933
Krishnan Sasikiran,IND,2676,2007-07-27,#FF9933
Krishnan Sasikiran,IND,2661,2007-10-27,#FF9933
Krishnan Sasikiran,IND,2677,2008-01-27,#FF9933
Krishnan Sasikiran,IND,2679,2008-04-27,#FF9933
Krishnan Sasikiran,IND,2684,2008-07-27,#FF9933
Krishnan Sasikiran,IND,2694,2008-10-27,#FF9933
Krishnan Sasikiran,IND,2711,2009-01-27,#FF9933
Krishnan Sasikiran,IND,2682,2009-04-27,#FF9933
Krishnan Sasikiran,IND,2669,2009-07-27,#FF9933
Krishnan Sasikiran,IND,2661,2009-09-27,#FF9933
Krishnan Sasikiran,IND,2664,2009-11-27,#FF9933
Krishnan Sasikiran,IND,2653,2010-01-27,#FF9933
Krishnan Sasikiran,IND,2686,2010-03-27,#FF9933
Krishnan Sasikiran,IND,2690,2010-05-27,#FF9933
Krishnan Sasikiran,IND,2679,2010-07-27,#FF9933
Krishnan Sasikiran,IND,2681,2010-09-27,#FF9933
Krishnan Sasikiran,IND,2688,2010-11-27,#FF9933
Krishnan Sasikiran,IND,2690,2011-01-27,#FF9933
Krishnan Sasikiran,IND,2682,2011-03-27,#FF9933
Krishnan Sasikiran,IND,2676,2011-05-27,#FF9933
Krishnan Sasikiran,IND,2681,2011-07-27,#FF9933
Krishnan Sasikiran,IND,2689,2011-09-27,#FF9933
Krishnan Sasikiran,IND,2689,2011-11-27,#FF9933
Krishnan Sasikiran,IND,2700,2012-01-27,#FF9933
Krishnan Sasikiran,IND,2703,2012-03-27,#FF9933
Krishnan Sasikiran,IND,2720,2012-05-27,#FF9933
Krishnan Sasikiran,IND,2707,2012-07-27,#FF9933
Krishnan Sasikiran,IND,2707,2012-08-27,#FF9933
Krishnan Sasikiran,IND,2707,2012-09-27,#FF9933
Krishnan Sasikiran,IND,2680,2012-10-27,#FF9933
Krishnan Sasikiran,IND,2676,2012-11-27,#FF9933
Krishnan Sasikiran,IND,2676,2012-12-27,#FF9933
Krishnan Sasikiran,IND,2676,2013-01-27,#FF9933
Krishnan Sasikiran,IND,2677,2013-02-27,#FF9933
Krishnan Sasikiran,IND,2677,2013-03-27,#FF9933
Krishnan Sasikiran,IND,2663,2013-04-27,#FF9933
Krishnan Sasikiran,IND,2669,2013-05-27,#FF9933
Krishnan Sasikiran,IND,2660,2013-06-27,#FF9933
Krishnan Sasikiran,IND,2660,2013-07-27,#FF9933
Krishnan Sasikiran,IND,2660,2013-08-27,#FF9933
Krishnan Sasikiran,IND,2660,2013-09-27,#FF9933
Krishnan Sasikiran,IND,2662,2013-10-27,#FF9933
Krishnan Sasikiran,IND,2666,2013-11-27,#FF9933
Krishnan Sasikiran,IND,2666,2013-12-27,#FF9933
Krishnan Sasikiran,IND,2676,2014-01-27,#FF9933
Krishnan Sasikiran,IND,2676,2014-02-27,#FF9933
Krishnan Sasikiran,IND,2676,2014-03-27,#FF9933
Krishnan Sasikiran,IND,2680,2014-04-27,#FF9933
Krishnan Sasikiran,IND,2669,2014-05-27,#FF9933
Krishnan Sasikiran,IND,2669,2014-06-27,#FF9933
Krishnan Sasikiran,IND,2669,2014-07-27,#FF9933
Krishnan Sasikiran,IND,2669,2014-08-27,#FF9933
Krishnan Sasikiran,IND,2680,2014-09-27,#FF9933
Krishnan Sasikiran,IND,2682,2014-10-27,#FF9933
Krishnan Sasikiran,IND,2682,2014-11-27,#FF9933
Krishnan Sasikiran,IND,2682,2014-12-27,#FF9933
Krishnan Sasikiran,IND,2682,2015-01-27,#FF9933
Krishnan Sasikiran,IND,2682,2015-02-27,#FF9933
Krishnan Sasikiran,IND,2682,2015-03-27,#FF9933
Krishnan Sasikiran,IND,2654,2015-04-27,#FF9933
Krishnan Sasikiran,IND,2658,2016-08-27,#FF9933
Krishnan Sasikiran,IND,2658,2016-09-27,#FF9933
Krishnan Sasikiran,IND,2654,2016-10-27,#FF9933
Krishnan Sasikiran,IND,2654,2016-11-27,#FF9933
Krishnan Sasikiran,IND,2661,2016-12-27,#FF9933
Krishnan Sasikiran,IND,2661,2017-01-27,#FF9933
Krishnan Sasikiran,IND,2674,2017-02-27,#FF9933
Krishnan Sasikiran,IND,2674,2017-03-27,#FF9933
Krishnan Sasikiran,IND,2668,2017-04-27,#FF9933
Krishnan Sasikiran,IND,2669,2017-05-27,#FF9933
Krishnan Sasikiran,IND,2669,2017-06-27,#FF9933
Lajos Portisch,HUN,2596,2002-01-27,#259838
Laurent Fressinet,FRA,2657,2017-09-27,#3e3b9b
Laurent Fressinet,FRA,2657,2017-10-27,#3e3b9b
Laurent Fressinet,FRA,2667,2017-11-27,#3e3b9b
Laurent Fressinet,FRA,2662,2017-12-27,#3e3b9b
Laurent Fressinet,FRA,2662,2018-01-27,#3e3b9b
Laurent Fressinet,FRA,2662,2018-02-27,#3e3b9b
Laurent Fressinet,FRA,2653,2018-03-27,#3e3b9b
Laurent Fressinet,FRA,2655,2019-01-27,#3e3b9b
Laurent Fressinet,FRA,2655,2019-02-24,#3e3b9b
Laurent Fressinet,FRA,2606,2001-07-27,#3e3b9b
Laurent Fressinet,FRA,2606,2002-04-27,#3e3b9b
Laurent Fressinet,FRA,2619,2002-07-27,#3e3b9b
Laurent Fressinet,FRA,2619,2002-10-27,#3e3b9b
Laurent Fressinet,FRA,2640,2003-07-27,#3e3b9b
Laurent Fressinet,FRA,2654,2003-10-27,#3e3b9b
Laurent Fressinet,FRA,2636,2004-01-27,#3e3b9b
Laurent Fressinet,FRA,2638,2004-04-27,#3e3b9b
Laurent Fressinet,FRA,2637,2004-07-27,#3e3b9b
Laurent Fressinet,FRA,2640,2004-10-27,#3e3b9b
Laurent Fressinet,FRA,2638,2005-01-27,#3e3b9b
Laurent Fressinet,FRA,2638,2005-04-27,#3e3b9b
Laurent Fressinet,FRA,2627,2005-07-27,#3e3b9b
Laurent Fressinet,FRA,2623,2005-10-27,#3e3b9b
Laurent Fressinet,FRA,2625,2006-01-27,#3e3b9b
Laurent Fressinet,FRA,2633,2006-04-27,#3e3b9b
Laurent Fressinet,FRA,2626,2006-07-27,#3e3b9b
Laurent Fressinet,FRA,2640,2006-10-27,#3e3b9b
Laurent Fressinet,FRA,2646,2007-01-27,#3e3b9b
Laurent Fressinet,FRA,2644,2007-04-27,#3e3b9b
Laurent Fressinet,FRA,2646,2007-07-27,#3e3b9b
Laurent Fressinet,FRA,2654,2007-10-27,#3e3b9b
Laurent Fressinet,FRA,2656,2008-01-27,#3e3b9b
Laurent Fressinet,FRA,2656,2008-04-27,#3e3b9b
Laurent Fressinet,FRA,2673,2008-07-27,#3e3b9b
Laurent Fressinet,FRA,2676,2008-10-27,#3e3b9b
Laurent Fressinet,FRA,2666,2009-01-27,#3e3b9b
Laurent Fressinet,FRA,2664,2009-04-27,#3e3b9b
Laurent Fressinet,FRA,2667,2009-07-27,#3e3b9b
Laurent Fressinet,FRA,2658,2009-09-27,#3e3b9b
Laurent Fressinet,FRA,2653,2009-11-27,#3e3b9b
Laurent Fressinet,FRA,2670,2010-01-27,#3e3b9b
Laurent Fressinet,FRA,2670,2010-03-27,#3e3b9b
Laurent Fressinet,FRA,2689,2010-05-27,#3e3b9b
Laurent Fressinet,FRA,2697,2010-07-27,#3e3b9b
Laurent Fressinet,FRA,2718,2010-09-27,#3e3b9b
Laurent Fressinet,FRA,2709,2010-11-27,#3e3b9b
Laurent Fressinet,FRA,2707,2011-01-27,#3e3b9b
Laurent Fressinet,FRA,2693,2011-03-27,#3e3b9b
Laurent Fressinet,FRA,2677,2011-05-27,#3e3b9b
Laurent Fressinet,FRA,2698,2011-07-27,#3e3b9b
Laurent Fressinet,FRA,2696,2011-09-27,#3e3b9b
Laurent Fressinet,FRA,2700,2011-11-27,#3e3b9b
Laurent Fressinet,FRA,2693,2012-01-27,#3e3b9b
Laurent Fressinet,FRA,2693,2012-03-27,#3e3b9b
Laurent Fressinet,FRA,2715,2012-05-27,#3e3b9b
Laurent Fressinet,FRA,2714,2012-07-27,#3e3b9b
Laurent Fressinet,FRA,2714,2012-08-27,#3e3b9b
Laurent Fressinet,FRA,2714,2012-09-27,#3e3b9b
Laurent Fressinet,FRA,2702,2012-10-27,#3e3b9b
Laurent Fressinet,FRA,2703,2012-11-27,#3e3b9b
Laurent Fressinet,FRA,2700,2012-12-27,#3e3b9b
Laurent Fressinet,FRA,2706,2013-01-27,#3e3b9b
Laurent Fressinet,FRA,2706,2013-02-27,#3e3b9b
Laurent Fressinet,FRA,2706,2013-03-27,#3e3b9b
Laurent Fressinet,FRA,2706,2013-04-27,#3e3b9b
Laurent Fressinet,FRA,2693,2013-05-27,#3e3b9b
Laurent Fressinet,FRA,2700,2013-06-27,#3e3b9b
Laurent Fressinet,FRA,2708,2013-07-27,#3e3b9b
Laurent Fressinet,FRA,2708,2013-08-27,#3e3b9b
Laurent Fressinet,FRA,2708,2013-09-27,#3e3b9b
Laurent Fressinet,FRA,2710,2013-10-27,#3e3b9b
Laurent Fressinet,FRA,2707,2013-11-27,#3e3b9b
Laurent Fressinet,FRA,2707,2013-12-27,#3e3b9b
Laurent Fressinet,FRA,2709,2014-01-27,#3e3b9b
Laurent Fressinet,FRA,2709,2014-02-27,#3e3b9b
Laurent Fressinet,FRA,2709,2014-03-27,#3e3b9b
Laurent Fressinet,FRA,2711,2014-04-27,#3e3b9b
Laurent Fressinet,FRA,2711,2014-05-27,#3e3b9b
Laurent Fressinet,FRA,2717,2014-06-27,#3e3b9b
Laurent Fressinet,FRA,2708,2014-07-27,#3e3b9b
Laurent Fressinet,FRA,2708,2014-08-27,#3e3b9b
Laurent Fressinet,FRA,2712,2014-09-27,#3e3b9b
Laurent Fressinet,FRA,2713,2014-10-27,#3e3b9b
Laurent Fressinet,FRA,2706,2014-11-27,#3e3b9b
Laurent Fressinet,FRA,2706,2014-12-27,#3e3b9b
Laurent Fressinet,FRA,2706,2015-01-27,#3e3b9b
Laurent Fressinet,FRA,2706,2015-02-27,#3e3b9b
Laurent Fressinet,FRA,2707,2015-03-27,#3e3b9b
Laurent Fressinet,FRA,2712,2015-04-27,#3e3b9b
Laurent Fressinet,FRA,2712,2015-05-27,#3e3b9b
Laurent Fressinet,FRA,2720,2015-06-27,#3e3b9b
Laurent Fressinet,FRA,2707,2015-07-27,#3e3b9b
Laurent Fressinet,FRA,2710,2015-08-27,#3e3b9b
Laurent Fressinet,FRA,2702,2015-09-27,#3e3b9b
Laurent Fressinet,FRA,2702,2015-10-27,#3e3b9b
Laurent Fressinet,FRA,2712,2015-11-27,#3e3b9b
Laurent Fressinet,FRA,2707,2015-12-27,#3e3b9b
Laurent Fressinet,FRA,2700,2016-01-27,#3e3b9b
Laurent Fressinet,FRA,2700,2016-02-27,#3e3b9b
Laurent Fressinet,FRA,2688,2016-03-27,#3e3b9b
Laurent Fressinet,FRA,2692,2016-04-27,#3e3b9b
Laurent Fressinet,FRA,2692,2016-05-27,#3e3b9b
Laurent Fressinet,FRA,2687,2016-06-27,#3e3b9b
Laurent Fressinet,FRA,2677,2016-07-27,#3e3b9b
Laurent Fressinet,FRA,2677,2016-08-27,#3e3b9b
Laurent Fressinet,FRA,2664,2016-09-27,#3e3b9b
Laurent Fressinet,FRA,2676,2016-10-27,#3e3b9b
Laurent Fressinet,FRA,2672,2016-11-27,#3e3b9b
Laurent Fressinet,FRA,2672,2016-12-27,#3e3b9b
Laurent Fressinet,FRA,2660,2017-01-27,#3e3b9b
Laurent Fressinet,FRA,2660,2017-02-27,#3e3b9b
Laurent Fressinet,FRA,2662,2017-03-27,#3e3b9b
Laurent Fressinet,FRA,2665,2017-04-27,#3e3b9b
Laurent Fressinet,FRA,2668,2017-05-27,#3e3b9b
Lazaro Bruzon Batista,CUB,2660,2017-10-27,#002A8F
Lazaro Bruzon Batista,CUB,2661,2017-11-27,#002A8F
Lazaro Bruzon Batista,CUB,2672,2017-12-27,#002A8F
Lazaro Bruzon Batista,CUB,2673,2018-01-27,#002A8F
Lazaro Bruzon Batista,CUB,2673,2018-02-27,#002A8F
Lazaro Bruzon Batista,CUB,2673,2018-03-27,#002A8F
Lazaro Bruzon Batista,CUB,2657,2018-04-27,#002A8F
Lazaro Bruzon Batista,CUB,2664,2018-05-27,#002A8F
Lazaro Bruzon Batista,CUB,2653,2018-08-27,#002A8F
Lazaro Bruzon Batista,CUB,2653,2018-09-27,#002A8F
Lazaro Bruzon Batista,CUB,2653,2018-10-27,#002A8F
Lazaro Bruzon Batista,CUB,2667,2018-11-27,#002A8F
Lazaro Bruzon Batista,CUB,2664,2018-12-27,#002A8F
Lazaro Bruzon Batista,CUB,2664,2019-01-27,#002A8F
Lazaro Bruzon Batista,CUB,2666,2019-02-24,#002A8F
Lazaro Bruzon Batista,CUB,2613,2002-10-27,#002A8F
Lazaro Bruzon Batista,CUB,2613,2003-01-27,#002A8F
Lazaro Bruzon Batista,CUB,2610,2003-04-27,#002A8F
Lazaro Bruzon Batista,CUB,2614,2003-07-27,#002A8F
Lazaro Bruzon Batista,CUB,2628,2004-07-27,#002A8F
Lazaro Bruzon Batista,CUB,2637,2004-10-27,#002A8F
Lazaro Bruzon Batista,CUB,2652,2005-01-27,#002A8F
Lazaro Bruzon Batista,CUB,2669,2005-04-27,#002A8F
Lazaro Bruzon Batista,CUB,2662,2005-07-27,#002A8F
Lazaro Bruzon Batista,CUB,2677,2005-10-27,#002A8F
Lazaro Bruzon Batista,CUB,2650,2006-01-27,#002A8F
Lazaro Bruzon Batista,CUB,2652,2006-04-27,#002A8F
Lazaro Bruzon Batista,CUB,2667,2006-07-27,#002A8F
Lazaro Bruzon Batista,CUB,2648,2006-10-27,#002A8F
Lazaro Bruzon Batista,CUB,2668,2010-05-27,#002A8F
Lazaro Bruzon Batista,CUB,2653,2010-07-27,#002A8F
Lazaro Bruzon Batista,CUB,2679,2010-09-27,#002A8F
Lazaro Bruzon Batista,CUB,2668,2010-11-27,#002A8F
Lazaro Bruzon Batista,CUB,2686,2011-01-27,#002A8F
Lazaro Bruzon Batista,CUB,2686,2011-03-27,#002A8F
Lazaro Bruzon Batista,CUB,2693,2011-05-27,#002A8F
Lazaro Bruzon Batista,CUB,2673,2011-07-27,#002A8F
Lazaro Bruzon Batista,CUB,2682,2011-09-27,#002A8F
Lazaro Bruzon Batista,CUB,2689,2011-11-27,#002A8F
Lazaro Bruzon Batista,CUB,2691,2012-01-27,#002A8F
Lazaro Bruzon Batista,CUB,2694,2012-03-27,#002A8F
Lazaro Bruzon Batista,CUB,2711,2012-05-27,#002A8F
Lazaro Bruzon Batista,CUB,2711,2012-07-27,#002A8F
Lazaro Bruzon Batista,CUB,2711,2012-08-27,#002A8F
Lazaro Bruzon Batista,CUB,2713,2012-09-27,#002A8F
Lazaro Bruzon Batista,CUB,2717,2012-10-27,#002A8F
Lazaro Bruzon Batista,CUB,2706,2012-11-27,#002A8F
Lazaro Bruzon Batista,CUB,2692,2012-12-27,#002A8F
Lazaro Bruzon Batista,CUB,2701,2013-01-27,#002A8F
Lazaro Bruzon Batista,CUB,2707,2013-02-27,#002A8F
Lazaro Bruzon Batista,CUB,2707,2013-03-27,#002A8F
Lazaro Bruzon Batista,CUB,2707,2013-04-27,#002A8F
Lazaro Bruzon Batista,CUB,2707,2013-05-27,#002A8F
Lazaro Bruzon Batista,CUB,2687,2013-06-27,#002A8F
Lazaro Bruzon Batista,CUB,2689,2013-07-27,#002A8F
Lazaro Bruzon Batista,CUB,2698,2013-08-27,#002A8F
Lazaro Bruzon Batista,CUB,2699,2013-09-27,#002A8F
Lazaro Bruzon Batista,CUB,2685,2013-10-27,#002A8F
Lazaro Bruzon Batista,CUB,2677,2013-11-27,#002A8F
Lazaro Bruzon Batista,CUB,2677,2013-12-27,#002A8F
Lazaro Bruzon Batista,CUB,2676,2014-01-27,#002A8F
Lazaro Bruzon Batista,CUB,2676,2014-02-27,#002A8F
Lazaro Bruzon Batista,CUB,2678,2014-03-27,#002A8F
Lazaro Bruzon Batista,CUB,2678,2014-04-27,#002A8F
Lazaro Bruzon Batista,CUB,2682,2014-05-27,#002A8F
Lazaro Bruzon Batista,CUB,2694,2014-06-27,#002A8F
Lazaro Bruzon Batista,CUB,2696,2014-07-27,#002A8F
Lazaro Bruzon Batista,CUB,2664,2014-08-27,#002A8F
Lazaro Bruzon Batista,CUB,2679,2014-09-27,#002A8F
Lazaro Bruzon Batista,CUB,2679,2014-10-27,#002A8F
Lazaro Bruzon Batista,CUB,2668,2014-11-27,#002A8F
Lazaro Bruzon Batista,CUB,2668,2014-12-27,#002A8F
Lazaro Bruzon Batista,CUB,2685,2015-01-27,#002A8F
Lazaro Bruzon Batista,CUB,2692,2015-02-27,#002A8F
Lazaro Bruzon Batista,CUB,2691,2015-03-27,#002A8F
Lazaro Bruzon Batista,CUB,2691,2015-04-27,#002A8F
Lazaro Bruzon Batista,CUB,2684,2015-05-27,#002A8F
Lazaro Bruzon Batista,CUB,2677,2015-06-27,#002A8F
Lazaro Bruzon Batista,CUB,2669,2015-07-27,#002A8F
Lazaro Bruzon Batista,CUB,2659,2015-08-27,#002A8F
Lazaro Bruzon Batista,CUB,2659,2015-09-27,#002A8F
Lazaro Bruzon Batista,CUB,2659,2015-10-27,#002A8F
Lazaro Bruzon Batista,CUB,2657,2015-11-27,#002A8F
Lazaro Bruzon Batista,CUB,2666,2015-12-27,#002A8F
Lazaro Bruzon Batista,CUB,2666,2016-01-27,#002A8F
Lazaro Bruzon Batista,CUB,2673,2016-02-27,#002A8F
Lazaro Bruzon Batista,CUB,2679,2016-03-27,#002A8F
Lazaro Bruzon Batista,CUB,2679,2016-04-27,#002A8F
Lazaro Bruzon Batista,CUB,2681,2016-05-27,#002A8F
Lazaro Bruzon Batista,CUB,2681,2016-06-27,#002A8F
Leinier Dominguez,CUB,2739,2017-07-27,#002A8F
Leinier Dominguez,CUB,2739,2017-08-27,#002A8F
Leinier Dominguez,CUB,2739,2017-09-27,#002A8F
Leinier Dominguez,CUB,2739,2017-10-27,#002A8F
Leinier Dominguez,CUB,2739,2017-11-27,#002A8F
Leinier Dominguez,CUB,2708,2008-07-27,#002A8F
Leinier Dominguez,CUB,2719,2008-10-27,#002A8F
Leinier Dominguez,CUB,2717,2009-01-27,#002A8F
Leinier Dominguez,CUB,2721,2009-04-27,#002A8F
Leinier Dominguez,CUB,2716,2009-07-27,#002A8F
Leinier Dominguez,CUB,2719,2009-09-27,#002A8F
Leinier Dominguez,CUB,2719,2009-11-27,#002A8F
Leinier Dominguez,CUB,2712,2010-01-27,#002A8F
Leinier Dominguez,CUB,2713,2010-03-27,#002A8F
Leinier Dominguez,CUB,2713,2010-05-27,#002A8F
Leinier Dominguez,CUB,2716,2010-07-27,#002A8F
Leinier Dominguez,CUB,2716,2010-09-27,#002A8F
Leinier Dominguez,CUB,2716,2010-11-27,#002A8F
Leinier Dominguez,CUB,2716,2011-01-27,#002A8F
Leinier Dominguez,CUB,2716,2011-03-27,#002A8F
Leinier Dominguez,CUB,2726,2011-05-27,#002A8F
Leinier Dominguez,CUB,2719,2011-07-27,#002A8F
Leinier Dominguez,CUB,2710,2011-09-27,#002A8F
Leinier Dominguez,CUB,2712,2011-11-27,#002A8F
Leinier Dominguez,CUB,2730,2012-01-27,#002A8F
Leinier Dominguez,CUB,2730,2012-03-27,#002A8F
Leinier Dominguez,CUB,2725,2012-05-27,#002A8F
Leinier Dominguez,CUB,2725,2012-07-27,#002A8F
Leinier Dominguez,CUB,2725,2012-08-27,#002A8F
Leinier Dominguez,CUB,2725,2012-09-27,#002A8F
Leinier Dominguez,CUB,2734,2012-10-27,#002A8F
Leinier Dominguez,CUB,2726,2012-11-27,#002A8F
Leinier Dominguez,CUB,2734,2012-12-27,#002A8F
Leinier Dominguez,CUB,2723,2013-01-27,#002A8F
Leinier Dominguez,CUB,2723,2013-02-27,#002A8F
Leinier Dominguez,CUB,2723,2013-03-27,#002A8F
Leinier Dominguez,CUB,2723,2013-04-27,#002A8F
Leinier Dominguez,CUB,2723,2013-05-27,#002A8F
Leinier Dominguez,CUB,2727,2013-06-27,#002A8F
Leinier Dominguez,CUB,2757,2013-07-27,#002A8F
Leinier Dominguez,CUB,2757,2013-08-27,#002A8F
Leinier Dominguez,CUB,2757,2013-09-27,#002A8F
Leinier Dominguez,CUB,2753,2013-10-27,#002A8F
Leinier Dominguez,CUB,2754,2013-11-27,#002A8F
Leinier Dominguez,CUB,2754,2013-12-27,#002A8F
Leinier Dominguez,CUB,2754,2014-01-27,#002A8F
Leinier Dominguez,CUB,2757,2014-02-27,#002A8F
Leinier Dominguez,CUB,2757,2014-03-27,#002A8F
Leinier Dominguez,CUB,2757,2014-04-27,#002A8F
Leinier Dominguez,CUB,2768,2014-05-27,#002A8F
Leinier Dominguez,CUB,2760,2014-06-27,#002A8F
Leinier Dominguez,CUB,2760,2014-07-27,#002A8F
Leinier Dominguez,CUB,2760,2014-08-27,#002A8F
Leinier Dominguez,CUB,2755,2014-09-27,#002A8F
Leinier Dominguez,CUB,2751,2014-10-27,#002A8F
Leinier Dominguez,CUB,2726,2014-11-27,#002A8F
Leinier Dominguez,CUB,2726,2014-12-27,#002A8F
Leinier Dominguez,CUB,2726,2015-01-27,#002A8F
Leinier Dominguez,CUB,2726,2015-02-27,#002A8F
Leinier Dominguez,CUB,2729,2015-03-27,#002A8F
Leinier Dominguez,CUB,2729,2015-04-27,#002A8F
Leinier Dominguez,CUB,2734,2015-05-27,#002A8F
Leinier Dominguez,CUB,2746,2015-06-27,#002A8F
Leinier Dominguez,CUB,2736,2015-07-27,#002A8F
Leinier Dominguez,CUB,2736,2015-08-27,#002A8F
Leinier Dominguez,CUB,2732,2015-09-27,#002A8F
Leinier Dominguez,CUB,2732,2015-10-27,#002A8F
Leinier Dominguez,CUB,2732,2015-11-27,#002A8F
Leinier Dominguez,CUB,2732,2015-12-27,#002A8F
Leinier Dominguez,CUB,2732,2016-01-27,#002A8F
Leinier Dominguez,CUB,2732,2016-02-27,#002A8F
Leinier Dominguez,CUB,2732,2016-03-27,#002A8F
Leinier Dominguez,CUB,2732,2016-04-27,#002A8F
Leinier Dominguez,CUB,2732,2016-05-27,#002A8F
Leinier Dominguez,CUB,2723,2016-06-27,#002A8F
Leinier Dominguez,CUB,2713,2016-07-27,#002A8F
Leinier Dominguez,CUB,2720,2016-08-27,#002A8F
Leinier Dominguez,CUB,2720,2016-09-27,#002A8F
Leinier Dominguez,CUB,2736,2016-10-27,#002A8F
Leinier Dominguez,CUB,2752,2016-11-27,#002A8F
Leinier Dominguez,CUB,2739,2016-12-27,#002A8F
Leinier Dominguez,CUB,2739,2017-01-27,#002A8F
Leinier Dominguez,CUB,2739,2017-02-27,#002A8F
Leinier Dominguez,CUB,2739,2017-03-27,#002A8F
Leinier Dominguez,CUB,2739,2017-04-27,#002A8F
Leinier Dominguez,CUB,2739,2017-05-27,#002A8F
Leinier Dominguez,CUB,2739,2017-06-27,#002A8F
Lenier Dominguez,CUB,2596,2001-10-27,#002A8F
Lenier Dominguez,CUB,2601,2002-04-27,#002A8F
Lenier Dominguez,CUB,2613,2002-07-27,#002A8F
Lenier Dominguez,CUB,2608,2002-10-27,#002A8F
Lenier Dominguez,CUB,2602,2003-01-27,#002A8F
Lenier Dominguez,CUB,2603,2003-04-27,#002A8F
Lenier Dominguez,CUB,2610,2003-07-27,#002A8F
Lenier Dominguez,CUB,2607,2003-10-27,#002A8F
Lenier Dominguez,CUB,2612,2004-04-27,#002A8F
Lenier Dominguez,CUB,2629,2004-07-27,#002A8F
Lenier Dominguez,CUB,2645,2004-10-27,#002A8F
Lenier Dominguez,CUB,2661,2005-01-27,#002A8F
Lenier Dominguez,CUB,2658,2005-04-27,#002A8F
Lenier Dominguez,CUB,2639,2005-07-27,#002A8F
Lenier Dominguez,CUB,2635,2005-10-27,#002A8F
Lenier Dominguez,CUB,2638,2006-01-27,#002A8F
Lenier Dominguez,CUB,2647,2006-04-27,#002A8F
Lenier Dominguez,CUB,2658,2006-07-27,#002A8F
Lenier Dominguez,CUB,2655,2006-10-27,#002A8F
Lenier Dominguez,CUB,2677,2007-01-27,#002A8F
Lenier Dominguez,CUB,2678,2007-04-27,#002A8F
Lenier Dominguez,CUB,2680,2007-07-27,#002A8F
Lenier Dominguez,CUB,2683,2007-10-27,#002A8F
Lenier Dominguez,CUB,2691,2008-01-27,#002A8F
Lenier Dominguez,CUB,2695,2008-04-27,#002A8F
Lev Psakhis,ISR,2611,2000-07-27,#0038B8
Lev Psakhis,ISR,2624,2000-10-27,#0038B8
Lev Psakhis,ISR,2598,2001-01-27,#0038B8
Levan Pantsulaia,GEO,2629,2008-01-27,#FF0000
Levon Aronian,ARM,2799,2017-07-27,#dbb300
Levon Aronian,ARM,2799,2017-08-27,#dbb300
Levon Aronian,ARM,2802,2017-09-27,#dbb300
Levon Aronian,ARM,2801,2017-10-27,#dbb300
Levon Aronian,ARM,2801,2017-11-27,#dbb300
Levon Aronian,ARM,2805,2017-12-27,#dbb300
Levon Aronian,ARM,2797,2018-01-27,#dbb300
Levon Aronian,ARM,2797,2018-02-27,#dbb300
Levon Aronian,ARM,2794,2018-03-27,#dbb300
Levon Aronian,ARM,2767,2018-04-27,#dbb300
Levon Aronian,ARM,2764,2018-05-27,#dbb300
Levon Aronian,ARM,2764,2018-06-27,#dbb300
Levon Aronian,ARM,2767,2018-07-27,#dbb300
Levon Aronian,ARM,2767,2018-08-27,#dbb300
Levon Aronian,ARM,2780,2018-09-27,#dbb300
Levon Aronian,ARM,2780,2018-10-27,#dbb300
Levon Aronian,ARM,2765,2018-11-27,#dbb300
Levon Aronian,ARM,2765,2018-12-27,#dbb300
Levon Aronian,ARM,2767,2019-01-27,#dbb300
Levon Aronian,ARM,2767,2019-02-24,#dbb300
Levon Aronian,ARM,2610,2003-01-27,#dbb300
Levon Aronian,ARM,2606,2003-04-27,#dbb300
Levon Aronian,ARM,2649,2003-07-27,#dbb300
Levon Aronian,ARM,2649,2003-10-27,#dbb300
Levon Aronian,ARM,2671,2004-07-27,#dbb300
Levon Aronian,ARM,2675,2004-10-27,#dbb300
Levon Aronian,ARM,2684,2005-01-27,#dbb300
Levon Aronian,ARM,2693,2005-04-27,#dbb300
Levon Aronian,ARM,2724,2005-07-27,#dbb300
Levon Aronian,ARM,2724,2005-10-27,#dbb300
Levon Aronian,ARM,2752,2006-01-27,#dbb300
Levon Aronian,ARM,2756,2006-04-27,#dbb300
Levon Aronian,ARM,2761,2006-07-27,#dbb300
Levon Aronian,ARM,2741,2006-10-27,#dbb300
Levon Aronian,ARM,2744,2007-01-27,#dbb300
Levon Aronian,ARM,2759,2007-04-27,#dbb300
Levon Aronian,ARM,2750,2007-07-27,#dbb300
Levon Aronian,ARM,2741,2007-10-27,#dbb300
Levon Aronian,ARM,2739,2008-01-27,#dbb300
Levon Aronian,ARM,2763,2008-04-27,#dbb300
Levon Aronian,ARM,2737,2008-07-27,#dbb300
Levon Aronian,ARM,2757,2008-10-27,#dbb300
Levon Aronian,ARM,2750,2009-01-27,#dbb300
Levon Aronian,ARM,2754,2009-04-27,#dbb300
Levon Aronian,ARM,2768,2009-07-27,#dbb300
Levon Aronian,ARM,2773,2009-09-27,#dbb300
Levon Aronian,ARM,2786,2009-11-27,#dbb300
Levon Aronian,ARM,2781,2010-01-27,#dbb300
Levon Aronian,ARM,2782,2010-03-27,#dbb300
Levon Aronian,ARM,2783,2010-05-27,#dbb300
Levon Aronian,ARM,2783,2010-07-27,#dbb300
Levon Aronian,ARM,2783,2010-09-27,#dbb300
Levon Aronian,ARM,2801,2010-11-27,#dbb300
Levon Aronian,ARM,2805,2011-01-27,#dbb300
Levon Aronian,ARM,2808,2011-03-27,#dbb300
Levon Aronian,ARM,2808,2011-05-27,#dbb300
Levon Aronian,ARM,2805,2011-07-27,#dbb300
Levon Aronian,ARM,2807,2011-09-27,#dbb300
Levon Aronian,ARM,2802,2011-11-27,#dbb300
Levon Aronian,ARM,2805,2012-01-27,#dbb300
Levon Aronian,ARM,2820,2012-03-27,#dbb300
Levon Aronian,ARM,2825,2012-05-27,#dbb300
Levon Aronian,ARM,2816,2012-07-27,#dbb300
Levon Aronian,ARM,2816,2012-08-27,#dbb300
Levon Aronian,ARM,2816,2012-09-27,#dbb300
Levon Aronian,ARM,2821,2012-10-27,#dbb300
Levon Aronian,ARM,2815,2012-11-27,#dbb300
Levon Aronian,ARM,2815,2012-12-27,#dbb300
Levon Aronian,ARM,2802,2013-01-27,#dbb300
Levon Aronian,ARM,2809,2013-02-27,#dbb300
Levon Aronian,ARM,2809,2013-03-27,#dbb300
Levon Aronian,ARM,2809,2013-04-27,#dbb300
Levon Aronian,ARM,2813,2013-05-27,#dbb300
Levon Aronian,ARM,2813,2013-06-27,#dbb300
Levon Aronian,ARM,2813,2013-07-27,#dbb300
Levon Aronian,ARM,2813,2013-08-27,#dbb300
Levon Aronian,ARM,2813,2013-09-27,#dbb300
Levon Aronian,ARM,2795,2013-10-27,#dbb300
Levon Aronian,ARM,2801,2013-11-27,#dbb300
Levon Aronian,ARM,2803,2013-12-27,#dbb300
Levon Aronian,ARM,2812,2014-01-27,#dbb300
Levon Aronian,ARM,2826,2014-02-27,#dbb300
Levon Aronian,ARM,2830,2014-03-27,#dbb300
Levon Aronian,ARM,2812,2014-04-27,#dbb300
Levon Aronian,ARM,2815,2014-05-27,#dbb300
Levon Aronian,ARM,2815,2014-06-27,#dbb300
Levon Aronian,ARM,2805,2014-07-27,#dbb300
Levon Aronian,ARM,2805,2014-08-27,#dbb300
Levon Aronian,ARM,2804,2014-09-27,#dbb300
Levon Aronian,ARM,2793,2014-10-27,#dbb300
Levon Aronian,ARM,2797,2014-11-27,#dbb300
Levon Aronian,ARM,2797,2014-12-27,#dbb300
Levon Aronian,ARM,2797,2015-01-27,#dbb300
Levon Aronian,ARM,2777,2015-02-27,#dbb300
Levon Aronian,ARM,2770,2015-03-27,#dbb300
Levon Aronian,ARM,2770,2015-04-27,#dbb300
Levon Aronian,ARM,2776,2015-05-27,#dbb300
Levon Aronian,ARM,2780,2015-06-27,#dbb300
Levon Aronian,ARM,2765,2015-07-27,#dbb300
Levon Aronian,ARM,2765,2015-08-27,#dbb300
Levon Aronian,ARM,2765,2015-09-27,#dbb300
Levon Aronian,ARM,2784,2015-10-27,#dbb300
Levon Aronian,ARM,2781,2015-11-27,#dbb300
Levon Aronian,ARM,2788,2015-12-27,#dbb300
Levon Aronian,ARM,2792,2016-01-27,#dbb300
Levon Aronian,ARM,2792,2016-02-27,#dbb300
Levon Aronian,ARM,2786,2016-03-27,#dbb300
Levon Aronian,ARM,2784,2016-04-27,#dbb300
Levon Aronian,ARM,2784,2016-05-27,#dbb300
Levon Aronian,ARM,2792,2016-06-27,#dbb300
Levon Aronian,ARM,2792,2016-07-27,#dbb300
Levon Aronian,ARM,2792,2016-08-27,#dbb300
Levon Aronian,ARM,2795,2016-09-27,#dbb300
Levon Aronian,ARM,2795,2016-10-27,#dbb300
Levon Aronian,ARM,2795,2016-11-27,#dbb300
Levon Aronian,ARM,2785,2016-12-27,#dbb300
Levon Aronian,ARM,2780,2017-01-27,#dbb300
Levon Aronian,ARM,2785,2017-02-27,#dbb300
Levon Aronian,ARM,2774,2017-03-27,#dbb300
Levon Aronian,ARM,2774,2017-04-27,#dbb300
Levon Aronian,ARM,2789,2017-05-27,#dbb300
Levon Aronian,ARM,2793,2017-06-27,#dbb300
Levon Aronian,GER,2648,2004-01-27,#FFFFFFF
Levon Aronian,GER,2645,2004-04-27,#FFFFFFF
Liren Ding,CHN,2777,2017-07-27,#e02a00
Liren Ding,CHN,2777,2017-08-27,#e02a00
Liren Ding,CHN,2771,2017-09-27,#e02a00
Liren Ding,CHN,2772,2017-10-27,#e02a00
Liren Ding,CHN,2774,2017-11-27,#e02a00
Liren Ding,CHN,2777,2017-12-27,#e02a00
Liren Ding,CHN,2769,2018-01-27,#e02a00
Liren Ding,CHN,2769,2018-02-27,#e02a00
Liren Ding,CHN,2769,2018-03-27,#e02a00
Liren Ding,CHN,2778,2018-04-27,#e02a00
Liren Ding,CHN,2791,2018-05-27,#e02a00
Liren Ding,CHN,2798,2018-06-27,#e02a00
Liren Ding,CHN,2797,2018-07-27,#e02a00
Liren Ding,CHN,2797,2018-08-27,#e02a00
Liren Ding,CHN,2804,2018-09-27,#e02a00
Liren Ding,CHN,2804,2018-10-27,#e02a00
Liren Ding,CHN,2816,2018-11-27,#e02a00
Liren Ding,CHN,2813,2018-12-27,#e02a00
Liren Ding,CHN,2813,2019-01-27,#e02a00
Liren Ding,CHN,2812,2019-02-24,#e02a00
Liren Ding,CHN,2664,2011-05-27,#e02a00
Liren Ding,CHN,2654,2011-07-27,#e02a00
Liren Ding,CHN,2659,2011-09-27,#e02a00
Liren Ding,CHN,2660,2011-11-27,#e02a00
Liren Ding,CHN,2660,2012-01-27,#e02a00
Liren Ding,CHN,2660,2012-03-27,#e02a00
Liren Ding,CHN,2679,2012-05-27,#e02a00
Liren Ding,CHN,2680,2012-07-27,#e02a00
Liren Ding,CHN,2695,2012-08-27,#e02a00
Liren Ding,CHN,2694,2012-09-27,#e02a00
Liren Ding,CHN,2702,2012-10-27,#e02a00
Liren Ding,CHN,2702,2012-11-27,#e02a00
Liren Ding,CHN,2702,2012-12-27,#e02a00
Liren Ding,CHN,2709,2013-01-27,#e02a00
Liren Ding,CHN,2709,2013-02-27,#e02a00
Liren Ding,CHN,2707,2013-03-27,#e02a00
Liren Ding,CHN,2707,2013-04-27,#e02a00
Liren Ding,CHN,2707,2013-05-27,#e02a00
Liren Ding,CHN,2702,2013-06-27,#e02a00
Liren Ding,CHN,2714,2013-07-27,#e02a00
Liren Ding,CHN,2718,2013-08-27,#e02a00
Liren Ding,CHN,2722,2013-09-27,#e02a00
Liren Ding,CHN,2722,2013-10-27,#e02a00
Liren Ding,CHN,2711,2013-11-27,#e02a00
Liren Ding,CHN,2710,2013-12-27,#e02a00
Liren Ding,CHN,2717,2014-01-27,#e02a00
Liren Ding,CHN,2717,2014-02-27,#e02a00
Liren Ding,CHN,2717,2014-03-27,#e02a00
Liren Ding,CHN,2710,2014-04-27,#e02a00
Liren Ding,CHN,2714,2014-05-27,#e02a00
Liren Ding,CHN,2714,2014-06-27,#e02a00
Liren Ding,CHN,2726,2014-07-27,#e02a00
Liren Ding,CHN,2742,2014-08-27,#e02a00
Liren Ding,CHN,2754,2014-09-27,#e02a00
Liren Ding,CHN,2730,2014-10-27,#e02a00
Liren Ding,CHN,2730,2014-11-27,#e02a00
Liren Ding,CHN,2732,2014-12-27,#e02a00
Liren Ding,CHN,2732,2015-01-27,#e02a00
Liren Ding,CHN,2755,2015-02-27,#e02a00
Liren Ding,CHN,2755,2015-03-27,#e02a00
Liren Ding,CHN,2751,2015-04-27,#e02a00
Liren Ding,CHN,2757,2015-05-27,#e02a00
Liren Ding,CHN,2749,2015-06-27,#e02a00
Liren Ding,CHN,2749,2015-07-27,#e02a00
Liren Ding,CHN,2770,2015-08-27,#e02a00
Liren Ding,CHN,2782,2015-09-27,#e02a00
Liren Ding,CHN,2782,2015-10-27,#e02a00
Liren Ding,CHN,2781,2015-11-27,#e02a00
Liren Ding,CHN,2776,2015-12-27,#e02a00
Liren Ding,CHN,2766,2016-01-27,#e02a00
Liren Ding,CHN,2766,2016-02-27,#e02a00
Liren Ding,CHN,2777,2016-03-27,#e02a00
Liren Ding,CHN,2777,2016-04-27,#e02a00
Liren Ding,CHN,2778,2016-05-27,#e02a00
Liren Ding,CHN,2783,2016-06-27,#e02a00
Liren Ding,CHN,2778,2016-07-27,#e02a00
Liren Ding,CHN,2755,2016-08-27,#e02a00
Liren Ding,CHN,2753,2016-09-27,#e02a00
Liren Ding,CHN,2764,2016-10-27,#e02a00
Liren Ding,CHN,2764,2016-11-27,#e02a00
Liren Ding,CHN,2757,2016-12-27,#e02a00
Liren Ding,CHN,2760,2017-01-27,#e02a00
Liren Ding,CHN,2760,2017-02-27,#e02a00
Liren Ding,CHN,2759,2017-03-27,#e02a00
Liren Ding,CHN,2759,2017-04-27,#e02a00
Liren Ding,CHN,2773,2017-05-27,#e02a00
Liren Ding,CHN,2783,2017-06-27,#e02a00
Liviu-Dieter Nisipeanu,ROM,2687,2017-07-27,#FCD116
Liviu-Dieter Nisipeanu,ROM,2687,2017-08-27,#FCD116
Liviu-Dieter Nisipeanu,ROM,2674,2017-09-27,#FCD116
Liviu-Dieter Nisipeanu,ROM,2672,2017-10-27,#FCD116
Liviu-Dieter Nisipeanu,ROM,2673,2017-11-27,#FCD116
Liviu-Dieter Nisipeanu,ROM,2671,2017-12-27,#FCD116
Liviu-Dieter Nisipeanu,ROM,2675,2018-01-27,#FCD116
Liviu-Dieter Nisipeanu,ROM,2682,2018-02-27,#FCD116
Liviu-Dieter Nisipeanu,ROM,2681,2018-03-27,#FCD116
Liviu-Dieter Nisipeanu,ROM,2681,2018-04-27,#FCD116
Liviu-Dieter Nisipeanu,ROM,2671,2018-05-27,#FCD116
Liviu-Dieter Nisipeanu,ROM,2672,2018-06-27,#FCD116
Liviu-Dieter Nisipeanu,ROM,2672,2018-07-27,#FCD116
Liviu-Dieter Nisipeanu,ROM,2657,2018-08-27,#FCD116
Liviu-Dieter Nisipeanu,ROM,2661,2018-09-27,#FCD116
Liviu-Dieter Nisipeanu,ROM,2667,2018-10-27,#FCD116
Liviu-Dieter Nisipeanu,ROM,2674,2018-11-27,#FCD116
Liviu-Dieter Nisipeanu,ROM,2682,2018-12-27,#FCD116
Liviu-Dieter Nisipeanu,ROM,2680,2019-01-27,#FCD116
Liviu-Dieter Nisipeanu,ROM,2670,2019-02-24,#FCD116
Liviu-Dieter Nisipeanu,ROM,2691,2014-05-27,#FCD116
Liviu-Dieter Nisipeanu,ROM,2696,2014-06-27,#FCD116
Liviu-Dieter Nisipeanu,ROM,2686,2014-07-27,#FCD116
Liviu-Dieter Nisipeanu,ROM,2689,2014-08-27,#FCD116
Liviu-Dieter Nisipeanu,ROM,2672,2014-09-27,#FCD116
Liviu-Dieter Nisipeanu,ROM,2665,2014-10-27,#FCD116
Liviu-Dieter Nisipeanu,ROM,2658,2014-12-27,#FCD116
Liviu-Dieter Nisipeanu,ROM,2654,2015-01-27,#FCD116
Liviu-Dieter Nisipeanu,ROM,2654,2015-02-27,#FCD116
Liviu-Dieter Nisipeanu,ROM,2655,2015-05-27,#FCD116
Liviu-Dieter Nisipeanu,ROM,2654,2015-06-27,#FCD116
Liviu-Dieter Nisipeanu,ROM,2654,2015-07-27,#FCD116
Liviu-Dieter Nisipeanu,ROM,2667,2015-08-27,#FCD116
Liviu-Dieter Nisipeanu,ROM,2678,2015-09-27,#FCD116
Liviu-Dieter Nisipeanu,ROM,2678,2015-10-27,#FCD116
Liviu-Dieter Nisipeanu,ROM,2683,2015-11-27,#FCD116
Liviu-Dieter Nisipeanu,ROM,2675,2015-12-27,#FCD116
Liviu-Dieter Nisipeanu,ROM,2679,2016-01-27,#FCD116
Liviu-Dieter Nisipeanu,ROM,2679,2016-02-27,#FCD116
Liviu-Dieter Nisipeanu,ROM,2660,2016-03-27,#FCD116
Liviu-Dieter Nisipeanu,ROM,2667,2016-04-27,#FCD116
Liviu-Dieter Nisipeanu,ROM,2669,2016-05-27,#FCD116
Liviu-Dieter Nisipeanu,ROM,2668,2016-06-27,#FCD116
Liviu-Dieter Nisipeanu,ROM,2674,2016-07-27,#FCD116
Liviu-Dieter Nisipeanu,ROM,2687,2016-08-27,#FCD116
Liviu-Dieter Nisipeanu,ROM,2687,2016-09-27,#FCD116
Liviu-Dieter Nisipeanu,ROM,2687,2016-10-27,#FCD116
Liviu-Dieter Nisipeanu,ROM,2675,2016-11-27,#FCD116
Liviu-Dieter Nisipeanu,ROM,2680,2016-12-27,#FCD116
Liviu-Dieter Nisipeanu,ROM,2680,2017-01-27,#FCD116
Liviu-Dieter Nisipeanu,ROM,2680,2017-02-27,#FCD116
Liviu-Dieter Nisipeanu,ROM,2680,2017-03-27,#FCD116
Liviu-Dieter Nisipeanu,ROM,2684,2017-04-27,#FCD116
Liviu-Dieter Nisipeanu,ROM,2686,2017-05-27,#FCD116
Liviu-Dieter Nisipeanu,ROM,2683,2017-06-27,#FCD116
Liviu-Dieter Nisipeanu,ROM,2596,2001-01-27,#FCD116
Liviu-Dieter Nisipeanu,ROM,2596,2001-04-27,#FCD116
Liviu-Dieter Nisipeanu,ROM,2609,2001-07-27,#FCD116
Liviu-Dieter Nisipeanu,ROM,2609,2001-10-27,#FCD116
Liviu-Dieter Nisipeanu,ROM,2608,2002-01-27,#FCD116
Liviu-Dieter Nisipeanu,ROM,2613,2002-07-27,#FCD116
Liviu-Dieter Nisipeanu,ROM,2613,2002-10-27,#FCD116
Liviu-Dieter Nisipeanu,ROM,2606,2003-04-27,#FCD116
Liviu-Dieter Nisipeanu,ROM,2666,2003-07-27,#FCD116
Liviu-Dieter Nisipeanu,ROM,2678,2003-10-27,#FCD116
Liviu-Dieter Nisipeanu,ROM,2678,2004-01-27,#FCD116
Liviu-Dieter Nisipeanu,ROM,2692,2004-04-27,#FCD116
Liviu-Dieter Nisipeanu,ROM,2686,2004-07-27,#FCD116
Liviu-Dieter Nisipeanu,ROM,2687,2004-10-27,#FCD116
Liviu-Dieter Nisipeanu,ROM,2673,2005-01-27,#FCD116
Liviu-Dieter Nisipeanu,ROM,2670,2005-04-27,#FCD116
Liviu-Dieter Nisipeanu,ROM,2679,2005-07-27,#FCD116
Liviu-Dieter Nisipeanu,ROM,2707,2005-10-27,#FCD116
Liviu-Dieter Nisipeanu,ROM,2693,2006-01-27,#FCD116
Liviu-Dieter Nisipeanu,ROM,2695,2006-04-27,#FCD116
Liviu-Dieter Nisipeanu,ROM,2696,2006-07-27,#FCD116
Liviu-Dieter Nisipeanu,ROM,2690,2006-10-27,#FCD116
Liviu-Dieter Nisipeanu,ROM,2689,2007-01-27,#FCD116
Liviu-Dieter Nisipeanu,ROM,2693,2007-04-27,#FCD116
Liviu-Dieter Nisipeanu,ROM,2683,2007-07-27,#FCD116
Liviu-Dieter Nisipeanu,ROM,2610,2002-04-27,#FCD116
Liviu-Dieter Nisipeanu,ROM,2668,2007-10-27,#FCD116
Liviu-Dieter Nisipeanu,ROM,2684,2008-01-27,#FCD116
Liviu-Dieter Nisipeanu,ROM,2684,2008-04-27,#FCD116
Liviu-Dieter Nisipeanu,ROM,2692,2008-07-27,#FCD116
Liviu-Dieter Nisipeanu,ROM,2684,2008-10-27,#FCD116
Liviu-Dieter Nisipeanu,ROM,2675,2009-01-27,#FCD116
Liviu-Dieter Nisipeanu,ROM,2675,2009-04-27,#FCD116
Liviu-Dieter Nisipeanu,ROM,2675,2009-07-27,#FCD116
Liviu-Dieter Nisipeanu,ROM,2664,2009-09-27,#FCD116
Liviu-Dieter Nisipeanu,ROM,2677,2009-11-27,#FCD116
Liviu-Dieter Nisipeanu,ROM,2681,2010-01-27,#FCD116
Liviu-Dieter Nisipeanu,ROM,2661,2010-03-27,#FCD116
Liviu-Dieter Nisipeanu,ROM,2672,2010-05-27,#FCD116
Liviu-Dieter Nisipeanu,ROM,2683,2010-07-27,#FCD116
Liviu-Dieter Nisipeanu,ROM,2683,2010-09-27,#FCD116
Liviu-Dieter Nisipeanu,ROM,2678,2010-11-27,#FCD116
Liviu-Dieter Nisipeanu,ROM,2678,2011-01-27,#FCD116
Liviu-Dieter Nisipeanu,ROM,2673,2011-03-27,#FCD116
Liviu-Dieter Nisipeanu,ROM,2662,2011-05-27,#FCD116
Liviu-Dieter Nisipeanu,ROM,2661,2012-10-27,#FCD116
Liviu-Dieter Nisipeanu,ROM,2668,2012-11-27,#FCD116
Liviu-Dieter Nisipeanu,ROM,2677,2012-12-27,#FCD116
Liviu-Dieter Nisipeanu,ROM,2677,2013-01-27,#FCD116
Liviu-Dieter Nisipeanu,ROM,2677,2013-02-27,#FCD116
Liviu-Dieter Nisipeanu,ROM,2677,2013-03-27,#FCD116
Liviu-Dieter Nisipeanu,ROM,2677,2013-04-27,#FCD116
Liviu-Dieter Nisipeanu,ROM,2679,2013-05-27,#FCD116
Liviu-Dieter Nisipeanu,ROM,2667,2013-06-27,#FCD116
Liviu-Dieter Nisipeanu,ROM,2670,2013-07-27,#FCD116
Liviu-Dieter Nisipeanu,ROM,2665,2013-08-27,#FCD116
Liviu-Dieter Nisipeanu,ROM,2665,2013-09-27,#FCD116
Liviu-Dieter Nisipeanu,ROM,2674,2013-10-27,#FCD116
Liviu-Dieter Nisipeanu,ROM,2682,2013-11-27,#FCD116
Liviu-Dieter Nisipeanu,ROM,2691,2013-12-27,#FCD116
Liviu-Dieter Nisipeanu,ROM,2691,2014-01-27,#FCD116
Liviu-Dieter Nisipeanu,ROM,2691,2014-02-27,#FCD116
Liviu-Dieter Nisipeanu,ROM,2692,2014-03-27,#FCD116
Liviu-Dieter Nisipeanu,ROM,2686,2014-04-27,#FCD116
Loek Van Wely,NED,2661,2017-09-27,#ff9a14
Loek Van Wely,NED,2663,2017-10-27,#ff9a14
Loek Van Wely,NED,2656,2017-11-27,#ff9a14
Loek Van Wely,NED,2657,2017-12-27,#ff9a14
Loek Van Wely,NED,2656,2018-01-27,#ff9a14
Loek Van Wely,NED,2656,2018-02-27,#ff9a14
Loek Van Wely,NED,2667,2018-03-27,#ff9a14
Loek Van Wely,NED,2670,2018-04-27,#ff9a14
Loek Van Wely,NED,2667,2018-05-27,#ff9a14
Loek Van Wely,NED,2675,2018-06-27,#ff9a14
Loek Van Wely,NED,2674,2018-07-27,#ff9a14
Loek Van Wely,NED,2643,2000-07-27,#ff9a14
Loek Van Wely,NED,2643,2000-10-27,#ff9a14
Loek Van Wely,NED,2700,2001-01-27,#ff9a14
Loek Van Wely,NED,2670,2001-04-27,#ff9a14
Loek Van Wely,NED,2695,2001-07-27,#ff9a14
Loek Van Wely,NED,2714,2001-10-27,#ff9a14
Loek Van Wely,NED,2697,2002-01-27,#ff9a14
Loek Van Wely,NED,2642,2002-04-27,#ff9a14
Loek Van Wely,NED,2645,2002-07-27,#ff9a14
Loek Van Wely,NED,2681,2002-10-27,#ff9a14
Loek Van Wely,NED,2668,2003-01-27,#ff9a14
Loek Van Wely,NED,2675,2003-04-27,#ff9a14
Loek Van Wely,NED,2661,2003-07-27,#ff9a14
Loek Van Wely,NED,2654,2003-10-27,#ff9a14
Loek Van Wely,NED,2617,2004-01-27,#ff9a14
Loek Van Wely,NED,2651,2004-04-27,#ff9a14
Loek Van Wely,NED,2680,2004-07-27,#ff9a14
Loek Van Wely,NED,2681,2004-10-27,#ff9a14
Loek Van Wely,NED,2679,2005-01-27,#ff9a14
Loek Van Wely,NED,2687,2005-04-27,#ff9a14
Loek Van Wely,NED,2655,2005-07-27,#ff9a14
Loek Van Wely,NED,2648,2005-10-27,#ff9a14
Loek Van Wely,NED,2647,2006-01-27,#ff9a14
Loek Van Wely,NED,2655,2006-04-27,#ff9a14
Loek Van Wely,NED,2675,2006-07-27,#ff9a14
Loek Van Wely,NED,2676,2006-10-27,#ff9a14
Loek Van Wely,NED,2683,2007-01-27,#ff9a14
Loek Van Wely,NED,2674,2007-04-27,#ff9a14
Loek Van Wely,NED,2679,2007-07-27,#ff9a14
Loek Van Wely,NED,2679,2007-10-27,#ff9a14
Loek Van Wely,NED,2681,2008-01-27,#ff9a14
Loek Van Wely,NED,2676,2008-04-27,#ff9a14
Loek Van Wely,NED,2644,2008-07-27,#ff9a14
Loek Van Wely,NED,2655,2009-07-27,#ff9a14
Loek Van Wely,NED,2650,2009-09-27,#ff9a14
Loek Van Wely,NED,2652,2009-11-27,#ff9a14
Loek Van Wely,NED,2653,2010-05-27,#ff9a14
Loek Van Wely,NED,2677,2010-07-27,#ff9a14
Loek Van Wely,NED,2679,2010-09-27,#ff9a14
Loek Van Wely,NED,2666,2010-11-27,#ff9a14
Loek Van Wely,NED,2676,2011-01-27,#ff9a14
Loek Van Wely,NED,2677,2011-03-27,#ff9a14
Loek Van Wely,NED,2675,2011-05-27,#ff9a14
Loek Van Wely,NED,2683,2011-07-27,#ff9a14
Loek Van Wely,NED,2689,2011-09-27,#ff9a14
Loek Van Wely,NED,2686,2011-11-27,#ff9a14
Loek Van Wely,NED,2692,2012-01-27,#ff9a14
Loek Van Wely,NED,2691,2012-03-27,#ff9a14
Loek Van Wely,NED,2682,2012-05-27,#ff9a14
Loek Van Wely,NED,2691,2012-07-27,#ff9a14
Loek Van Wely,NED,2691,2012-08-27,#ff9a14
Loek Van Wely,NED,2691,2012-09-27,#ff9a14
Loek Van Wely,NED,2688,2012-10-27,#ff9a14
Loek Van Wely,NED,2691,2012-11-27,#ff9a14
Loek Van Wely,NED,2678,2012-12-27,#ff9a14
Loek Van Wely,NED,2679,2013-01-27,#ff9a14
Loek Van Wely,NED,2684,2013-02-27,#ff9a14
Loek Van Wely,NED,2684,2013-03-27,#ff9a14
Loek Van Wely,NED,2684,2013-04-27,#ff9a14
Loek Van Wely,NED,2689,2013-05-27,#ff9a14
Loek Van Wely,NED,2693,2013-06-27,#ff9a14
Loek Van Wely,NED,2701,2013-07-27,#ff9a14
Loek Van Wely,NED,2701,2013-08-27,#ff9a14
Loek Van Wely,NED,2701,2013-09-27,#ff9a14
Loek Van Wely,NED,2693,2013-10-27,#ff9a14
Loek Van Wely,NED,2678,2013-11-27,#ff9a14
Loek Van Wely,NED,2678,2013-12-27,#ff9a14
Loek Van Wely,NED,2672,2014-01-27,#ff9a14
Loek Van Wely,NED,2679,2014-02-27,#ff9a14
Loek Van Wely,NED,2684,2014-03-27,#ff9a14
Loek Van Wely,NED,2685,2014-04-27,#ff9a14
Loek Van Wely,NED,2656,2014-05-27,#ff9a14
Loek Van Wely,NED,2654,2014-06-27,#ff9a14
Loek Van Wely,NED,2657,2014-07-27,#ff9a14
Loek Van Wely,NED,2662,2014-08-27,#ff9a14
Loek Van Wely,NED,2664,2014-10-27,#ff9a14
Loek Van Wely,NED,2663,2014-11-27,#ff9a14
Loek Van Wely,NED,2667,2014-12-27,#ff9a14
Loek Van Wely,NED,2667,2015-01-27,#ff9a14
Loek Van Wely,NED,2657,2015-02-27,#ff9a14
Loek Van Wely,NED,2665,2015-03-27,#ff9a14
Loek Van Wely,NED,2663,2015-04-27,#ff9a14
Loek Van Wely,NED,2653,2015-06-27,#ff9a14
Loek Van Wely,NED,2654,2015-08-27,#ff9a14
Loek Van Wely,NED,2653,2016-03-27,#ff9a14
Loek Van Wely,NED,2658,2016-05-27,#ff9a14
Loek Van Wely,NED,2658,2016-06-27,#ff9a14
Loek Van Wely,NED,2662,2016-07-27,#ff9a14
Loek Van Wely,NED,2657,2016-08-27,#ff9a14
Loek Van Wely,NED,2674,2016-09-27,#ff9a14
Loek Van Wely,NED,2667,2016-10-27,#ff9a14
Loek Van Wely,NED,2685,2016-11-27,#ff9a14
Loek Van Wely,NED,2696,2016-12-27,#ff9a14
Loek Van Wely,NED,2695,2017-01-27,#ff9a14
Loek Van Wely,NED,2676,2017-02-27,#ff9a14
Loek Van Wely,NED,2668,2017-03-27,#ff9a14
Loek Van Wely,NED,2669,2017-04-27,#ff9a14
Loek Van Wely,NED,2663,2017-05-27,#ff9a14
Loek Van Wely,NED,2675,2017-06-27,#ff9a14
Lubomir Ftacnik,SVK,2608,2000-10-27,#0B4EA2
Lubomir Ftacnik,SVK,2618,2001-01-27,#0B4EA2
Lubomir Ftacnik,SVK,2618,2001-04-27,#0B4EA2
Lubomir Ftacnik,SVK,2602,2002-07-27,#0B4EA2
Lubomir Ftacnik,SVK,2603,2002-10-27,#0B4EA2
Lubomir Ftacnik,SVK,2616,2003-01-27,#0B4EA2
Lubomir Ftacnik,SVK,2611,2003-04-27,#0B4EA2
Lubomir Ftacnik,SVK,2608,2000-07-27,#FFFFFFF
Luka Lenic,SLO,2655,2017-12-27,#0B4EA2
Luka Lenic,SLO,2662,2018-01-27,#0B4EA2
Luka Lenic,SLO,2660,2018-02-27,#0B4EA2
Luka Lenic,SLO,2662,2018-03-27,#0B4EA2
Luka Lenic,SLO,2653,2018-04-27,#0B4EA2
Luka Lenic,SLO,2653,2018-05-27,#0B4EA2
Luka Lenic,SLO,2656,2018-06-27,#0B4EA2
Luka Lenic,SLO,2656,2018-07-27,#0B4EA2
Luka Lenic,SLO,2656,2018-08-27,#0B4EA2
Luka Lenic,SLO,2656,2018-09-27,#0B4EA2
Luka Lenic,SLO,2656,2018-10-27,#0B4EA2
Luka Lenic,SLO,2657,2018-11-27,#0B4EA2
Luka Lenic,SLO,2659,2018-12-27,#0B4EA2
Luka Lenic,SLO,2651,2013-12-27,#0B4EA2
Luka Lenic,SLO,2656,2014-01-27,#0B4EA2
Luka Lenic,SLO,2656,2014-02-27,#0B4EA2
Luka Lenic,SLO,2654,2014-03-27,#0B4EA2
Luka Lenic,SLO,2655,2014-04-27,#0B4EA2
Luka Lenic,SLO,2657,2014-05-27,#0B4EA2
Luka Lenic,SLO,2659,2014-06-27,#0B4EA2
Luka Lenic,SLO,2659,2014-07-27,#0B4EA2
Luka Lenic,SLO,2659,2014-08-27,#0B4EA2
Luke J McShane,ENG,2664,2018-04-27,#b32100
Luke J McShane,ENG,2669,2018-05-27,#b32100
Luke J McShane,ENG,2669,2018-06-27,#b32100
Luke J McShane,ENG,2669,2018-07-27,#b32100
Luke J McShane,ENG,2669,2018-08-27,#b32100
Luke J McShane,ENG,2672,2018-09-27,#b32100
Luke J McShane,ENG,2672,2018-10-27,#b32100
Luke J McShane,ENG,2667,2018-11-27,#b32100
Luke J McShane,ENG,2664,2018-12-27,#b32100
Luke J McShane,ENG,2663,2019-01-27,#b32100
Luke J McShane,ENG,2663,2019-02-24,#b32100
Luke J McShane,ENG,2657,2010-09-27,#b32100
Luke J McShane,ENG,2645,2010-11-27,#b32100
Luke J McShane,ENG,2664,2011-01-27,#b32100
Luke J McShane,ENG,2683,2011-03-27,#b32100
Luke J McShane,ENG,2667,2011-05-27,#b32100
Luke J McShane,ENG,2671,2011-07-27,#b32100
Luke J McShane,ENG,2671,2011-09-27,#b32100
Luke J McShane,ENG,2671,2011-11-27,#b32100
Luke J McShane,ENG,2691,2012-01-27,#b32100
Luke J McShane,ENG,2691,2012-03-27,#b32100
Luke J McShane,ENG,2706,2012-05-27,#b32100
Luke J McShane,ENG,2713,2012-07-27,#b32100
Luke J McShane,ENG,2713,2012-08-27,#b32100
Luke J McShane,ENG,2713,2012-09-27,#b32100
Luke J McShane,ENG,2713,2012-10-27,#b32100
Luke J McShane,ENG,2713,2012-11-27,#b32100
Luke J McShane,ENG,2713,2012-12-27,#b32100
Luke J McShane,ENG,2698,2013-01-27,#b32100
Luke J McShane,ENG,2698,2013-02-27,#b32100
Luke J McShane,ENG,2698,2013-03-27,#b32100
Luke J McShane,ENG,2698,2013-04-27,#b32100
Luke J McShane,ENG,2697,2013-05-27,#b32100
Luke J McShane,ENG,2697,2013-06-27,#b32100
Luke J McShane,ENG,2697,2013-07-27,#b32100
Luke J McShane,ENG,2697,2013-08-27,#b32100
Luke J McShane,ENG,2697,2013-09-27,#b32100
Luke J McShane,ENG,2697,2013-10-27,#b32100
Luke J McShane,ENG,2696,2013-11-27,#b32100
Luke J McShane,ENG,2684,2013-12-27,#b32100
Luke J McShane,ENG,2684,2014-01-27,#b32100
Luke J McShane,ENG,2684,2014-02-27,#b32100
Luke J McShane,ENG,2683,2014-03-27,#b32100
Luke J McShane,ENG,2674,2014-04-27,#b32100
Luke J McShane,ENG,2674,2014-05-27,#b32100
Luke J McShane,ENG,2670,2014-06-27,#b32100
Luke J McShane,ENG,2670,2014-07-27,#b32100
Luke J McShane,ENG,2670,2014-08-27,#b32100
Luke J McShane,ENG,2670,2014-09-27,#b32100
Luke J McShane,ENG,2670,2014-10-27,#b32100
Luke J McShane,ENG,2671,2014-11-27,#b32100
Luke J McShane,ENG,2672,2014-12-27,#b32100
Luke J McShane,ENG,2672,2015-01-27,#b32100
Luke J McShane,ENG,2672,2015-02-27,#b32100
Luke J McShane,ENG,2686,2015-03-27,#b32100
Luke J McShane,ENG,2685,2015-04-27,#b32100
Luke J McShane,ENG,2685,2015-05-27,#b32100
Luke J McShane,ENG,2685,2015-06-27,#b32100
Luke J McShane,ENG,2685,2015-07-27,#b32100
Luke J McShane,ENG,2674,2015-08-27,#b32100
Luke J McShane,ENG,2674,2015-09-27,#b32100
Luke J McShane,ENG,2674,2015-10-27,#b32100
Luke J McShane,ENG,2687,2015-11-27,#b32100
Luke J McShane,ENG,2669,2015-12-27,#b32100
Luke J McShane,ENG,2671,2016-01-27,#b32100
Luke J McShane,ENG,2671,2016-02-27,#b32100
Luke J McShane,ENG,2676,2016-03-27,#b32100
Luke J McShane,ENG,2669,2016-04-27,#b32100
Luke J McShane,ENG,2671,2016-05-27,#b32100
Luke J McShane,ENG,2671,2016-06-27,#b32100
Luke J McShane,ENG,2671,2016-07-27,#b32100
Luke J McShane,ENG,2671,2016-08-27,#b32100
Luke J McShane,ENG,2671,2016-09-27,#b32100
Luke J McShane,ENG,2655,2016-10-27,#b32100
Luke J McShane,ENG,2655,2016-11-27,#b32100
Luke J. McShane,ENG,2619,2003-07-27,#b32100
Luke J. McShane,ENG,2649,2003-10-27,#b32100
Luke J. McShane,ENG,2651,2004-01-27,#b32100
Luke J. McShane,ENG,2656,2004-04-27,#b32100
Luke J. McShane,ENG,2643,2004-07-27,#b32100
Luke J. McShane,ENG,2629,2004-10-27,#b32100
Luke J. McShane,ENG,2614,2005-01-27,#b32100
Luke J. McShane,ENG,2620,2005-04-27,#b32100
Luke J. McShane,ENG,2625,2005-07-27,#b32100
Magaram Magomedov,RUS,2608,2000-07-27,#D52B1E
Magaram Magomedov,RUS,2608,2000-10-27,#D52B1E
Magaram Magomedov,RUS,2608,2001-01-27,#D52B1E
Magaram Magomedov,RUS,2608,2001-04-27,#D52B1E
Magaram Magomedov,RUS,2608,2001-07-27,#D52B1E
Magaram Magomedov,RUS,2596,2002-01-27,#D52B1E
Magnus Carlsen,NOR,2822,2017-07-27,#EF2B2D
Magnus Carlsen,NOR,2822,2017-08-27,#EF2B2D
Magnus Carlsen,NOR,2827,2017-09-27,#EF2B2D
Magnus Carlsen,NOR,2826,2017-10-27,#EF2B2D
Magnus Carlsen,NOR,2837,2017-11-27,#EF2B2D
Magnus Carlsen,NOR,2837,2017-12-27,#EF2B2D
Magnus Carlsen,NOR,2834,2018-01-27,#EF2B2D
Magnus Carlsen,NOR,2843,2018-02-27,#EF2B2D
Magnus Carlsen,NOR,2843,2018-03-27,#EF2B2D
Magnus Carlsen,NOR,2843,2018-04-27,#EF2B2D
Magnus Carlsen,NOR,2843,2018-05-27,#EF2B2D
Magnus Carlsen,NOR,2843,2018-06-27,#EF2B2D
Magnus Carlsen,NOR,2842,2018-07-27,#EF2B2D
Magnus Carlsen,NOR,2842,2018-08-27,#EF2B2D
Magnus Carlsen,NOR,2839,2018-09-27,#EF2B2D
Magnus Carlsen,NOR,2839,2018-10-27,#EF2B2D
Magnus Carlsen,NOR,2835,2018-11-27,#EF2B2D
Magnus Carlsen,NOR,2835,2018-12-27,#EF2B2D
Magnus Carlsen,NOR,2835,2019-01-27,#EF2B2D
Magnus Carlsen,NOR,2845,2019-02-24,#EF2B2D
Magnus Carlsen,NOR,2625,2006-01-27,#EF2B2D
Magnus Carlsen,NOR,2646,2006-04-27,#EF2B2D
Magnus Carlsen,NOR,2675,2006-07-27,#EF2B2D
Magnus Carlsen,NOR,2698,2006-10-27,#EF2B2D
Magnus Carlsen,NOR,2690,2007-01-27,#EF2B2D
Magnus Carlsen,NOR,2693,2007-04-27,#EF2B2D
Magnus Carlsen,NOR,2710,2007-07-27,#EF2B2D
Magnus Carlsen,NOR,2714,2007-10-27,#EF2B2D
Magnus Carlsen,NOR,2733,2008-01-27,#EF2B2D
Magnus Carlsen,NOR,2765,2008-04-27,#EF2B2D
Magnus Carlsen,NOR,2775,2008-07-27,#EF2B2D
Magnus Carlsen,NOR,2786,2008-10-27,#EF2B2D
Magnus Carlsen,NOR,2776,2009-01-27,#EF2B2D
Magnus Carlsen,NOR,2770,2009-04-27,#EF2B2D
Magnus Carlsen,NOR,2772,2009-07-27,#EF2B2D
Magnus Carlsen,NOR,2772,2009-09-27,#EF2B2D
Magnus Carlsen,NOR,2801,2009-11-27,#EF2B2D
Magnus Carlsen,NOR,2810,2010-01-27,#EF2B2D
Magnus Carlsen,NOR,2813,2010-03-27,#EF2B2D
Magnus Carlsen,NOR,2813,2010-05-27,#EF2B2D
Magnus Carlsen,NOR,2826,2010-07-27,#EF2B2D
Magnus Carlsen,NOR,2826,2010-09-27,#EF2B2D
Magnus Carlsen,NOR,2802,2010-11-27,#EF2B2D
Magnus Carlsen,NOR,2814,2011-01-27,#EF2B2D
Magnus Carlsen,NOR,2815,2011-03-27,#EF2B2D
Magnus Carlsen,NOR,2815,2011-05-27,#EF2B2D
Magnus Carlsen,NOR,2821,2011-07-27,#EF2B2D
Magnus Carlsen,NOR,2823,2011-09-27,#EF2B2D
Magnus Carlsen,NOR,2826,2011-11-27,#EF2B2D
Magnus Carlsen,NOR,2835,2012-01-27,#EF2B2D
Magnus Carlsen,NOR,2835,2012-03-27,#EF2B2D
Magnus Carlsen,NOR,2835,2012-05-27,#EF2B2D
Magnus Carlsen,NOR,2837,2012-07-27,#EF2B2D
Magnus Carlsen,NOR,2837,2012-08-27,#EF2B2D
Magnus Carlsen,NOR,2843,2012-09-27,#EF2B2D
Magnus Carlsen,NOR,2843,2012-10-27,#EF2B2D
Magnus Carlsen,NOR,2848,2012-11-27,#EF2B2D
Magnus Carlsen,NOR,2848,2012-12-27,#EF2B2D
Magnus Carlsen,NOR,2861,2013-01-27,#EF2B2D
Magnus Carlsen,NOR,2872,2013-02-27,#EF2B2D
Magnus Carlsen,NOR,2872,2013-03-27,#EF2B2D
Magnus Carlsen,NOR,2872,2013-04-27,#EF2B2D
Magnus Carlsen,NOR,2868,2013-05-27,#EF2B2D
Magnus Carlsen,NOR,2864,2013-06-27,#EF2B2D
Magnus Carlsen,NOR,2862,2013-07-27,#EF2B2D
Magnus Carlsen,NOR,2862,2013-08-27,#EF2B2D
Magnus Carlsen,NOR,2862,2013-09-27,#EF2B2D
Magnus Carlsen,NOR,2870,2013-10-27,#EF2B2D
Magnus Carlsen,NOR,2870,2013-11-27,#EF2B2D
Magnus Carlsen,NOR,2872,2013-12-27,#EF2B2D
Magnus Carlsen,NOR,2872,2014-01-27,#EF2B2D
Magnus Carlsen,NOR,2872,2014-02-27,#EF2B2D
Magnus Carlsen,NOR,2881,2014-03-27,#EF2B2D
Magnus Carlsen,NOR,2881,2014-04-27,#EF2B2D
Magnus Carlsen,NOR,2882,2014-05-27,#EF2B2D
Magnus Carlsen,NOR,2881,2014-06-27,#EF2B2D
Magnus Carlsen,NOR,2877,2014-07-27,#EF2B2D
Magnus Carlsen,NOR,2877,2014-08-27,#EF2B2D
Magnus Carlsen,NOR,2870,2014-09-27,#EF2B2D
Magnus Carlsen,NOR,2863,2014-10-27,#EF2B2D
Magnus Carlsen,NOR,2863,2014-11-27,#EF2B2D
Magnus Carlsen,NOR,2862,2014-12-27,#EF2B2D
Magnus Carlsen,NOR,2862,2015-01-27,#EF2B2D
Magnus Carlsen,NOR,2865,2015-02-27,#EF2B2D
Magnus Carlsen,NOR,2863,2015-03-27,#EF2B2D
Magnus Carlsen,NOR,2863,2015-04-27,#EF2B2D
Magnus Carlsen,NOR,2876,2015-05-27,#EF2B2D
Magnus Carlsen,NOR,2876,2015-06-27,#EF2B2D
Magnus Carlsen,NOR,2853,2015-07-27,#EF2B2D
Magnus Carlsen,NOR,2853,2015-08-27,#EF2B2D
Magnus Carlsen,NOR,2853,2015-09-27,#EF2B2D
Magnus Carlsen,NOR,2850,2015-10-27,#EF2B2D
Magnus Carlsen,NOR,2850,2015-11-27,#EF2B2D
Magnus Carlsen,NOR,2834,2015-12-27,#EF2B2D
Magnus Carlsen,NOR,2844,2016-01-27,#EF2B2D
Magnus Carlsen,NOR,2844,2016-02-27,#EF2B2D
Magnus Carlsen,NOR,2851,2016-03-27,#EF2B2D
Magnus Carlsen,NOR,2851,2016-04-27,#EF2B2D
Magnus Carlsen,NOR,2851,2016-05-27,#EF2B2D
Magnus Carlsen,NOR,2855,2016-06-27,#EF2B2D
Magnus Carlsen,NOR,2855,2016-07-27,#EF2B2D
Magnus Carlsen,NOR,2857,2016-08-27,#EF2B2D
Magnus Carlsen,NOR,2857,2016-09-27,#EF2B2D
Magnus Carlsen,NOR,2853,2016-10-27,#EF2B2D
Magnus Carlsen,NOR,2853,2016-11-27,#EF2B2D
Magnus Carlsen,NOR,2840,2016-12-27,#EF2B2D
Magnus Carlsen,NOR,2840,2017-01-27,#EF2B2D
Magnus Carlsen,NOR,2838,2017-02-27,#EF2B2D
Magnus Carlsen,NOR,2838,2017-03-27,#EF2B2D
Magnus Carlsen,NOR,2838,2017-04-27,#EF2B2D
Magnus Carlsen,NOR,2832,2017-05-27,#EF2B2D
Magnus Carlsen,NOR,2832,2017-06-27,#EF2B2D
Mark Paragua,PHI,2618,2006-01-27,#FFFFFFF
Mark Paragua,PHI,2617,2006-04-27,#FFFFFFF
Markus Ragger,AUT,2656,2017-07-27,#2c66a1
Markus Ragger,AUT,2656,2017-08-27,#2c66a1
Markus Ragger,AUT,2659,2017-09-27,#2c66a1
Markus Ragger,AUT,2659,2017-10-27,#2c66a1
Markus Ragger,AUT,2657,2017-12-27,#2c66a1
Markus Ragger,AUT,2659,2018-01-27,#2c66a1
Markus Ragger,AUT,2666,2018-02-27,#2c66a1
Markus Ragger,AUT,2668,2018-03-27,#2c66a1
Markus Ragger,AUT,2673,2018-04-27,#2c66a1
Markus Ragger,AUT,2672,2018-05-27,#2c66a1
Markus Ragger,AUT,2677,2018-06-27,#2c66a1
Markus Ragger,AUT,2685,2018-07-27,#2c66a1
Markus Ragger,AUT,2686,2018-08-27,#2c66a1
Markus Ragger,AUT,2686,2018-09-27,#2c66a1
Markus Ragger,AUT,2690,2018-10-27,#2c66a1
Markus Ragger,AUT,2701,2018-11-27,#2c66a1
Markus Ragger,AUT,2687,2018-12-27,#2c66a1
Markus Ragger,AUT,2687,2019-01-27,#2c66a1
Markus Ragger,AUT,2683,2019-02-24,#2c66a1
Markus Ragger,AUT,2674,2011-05-27,#2c66a1
Markus Ragger,AUT,2651,2011-07-27,#2c66a1
Markus Ragger,AUT,2655,2011-09-27,#2c66a1
Markus Ragger,AUT,2662,2011-11-27,#2c66a1
Markus Ragger,AUT,2655,2012-01-27,#2c66a1
Markus Ragger,AUT,2654,2012-03-27,#2c66a1
Markus Ragger,AUT,2670,2012-05-27,#2c66a1
Markus Ragger,AUT,2671,2012-07-27,#2c66a1
Markus Ragger,AUT,2670,2012-08-27,#2c66a1
Markus Ragger,AUT,2677,2012-09-27,#2c66a1
Markus Ragger,AUT,2655,2012-10-27,#2c66a1
Markus Ragger,AUT,2655,2012-11-27,#2c66a1
Markus Ragger,AUT,2655,2012-12-27,#2c66a1
Markus Ragger,AUT,2655,2013-01-27,#2c66a1
Markus Ragger,AUT,2655,2013-02-27,#2c66a1
Markus Ragger,AUT,2655,2013-03-27,#2c66a1
Markus Ragger,AUT,2663,2013-04-27,#2c66a1
Markus Ragger,AUT,2666,2013-05-27,#2c66a1
Markus Ragger,AUT,2672,2013-06-27,#2c66a1
Markus Ragger,AUT,2680,2013-07-27,#2c66a1
Markus Ragger,AUT,2680,2013-08-27,#2c66a1
Markus Ragger,AUT,2680,2013-09-27,#2c66a1
Markus Ragger,AUT,2668,2013-10-27,#2c66a1
Markus Ragger,AUT,2672,2013-11-27,#2c66a1
Markus Ragger,AUT,2656,2014-01-27,#2c66a1
Markus Ragger,AUT,2657,2014-09-27,#2c66a1
Markus Ragger,AUT,2658,2014-10-27,#2c66a1
Markus Ragger,AUT,2658,2014-11-27,#2c66a1
Markus Ragger,AUT,2661,2015-03-27,#2c66a1
Markus Ragger,AUT,2664,2015-04-27,#2c66a1
Markus Ragger,AUT,2668,2015-05-27,#2c66a1
Markus Ragger,AUT,2676,2015-06-27,#2c66a1
Markus Ragger,AUT,2688,2015-07-27,#2c66a1
Markus Ragger,AUT,2688,2015-08-27,#2c66a1
Markus Ragger,AUT,2695,2015-09-27,#2c66a1
Markus Ragger,AUT,2698,2015-10-27,#2c66a1
Markus Ragger,AUT,2688,2015-11-27,#2c66a1
Markus Ragger,AUT,2687,2015-12-27,#2c66a1
Markus Ragger,AUT,2689,2016-01-27,#2c66a1
Markus Ragger,AUT,2682,2016-02-27,#2c66a1
Markus Ragger,AUT,2694,2016-03-27,#2c66a1
Markus Ragger,AUT,2697,2016-04-27,#2c66a1
Markus Ragger,AUT,2696,2016-05-27,#2c66a1
Markus Ragger,AUT,2686,2016-06-27,#2c66a1
Markus Ragger,AUT,2686,2016-07-27,#2c66a1
Markus Ragger,AUT,2686,2016-08-27,#2c66a1
Markus Ragger,AUT,2697,2016-09-27,#2c66a1
Markus Ragger,AUT,2700,2016-10-27,#2c66a1
Markus Ragger,AUT,2694,2016-11-27,#2c66a1
Markus Ragger,AUT,2689,2016-12-27,#2c66a1
Markus Ragger,AUT,2697,2017-01-27,#2c66a1
Markus Ragger,AUT,2703,2017-02-27,#2c66a1
Markus Ragger,AUT,2681,2017-03-27,#2c66a1
Markus Ragger,AUT,2677,2017-04-27,#2c66a1
Markus Ragger,AUT,2680,2017-05-27,#2c66a1
Markus Ragger,AUT,2677,2017-06-27,#2c66a1
Martyn Kravtsiv,UKR,2665,2017-07-27,#005BBB
Martyn Kravtsiv,UKR,2665,2017-08-27,#005BBB
Martyn Kravtsiv,UKR,2670,2017-09-27,#005BBB
Martyn Kravtsiv,UKR,2677,2017-10-27,#005BBB
Martyn Kravtsiv,UKR,2677,2017-11-27,#005BBB
Martyn Kravtsiv,UKR,2672,2017-12-27,#005BBB
Martyn Kravtsiv,UKR,2679,2018-01-27,#005BBB
Martyn Kravtsiv,UKR,2682,2018-02-27,#005BBB
Martyn Kravtsiv,UKR,2685,2018-03-27,#005BBB
Martyn Kravtsiv,UKR,2680,2018-04-27,#005BBB
Martyn Kravtsiv,UKR,2655,2018-05-27,#005BBB
Martyn Kravtsiv,UKR,2662,2018-06-27,#005BBB
Martyn Kravtsiv,UKR,2654,2018-07-27,#005BBB
Martyn Kravtsiv,UKR,2654,2018-08-27,#005BBB
Martyn Kravtsiv,UKR,2654,2018-09-27,#005BBB
Martyn Kravtsiv,UKR,2654,2018-10-27,#005BBB
Mateusz Bartel,POL,2653,2011-11-27,#DC143C
Mateusz Bartel,POL,2658,2012-01-27,#DC143C
Mateusz Bartel,POL,2665,2012-03-27,#DC143C
Mateusz Bartel,POL,2677,2012-05-27,#DC143C
Mateusz Bartel,POL,2674,2012-07-27,#DC143C
Mateusz Bartel,POL,2654,2012-08-27,#DC143C
Mateusz Bartel,POL,2654,2012-09-27,#DC143C
Mateusz Bartel,POL,2662,2014-03-27,#DC143C
Mateusz Bartel,POL,2659,2014-04-27,#DC143C
Mateusz Bartel,POL,2662,2014-11-27,#DC143C
Mateusz Bartel,POL,2664,2014-12-27,#DC143C
Matthew D Sadler,ENG,2687,2017-07-27,#b32100
Matthew D Sadler,ENG,2687,2017-08-27,#b32100
Matthew D Sadler,ENG,2687,2017-09-27,#b32100
Matthew D Sadler,ENG,2687,2017-10-27,#b32100
Matthew D Sadler,ENG,2687,2017-11-27,#b32100
Matthew D Sadler,ENG,2685,2017-12-27,#b32100
Matthew D Sadler,ENG,2686,2018-01-27,#b32100
Matthew D Sadler,ENG,2690,2018-02-27,#b32100
Matthew D Sadler,ENG,2690,2018-03-27,#b32100
Matthew D Sadler,ENG,2693,2018-04-27,#b32100
Matthew D Sadler,ENG,2693,2018-05-27,#b32100
Matthew D Sadler,ENG,2693,2018-06-27,#b32100
Matthew D Sadler,ENG,2693,2018-07-27,#b32100
Matthew D Sadler,ENG,2693,2018-08-27,#b32100
Matthew D Sadler,ENG,2693,2018-09-27,#b32100
Matthew D Sadler,ENG,2693,2018-10-27,#b32100
Matthew D Sadler,ENG,2693,2018-11-27,#b32100
Matthew D Sadler,ENG,2693,2018-12-27,#b32100
Matthew D Sadler,ENG,2693,2019-01-27,#b32100
Matthew D Sadler,ENG,2691,2019-02-24,#b32100
Matthew D Sadler,ENG,2662,2011-11-27,#b32100
Matthew D Sadler,ENG,2660,2012-01-27,#b32100
Matthew D Sadler,ENG,2653,2014-06-27,#b32100
Matthew D Sadler,ENG,2653,2014-07-27,#b32100
Matthew D Sadler,ENG,2658,2014-12-27,#b32100
Matthew D Sadler,ENG,2658,2015-01-27,#b32100
Matthew D Sadler,ENG,2658,2015-02-27,#b32100
Matthew D Sadler,ENG,2658,2015-03-27,#b32100
Matthew D Sadler,ENG,2658,2015-04-27,#b32100
Matthew D Sadler,ENG,2658,2015-05-27,#b32100
Matthew D Sadler,ENG,2659,2015-06-27,#b32100
Matthew D Sadler,ENG,2659,2015-07-27,#b32100
Matthew D Sadler,ENG,2659,2015-08-27,#b32100
Matthew D Sadler,ENG,2659,2015-09-27,#b32100
Matthew D Sadler,ENG,2659,2015-10-27,#b32100
Matthew D Sadler,ENG,2659,2015-11-27,#b32100
Matthew D Sadler,ENG,2662,2015-12-27,#b32100
Matthew D Sadler,ENG,2662,2016-01-27,#b32100
Matthew D Sadler,ENG,2662,2016-02-27,#b32100
Matthew D Sadler,ENG,2666,2016-03-27,#b32100
Matthew D Sadler,ENG,2670,2016-04-27,#b32100
Matthew D Sadler,ENG,2670,2016-05-27,#b32100
Matthew D Sadler,ENG,2670,2016-06-27,#b32100
Matthew D Sadler,ENG,2670,2016-07-27,#b32100
Matthew D Sadler,ENG,2670,2016-08-27,#b32100
Matthew D Sadler,ENG,2670,2016-09-27,#b32100
Matthew D Sadler,ENG,2670,2016-10-27,#b32100
Matthew D Sadler,ENG,2670,2016-11-27,#b32100
Matthew D Sadler,ENG,2672,2016-12-27,#b32100
Matthew D Sadler,ENG,2672,2017-01-27,#b32100
Matthew D Sadler,ENG,2671,2017-02-27,#b32100
Matthew D Sadler,ENG,2677,2017-03-27,#b32100
Matthew D Sadler,ENG,2680,2017-04-27,#b32100
Matthew D Sadler,ENG,2680,2017-05-27,#b32100
Matthew D Sadler,ENG,2684,2017-06-27,#b32100
Matthew Sadler,ENG,2628,2000-07-27,#b32100
Matthew Sadler,ENG,2628,2000-10-27,#b32100
Matthew Sadler,ENG,2633,2001-01-27,#b32100
Matthew Sadler,ENG,2633,2001-04-27,#b32100
Matthew Sadler,ENG,2631,2001-07-27,#b32100
Matthew Sadler,ENG,2631,2001-10-27,#b32100
Matthew Sadler,ENG,2631,2002-01-27,#b32100
Matthew Sadler,ENG,2631,2002-04-27,#b32100
Matthew Sadler,ENG,2624,2002-07-27,#b32100
Matthew Sadler,ENG,2624,2002-10-27,#b32100
Matthew Sadler,ENG,2624,2003-01-27,#b32100
Matthew Sadler,ENG,2624,2003-04-27,#b32100
Matthew Sadler,ENG,2626,2003-07-27,#b32100
Matthew Sadler,ENG,2626,2003-10-27,#b32100
Matthew Sadler,ENG,2626,2004-01-27,#b32100
Matthew Sadler,ENG,2626,2004-04-27,#b32100
Matthew Sadler,ENG,2617,2004-07-27,#b32100
Matthew Sadler,ENG,2617,2004-10-27,#b32100
Matthew Sadler,ENG,2617,2005-01-27,#b32100
Matthew Sadler,ENG,2617,2005-04-27,#b32100
Maxim Matlakov,RUS,2728,2017-07-27,#D52B1E
Maxim Matlakov,RUS,2728,2017-08-27,#D52B1E
Maxim Matlakov,RUS,2728,2017-09-27,#D52B1E
Maxim Matlakov,RUS,2730,2017-10-27,#D52B1E
Maxim Matlakov,RUS,2738,2017-11-27,#D52B1E
Maxim Matlakov,RUS,2735,2017-12-27,#D52B1E
Maxim Matlakov,RUS,2718,2018-01-27,#D52B1E
Maxim Matlakov,RUS,2709,2018-02-27,#D52B1E
Maxim Matlakov,RUS,2707,2018-03-27,#D52B1E
Maxim Matlakov,RUS,2704,2018-04-27,#D52B1E
Maxim Matlakov,RUS,2704,2018-05-27,#D52B1E
Maxim Matlakov,RUS,2699,2018-06-27,#D52B1E
Maxim Matlakov,RUS,2694,2018-07-27,#D52B1E
Maxim Matlakov,RUS,2683,2018-08-27,#D52B1E
Maxim Matlakov,RUS,2683,2018-09-27,#D52B1E
Maxim Matlakov,RUS,2683,2018-10-27,#D52B1E
Maxim Matlakov,RUS,2700,2018-11-27,#D52B1E
Maxim Matlakov,RUS,2700,2018-12-27,#D52B1E
Maxim Matlakov,RUS,2700,2019-01-27,#D52B1E
Maxim Matlakov,RUS,2696,2019-02-24,#D52B1E
Maxim Matlakov,RUS,2668,2012-05-27,#D52B1E
Maxim Matlakov,RUS,2668,2012-07-27,#D52B1E
Maxim Matlakov,RUS,2663,2012-08-27,#D52B1E
Maxim Matlakov,RUS,2663,2012-09-27,#D52B1E
Maxim Matlakov,RUS,2665,2012-10-27,#D52B1E
Maxim Matlakov,RUS,2673,2012-11-27,#D52B1E
Maxim Matlakov,RUS,2663,2012-12-27,#D52B1E
Maxim Matlakov,RUS,2653,2013-01-27,#D52B1E
Maxim Matlakov,RUS,2653,2013-02-27,#D52B1E
Maxim Matlakov,RUS,2653,2013-03-27,#D52B1E
Maxim Matlakov,RUS,2653,2013-04-27,#D52B1E
Maxim Matlakov,RUS,2654,2013-05-27,#D52B1E
Maxim Matlakov,RUS,2665,2013-06-27,#D52B1E
Maxim Matlakov,RUS,2665,2013-07-27,#D52B1E
Maxim Matlakov,RUS,2676,2013-08-27,#D52B1E
Maxim Matlakov,RUS,2676,2013-09-27,#D52B1E
Maxim Matlakov,RUS,2682,2013-10-27,#D52B1E
Maxim Matlakov,RUS,2700,2013-11-27,#D52B1E
Maxim Matlakov,RUS,2700,2013-12-27,#D52B1E
Maxim Matlakov,RUS,2700,2014-01-27,#D52B1E
Maxim Matlakov,RUS,2690,2014-02-27,#D52B1E
Maxim Matlakov,RUS,2695,2014-03-27,#D52B1E
Maxim Matlakov,RUS,2690,2014-04-27,#D52B1E
Maxim Matlakov,RUS,2689,2014-05-27,#D52B1E
Maxim Matlakov,RUS,2689,2014-06-27,#D52B1E
Maxim Matlakov,RUS,2685,2014-07-27,#D52B1E
Maxim Matlakov,RUS,2685,2014-08-27,#D52B1E
Maxim Matlakov,RUS,2694,2014-09-27,#D52B1E
Maxim Matlakov,RUS,2692,2014-10-27,#D52B1E
Maxim Matlakov,RUS,2685,2014-11-27,#D52B1E
Maxim Matlakov,RUS,2695,2014-12-27,#D52B1E
Maxim Matlakov,RUS,2695,2015-01-27,#D52B1E
Maxim Matlakov,RUS,2695,2015-02-27,#D52B1E
Maxim Matlakov,RUS,2693,2015-03-27,#D52B1E
Maxim Matlakov,RUS,2699,2015-04-27,#D52B1E
Maxim Matlakov,RUS,2694,2015-05-27,#D52B1E
Maxim Matlakov,RUS,2696,2015-06-27,#D52B1E
Maxim Matlakov,RUS,2691,2015-07-27,#D52B1E
Maxim Matlakov,RUS,2689,2015-08-27,#D52B1E
Maxim Matlakov,RUS,2689,2015-09-27,#D52B1E
Maxim Matlakov,RUS,2689,2015-10-27,#D52B1E
Maxim Matlakov,RUS,2684,2015-11-27,#D52B1E
Maxim Matlakov,RUS,2684,2015-12-27,#D52B1E
Maxim Matlakov,RUS,2682,2016-01-27,#D52B1E
Maxim Matlakov,RUS,2682,2016-02-27,#D52B1E
Maxim Matlakov,RUS,2682,2016-03-27,#D52B1E
Maxim Matlakov,RUS,2693,2016-04-27,#D52B1E
Maxim Matlakov,RUS,2693,2016-05-27,#D52B1E
Maxim Matlakov,RUS,2691,2016-06-27,#D52B1E
Maxim Matlakov,RUS,2684,2016-07-27,#D52B1E
Maxim Matlakov,RUS,2686,2016-08-27,#D52B1E
Maxim Matlakov,RUS,2691,2016-09-27,#D52B1E
Maxim Matlakov,RUS,2691,2016-10-27,#D52B1E
Maxim Matlakov,RUS,2691,2016-11-27,#D52B1E
Maxim Matlakov,RUS,2694,2016-12-27,#D52B1E
Maxim Matlakov,RUS,2701,2017-01-27,#D52B1E
Maxim Matlakov,RUS,2701,2017-02-27,#D52B1E
Maxim Matlakov,RUS,2702,2017-03-27,#D52B1E
Maxim Matlakov,RUS,2707,2017-04-27,#D52B1E
Maxim Matlakov,RUS,2714,2017-05-27,#D52B1E
Maxim Matlakov,RUS,2707,2017-06-27,#D52B1E
Maxim Rodshtein,ISR,2695,2017-07-27,#0038B8
Maxim Rodshtein,ISR,2695,2017-08-27,#0038B8
Maxim Rodshtein,ISR,2695,2017-09-27,#0038B8
Maxim Rodshtein,ISR,2699,2017-10-27,#0038B8
Maxim Rodshtein,ISR,2688,2017-11-27,#0038B8
Maxim Rodshtein,ISR,2699,2017-12-27,#0038B8
Maxim Rodshtein,ISR,2693,2018-01-27,#0038B8
Maxim Rodshtein,ISR,2689,2018-02-27,#0038B8
Maxim Rodshtein,ISR,2683,2018-03-27,#0038B8
Maxim Rodshtein,ISR,2681,2018-04-27,#0038B8
Maxim Rodshtein,ISR,2678,2018-05-27,#0038B8
Maxim Rodshtein,ISR,2688,2018-06-27,#0038B8
Maxim Rodshtein,ISR,2678,2018-07-27,#0038B8
Maxim Rodshtein,ISR,2678,2018-08-27,#0038B8
Maxim Rodshtein,ISR,2674,2018-09-27,#0038B8
Maxim Rodshtein,ISR,2674,2018-10-27,#0038B8
Maxim Rodshtein,ISR,2682,2018-11-27,#0038B8
Maxim Rodshtein,ISR,2675,2018-12-27,#0038B8
Maxim Rodshtein,ISR,2668,2019-01-27,#0038B8
Maxim Rodshtein,ISR,2668,2019-02-24,#0038B8
Maxim Rodshtein,ISR,2650,2009-01-27,#0038B8
Maxim Rodshtein,ISR,2649,2010-11-27,#0038B8
Maxim Rodshtein,ISR,2652,2012-03-27,#0038B8
Maxim Rodshtein,ISR,2656,2013-08-27,#0038B8
Maxim Rodshtein,ISR,2664,2013-09-27,#0038B8
Maxim Rodshtein,ISR,2664,2013-10-27,#0038B8
Maxim Rodshtein,ISR,2681,2013-11-27,#0038B8
Maxim Rodshtein,ISR,2683,2013-12-27,#0038B8
Maxim Rodshtein,ISR,2682,2014-01-27,#0038B8
Maxim Rodshtein,ISR,2680,2014-02-27,#0038B8
Maxim Rodshtein,ISR,2691,2014-03-27,#0038B8
Maxim Rodshtein,ISR,2678,2014-04-27,#0038B8
Maxim Rodshtein,ISR,2672,2014-05-27,#0038B8
Maxim Rodshtein,ISR,2672,2014-06-27,#0038B8
Maxim Rodshtein,ISR,2671,2014-07-27,#0038B8
Maxim Rodshtein,ISR,2671,2014-08-27,#0038B8
Maxim Rodshtein,ISR,2678,2014-09-27,#0038B8
Maxim Rodshtein,ISR,2678,2014-10-27,#0038B8
Maxim Rodshtein,ISR,2682,2014-11-27,#0038B8
Maxim Rodshtein,ISR,2676,2014-12-27,#0038B8
Maxim Rodshtein,ISR,2680,2015-01-27,#0038B8
Maxim Rodshtein,ISR,2660,2015-02-27,#0038B8
Maxim Rodshtein,ISR,2654,2015-03-27,#0038B8
Maxim Rodshtein,ISR,2667,2015-04-27,#0038B8
Maxim Rodshtein,ISR,2682,2015-05-27,#0038B8
Maxim Rodshtein,ISR,2678,2015-06-27,#0038B8
Maxim Rodshtein,ISR,2678,2015-07-27,#0038B8
Maxim Rodshtein,ISR,2678,2015-08-27,#0038B8
Maxim Rodshtein,ISR,2673,2015-09-27,#0038B8
Maxim Rodshtein,ISR,2673,2015-10-27,#0038B8
Maxim Rodshtein,ISR,2677,2015-11-27,#0038B8
Maxim Rodshtein,ISR,2678,2015-12-27,#0038B8
Maxim Rodshtein,ISR,2685,2016-01-27,#0038B8
Maxim Rodshtein,ISR,2708,2016-02-27,#0038B8
Maxim Rodshtein,ISR,2710,2016-03-27,#0038B8
Maxim Rodshtein,ISR,2680,2016-04-27,#0038B8
Maxim Rodshtein,ISR,2689,2016-05-27,#0038B8
Maxim Rodshtein,ISR,2687,2016-06-27,#0038B8
Maxim Rodshtein,ISR,2698,2016-07-27,#0038B8
Maxim Rodshtein,ISR,2698,2016-08-27,#0038B8
Maxim Rodshtein,ISR,2687,2016-09-27,#0038B8
Maxim Rodshtein,ISR,2687,2016-10-27,#0038B8
Maxim Rodshtein,ISR,2696,2016-11-27,#0038B8
Maxim Rodshtein,ISR,2695,2016-12-27,#0038B8
Maxim Rodshtein,ISR,2693,2017-01-27,#0038B8
Maxim Rodshtein,ISR,2699,2017-02-27,#0038B8
Maxim Rodshtein,ISR,2701,2017-03-27,#0038B8
Maxim Rodshtein,ISR,2701,2017-04-27,#0038B8
Maxim Rodshtein,ISR,2698,2017-05-27,#0038B8
Maxim Rodshtein,ISR,2689,2017-06-27,#0038B8
Maxim Turov,RUS,2645,2010-11-27,#D52B1E
Maxim Turov,RUS,2658,2012-03-27,#D52B1E
Maxim Turov,RUS,2667,2012-05-27,#D52B1E
Maxime Vachier-Lagrave,FRA,2789,2017-07-27,#3e3b9b
Maxime Vachier-Lagrave,FRA,2789,2017-08-27,#3e3b9b
Maxime Vachier-Lagrave,FRA,2804,2017-09-27,#3e3b9b
Maxime Vachier-Lagrave,FRA,2794,2017-10-27,#3e3b9b
Maxime Vachier-Lagrave,FRA,2796,2017-11-27,#3e3b9b
Maxime Vachier-Lagrave,FRA,2789,2017-12-27,#3e3b9b
Maxime Vachier-Lagrave,FRA,2793,2018-01-27,#3e3b9b
Maxime Vachier-Lagrave,FRA,2793,2018-02-27,#3e3b9b
Maxime Vachier-Lagrave,FRA,2789,2018-03-27,#3e3b9b
Maxime Vachier-Lagrave,FRA,2789,2018-04-27,#3e3b9b
Maxime Vachier-Lagrave,FRA,2789,2018-05-27,#3e3b9b
Maxime Vachier-Lagrave,FRA,2789,2018-06-27,#3e3b9b
Maxime Vachier-Lagrave,FRA,2779,2018-07-27,#3e3b9b
Maxime Vachier-Lagrave,FRA,2779,2018-08-27,#3e3b9b
Maxime Vachier-Lagrave,FRA,2780,2018-09-27,#3e3b9b
Maxime Vachier-Lagrave,FRA,2780,2018-10-27,#3e3b9b
Maxime Vachier-Lagrave,FRA,2778,2018-11-27,#3e3b9b
Maxime Vachier-Lagrave,FRA,2781,2018-12-27,#3e3b9b
Maxime Vachier-Lagrave,FRA,2780,2019-01-27,#3e3b9b
Maxime Vachier-Lagrave,FRA,2780,2019-02-24,#3e3b9b
Maxime Vachier-Lagrave,FRA,2634,2007-10-27,#3e3b9b
Maxime Vachier-Lagrave,FRA,2637,2008-01-27,#3e3b9b
Maxime Vachier-Lagrave,FRA,2632,2008-04-27,#3e3b9b
Maxime Vachier-Lagrave,FRA,2681,2008-07-27,#3e3b9b
Maxime Vachier-Lagrave,FRA,2716,2008-10-27,#3e3b9b
Maxime Vachier-Lagrave,FRA,2696,2009-01-27,#3e3b9b
Maxime Vachier-Lagrave,FRA,2684,2009-04-27,#3e3b9b
Maxime Vachier-Lagrave,FRA,2703,2009-07-27,#3e3b9b
Maxime Vachier-Lagrave,FRA,2718,2009-09-27,#3e3b9b
Maxime Vachier-Lagrave,FRA,2718,2009-11-27,#3e3b9b
Maxime Vachier-Lagrave,FRA,2730,2010-01-27,#3e3b9b
Maxime Vachier-Lagrave,FRA,2727,2010-03-27,#3e3b9b
Maxime Vachier-Lagrave,FRA,2710,2010-05-27,#3e3b9b
Maxime Vachier-Lagrave,FRA,2723,2010-07-27,#3e3b9b
Maxime Vachier-Lagrave,FRA,2721,2010-09-27,#3e3b9b
Maxime Vachier-Lagrave,FRA,2703,2010-11-27,#3e3b9b
Maxime Vachier-Lagrave,FRA,2715,2011-01-27,#3e3b9b
Maxime Vachier-Lagrave,FRA,2728,2011-03-27,#3e3b9b
Maxime Vachier-Lagrave,FRA,2731,2011-05-27,#3e3b9b
Maxime Vachier-Lagrave,FRA,2722,2011-07-27,#3e3b9b
Maxime Vachier-Lagrave,FRA,2715,2011-09-27,#3e3b9b
Maxime Vachier-Lagrave,FRA,2710,2011-11-27,#3e3b9b
Maxime Vachier-Lagrave,FRA,2699,2012-01-27,#3e3b9b
Maxime Vachier-Lagrave,FRA,2682,2012-03-27,#3e3b9b
Maxime Vachier-Lagrave,FRA,2680,2012-05-27,#3e3b9b
Maxime Vachier-Lagrave,FRA,2686,2012-07-27,#3e3b9b
Maxime Vachier-Lagrave,FRA,2686,2012-08-27,#3e3b9b
Maxime Vachier-Lagrave,FRA,2697,2012-09-27,#3e3b9b
Maxime Vachier-Lagrave,FRA,2705,2012-10-27,#3e3b9b
Maxime Vachier-Lagrave,FRA,2711,2012-11-27,#3e3b9b
Maxime Vachier-Lagrave,FRA,2711,2012-12-27,#3e3b9b
Maxime Vachier-Lagrave,FRA,2713,2013-01-27,#3e3b9b
Maxime Vachier-Lagrave,FRA,2715,2013-02-27,#3e3b9b
Maxime Vachier-Lagrave,FRA,2722,2013-03-27,#3e3b9b
Maxime Vachier-Lagrave,FRA,2722,2013-04-27,#3e3b9b
Maxime Vachier-Lagrave,FRA,2718,2013-05-27,#3e3b9b
Maxime Vachier-Lagrave,FRA,2706,2013-06-27,#3e3b9b
Maxime Vachier-Lagrave,FRA,2719,2013-07-27,#3e3b9b
Maxime Vachier-Lagrave,FRA,2719,2013-08-27,#3e3b9b
Maxime Vachier-Lagrave,FRA,2722,2013-09-27,#3e3b9b
Maxime Vachier-Lagrave,FRA,2742,2013-10-27,#3e3b9b
Maxime Vachier-Lagrave,FRA,2742,2013-11-27,#3e3b9b
Maxime Vachier-Lagrave,FRA,2745,2013-12-27,#3e3b9b
Maxime Vachier-Lagrave,FRA,2745,2014-01-27,#3e3b9b
Maxime Vachier-Lagrave,FRA,2745,2014-02-27,#3e3b9b
Maxime Vachier-Lagrave,FRA,2758,2014-03-27,#3e3b9b
Maxime Vachier-Lagrave,FRA,2758,2014-04-27,#3e3b9b
Maxime Vachier-Lagrave,FRA,2758,2014-05-27,#3e3b9b
Maxime Vachier-Lagrave,FRA,2762,2014-06-27,#3e3b9b
Maxime Vachier-Lagrave,FRA,2766,2014-07-27,#3e3b9b
Maxime Vachier-Lagrave,FRA,2768,2014-08-27,#3e3b9b
Maxime Vachier-Lagrave,FRA,2768,2014-09-27,#3e3b9b
Maxime Vachier-Lagrave,FRA,2757,2014-10-27,#3e3b9b
Maxime Vachier-Lagrave,FRA,2751,2014-11-27,#3e3b9b
Maxime Vachier-Lagrave,FRA,2758,2014-12-27,#3e3b9b
Maxime Vachier-Lagrave,FRA,2757,2015-01-27,#3e3b9b
Maxime Vachier-Lagrave,FRA,2775,2015-02-27,#3e3b9b
Maxime Vachier-Lagrave,FRA,2765,2015-03-27,#3e3b9b
Maxime Vachier-Lagrave,FRA,2762,2015-04-27,#3e3b9b
Maxime Vachier-Lagrave,FRA,2754,2015-05-27,#3e3b9b
Maxime Vachier-Lagrave,FRA,2723,2015-06-27,#3e3b9b
Maxime Vachier-Lagrave,FRA,2731,2015-07-27,#3e3b9b
Maxime Vachier-Lagrave,FRA,2731,2015-08-27,#3e3b9b
Maxime Vachier-Lagrave,FRA,2744,2015-09-27,#3e3b9b
Maxime Vachier-Lagrave,FRA,2758,2015-10-27,#3e3b9b
Maxime Vachier-Lagrave,FRA,2765,2015-11-27,#3e3b9b
Maxime Vachier-Lagrave,FRA,2773,2015-12-27,#3e3b9b
Maxime Vachier-Lagrave,FRA,2785,2016-01-27,#3e3b9b
Maxime Vachier-Lagrave,FRA,2785,2016-02-27,#3e3b9b
Maxime Vachier-Lagrave,FRA,2792,2016-03-27,#3e3b9b
Maxime Vachier-Lagrave,FRA,2788,2016-04-27,#3e3b9b
Maxime Vachier-Lagrave,FRA,2788,2016-05-27,#3e3b9b
Maxime Vachier-Lagrave,FRA,2789,2016-06-27,#3e3b9b
Maxime Vachier-Lagrave,FRA,2798,2016-07-27,#3e3b9b
Maxime Vachier-Lagrave,FRA,2819,2016-08-27,#3e3b9b
Maxime Vachier-Lagrave,FRA,2813,2016-09-27,#3e3b9b
Maxime Vachier-Lagrave,FRA,2811,2016-10-27,#3e3b9b
Maxime Vachier-Lagrave,FRA,2811,2016-11-27,#3e3b9b
Maxime Vachier-Lagrave,FRA,2804,2016-12-27,#3e3b9b
Maxime Vachier-Lagrave,FRA,2796,2017-01-27,#3e3b9b
Maxime Vachier-Lagrave,FRA,2796,2017-02-27,#3e3b9b
Maxime Vachier-Lagrave,FRA,2803,2017-03-27,#3e3b9b
Maxime Vachier-Lagrave,FRA,2803,2017-04-27,#3e3b9b
Maxime Vachier-Lagrave,FRA,2795,2017-05-27,#3e3b9b
Maxime Vachier-Lagrave,FRA,2796,2017-06-27,#3e3b9b
Merab Gagunashvili,GEO,2625,2007-04-27,#FF0000
Michael Adams,ENG,2738,2017-07-27,#b32100
Michael Adams,ENG,2738,2017-08-27,#b32100
Michael Adams,ENG,2738,2017-09-27,#b32100
Michael Adams,ENG,2727,2017-10-27,#b32100
Michael Adams,ENG,2721,2017-11-27,#b32100
Michael Adams,ENG,2715,2017-12-27,#b32100
Michael Adams,ENG,2709,2018-01-27,#b32100
Michael Adams,ENG,2709,2018-02-27,#b32100
Michael Adams,ENG,2705,2018-03-27,#b32100
Michael Adams,ENG,2705,2018-04-27,#b32100
Michael Adams,ENG,2701,2018-05-27,#b32100
Michael Adams,ENG,2706,2018-06-27,#b32100
Michael Adams,ENG,2706,2018-07-27,#b32100
Michael Adams,ENG,2706,2018-08-27,#b32100
Michael Adams,ENG,2712,2018-09-27,#b32100
Michael Adams,ENG,2712,2018-10-27,#b32100
Michael Adams,ENG,2706,2018-11-27,#b32100
Michael Adams,ENG,2703,2018-12-27,#b32100
Michael Adams,ENG,2701,2019-01-27,#b32100
Michael Adams,ENG,2705,2019-02-24,#b32100
Michael Adams,ENG,2755,2000-07-27,#b32100
Michael Adams,ENG,2754,2000-10-27,#b32100
Michael Adams,ENG,2746,2001-01-27,#b32100
Michael Adams,ENG,2750,2001-04-27,#b32100
Michael Adams,ENG,2744,2001-07-27,#b32100
Michael Adams,ENG,2731,2001-10-27,#b32100
Michael Adams,ENG,2742,2002-01-27,#b32100
Michael Adams,ENG,2744,2002-04-27,#b32100
Michael Adams,ENG,2752,2002-07-27,#b32100
Michael Adams,ENG,2745,2002-10-27,#b32100
Michael Adams,ENG,2734,2003-01-27,#b32100
Michael Adams,ENG,2723,2003-04-27,#b32100
Michael Adams,ENG,2719,2003-07-27,#b32100
Michael Adams,ENG,2725,2003-10-27,#b32100
Michael Adams,ENG,2720,2004-01-27,#b32100
Michael Adams,ENG,2731,2004-04-27,#b32100
Michael Adams,ENG,2738,2004-07-27,#b32100
Michael Adams,ENG,2740,2004-10-27,#b32100
Michael Adams,ENG,2741,2005-01-27,#b32100
Michael Adams,ENG,2737,2005-04-27,#b32100
Michael Adams,ENG,2719,2005-07-27,#b32100
Michael Adams,ENG,2718,2005-10-27,#b32100
Michael Adams,ENG,2707,2006-01-27,#b32100
Michael Adams,ENG,2720,2006-04-27,#b32100
Michael Adams,ENG,2732,2006-07-27,#b32100
Michael Adams,ENG,2735,2006-10-27,#b32100
Michael Adams,ENG,2735,2007-01-27,#b32100
Michael Adams,ENG,2734,2007-04-27,#b32100
Michael Adams,ENG,2724,2007-07-27,#b32100
Michael Adams,ENG,2729,2007-10-27,#b32100
Michael Adams,ENG,2726,2008-01-27,#b32100
Michael Adams,ENG,2729,2008-04-27,#b32100
Michael Adams,ENG,2735,2008-07-27,#b32100
Michael Adams,ENG,2734,2008-10-27,#b32100
Michael Adams,ENG,2712,2009-01-27,#b32100
Michael Adams,ENG,2703,2009-04-27,#b32100
Michael Adams,ENG,2699,2009-07-27,#b32100
Michael Adams,ENG,2682,2009-09-27,#b32100
Michael Adams,ENG,2698,2009-11-27,#b32100
Michael Adams,ENG,2694,2010-01-27,#b32100
Michael Adams,ENG,2704,2010-03-27,#b32100
Michael Adams,ENG,2697,2010-05-27,#b32100
Michael Adams,ENG,2706,2010-07-27,#b32100
Michael Adams,ENG,2728,2010-09-27,#b32100
Michael Adams,ENG,2723,2010-11-27,#b32100
Michael Adams,ENG,2723,2011-01-27,#b32100
Michael Adams,ENG,2716,2011-03-27,#b32100
Michael Adams,ENG,2726,2011-05-27,#b32100
Michael Adams,ENG,2715,2011-07-27,#b32100
Michael Adams,ENG,2733,2011-09-27,#b32100
Michael Adams,ENG,2734,2011-11-27,#b32100
Michael Adams,ENG,2724,2012-01-27,#b32100
Michael Adams,ENG,2735,2012-03-27,#b32100
Michael Adams,ENG,2728,2012-05-27,#b32100
Michael Adams,ENG,2723,2012-07-27,#b32100
Michael Adams,ENG,2722,2012-08-27,#b32100
Michael Adams,ENG,2722,2012-09-27,#b32100
Michael Adams,ENG,2720,2012-10-27,#b32100
Michael Adams,ENG,2710,2012-11-27,#b32100
Michael Adams,ENG,2710,2012-12-27,#b32100
Michael Adams,ENG,2725,2013-01-27,#b32100
Michael Adams,ENG,2725,2013-02-27,#b32100
Michael Adams,ENG,2727,2013-03-27,#b32100
Michael Adams,ENG,2727,2013-04-27,#b32100
Michael Adams,ENG,2729,2013-05-27,#b32100
Michael Adams,ENG,2740,2013-06-27,#b32100
Michael Adams,ENG,2740,2013-07-27,#b32100
Michael Adams,ENG,2740,2013-08-27,#b32100
Michael Adams,ENG,2761,2013-09-27,#b32100
Michael Adams,ENG,2753,2013-10-27,#b32100
Michael Adams,ENG,2752,2013-11-27,#b32100
Michael Adams,ENG,2754,2013-12-27,#b32100
Michael Adams,ENG,2754,2014-01-27,#b32100
Michael Adams,ENG,2754,2014-02-27,#b32100
Michael Adams,ENG,2751,2014-03-27,#b32100
Michael Adams,ENG,2753,2014-04-27,#b32100
Michael Adams,ENG,2750,2014-05-27,#b32100
Michael Adams,ENG,2743,2014-06-27,#b32100
Michael Adams,ENG,2743,2014-07-27,#b32100
Michael Adams,ENG,2740,2014-08-27,#b32100
Michael Adams,ENG,2752,2014-09-27,#b32100
Michael Adams,ENG,2758,2014-10-27,#b32100
Michael Adams,ENG,2745,2014-11-27,#b32100
Michael Adams,ENG,2745,2014-12-27,#b32100
Michael Adams,ENG,2738,2015-01-27,#b32100
Michael Adams,ENG,2738,2015-02-27,#b32100
Michael Adams,ENG,2745,2015-03-27,#b32100
Michael Adams,ENG,2746,2015-04-27,#b32100
Michael Adams,ENG,2740,2015-05-27,#b32100
Michael Adams,ENG,2740,2015-06-27,#b32100
Michael Adams,ENG,2740,2015-07-27,#b32100
Michael Adams,ENG,2740,2015-08-27,#b32100
Michael Adams,ENG,2742,2015-09-27,#b32100
Michael Adams,ENG,2742,2015-10-27,#b32100
Michael Adams,ENG,2744,2015-11-27,#b32100
Michael Adams,ENG,2737,2015-12-27,#b32100
Michael Adams,ENG,2744,2016-01-27,#b32100
Michael Adams,ENG,2744,2016-02-27,#b32100
Michael Adams,ENG,2727,2016-03-27,#b32100
Michael Adams,ENG,2728,2016-04-27,#b32100
Michael Adams,ENG,2727,2016-05-27,#b32100
Michael Adams,ENG,2727,2016-06-27,#b32100
Michael Adams,ENG,2727,2016-07-27,#b32100
Michael Adams,ENG,2727,2016-08-27,#b32100
Michael Adams,ENG,2738,2016-09-27,#b32100
Michael Adams,ENG,2745,2016-10-27,#b32100
Michael Adams,ENG,2744,2016-11-27,#b32100
Michael Adams,ENG,2748,2016-12-27,#b32100
Michael Adams,ENG,2751,2017-01-27,#b32100
Michael Adams,ENG,2751,2017-02-27,#b32100
Michael Adams,ENG,2761,2017-03-27,#b32100
Michael Adams,ENG,2761,2017-04-27,#b32100
Michael Adams,ENG,2747,2017-05-27,#b32100
Michael Adams,ENG,2736,2017-06-27,#b32100
Michael Roiz,ISR,2630,2007-07-27,#0038B8
Michael Roiz,ISR,2644,2007-10-27,#0038B8
Michael Roiz,ISR,2659,2008-01-27,#0038B8
Michael Roiz,ISR,2659,2008-04-27,#0038B8
Michael Roiz,ISR,2680,2008-07-27,#0038B8
Michael Roiz,ISR,2677,2008-10-27,#0038B8
Michael Roiz,ISR,2647,2009-01-27,#0038B8
Michael Roiz,ISR,2635,2009-04-27,#0038B8
Michael Roiz,ISR,2658,2009-07-27,#0038B8
Michael Roiz,ISR,2658,2009-09-27,#0038B8
Michael Roiz,ISR,2659,2009-11-27,#0038B8
Michael Roiz,ISR,2657,2010-01-27,#0038B8
Michael Roiz,ISR,2652,2010-03-27,#0038B8
Michael Roiz,ISR,2664,2010-05-27,#0038B8
Michael Roiz,ISR,2645,2010-07-27,#0038B8
Michael Roiz,ISR,2649,2010-11-27,#0038B8
Michael Roiz,ISR,2649,2011-01-27,#0038B8
Michael Roiz,ISR,2661,2011-03-27,#0038B8
Michael Roiz,ISR,2660,2011-05-27,#0038B8
Michael Roiz,ISR,2669,2011-07-27,#0038B8
Michael Roiz,ISR,2668,2011-09-27,#0038B8
Michael Roiz,ISR,2651,2011-11-27,#0038B8
Michael Roiz,ISR,2652,2012-01-27,#0038B8
Michael Roiz,ISR,2652,2012-03-27,#0038B8
Michal Krasenkow,POL,2659,2017-11-27,#DC143C
Michal Krasenkow,POL,2671,2017-12-27,#DC143C
Michal Krasenkow,POL,2671,2018-01-27,#DC143C
Michal Krasenkow,POL,2702,2000-07-27,#DC143C
Michal Krasenkow,POL,2702,2000-10-27,#DC143C
Michal Krasenkow,POL,2658,2001-01-27,#DC143C
Michal Krasenkow,POL,2655,2001-04-27,#DC143C
Michal Krasenkow,POL,2632,2002-01-27,#DC143C
Michal Krasenkow,POL,2641,2002-04-27,#DC143C
Michal Krasenkow,POL,2662,2002-07-27,#DC143C
Michal Krasenkow,POL,2651,2002-10-27,#DC143C
Michal Krasenkow,POL,2633,2003-01-27,#DC143C
Michal Krasenkow,POL,2609,2003-04-27,#DC143C
Michal Krasenkow,POL,2609,2004-01-27,#DC143C
Michal Krasenkow,POL,2609,2004-04-27,#DC143C
Michal Krasenkow,POL,2632,2004-07-27,#DC143C
Michal Krasenkow,POL,2676,2004-10-27,#DC143C
Michal Krasenkow,POL,2672,2005-01-27,#DC143C
Michal Krasenkow,POL,2672,2005-04-27,#DC143C
Michal Krasenkow,POL,2663,2005-07-27,#DC143C
Michal Krasenkow,POL,2655,2005-10-27,#DC143C
Michal Krasenkow,POL,2636,2006-01-27,#DC143C
Michal Krasenkow,POL,2650,2006-04-27,#DC143C
Michal Krasenkow,POL,2635,2006-07-27,#DC143C
Michal Krasenkow,POL,2647,2006-10-27,#DC143C
Michal Krasenkow,POL,2651,2007-01-27,#DC143C
Michal Krasenkow,POL,2661,2007-04-27,#DC143C
Michal Krasenkow,POL,2660,2007-07-27,#DC143C
Michal Krasenkow,POL,2668,2007-10-27,#DC143C
Michal Krasenkow,POL,2636,2008-01-27,#DC143C
Michal Krasenkow,POL,2639,2008-07-27,#DC143C
Michal Krasenkow,POL,2651,2009-09-27,#DC143C
Michal Krasenkow,POL,2656,2009-11-27,#DC143C
Michal Krasenkow,POL,2656,2010-01-27,#DC143C
Michal Krasenkow,POL,2652,2010-03-27,#DC143C
Miguel Illescas Cordoba,ESP,2616,2004-01-27,#ffc50a
Miguel Illescas Cordoba,ESP,2623,2004-04-27,#ffc50a
Miguel Illescas Cordoba,ESP,2618,2004-07-27,#ffc50a
Miguel Illescas Cordoba,ESP,2626,2004-10-27,#ffc50a
Miguel Illescas Cordoba,ESP,2633,2005-01-27,#ffc50a
Miguel Illescas Cordoba,ESP,2633,2005-04-27,#ffc50a
Miguel Illescas Cordoba,ESP,2624,2005-07-27,#ffc50a
Miguel Illescas Cordoba,ESP,2620,2006-07-27,#ffc50a
Miguel Illescas Cordoba,ESP,2620,2006-10-27,#ffc50a
Mihail Kobalija,RUS,2603,2001-10-27,#D52B1E
Mihail Marin,ROM,2604,2001-01-27,#FFFFFFF
Mihail Marin,ROM,2601,2001-04-27,#FFFFFFF
Mikhail Gurevich,BEL,2667,2000-07-27,#e6d600
Mikhail Gurevich,BEL,2673,2000-10-27,#e6d600
Mikhail Gurevich,BEL,2694,2001-01-27,#e6d600
Mikhail Gurevich,BEL,2688,2001-04-27,#e6d600
Mikhail Gurevich,BEL,2633,2001-07-27,#e6d600
Mikhail Gurevich,BEL,2605,2001-10-27,#e6d600
Mikhail Gurevich,BEL,2641,2002-01-27,#e6d600
Mikhail Gurevich,BEL,2641,2002-04-27,#e6d600
Mikhail Gurevich,BEL,2649,2002-07-27,#e6d600
Mikhail Gurevich,BEL,2634,2002-10-27,#e6d600
Mikhail Gurevich,BEL,2634,2003-01-27,#e6d600
Mikhail Gurevich,BEL,2635,2003-04-27,#e6d600
Mikhail Gurevich,BEL,2644,2003-07-27,#e6d600
Mikhail Gurevich,BEL,2656,2003-10-27,#e6d600
Mikhail Gurevich,BEL,2656,2004-01-27,#e6d600
Mikhail Gurevich,BEL,2672,2004-04-27,#e6d600
Mikhail Gurevich,BEL,2667,2004-07-27,#e6d600
Mikhail Gurevich,BEL,2644,2004-10-27,#e6d600
Mikhail Gurevich,BEL,2634,2005-01-27,#e6d600
Mikhail Gurevich,BEL,2630,2005-04-27,#e6d600
Mikhail Gurevich,BEL,2669,2005-07-27,#e6d600
Mikhail Gurevich,BEL,2652,2005-10-27,#e6d600
Mikhail Gurevich,BEL,2633,2006-01-27,#e6d600
Mikhail Gurevich,BEL,2643,2006-04-27,#e6d600
Mikhail Gurevich,BEL,2643,2006-07-27,#e6d600
Mikhail Gurevich,BEL,2648,2006-10-27,#e6d600
Mikhail Gurevich,BEL,2635,2007-01-27,#FFFFFFF
Mikhail Gurevich,BEL,2639,2007-04-27,#FFFFFFF
Mikhail Gurevich,BEL,2633,2007-07-27,#FFFFFFF
Mikhail Gurevich,BEL,2627,2007-10-27,#FFFFFFF
Mikhail Gurevich,BEL,2631,2008-07-27,#FFFFFFF
Mikhail Gurevich,BEL,2634,2008-10-27,#FFFFFFF
Mikhail Kobalia,RUS,2620,2002-01-27,#D52B1E
Mikhail Kobalia,RUS,2602,2002-04-27,#D52B1E
Mikhail Kobalia,RUS,2625,2002-07-27,#D52B1E
Mikhail Kobalia,RUS,2625,2002-10-27,#D52B1E
Mikhail Kobalia,RUS,2635,2003-01-27,#D52B1E
Mikhail Kobalia,RUS,2639,2003-04-27,#D52B1E
Mikhail Kobalia,RUS,2656,2003-07-27,#D52B1E
Mikhail Kobalia,RUS,2656,2003-10-27,#D52B1E
Mikhail Kobalia,RUS,2643,2004-01-27,#D52B1E
Mikhail Kobalia,RUS,2630,2004-04-27,#D52B1E
Mikhail Kobalia,RUS,2618,2004-07-27,#D52B1E
Mikhail Kobalia,RUS,2621,2004-10-27,#D52B1E
Mikhail Kobalia,RUS,2634,2005-01-27,#D52B1E
Mikhail Kobalia,RUS,2644,2005-04-27,#D52B1E
Mikhail Kobalia,RUS,2634,2005-10-27,#D52B1E
Mikhail Kobalia,RUS,2654,2006-01-27,#D52B1E
Mikhail Kobalia,RUS,2654,2006-04-27,#D52B1E
Mikhail Kobalia,RUS,2647,2006-07-27,#D52B1E
Mikhail Kobalia,RUS,2643,2006-10-27,#D52B1E
Mikhail Kobalia,RUS,2639,2007-01-27,#D52B1E
Mikhail Kobalia,RUS,2639,2007-04-27,#D52B1E
Mikhail Kobalia,RUS,2634,2007-07-27,#D52B1E
Mikhail Kobalia,RUS,2631,2007-10-27,#D52B1E
Mikhail Kobalia,RUS,2634,2009-01-27,#D52B1E
Mikhail Kobalia,RUS,2645,2009-04-27,#D52B1E
Mikhail Kobalia,RUS,2645,2009-07-27,#D52B1E
Mikhail Kobalia,RUS,2648,2009-09-27,#D52B1E
Mikhail Kobalia,RUS,2643,2009-11-27,#D52B1E
Mikhail Kobalia,RUS,2648,2010-05-27,#D52B1E
Mikhail Kobalia,RUS,2648,2010-07-27,#D52B1E
Mikhail Kobalia,RUS,2656,2010-09-27,#D52B1E
Mikhail Kobalia,RUS,2666,2010-11-27,#D52B1E
Mikhail Kobalia,RUS,2666,2011-01-27,#D52B1E
Mikhail Kobalia,RUS,2672,2011-03-27,#D52B1E
Mikhail Kobalia,RUS,2679,2011-05-27,#D52B1E
Mikhail Kobalia,RUS,2679,2011-07-27,#D52B1E
Mikhail Kobalia,RUS,2674,2011-09-27,#D52B1E
Mikhail Kobalia,RUS,2673,2011-11-27,#D52B1E
Mikhail Kobalia,RUS,2673,2012-01-27,#D52B1E
Mikhail Kobalia,RUS,2666,2012-03-27,#D52B1E
Mikhail Kobalia,RUS,2677,2012-05-27,#D52B1E
Mikhail Kobalia,RUS,2677,2012-07-27,#D52B1E
Mikhail Kobalia,RUS,2652,2012-08-27,#D52B1E
Mikhail Kobalia,RUS,2652,2012-11-27,#D52B1E
Mikhail Kobalia,RUS,2652,2012-12-27,#D52B1E
Mikhail Kobalia,RUS,2652,2013-01-27,#D52B1E
Mikhail Kobalia,RUS,2652,2013-02-27,#D52B1E
Mikhail Kobalia,RUS,2652,2013-03-27,#D52B1E
Mikhail Kobalia,RUS,2652,2013-04-27,#D52B1E
Mikhail Kobalia,RUS,2651,2013-06-27,#D52B1E
Mikhail Kobalia,RUS,2655,2013-10-27,#D52B1E
Mikheil Mchedlishvili,GEO,2624,2007-07-27,#FF0000
Mikheil Mchedlishvili,GEO,2631,2007-10-27,#FF0000
Mikheil Mchedlishvili,GEO,2635,2008-01-27,#FF0000
Mikheil Mchedlishvili,GEO,2635,2008-04-27,#FF0000
Mikheil Mchedlishvili,GEO,2656,2012-05-27,#FF0000
Mikheil Mchedlishvili,GEO,2656,2012-07-27,#FF0000
Mikheil Mchedlishvili,GEO,2659,2012-08-27,#FF0000
Mikheil Mchedlishvili,GEO,2655,2014-01-27,#FF0000
Mikheil Mchedlishvili,GEO,2655,2014-02-27,#FF0000
Mircea-Emilian Parligras,ROU,2657,2019-02-24,#FFFFFFF
Mladen Palac,CRO,2605,2001-04-27,#FFFFFFF
Murtas Kazhgaleyev,KAZ,2604,2002-07-27,#FFFFFFF
Murtas Kazhgaleyev,KAZ,2604,2002-10-27,#FFFFFFF
Murtas Kazhgaleyev,KAZ,2604,2003-01-27,#FFFFFFF
Murtas Kazhgaleyev,KAZ,2600,2003-04-27,#FFFFFFF
Murtas Kazhgaleyev,KAZ,2610,2003-07-27,#FFFFFFF
Murtas Kazhgaleyev,KAZ,2610,2003-10-27,#FFFFFFF
Murtas Kazhgaleyev,KAZ,2613,2005-01-27,#FFFFFFF
Murtas Kazhgaleyev,KAZ,2619,2005-07-27,#FFFFFFF
Murtas Kazhgaleyev,KAZ,2641,2008-07-27,#FFFFFFF
Murtas Kazhgaleyev,KAZ,2640,2008-10-27,#FFFFFFF
Murtas Kazhgaleyev,KAZ,2643,2009-09-27,#FFFFFFF
Murtas Kazhgaleyev,KAZ,2653,2009-11-27,#FFFFFFF
Murtas Kazhgaleyev,KAZ,2643,2010-01-27,#FFFFFFF
Ngoc Truong Son Nguyen,VIE,2642,2010-05-27,#FFFFFFF
Ngoc Truong Son Nguyen,VIE,2662,2011-11-27,#FFFFFFF
Ngoc Truong Son Nguyen,VIE,2662,2012-01-27,#FFFFFFF
Ngoc Truong Son Nguyen,VIE,2662,2012-03-27,#FFFFFFF
Ngoc Truong Son Nguyen,VIE,2656,2012-05-27,#FFFFFFF
Ngoc Truong Son Nguyen,VIE,2659,2014-09-27,#FFFFFFF
Ngoc Truong Son Nguyen,VIE,2659,2014-10-27,#FFFFFFF
Ngoc Truong Son Nguyen,VIE,2659,2014-11-27,#FFFFFFF
Ngoc Truong Son Nguyen,VIE,2659,2014-12-27,#FFFFFFF
Ngoc Truong Son Nguyen,VIE,2659,2015-01-27,#FFFFFFF
Ngoc Truong Son Nguyen,VIE,2659,2015-02-27,#FFFFFFF
Ngoc Truong Son Nguyen,VIE,2659,2015-03-27,#FFFFFFF
Ngoc Truong Son Nguyen,VIE,2662,2015-04-27,#FFFFFFF
Ngoc Truong Son Nguyen,VIE,2662,2015-05-27,#FFFFFFF
Ngoc Truong Son Nguyen,VIE,2662,2015-06-27,#FFFFFFF
Ngoc Truong Son Nguyen,VIE,2662,2015-07-27,#FFFFFFF
Ngoc Truong Son Nguyen,VIE,2662,2015-08-27,#FFFFFFF
Nigel D Short,ENG,2688,2017-07-27,#b32100
Nigel D Short,ENG,2688,2017-08-27,#b32100
Nigel D Short,ENG,2698,2017-09-27,#b32100
Nigel D Short,ENG,2698,2017-10-27,#b32100
Nigel D Short,ENG,2687,2017-11-27,#b32100
Nigel D Short,ENG,2678,2017-12-27,#b32100
Nigel D Short,ENG,2681,2018-01-27,#b32100
Nigel D Short,ENG,2681,2018-02-27,#b32100
Nigel D Short,ENG,2662,2018-03-27,#b32100
Nigel D Short,ENG,2662,2018-04-27,#b32100
Nigel D Short,ENG,2656,2018-05-27,#b32100
Nigel D Short,ENG,2659,2018-06-27,#b32100
Nigel D Short,ENG,2659,2018-07-27,#b32100
Nigel D Short,ENG,2659,2018-08-27,#b32100
Nigel D Short,ENG,2652,2018-09-27,#b32100
Nigel D Short,ENG,2652,2018-10-27,#b32100
Nigel D Short,ENG,2691,2007-04-27,#b32100
Nigel D Short,ENG,2683,2007-07-27,#b32100
Nigel D Short,ENG,2649,2007-10-27,#b32100
Nigel D Short,ENG,2645,2008-01-27,#b32100
Nigel D Short,ENG,2660,2008-04-27,#b32100
Nigel D Short,ENG,2655,2008-07-27,#b32100
Nigel D Short,ENG,2642,2008-10-27,#b32100
Nigel D Short,ENG,2663,2009-01-27,#b32100
Nigel D Short,ENG,2674,2009-04-27,#b32100
Nigel D Short,ENG,2684,2009-07-27,#b32100
Nigel D Short,ENG,2706,2009-09-27,#b32100
Nigel D Short,ENG,2707,2009-11-27,#b32100
Nigel D Short,ENG,2696,2010-01-27,#b32100
Nigel D Short,ENG,2686,2010-03-27,#b32100
Nigel D Short,ENG,2685,2010-05-27,#b32100
Nigel D Short,ENG,2690,2010-07-27,#b32100
Nigel D Short,ENG,2690,2010-09-27,#b32100
Nigel D Short,ENG,2680,2010-11-27,#b32100
Nigel D Short,ENG,2658,2011-01-27,#b32100
Nigel D Short,ENG,2676,2011-03-27,#b32100
Nigel D Short,ENG,2682,2011-05-27,#b32100
Nigel D Short,ENG,2687,2011-07-27,#b32100
Nigel D Short,ENG,2698,2011-09-27,#b32100
Nigel D Short,ENG,2698,2011-11-27,#b32100
Nigel D Short,ENG,2677,2012-01-27,#b32100
Nigel D Short,ENG,2697,2012-03-27,#b32100
Nigel D Short,ENG,2705,2012-05-27,#b32100
Nigel D Short,ENG,2704,2012-07-27,#b32100
Nigel D Short,ENG,2698,2012-08-27,#b32100
Nigel D Short,ENG,2698,2012-09-27,#b32100
Nigel D Short,ENG,2707,2012-10-27,#b32100
Nigel D Short,ENG,2692,2012-11-27,#b32100
Nigel D Short,ENG,2692,2012-12-27,#b32100
Nigel D Short,ENG,2690,2013-01-27,#b32100
Nigel D Short,ENG,2690,2013-02-27,#b32100
Nigel D Short,ENG,2697,2013-03-27,#b32100
Nigel D Short,ENG,2697,2013-04-27,#b32100
Nigel D Short,ENG,2681,2013-05-27,#b32100
Nigel D Short,ENG,2682,2013-06-27,#b32100
Nigel D Short,ENG,2688,2013-07-27,#b32100
Nigel D Short,ENG,2684,2013-08-27,#b32100
Nigel D Short,ENG,2684,2013-09-27,#b32100
Nigel D Short,ENG,2684,2013-10-27,#b32100
Nigel D Short,ENG,2680,2013-11-27,#b32100
Nigel D Short,ENG,2683,2013-12-27,#b32100
Nigel D Short,ENG,2683,2014-01-27,#b32100
Nigel D Short,ENG,2686,2014-02-27,#b32100
Nigel D Short,ENG,2674,2014-03-27,#b32100
Nigel D Short,ENG,2661,2014-04-27,#b32100
Nigel D Short,ENG,2661,2014-05-27,#b32100
Nigel D Short,ENG,2665,2014-06-27,#b32100
Nigel D Short,ENG,2665,2014-07-27,#b32100
Nigel D Short,ENG,2665,2014-08-27,#b32100
Nigel D Short,ENG,2661,2014-11-27,#b32100
Nigel D Short,ENG,2661,2014-12-27,#b32100
Nigel D Short,ENG,2660,2015-01-27,#b32100
Nigel D Short,ENG,2664,2015-02-27,#b32100
Nigel D Short,ENG,2664,2015-03-27,#b32100
Nigel D Short,ENG,2678,2015-04-27,#b32100
Nigel D Short,ENG,2683,2015-05-27,#b32100
Nigel D Short,ENG,2683,2015-06-27,#b32100
Nigel D Short,ENG,2683,2015-07-27,#b32100
Nigel D Short,ENG,2678,2015-08-27,#b32100
Nigel D Short,ENG,2678,2015-09-27,#b32100
Nigel D Short,ENG,2678,2015-10-27,#b32100
Nigel D Short,ENG,2686,2015-11-27,#b32100
Nigel D Short,ENG,2684,2015-12-27,#b32100
Nigel D Short,ENG,2684,2016-01-27,#b32100
Nigel D Short,ENG,2684,2016-02-27,#b32100
Nigel D Short,ENG,2671,2016-03-27,#b32100
Nigel D Short,ENG,2671,2016-04-27,#b32100
Nigel D Short,ENG,2655,2016-05-27,#b32100
Nigel D Short,ENG,2666,2016-08-27,#b32100
Nigel D Short,ENG,2666,2016-09-27,#b32100
Nigel D Short,ENG,2670,2016-10-27,#b32100
Nigel D Short,ENG,2679,2016-11-27,#b32100
Nigel D Short,ENG,2679,2016-12-27,#b32100
Nigel D Short,ENG,2675,2017-01-27,#b32100
Nigel D Short,ENG,2675,2017-02-27,#b32100
Nigel D Short,ENG,2683,2017-03-27,#b32100
Nigel D Short,ENG,2683,2017-04-27,#b32100
Nigel D Short,ENG,2688,2017-05-27,#b32100
Nigel D Short,ENG,2688,2017-06-27,#b32100
Nigel D. Short,ENG,2677,2000-07-27,#b32100
Nigel D. Short,ENG,2687,2000-10-27,#b32100
Nigel D. Short,ENG,2676,2001-01-27,#b32100
Nigel D. Short,ENG,2676,2001-04-27,#b32100
Nigel D. Short,ENG,2670,2001-07-27,#b32100
Nigel D. Short,ENG,2675,2001-10-27,#b32100
Nigel D. Short,ENG,2663,2002-01-27,#b32100
Nigel D. Short,ENG,2673,2002-04-27,#b32100
Nigel D. Short,ENG,2682,2002-07-27,#b32100
Nigel D. Short,ENG,2684,2002-10-27,#b32100
Nigel D. Short,ENG,2690,2003-01-27,#b32100
Nigel D. Short,ENG,2686,2003-04-27,#b32100
Nigel D. Short,ENG,2701,2003-07-27,#b32100
Nigel D. Short,ENG,2701,2003-10-27,#b32100
Nigel D. Short,ENG,2702,2004-01-27,#b32100
Nigel D. Short,ENG,2712,2004-04-27,#b32100
Nigel D. Short,ENG,2684,2004-07-27,#b32100
Nigel D. Short,ENG,2687,2004-10-27,#b32100
Nigel D. Short,ENG,2674,2005-01-27,#b32100
Nigel D. Short,ENG,2673,2005-04-27,#b32100
Nigel D. Short,ENG,2673,2005-07-27,#b32100
Nigel D. Short,ENG,2673,2005-10-27,#b32100
Nigel D. Short,ENG,2676,2006-01-27,#b32100
Nigel D. Short,ENG,2677,2006-04-27,#b32100
Nigel D. Short,ENG,2676,2006-07-27,#b32100
Nigel D. Short,ENG,2677,2006-10-27,#b32100
Nigel D. Short,ENG,2691,2007-01-27,#b32100
Nikita Vitiugov,RUS,2724,2017-07-27,#D52B1E
Nikita Vitiugov,RUS,2724,2017-08-27,#D52B1E
Nikita Vitiugov,RUS,2728,2017-09-27,#D52B1E
Nikita Vitiugov,RUS,2728,2017-10-27,#D52B1E
Nikita Vitiugov,RUS,2721,2017-11-27,#D52B1E
Nikita Vitiugov,RUS,2722,2017-12-27,#D52B1E
Nikita Vitiugov,RUS,2732,2018-01-27,#D52B1E
Nikita Vitiugov,RUS,2732,2018-02-27,#D52B1E
Nikita Vitiugov,RUS,2735,2018-03-27,#D52B1E
Nikita Vitiugov,RUS,2735,2018-04-27,#D52B1E
Nikita Vitiugov,RUS,2740,2018-05-27,#D52B1E
Nikita Vitiugov,RUS,2734,2018-06-27,#D52B1E
Nikita Vitiugov,RUS,2734,2018-07-27,#D52B1E
Nikita Vitiugov,RUS,2730,2018-08-27,#D52B1E
Nikita Vitiugov,RUS,2726,2018-09-27,#D52B1E
Nikita Vitiugov,RUS,2709,2018-10-27,#D52B1E
Nikita Vitiugov,RUS,2709,2018-11-27,#D52B1E
Nikita Vitiugov,RUS,2719,2018-12-27,#D52B1E
Nikita Vitiugov,RUS,2720,2019-01-27,#D52B1E
Nikita Vitiugov,RUS,2720,2019-02-24,#D52B1E
Nikita Vitiugov,RUS,2638,2008-10-27,#D52B1E
Nikita Vitiugov,RUS,2687,2009-01-27,#D52B1E
Nikita Vitiugov,RUS,2688,2009-04-27,#D52B1E
Nikita Vitiugov,RUS,2681,2009-07-27,#D52B1E
Nikita Vitiugov,RUS,2681,2009-09-27,#D52B1E
Nikita Vitiugov,RUS,2694,2009-11-27,#D52B1E
Nikita Vitiugov,RUS,2692,2010-01-27,#D52B1E
Nikita Vitiugov,RUS,2710,2010-03-27,#D52B1E
Nikita Vitiugov,RUS,2707,2010-05-27,#D52B1E
Nikita Vitiugov,RUS,2722,2010-07-27,#D52B1E
Nikita Vitiugov,RUS,2709,2010-09-27,#D52B1E
Nikita Vitiugov,RUS,2709,2010-11-27,#D52B1E
Nikita Vitiugov,RUS,2709,2011-01-27,#D52B1E
Nikita Vitiugov,RUS,2720,2011-03-27,#D52B1E
Nikita Vitiugov,RUS,2733,2011-05-27,#D52B1E
Nikita Vitiugov,RUS,2733,2011-07-27,#D52B1E
Nikita Vitiugov,RUS,2726,2011-09-27,#D52B1E
Nikita Vitiugov,RUS,2729,2011-11-27,#D52B1E
Nikita Vitiugov,RUS,2726,2012-01-27,#D52B1E
Nikita Vitiugov,RUS,2709,2012-03-27,#D52B1E
Nikita Vitiugov,RUS,2703,2012-05-27,#D52B1E
Nikita Vitiugov,RUS,2703,2012-07-27,#D52B1E
Nikita Vitiugov,RUS,2705,2012-08-27,#D52B1E
Nikita Vitiugov,RUS,2699,2012-09-27,#D52B1E
Nikita Vitiugov,RUS,2691,2012-10-27,#D52B1E
Nikita Vitiugov,RUS,2700,2012-11-27,#D52B1E
Nikita Vitiugov,RUS,2694,2012-12-27,#D52B1E
Nikita Vitiugov,RUS,2694,2013-01-27,#D52B1E
Nikita Vitiugov,RUS,2694,2013-02-27,#D52B1E
Nikita Vitiugov,RUS,2712,2013-03-27,#D52B1E
Nikita Vitiugov,RUS,2712,2013-04-27,#D52B1E
Nikita Vitiugov,RUS,2718,2013-05-27,#D52B1E
Nikita Vitiugov,RUS,2734,2013-06-27,#D52B1E
Nikita Vitiugov,RUS,2734,2013-07-27,#D52B1E
Nikita Vitiugov,RUS,2719,2013-08-27,#D52B1E
Nikita Vitiugov,RUS,2719,2013-09-27,#D52B1E
Nikita Vitiugov,RUS,2729,2013-10-27,#D52B1E
Nikita Vitiugov,RUS,2741,2013-11-27,#D52B1E
Nikita Vitiugov,RUS,2741,2013-12-27,#D52B1E
Nikita Vitiugov,RUS,2737,2014-01-27,#D52B1E
Nikita Vitiugov,RUS,2737,2014-02-27,#D52B1E
Nikita Vitiugov,RUS,2747,2014-03-27,#D52B1E
Nikita Vitiugov,RUS,2747,2014-04-27,#D52B1E
Nikita Vitiugov,RUS,2742,2014-05-27,#D52B1E
Nikita Vitiugov,RUS,2742,2014-06-27,#D52B1E
Nikita Vitiugov,RUS,2742,2014-07-27,#D52B1E
Nikita Vitiugov,RUS,2742,2014-08-27,#D52B1E
Nikita Vitiugov,RUS,2742,2014-09-27,#D52B1E
Nikita Vitiugov,RUS,2738,2014-10-27,#D52B1E
Nikita Vitiugov,RUS,2738,2014-11-27,#D52B1E
Nikita Vitiugov,RUS,2738,2014-12-27,#D52B1E
Nikita Vitiugov,RUS,2735,2015-01-27,#D52B1E
Nikita Vitiugov,RUS,2735,2015-02-27,#D52B1E
Nikita Vitiugov,RUS,2739,2015-03-27,#D52B1E
Nikita Vitiugov,RUS,2736,2015-04-27,#D52B1E
Nikita Vitiugov,RUS,2736,2015-05-27,#D52B1E
Nikita Vitiugov,RUS,2734,2015-06-27,#D52B1E
Nikita Vitiugov,RUS,2734,2015-07-27,#D52B1E
Nikita Vitiugov,RUS,2719,2015-08-27,#D52B1E
Nikita Vitiugov,RUS,2725,2015-09-27,#D52B1E
Nikita Vitiugov,RUS,2725,2015-10-27,#D52B1E
Nikita Vitiugov,RUS,2724,2015-11-27,#D52B1E
Nikita Vitiugov,RUS,2724,2015-12-27,#D52B1E
Nikita Vitiugov,RUS,2721,2016-01-27,#D52B1E
Nikita Vitiugov,RUS,2721,2016-02-27,#D52B1E
Nikita Vitiugov,RUS,2721,2016-03-27,#D52B1E
Nikita Vitiugov,RUS,2725,2016-04-27,#D52B1E
Nikita Vitiugov,RUS,2721,2016-05-27,#D52B1E
Nikita Vitiugov,RUS,2728,2016-06-27,#D52B1E
Nikita Vitiugov,RUS,2728,2016-07-27,#D52B1E
Nikita Vitiugov,RUS,2728,2016-08-27,#D52B1E
Nikita Vitiugov,RUS,2721,2016-09-27,#D52B1E
Nikita Vitiugov,RUS,2721,2016-10-27,#D52B1E
Nikita Vitiugov,RUS,2718,2016-11-27,#D52B1E
Nikita Vitiugov,RUS,2726,2016-12-27,#D52B1E
Nikita Vitiugov,RUS,2724,2017-01-27,#D52B1E
Nikita Vitiugov,RUS,2724,2017-02-27,#D52B1E
Nikita Vitiugov,RUS,2720,2017-03-27,#D52B1E
Nikita Vitiugov,RUS,2729,2017-04-27,#D52B1E
Nikita Vitiugov,RUS,2731,2017-05-27,#D52B1E
Nikita Vitiugov,RUS,2720,2017-06-27,#D52B1E
Nils Grandelius,SWE,2653,2017-09-27,#FFFFFFF
Nils Grandelius,SWE,2653,2017-10-27,#FFFFFFF
Nils Grandelius,SWE,2656,2017-11-27,#FFFFFFF
Nils Grandelius,SWE,2668,2018-06-27,#FFFFFFF
Nils Grandelius,SWE,2668,2018-07-27,#FFFFFFF
Nils Grandelius,SWE,2658,2018-08-27,#FFFFFFF
Nils Grandelius,SWE,2655,2018-09-27,#FFFFFFF
Nils Grandelius,SWE,2655,2018-10-27,#FFFFFFF
Nils Grandelius,SWE,2678,2018-11-27,#FFFFFFF
Nils Grandelius,SWE,2678,2018-12-27,#FFFFFFF
Nils Grandelius,SWE,2682,2019-01-27,#FFFFFFF
Nils Grandelius,SWE,2679,2019-02-24,#FFFFFFF
Nils Grandelius,SWE,2665,2017-05-27,#FFFFFFF
Nils Grandelius,SWE,2655,2017-06-27,#FFFFFFF
Oleg Korneev,RUS,2619,2000-07-27,#D52B1E
Oleg Korneev,RUS,2619,2000-10-27,#D52B1E
Oleg Korneev,RUS,2600,2001-01-27,#D52B1E
Oleg Korneev,RUS,2599,2002-04-27,#D52B1E
Oleg Korneev,RUS,2613,2003-01-27,#D52B1E
Oleg Korneev,RUS,2606,2003-04-27,#D52B1E
Oleg Korneev,RUS,2649,2006-01-27,#D52B1E
Oleg Korneev,RUS,2671,2006-04-27,#D52B1E
Oleg Korneev,RUS,2638,2006-07-27,#D52B1E
Oleg Korneev,RUS,2657,2006-10-27,#D52B1E
Oleg Korneev,RUS,2645,2008-01-27,#D52B1E
Oleg Korneev,RUS,2651,2008-04-27,#D52B1E
Oleg Korneev,RUS,2631,2008-07-27,#D52B1E
Oleg M Romanishin,UKR,2602,2000-10-27,#005BBB
P. Harikrishna,IND,2743,2017-07-27,#FF9933
P. Harikrishna,IND,2743,2017-08-27,#FF9933
P. Harikrishna,IND,2741,2017-09-27,#FF9933
P. Harikrishna,IND,2733,2017-10-27,#FF9933
P. Harikrishna,IND,2738,2017-11-27,#FF9933
P. Harikrishna,IND,2744,2017-12-27,#FF9933
P. Harikrishna,IND,2745,2018-01-27,#FF9933
P. Harikrishna,IND,2745,2018-02-27,#FF9933
P. Harikrishna,IND,2731,2018-03-27,#FF9933
P. Harikrishna,IND,2727,2018-04-27,#FF9933
P. Harikrishna,IND,2727,2018-05-27,#FF9933
P. Harikrishna,IND,2732,2018-06-27,#FF9933
P. Harikrishna,IND,2734,2018-07-27,#FF9933
P. Harikrishna,IND,2739,2018-08-27,#FF9933
P. Harikrishna,IND,2612,2004-10-27,#FF9933
P. Harikrishna,IND,2632,2005-01-27,#FF9933
P. Harikrishna,IND,2646,2005-04-27,#FF9933
P. Harikrishna,IND,2645,2005-07-27,#FF9933
P. Harikrishna,IND,2673,2005-10-27,#FF9933
P. Harikrishna,IND,2673,2006-01-27,#FF9933
P. Harikrishna,IND,2680,2006-04-27,#FF9933
P. Harikrishna,IND,2682,2006-07-27,#FF9933
P. Harikrishna,IND,2674,2006-10-27,#FF9933
P. Harikrishna,IND,2673,2007-01-27,#FF9933
P. Harikrishna,IND,2650,2007-04-27,#FF9933
P. Harikrishna,IND,2664,2007-07-27,#FF9933
P. Harikrishna,IND,2668,2007-10-27,#FF9933
P. Harikrishna,IND,2664,2008-01-27,#FF9933
P. Harikrishna,IND,2679,2008-04-27,#FF9933
P. Harikrishna,IND,2668,2008-07-27,#FF9933
P. Harikrishna,IND,2659,2008-10-27,#FF9933
P. Harikrishna,IND,2673,2009-01-27,#FF9933
P. Harikrishna,IND,2686,2009-04-27,#FF9933
P. Harikrishna,IND,2679,2009-07-27,#FF9933
P. Harikrishna,IND,2673,2009-09-27,#FF9933
P. Harikrishna,IND,2672,2009-11-27,#FF9933
P. Harikrishna,IND,2672,2010-01-27,#FF9933
P. Harikrishna,IND,2660,2010-03-27,#FF9933
P. Harikrishna,IND,2660,2010-05-27,#FF9933
P. Harikrishna,IND,2646,2010-07-27,#FF9933
P. Harikrishna,IND,2645,2010-09-27,#FF9933
P. Harikrishna,IND,2657,2010-11-27,#FF9933
P. Harikrishna,IND,2667,2011-01-27,#FF9933
P. Harikrishna,IND,2665,2011-03-27,#FF9933
P. Harikrishna,IND,2666,2011-05-27,#FF9933
P. Harikrishna,IND,2669,2011-07-27,#FF9933
P. Harikrishna,IND,2672,2011-09-27,#FF9933
P. Harikrishna,IND,2673,2011-11-27,#FF9933
P. Harikrishna,IND,2665,2012-01-27,#FF9933
P. Harikrishna,IND,2678,2012-03-27,#FF9933
P. Harikrishna,IND,2693,2012-05-27,#FF9933
P. Harikrishna,IND,2684,2012-07-27,#FF9933
P. Harikrishna,IND,2685,2012-08-27,#FF9933
P. Harikrishna,IND,2690,2012-09-27,#FF9933
P. Harikrishna,IND,2688,2012-10-27,#FF9933
P. Harikrishna,IND,2692,2012-11-27,#FF9933
P. Harikrishna,IND,2698,2012-12-27,#FF9933
P. Harikrishna,IND,2698,2013-01-27,#FF9933
P. Harikrishna,IND,2705,2013-02-27,#FF9933
P. Harikrishna,IND,2705,2013-03-27,#FF9933
P. Harikrishna,IND,2705,2013-04-27,#FF9933
P. Harikrishna,IND,2702,2013-05-27,#FF9933
P. Harikrishna,IND,2680,2013-06-27,#FF9933
P. Harikrishna,IND,2680,2013-07-27,#FF9933
P. Harikrishna,IND,2696,2013-08-27,#FF9933
P. Harikrishna,IND,2709,2013-09-27,#FF9933
P. Harikrishna,IND,2709,2013-10-27,#FF9933
P. Harikrishna,IND,2704,2013-11-27,#FF9933
P. Harikrishna,IND,2708,2013-12-27,#FF9933
P. Harikrishna,IND,2706,2014-01-27,#FF9933
P. Harikrishna,IND,2712,2014-02-27,#FF9933
P. Harikrishna,IND,2714,2014-03-27,#FF9933
P. Harikrishna,IND,2726,2014-04-27,#FF9933
P. Harikrishna,IND,2726,2014-05-27,#FF9933
P. Harikrishna,IND,2726,2014-06-27,#FF9933
P. Harikrishna,IND,2726,2014-07-27,#FF9933
P. Harikrishna,IND,2725,2014-08-27,#FF9933
P. Harikrishna,IND,2725,2014-09-27,#FF9933
P. Harikrishna,IND,2727,2014-10-27,#FF9933
P. Harikrishna,IND,2725,2014-11-27,#FF9933
P. Harikrishna,IND,2727,2014-12-27,#FF9933
P. Harikrishna,IND,2723,2015-01-27,#FF9933
P. Harikrishna,IND,2723,2015-02-27,#FF9933
P. Harikrishna,IND,2729,2015-03-27,#FF9933
P. Harikrishna,IND,2731,2015-04-27,#FF9933
P. Harikrishna,IND,2733,2015-05-27,#FF9933
P. Harikrishna,IND,2733,2015-06-27,#FF9933
P. Harikrishna,IND,2733,2015-07-27,#FF9933
P. Harikrishna,IND,2740,2015-08-27,#FF9933
P. Harikrishna,IND,2737,2015-09-27,#FF9933
P. Harikrishna,IND,2737,2015-10-27,#FF9933
P. Harikrishna,IND,2743,2015-11-27,#FF9933
P. Harikrishna,IND,2743,2015-12-27,#FF9933
P. Harikrishna,IND,2755,2016-01-27,#FF9933
P. Harikrishna,IND,2753,2016-02-27,#FF9933
P. Harikrishna,IND,2758,2016-03-27,#FF9933
P. Harikrishna,IND,2763,2016-04-27,#FF9933
P. Harikrishna,IND,2763,2016-05-27,#FF9933
P. Harikrishna,IND,2764,2016-06-27,#FF9933
P. Harikrishna,IND,2755,2016-07-27,#FF9933
P. Harikrishna,IND,2752,2016-08-27,#FF9933
P. Harikrishna,IND,2752,2016-09-27,#FF9933
P. Harikrishna,IND,2762,2016-10-27,#FF9933
P. Harikrishna,IND,2768,2016-11-27,#FF9933
P. Harikrishna,IND,2770,2016-12-27,#FF9933
P. Harikrishna,IND,2766,2017-01-27,#FF9933
P. Harikrishna,IND,2758,2017-02-27,#FF9933
P. Harikrishna,IND,2758,2017-03-27,#FF9933
P. Harikrishna,IND,2755,2017-04-27,#FF9933
P. Harikrishna,IND,2750,2017-05-27,#FF9933
P. Harikrishna,IND,2737,2017-06-27,#FF9933
Parham Maghsoodloo,IRI,2685,2018-10-27,#FFFFFFF
Parham Maghsoodloo,IRI,2689,2018-11-27,#FFFFFFF
Parham Maghsoodloo,IRI,2688,2018-12-27,#FFFFFFF
Parham Maghsoodloo,IRI,2679,2019-01-27,#FFFFFFF
Parham Maghsoodloo,IRI,2666,2019-02-24,#FFFFFFF
Parimarjan Negi,IND,2656,2017-07-27,#FF9933
Parimarjan Negi,IND,2656,2017-08-27,#FF9933
Parimarjan Negi,IND,2656,2017-09-27,#FF9933
Parimarjan Negi,IND,2656,2017-10-27,#FF9933
Parimarjan Negi,IND,2656,2017-11-27,#FF9933
Parimarjan Negi,IND,2656,2017-12-27,#FF9933
Parimarjan Negi,IND,2656,2018-01-27,#FF9933
Parimarjan Negi,IND,2656,2018-02-27,#FF9933
Parimarjan Negi,IND,2656,2018-03-27,#FF9933
Parimarjan Negi,IND,2656,2018-04-27,#FF9933
Parimarjan Negi,IND,2656,2018-05-27,#FF9933
Parimarjan Negi,IND,2656,2018-06-27,#FF9933
Parimarjan Negi,IND,2656,2018-07-27,#FF9933
Parimarjan Negi,IND,2661,2012-07-27,#FF9933
Parimarjan Negi,IND,2664,2012-08-27,#FF9933
Parimarjan Negi,IND,2658,2012-09-27,#FF9933
Parimarjan Negi,IND,2657,2012-10-27,#FF9933
Parimarjan Negi,IND,2653,2013-04-27,#FF9933
Parimarjan Negi,IND,2662,2013-09-27,#FF9933
Parimarjan Negi,IND,2671,2013-10-27,#FF9933
Parimarjan Negi,IND,2671,2013-11-27,#FF9933
Parimarjan Negi,IND,2671,2013-12-27,#FF9933
Parimarjan Negi,IND,2669,2014-09-27,#FF9933
Parimarjan Negi,IND,2669,2014-10-27,#FF9933
Parimarjan Negi,IND,2669,2014-11-27,#FF9933
Parimarjan Negi,IND,2669,2014-12-27,#FF9933
Parimarjan Negi,IND,2669,2015-01-27,#FF9933
Parimarjan Negi,IND,2669,2015-02-27,#FF9933
Parimarjan Negi,IND,2664,2015-03-27,#FF9933
Parimarjan Negi,IND,2664,2015-04-27,#FF9933
Parimarjan Negi,IND,2664,2015-05-27,#FF9933
Parimarjan Negi,IND,2664,2015-06-27,#FF9933
Parimarjan Negi,IND,2664,2015-07-27,#FF9933
Parimarjan Negi,IND,2664,2015-08-27,#FF9933
Parimarjan Negi,IND,2664,2015-09-27,#FF9933
Parimarjan Negi,IND,2664,2015-10-27,#FF9933
Parimarjan Negi,IND,2664,2015-11-27,#FF9933
Parimarjan Negi,IND,2664,2015-12-27,#FF9933
Parimarjan Negi,IND,2664,2016-01-27,#FF9933
Parimarjan Negi,IND,2664,2016-02-27,#FF9933
Parimarjan Negi,IND,2660,2016-04-27,#FF9933
Parimarjan Negi,IND,2660,2016-05-27,#FF9933
Parimarjan Negi,IND,2660,2016-06-27,#FF9933
Parimarjan Negi,IND,2660,2016-07-27,#FF9933
Parimarjan Negi,IND,2660,2016-08-27,#FF9933
Parimarjan Negi,IND,2666,2016-09-27,#FF9933
Parimarjan Negi,IND,2670,2016-10-27,#FF9933
Parimarjan Negi,IND,2670,2016-11-27,#FF9933
Parimarjan Negi,IND,2670,2016-12-27,#FF9933
Parimarjan Negi,IND,2670,2017-01-27,#FF9933
Parimarjan Negi,IND,2670,2017-02-27,#FF9933
Parimarjan Negi,IND,2670,2017-03-27,#FF9933
Parimarjan Negi,IND,2670,2017-04-27,#FF9933
Parimarjan Negi,IND,2670,2017-05-27,#FF9933
Parimarjan Negi,IND,2670,2017-06-27,#FF9933
Pavel Eljanov,UKR,2734,2017-07-27,#005BBB
Pavel Eljanov,UKR,2734,2017-08-27,#005BBB
Pavel Eljanov,UKR,2734,2017-09-27,#005BBB
Pavel Eljanov,UKR,2720,2017-10-27,#005BBB
Pavel Eljanov,UKR,2707,2017-11-27,#005BBB
Pavel Eljanov,UKR,2711,2017-12-27,#005BBB
Pavel Eljanov,UKR,2710,2018-01-27,#005BBB
Pavel Eljanov,UKR,2710,2018-02-27,#005BBB
Pavel Eljanov,UKR,2713,2018-03-27,#005BBB
Pavel Eljanov,UKR,2700,2018-04-27,#005BBB
Pavel Eljanov,UKR,2702,2018-05-27,#005BBB
Pavel Eljanov,UKR,2702,2018-06-27,#005BBB
Pavel Eljanov,UKR,2706,2018-07-27,#005BBB
Pavel Eljanov,UKR,2706,2018-08-27,#005BBB
Pavel Eljanov,UKR,2703,2018-09-27,#005BBB
Pavel Eljanov,UKR,2703,2018-10-27,#005BBB
Pavel Eljanov,UKR,2676,2018-11-27,#005BBB
Pavel Eljanov,UKR,2680,2018-12-27,#005BBB
Pavel Eljanov,UKR,2680,2019-01-27,#005BBB
Pavel Eljanov,UKR,2680,2019-02-24,#005BBB
Pavel Eljanov,UKR,2613,2004-07-27,#005BBB
Pavel Eljanov,UKR,2629,2004-10-27,#005BBB
Pavel Eljanov,UKR,2643,2005-01-27,#005BBB
Pavel Eljanov,UKR,2641,2005-04-27,#005BBB
Pavel Eljanov,UKR,2639,2005-07-27,#005BBB
Pavel Eljanov,UKR,2663,2005-10-27,#005BBB
Pavel Eljanov,UKR,2655,2006-01-27,#005BBB
Pavel Eljanov,UKR,2665,2006-04-27,#005BBB
Pavel Eljanov,UKR,2651,2006-07-27,#005BBB
Pavel Eljanov,UKR,2658,2006-10-27,#005BBB
Pavel Eljanov,UKR,2675,2007-01-27,#005BBB
Pavel Eljanov,UKR,2686,2007-04-27,#005BBB
Pavel Eljanov,UKR,2701,2007-07-27,#005BBB
Pavel Eljanov,UKR,2691,2007-10-27,#005BBB
Pavel Eljanov,UKR,2692,2008-01-27,#005BBB
Pavel Eljanov,UKR,2687,2008-04-27,#005BBB
Pavel Eljanov,UKR,2716,2008-07-27,#005BBB
Pavel Eljanov,UKR,2720,2008-10-27,#005BBB
Pavel Eljanov,UKR,2693,2009-01-27,#005BBB
Pavel Eljanov,UKR,2693,2009-04-27,#005BBB
Pavel Eljanov,UKR,2716,2009-07-27,#005BBB
Pavel Eljanov,UKR,2717,2009-09-27,#005BBB
Pavel Eljanov,UKR,2729,2009-11-27,#005BBB
Pavel Eljanov,UKR,2736,2010-01-27,#005BBB
Pavel Eljanov,UKR,2736,2010-03-27,#005BBB
Pavel Eljanov,UKR,2751,2010-05-27,#005BBB
Pavel Eljanov,UKR,2755,2010-07-27,#005BBB
Pavel Eljanov,UKR,2761,2010-09-27,#005BBB
Pavel Eljanov,UKR,2742,2010-11-27,#005BBB
Pavel Eljanov,UKR,2724,2011-01-27,#005BBB
Pavel Eljanov,UKR,2724,2011-03-27,#005BBB
Pavel Eljanov,UKR,2712,2011-05-27,#005BBB
Pavel Eljanov,UKR,2697,2011-07-27,#005BBB
Pavel Eljanov,UKR,2683,2011-09-27,#005BBB
Pavel Eljanov,UKR,2691,2011-11-27,#005BBB
Pavel Eljanov,UKR,2690,2012-01-27,#005BBB
Pavel Eljanov,UKR,2704,2012-03-27,#005BBB
Pavel Eljanov,UKR,2693,2012-05-27,#005BBB
Pavel Eljanov,UKR,2693,2012-07-27,#005BBB
Pavel Eljanov,UKR,2693,2012-08-27,#005BBB
Pavel Eljanov,UKR,2684,2012-09-27,#005BBB
Pavel Eljanov,UKR,2681,2012-10-27,#005BBB
Pavel Eljanov,UKR,2688,2012-11-27,#005BBB
Pavel Eljanov,UKR,2687,2012-12-27,#005BBB
Pavel Eljanov,UKR,2678,2013-01-27,#005BBB
Pavel Eljanov,UKR,2678,2013-02-27,#005BBB
Pavel Eljanov,UKR,2697,2013-03-27,#005BBB
Pavel Eljanov,UKR,2703,2013-04-27,#005BBB
Pavel Eljanov,UKR,2702,2013-05-27,#005BBB
Pavel Eljanov,UKR,2707,2013-06-27,#005BBB
Pavel Eljanov,UKR,2702,2013-07-27,#005BBB
Pavel Eljanov,UKR,2702,2013-08-27,#005BBB
Pavel Eljanov,UKR,2706,2013-09-27,#005BBB
Pavel Eljanov,UKR,2729,2013-10-27,#005BBB
Pavel Eljanov,UKR,2733,2013-11-27,#005BBB
Pavel Eljanov,UKR,2733,2013-12-27,#005BBB
Pavel Eljanov,UKR,2733,2014-01-27,#005BBB
Pavel Eljanov,UKR,2733,2014-02-27,#005BBB
Pavel Eljanov,UKR,2723,2014-03-27,#005BBB
Pavel Eljanov,UKR,2732,2014-04-27,#005BBB
Pavel Eljanov,UKR,2732,2014-05-27,#005BBB
Pavel Eljanov,UKR,2723,2014-06-27,#005BBB
Pavel Eljanov,UKR,2723,2014-07-27,#005BBB
Pavel Eljanov,UKR,2723,2014-08-27,#005BBB
Pavel Eljanov,UKR,2726,2014-09-27,#005BBB
Pavel Eljanov,UKR,2719,2014-10-27,#005BBB
Pavel Eljanov,UKR,2719,2014-11-27,#005BBB
Pavel Eljanov,UKR,2726,2014-12-27,#005BBB
Pavel Eljanov,UKR,2727,2015-01-27,#005BBB
Pavel Eljanov,UKR,2727,2015-02-27,#005BBB
Pavel Eljanov,UKR,2727,2015-03-27,#005BBB
Pavel Eljanov,UKR,2733,2015-04-27,#005BBB
Pavel Eljanov,UKR,2718,2015-05-27,#005BBB
Pavel Eljanov,UKR,2718,2015-06-27,#005BBB
Pavel Eljanov,UKR,2723,2015-07-27,#005BBB
Pavel Eljanov,UKR,2723,2015-08-27,#005BBB
Pavel Eljanov,UKR,2717,2015-09-27,#005BBB
Pavel Eljanov,UKR,2717,2015-10-27,#005BBB
Pavel Eljanov,UKR,2753,2015-11-27,#005BBB
Pavel Eljanov,UKR,2763,2015-12-27,#005BBB
Pavel Eljanov,UKR,2760,2016-01-27,#005BBB
Pavel Eljanov,UKR,2760,2016-02-27,#005BBB
Pavel Eljanov,UKR,2765,2016-03-27,#005BBB
Pavel Eljanov,UKR,2765,2016-04-27,#005BBB
Pavel Eljanov,UKR,2765,2016-05-27,#005BBB
Pavel Eljanov,UKR,2751,2016-06-27,#005BBB
Pavel Eljanov,UKR,2737,2016-07-27,#005BBB
Pavel Eljanov,UKR,2737,2016-08-27,#005BBB
Pavel Eljanov,UKR,2739,2016-09-27,#005BBB
Pavel Eljanov,UKR,2741,2016-10-27,#005BBB
Pavel Eljanov,UKR,2757,2016-11-27,#005BBB
Pavel Eljanov,UKR,2762,2016-12-27,#005BBB
Pavel Eljanov,UKR,2755,2017-01-27,#005BBB
Pavel Eljanov,UKR,2759,2017-02-27,#005BBB
Pavel Eljanov,UKR,2751,2017-03-27,#005BBB
Pavel Eljanov,UKR,2751,2017-04-27,#005BBB
Pavel Eljanov,UKR,2755,2017-05-27,#005BBB
Pavel Eljanov,UKR,2739,2017-06-27,#005BBB
Pavel Kotsur,KAZ,2600,2001-07-27,#FFFFFFF
Pavel Smirnov,RUS,2615,2003-04-27,#D52B1E
Pavel Smirnov,RUS,2629,2003-07-27,#D52B1E
Pavel Smirnov,RUS,2629,2003-10-27,#D52B1E
Pavel Smirnov,RUS,2609,2004-01-27,#D52B1E
Pavel Smirnov,RUS,2620,2004-07-27,#D52B1E
Pavel Smirnov,RUS,2626,2004-10-27,#D52B1E
Pavel Smirnov,RUS,2645,2005-01-27,#D52B1E
Pavel Smirnov,RUS,2624,2005-04-27,#D52B1E
Pavel Smirnov,RUS,2635,2005-07-27,#D52B1E
Pavel Smirnov,RUS,2637,2005-10-27,#D52B1E
Pavel Smirnov,RUS,2623,2006-10-27,#D52B1E
Pavel Smirnov,RUS,2621,2007-01-27,#D52B1E
Pavel Smirnov,RUS,2631,2007-04-27,#D52B1E
Pavel Smirnov,RUS,2636,2007-07-27,#D52B1E
Pavel Smirnov,RUS,2636,2007-10-27,#D52B1E
Pavel V. Tregubov,RUS,2620,2000-07-27,#D52B1E
Pavel V. Tregubov,RUS,2610,2000-10-27,#D52B1E
Pavel V. Tregubov,RUS,2628,2001-01-27,#D52B1E
Pavel V. Tregubov,RUS,2628,2001-04-27,#D52B1E
Pavel V. Tregubov,RUS,2617,2001-07-27,#D52B1E
Pavel V. Tregubov,RUS,2611,2001-10-27,#D52B1E
Pavel V. Tregubov,RUS,2626,2002-01-27,#D52B1E
Pavel V. Tregubov,RUS,2627,2002-04-27,#D52B1E
Pavel V. Tregubov,RUS,2612,2003-01-27,#D52B1E
Pavel V. Tregubov,RUS,2632,2003-04-27,#D52B1E
Pavel V. Tregubov,RUS,2635,2003-07-27,#D52B1E
Pavel V. Tregubov,RUS,2635,2003-10-27,#D52B1E
Pavel V. Tregubov,RUS,2628,2004-01-27,#D52B1E
Pavel V. Tregubov,RUS,2636,2004-04-27,#D52B1E
Pavel V. Tregubov,RUS,2628,2004-07-27,#D52B1E
Pavel V. Tregubov,RUS,2629,2004-10-27,#D52B1E
Pavel V. Tregubov,RUS,2629,2005-01-27,#D52B1E
Pavel V. Tregubov,RUS,2636,2008-01-27,#D52B1E
Pavel V. Tregubov,RUS,2629,2008-04-27,#D52B1E
Pavel V. Tregubov,RUS,2658,2008-07-27,#D52B1E
Pavel V. Tregubov,RUS,2646,2008-10-27,#D52B1E
Pavel V. Tregubov,RUS,2647,2009-01-27,#D52B1E
Pavel V. Tregubov,RUS,2652,2009-07-27,#D52B1E
Pavel V. Tregubov,RUS,2649,2009-09-27,#D52B1E
Pavel V. Tregubov,RUS,2642,2009-11-27,#D52B1E
Pengxiang Zhang,CHN,2616,2005-07-27,#e02a00
Pengxiang Zhang,CHN,2638,2006-01-27,#e02a00
Pengxiang Zhang,CHN,2623,2006-04-27,#e02a00
Pengxiang Zhang,CHN,2622,2006-07-27,#e02a00
Pengxiang Zhang,CHN,2636,2006-10-27,#e02a00
Pengxiang Zhang,CHN,2643,2007-01-27,#e02a00
Pengxiang Zhang,CHN,2657,2007-04-27,#e02a00
Pengxiang Zhang,CHN,2649,2007-07-27,#e02a00
Pengxiang Zhang,CHN,2644,2007-10-27,#e02a00
Pengxiang Zhang,CHN,2640,2008-01-27,#e02a00
Pengxiang Zhang,CHN,2640,2008-04-27,#e02a00
Pengxiang Zhang,CHN,2643,2008-07-27,#e02a00
Pengxiang Zhang,CHN,2636,2008-10-27,#e02a00
Pengxiang Zhang,CHN,2644,2009-01-27,#e02a00
Pengxiang Zhang,CHN,2638,2009-04-27,#e02a00
Pentala Harikrishna,IND,2743,2018-09-27,#FF9933
Pentala Harikrishna,IND,2733,2018-10-27,#FF9933
Pentala Harikrishna,IND,2729,2018-11-27,#FF9933
Pentala Harikrishna,IND,2725,2018-12-27,#FF9933
Pentala Harikrishna,IND,2730,2019-01-27,#FF9933
Pentala Harikrishna,IND,2726,2019-02-24,#FF9933
Peter Acs,HUN,2623,2003-01-27,#259838
Peter Acs,HUN,2600,2003-04-27,#259838
Peter Acs,HUN,2606,2003-07-27,#259838
Peter Heine Nielsen,DEN,2620,2001-10-27,#FFFFFFF
Peter Heine Nielsen,DEN,2642,2002-01-27,#FFFFFFF
Peter Heine Nielsen,DEN,2636,2002-04-27,#FFFFFFF
Peter Heine Nielsen,DEN,2626,2002-07-27,#FFFFFFF
Peter Heine Nielsen,DEN,2620,2002-10-27,#FFFFFFF
Peter Heine Nielsen,DEN,2620,2003-01-27,#FFFFFFF
Peter Heine Nielsen,DEN,2625,2003-04-27,#FFFFFFF
Peter Heine Nielsen,DEN,2636,2003-07-27,#FFFFFFF
Peter Heine Nielsen,DEN,2626,2003-10-27,#FFFFFFF
Peter Heine Nielsen,DEN,2638,2004-01-27,#FFFFFFF
Peter Heine Nielsen,DEN,2628,2004-04-27,#FFFFFFF
Peter Heine Nielsen,DEN,2652,2004-07-27,#FFFFFFF
Peter Heine Nielsen,DEN,2663,2004-10-27,#FFFFFFF
Peter Heine Nielsen,DEN,2648,2005-01-27,#FFFFFFF
Peter Heine Nielsen,DEN,2653,2005-04-27,#FFFFFFF
Peter Heine Nielsen,DEN,2668,2005-07-27,#FFFFFFF
Peter Heine Nielsen,DEN,2646,2005-10-27,#FFFFFFF
Peter Heine Nielsen,DEN,2644,2006-01-27,#FFFFFFF
Peter Heine Nielsen,DEN,2646,2006-04-27,#FFFFFFF
Peter Heine Nielsen,DEN,2640,2006-07-27,#FFFFFFF
Peter Heine Nielsen,DEN,2640,2006-10-27,#FFFFFFF
Peter Heine Nielsen,DEN,2651,2007-01-27,#FFFFFFF
Peter Heine Nielsen,DEN,2649,2007-04-27,#FFFFFFF
Peter Heine Nielsen,DEN,2638,2007-07-27,#FFFFFFF
Peter Heine Nielsen,DEN,2629,2008-04-27,#FFFFFFF
Peter Heine Nielsen,DEN,2652,2008-07-27,#FFFFFFF
Peter Heine Nielsen,DEN,2662,2008-10-27,#FFFFFFF
Peter Heine Nielsen,DEN,2660,2009-01-27,#FFFFFFF
Peter Heine Nielsen,DEN,2668,2009-04-27,#FFFFFFF
Peter Heine Nielsen,DEN,2680,2009-07-27,#FFFFFFF
Peter Heine Nielsen,DEN,2687,2009-09-27,#FFFFFFF
Peter Heine Nielsen,DEN,2697,2009-11-27,#FFFFFFF
Peter Heine Nielsen,DEN,2697,2010-01-27,#FFFFFFF
Peter Heine Nielsen,DEN,2697,2010-03-27,#FFFFFFF
Peter Heine Nielsen,DEN,2698,2010-05-27,#FFFFFFF
Peter Heine Nielsen,DEN,2700,2010-07-27,#FFFFFFF
Peter Heine Nielsen,DEN,2670,2010-09-27,#FFFFFFF
Peter Heine Nielsen,DEN,2670,2010-11-27,#FFFFFFF
Peter Heine Nielsen,DEN,2670,2011-01-27,#FFFFFFF
Peter Heine Nielsen,DEN,2670,2011-03-27,#FFFFFFF
Peter Heine Nielsen,DEN,2681,2011-05-27,#FFFFFFF
Peter Heine Nielsen,DEN,2681,2011-07-27,#FFFFFFF
Peter Heine Nielsen,DEN,2687,2011-09-27,#FFFFFFF
Peter Heine Nielsen,DEN,2693,2011-11-27,#FFFFFFF
Peter Heine Nielsen,DEN,2693,2012-01-27,#FFFFFFF
Peter Heine Nielsen,DEN,2693,2012-03-27,#FFFFFFF
Peter Heine Nielsen,DEN,2665,2012-05-27,#FFFFFFF
Peter Heine Nielsen,DEN,2665,2012-07-27,#FFFFFFF
Peter Heine Nielsen,DEN,2662,2012-08-27,#FFFFFFF
Peter Heine Nielsen,DEN,2662,2012-09-27,#FFFFFFF
Peter Heine Nielsen,DEN,2662,2012-10-27,#FFFFFFF
Peter Heine Nielsen,DEN,2657,2012-11-27,#FFFFFFF
Peter Heine Nielsen,DEN,2656,2012-12-27,#FFFFFFF
Peter Heine Nielsen,DEN,2656,2013-01-27,#FFFFFFF
Peter Heine Nielsen,DEN,2656,2013-02-27,#FFFFFFF
Peter Heine Nielsen,DEN,2656,2013-03-27,#FFFFFFF
Peter Heine Nielsen,DEN,2654,2013-04-27,#FFFFFFF
Peter Heine Nielsen,DEN,2658,2013-05-27,#FFFFFFF
Peter Heine Nielsen,DEN,2658,2013-06-27,#FFFFFFF
Peter Heine Nielsen,DEN,2658,2013-07-27,#FFFFFFF
Peter Heine Nielsen,DEN,2658,2013-08-27,#FFFFFFF
Peter Heine Nielsen,DEN,2652,2013-12-27,#FFFFFFF
Peter Heine Nielsen,DEN,2652,2014-01-27,#FFFFFFF
Peter Heine Nielsen,DEN,2653,2014-03-27,#FFFFFFF
Peter Heine Nielsen,DEN,2654,2014-04-27,#FFFFFFF
Peter Heine Nielsen,DEN,2654,2014-05-27,#FFFFFFF
Peter Heine Nielsen,DEN,2654,2014-06-27,#FFFFFFF
Peter Heine Nielsen,DEN,2654,2014-07-27,#FFFFFFF
Peter Heine Nielsen,DEN,2654,2014-10-27,#FFFFFFF
Peter Heine Nielsen,DEN,2654,2014-11-27,#FFFFFFF
Peter Heine Nielsen,DEN,2654,2015-01-27,#FFFFFFF
Peter Heine Nielsen,DEN,2654,2015-02-27,#FFFFFFF
Peter Heine Nielsen,DEN,2660,2015-03-27,#FFFFFFF
Peter Heine Nielsen,DEN,2655,2015-04-27,#FFFFFFF
Peter Heine Nielsen,DEN,2655,2015-05-27,#FFFFFFF
Peter Heine Nielsen,DEN,2655,2015-06-27,#FFFFFFF
Peter Heine Nielsen,DEN,2655,2015-07-27,#FFFFFFF
Peter Heine Nielsen,DEN,2655,2015-08-27,#FFFFFFF
Peter Heine Nielsen,DEN,2655,2015-09-27,#FFFFFFF
Peter Heine Nielsen,DEN,2654,2015-10-27,#FFFFFFF
Peter Heine Nielsen,DEN,2654,2015-11-27,#FFFFFFF
Peter Leko,HUN,2678,2017-07-27,#259838
Peter Leko,HUN,2678,2017-08-27,#259838
Peter Leko,HUN,2679,2017-09-27,#259838
Peter Leko,HUN,2679,2017-10-27,#259838
Peter Leko,HUN,2680,2017-11-27,#259838
Peter Leko,HUN,2691,2017-12-27,#259838
Peter Leko,HUN,2692,2018-01-27,#259838
Peter Leko,HUN,2692,2018-02-27,#259838
Peter Leko,HUN,2691,2018-03-27,#259838
Peter Leko,HUN,2691,2018-04-27,#259838
Peter Leko,HUN,2691,2018-05-27,#259838
Peter Leko,HUN,2691,2018-06-27,#259838
Peter Leko,HUN,2691,2018-07-27,#259838
Peter Leko,HUN,2691,2018-08-27,#259838
Peter Leko,HUN,2690,2018-09-27,#259838
Peter Leko,HUN,2690,2018-10-27,#259838
Peter Leko,HUN,2679,2018-11-27,#259838
Peter Leko,HUN,2669,2018-12-27,#259838
Peter Leko,HUN,2660,2019-01-27,#259838
Peter Leko,HUN,2660,2019-02-24,#259838
Peter Leko,HUN,2743,2000-07-27,#259838
Peter Leko,HUN,2748,2000-10-27,#259838
Peter Leko,HUN,2745,2001-01-27,#259838
Peter Leko,HUN,2731,2001-04-27,#259838
Peter Leko,HUN,2730,2001-07-27,#259838
Peter Leko,HUN,2739,2001-10-27,#259838
Peter Leko,HUN,2713,2002-01-27,#259838
Peter Leko,HUN,2707,2002-04-27,#259838
Peter Leko,HUN,2722,2002-07-27,#259838
Peter Leko,HUN,2743,2002-10-27,#259838
Peter Leko,HUN,2736,2003-01-27,#259838
Peter Leko,HUN,2746,2003-04-27,#259838
Peter Leko,HUN,2739,2003-07-27,#259838
Peter Leko,HUN,2722,2003-10-27,#259838
Peter Leko,HUN,2722,2004-01-27,#259838
Peter Leko,HUN,2741,2004-04-27,#259838
Peter Leko,HUN,2741,2004-07-27,#259838
Peter Leko,HUN,2743,2004-10-27,#259838
Peter Leko,HUN,2749,2005-01-27,#259838
Peter Leko,HUN,2763,2005-04-27,#259838
Peter Leko,HUN,2763,2005-07-27,#259838
Peter Leko,HUN,2751,2005-10-27,#259838
Peter Leko,HUN,2740,2006-01-27,#259838
Peter Leko,HUN,2738,2006-04-27,#259838
Peter Leko,HUN,2738,2006-07-27,#259838
Peter Leko,HUN,2741,2006-10-27,#259838
Peter Leko,HUN,2749,2007-01-27,#259838
Peter Leko,HUN,2738,2007-04-27,#259838
Peter Leko,HUN,2751,2007-07-27,#259838
Peter Leko,HUN,2755,2007-10-27,#259838
Peter Leko,HUN,2753,2008-01-27,#259838
Peter Leko,HUN,2741,2008-04-27,#259838
Peter Leko,HUN,2741,2008-07-27,#259838
Peter Leko,HUN,2747,2008-10-27,#259838
Peter Leko,HUN,2751,2009-01-27,#259838
Peter Leko,HUN,2751,2009-04-27,#259838
Peter Leko,HUN,2756,2009-07-27,#259838
Peter Leko,HUN,2762,2009-09-27,#259838
Peter Leko,HUN,2752,2009-11-27,#259838
Peter Leko,HUN,2739,2010-01-27,#259838
Peter Leko,HUN,2735,2010-03-27,#259838
Peter Leko,HUN,2735,2010-05-27,#259838
Peter Leko,HUN,2734,2010-07-27,#259838
Peter Leko,HUN,2724,2010-09-27,#259838
Peter Leko,HUN,2717,2010-11-27,#259838
Peter Leko,HUN,2717,2011-01-27,#259838
Peter Leko,HUN,2717,2011-03-27,#259838
Peter Leko,HUN,2717,2011-05-27,#259838
Peter Leko,HUN,2717,2011-07-27,#259838
Peter Leko,HUN,2728,2011-09-27,#259838
Peter Leko,HUN,2720,2011-11-27,#259838
Peter Leko,HUN,2720,2012-01-27,#259838
Peter Leko,HUN,2720,2012-03-27,#259838
Peter Leko,HUN,2723,2012-05-27,#259838
Peter Leko,HUN,2730,2012-07-27,#259838
Peter Leko,HUN,2737,2012-08-27,#259838
Peter Leko,HUN,2737,2012-09-27,#259838
Peter Leko,HUN,2734,2012-10-27,#259838
Peter Leko,HUN,2732,2012-11-27,#259838
Peter Leko,HUN,2732,2012-12-27,#259838
Peter Leko,HUN,2735,2013-01-27,#259838
Peter Leko,HUN,2744,2013-02-27,#259838
Peter Leko,HUN,2744,2013-03-27,#259838
Peter Leko,HUN,2744,2013-04-27,#259838
Peter Leko,HUN,2737,2013-05-27,#259838
Peter Leko,HUN,2737,2013-06-27,#259838
Peter Leko,HUN,2737,2013-07-27,#259838
Peter Leko,HUN,2744,2013-08-27,#259838
Peter Leko,HUN,2740,2013-09-27,#259838
Peter Leko,HUN,2732,2013-10-27,#259838
Peter Leko,HUN,2730,2013-11-27,#259838
Peter Leko,HUN,2730,2013-12-27,#259838
Peter Leko,HUN,2730,2014-01-27,#259838
Peter Leko,HUN,2730,2014-02-27,#259838
Peter Leko,HUN,2730,2014-03-27,#259838
Peter Leko,HUN,2730,2014-04-27,#259838
Peter Leko,HUN,2737,2014-05-27,#259838
Peter Leko,HUN,2737,2014-06-27,#259838
Peter Leko,HUN,2737,2014-07-27,#259838
Peter Leko,HUN,2740,2014-08-27,#259838
Peter Leko,HUN,2734,2014-09-27,#259838
Peter Leko,HUN,2731,2014-10-27,#259838
Peter Leko,HUN,2731,2014-11-27,#259838
Peter Leko,HUN,2723,2014-12-27,#259838
Peter Leko,HUN,2713,2015-01-27,#259838
Peter Leko,HUN,2713,2015-02-27,#259838
Peter Leko,HUN,2713,2015-03-27,#259838
Peter Leko,HUN,2713,2015-04-27,#259838
Peter Leko,HUN,2714,2015-05-27,#259838
Peter Leko,HUN,2714,2015-06-27,#259838
Peter Leko,HUN,2714,2015-07-27,#259838
Peter Leko,HUN,2714,2015-08-27,#259838
Peter Leko,HUN,2707,2015-09-27,#259838
Peter Leko,HUN,2707,2015-10-27,#259838
Peter Leko,HUN,2708,2015-11-27,#259838
Peter Leko,HUN,2705,2015-12-27,#259838
Peter Leko,HUN,2705,2016-01-27,#259838
Peter Leko,HUN,2705,2016-02-27,#259838
Peter Leko,HUN,2705,2016-03-27,#259838
Peter Leko,HUN,2705,2016-04-27,#259838
Peter Leko,HUN,2705,2016-05-27,#259838
Peter Leko,HUN,2712,2016-06-27,#259838
Peter Leko,HUN,2712,2016-07-27,#259838
Peter Leko,HUN,2709,2016-08-27,#259838
Peter Leko,HUN,2709,2016-09-27,#259838
Peter Leko,HUN,2709,2016-10-27,#259838
Peter Leko,HUN,2693,2016-11-27,#259838
Peter Leko,HUN,2693,2016-12-27,#259838
Peter Leko,HUN,2693,2017-01-27,#259838
Peter Leko,HUN,2693,2017-02-27,#259838
Peter Leko,HUN,2693,2017-03-27,#259838
Peter Leko,HUN,2699,2017-04-27,#259838
Peter Leko,HUN,2703,2017-05-27,#259838
Peter Leko,HUN,2691,2017-06-27,#259838
Peter Svidler,RUS,2751,2017-07-27,#D52B1E
Peter Svidler,RUS,2751,2017-08-27,#D52B1E
Peter Svidler,RUS,2756,2017-09-27,#D52B1E
Peter Svidler,RUS,2760,2017-10-27,#D52B1E
Peter Svidler,RUS,2763,2017-11-27,#D52B1E
Peter Svidler,RUS,2765,2017-12-27,#D52B1E
Peter Svidler,RUS,2768,2018-01-27,#D52B1E
Peter Svidler,RUS,2760,2018-02-27,#D52B1E
Peter Svidler,RUS,2760,2018-03-27,#D52B1E
Peter Svidler,RUS,2760,2018-04-27,#D52B1E
Peter Svidler,RUS,2760,2018-05-27,#D52B1E
Peter Svidler,RUS,2753,2018-06-27,#D52B1E
Peter Svidler,RUS,2753,2018-07-27,#D52B1E
Peter Svidler,RUS,2753,2018-08-27,#D52B1E
Peter Svidler,RUS,2756,2018-09-27,#D52B1E
Peter Svidler,RUS,2756,2018-10-27,#D52B1E
Peter Svidler,RUS,2736,2018-11-27,#D52B1E
Peter Svidler,RUS,2737,2018-12-27,#D52B1E
Peter Svidler,RUS,2737,2019-01-27,#D52B1E
Peter Svidler,RUS,2737,2019-02-24,#D52B1E
Peter Svidler,RUS,2689,2000-07-27,#D52B1E
Peter Svidler,RUS,2695,2000-10-27,#D52B1E
Peter Svidler,RUS,2695,2001-01-27,#D52B1E
Peter Svidler,RUS,2695,2001-04-27,#D52B1E
Peter Svidler,RUS,2695,2001-07-27,#D52B1E
Peter Svidler,RUS,2686,2001-10-27,#D52B1E
Peter Svidler,RUS,2688,2002-01-27,#D52B1E
Peter Svidler,RUS,2688,2002-04-27,#D52B1E
Peter Svidler,RUS,2690,2002-07-27,#D52B1E
Peter Svidler,RUS,2690,2002-10-27,#D52B1E
Peter Svidler,RUS,2693,2003-01-27,#D52B1E
Peter Svidler,RUS,2713,2003-04-27,#D52B1E
Peter Svidler,RUS,2723,2003-07-27,#D52B1E
Peter Svidler,RUS,2723,2003-10-27,#D52B1E
Peter Svidler,RUS,2747,2004-01-27,#D52B1E
Peter Svidler,RUS,2733,2004-04-27,#D52B1E
Peter Svidler,RUS,2727,2004-07-27,#D52B1E
Peter Svidler,RUS,2735,2004-10-27,#D52B1E
Peter Svidler,RUS,2735,2005-01-27,#D52B1E
Peter Svidler,RUS,2725,2005-04-27,#D52B1E
Peter Svidler,RUS,2738,2005-07-27,#D52B1E
Peter Svidler,RUS,2740,2005-10-27,#D52B1E
Peter Svidler,RUS,2765,2006-01-27,#D52B1E
Peter Svidler,RUS,2743,2006-04-27,#D52B1E
Peter Svidler,RUS,2742,2006-07-27,#D52B1E
Peter Svidler,RUS,2750,2006-10-27,#D52B1E
Peter Svidler,RUS,2728,2007-01-27,#D52B1E
Peter Svidler,RUS,2736,2007-04-27,#D52B1E
Peter Svidler,RUS,2735,2007-07-27,#D52B1E
Peter Svidler,RUS,2732,2007-10-27,#D52B1E
Peter Svidler,RUS,2763,2008-01-27,#D52B1E
Peter Svidler,RUS,2746,2008-04-27,#D52B1E
Peter Svidler,RUS,2738,2008-07-27,#D52B1E
Peter Svidler,RUS,2727,2008-10-27,#D52B1E
Peter Svidler,RUS,2723,2009-01-27,#D52B1E
Peter Svidler,RUS,2726,2009-04-27,#D52B1E
Peter Svidler,RUS,2739,2009-07-27,#D52B1E
Peter Svidler,RUS,2741,2009-09-27,#D52B1E
Peter Svidler,RUS,2754,2009-11-27,#D52B1E
Peter Svidler,RUS,2744,2010-01-27,#D52B1E
Peter Svidler,RUS,2750,2010-03-27,#D52B1E
Peter Svidler,RUS,2735,2010-05-27,#D52B1E
Peter Svidler,RUS,2734,2010-07-27,#D52B1E
Peter Svidler,RUS,2731,2010-09-27,#D52B1E
Peter Svidler,RUS,2722,2010-11-27,#D52B1E
Peter Svidler,RUS,2730,2011-01-27,#D52B1E
Peter Svidler,RUS,2730,2011-03-27,#D52B1E
Peter Svidler,RUS,2739,2011-05-27,#D52B1E
Peter Svidler,RUS,2739,2011-07-27,#D52B1E
Peter Svidler,RUS,2740,2011-09-27,#D52B1E
Peter Svidler,RUS,2755,2011-11-27,#D52B1E
Peter Svidler,RUS,2749,2012-01-27,#D52B1E
Peter Svidler,RUS,2744,2012-03-27,#D52B1E
Peter Svidler,RUS,2741,2012-05-27,#D52B1E
Peter Svidler,RUS,2749,2012-07-27,#D52B1E
Peter Svidler,RUS,2749,2012-08-27,#D52B1E
Peter Svidler,RUS,2747,2012-09-27,#D52B1E
Peter Svidler,RUS,2747,2012-10-27,#D52B1E
Peter Svidler,RUS,2747,2012-11-27,#D52B1E
Peter Svidler,RUS,2747,2012-12-27,#D52B1E
Peter Svidler,RUS,2747,2013-01-27,#D52B1E
Peter Svidler,RUS,2747,2013-02-27,#D52B1E
Peter Svidler,RUS,2747,2013-03-27,#D52B1E
Peter Svidler,RUS,2747,2013-04-27,#D52B1E
Peter Svidler,RUS,2769,2013-05-27,#D52B1E
Peter Svidler,RUS,2759,2013-06-27,#D52B1E
Peter Svidler,RUS,2746,2013-07-27,#D52B1E
Peter Svidler,RUS,2746,2013-08-27,#D52B1E
Peter Svidler,RUS,2746,2013-09-27,#D52B1E
Peter Svidler,RUS,2740,2013-10-27,#D52B1E
Peter Svidler,RUS,2752,2013-11-27,#D52B1E
Peter Svidler,RUS,2758,2013-12-27,#D52B1E
Peter Svidler,RUS,2758,2014-01-27,#D52B1E
Peter Svidler,RUS,2758,2014-02-27,#D52B1E
Peter Svidler,RUS,2758,2014-03-27,#D52B1E
Peter Svidler,RUS,2756,2014-04-27,#D52B1E
Peter Svidler,RUS,2753,2014-05-27,#D52B1E
Peter Svidler,RUS,2753,2014-06-27,#D52B1E
Peter Svidler,RUS,2751,2014-07-27,#D52B1E
Peter Svidler,RUS,2751,2014-08-27,#D52B1E
Peter Svidler,RUS,2732,2014-09-27,#D52B1E
Peter Svidler,RUS,2732,2014-10-27,#D52B1E
Peter Svidler,RUS,2743,2014-11-27,#D52B1E
Peter Svidler,RUS,2743,2014-12-27,#D52B1E
Peter Svidler,RUS,2739,2015-01-27,#D52B1E
Peter Svidler,RUS,2739,2015-02-27,#D52B1E
Peter Svidler,RUS,2729,2015-03-27,#D52B1E
Peter Svidler,RUS,2734,2015-04-27,#D52B1E
Peter Svidler,RUS,2734,2015-05-27,#D52B1E
Peter Svidler,RUS,2740,2015-06-27,#D52B1E
Peter Svidler,RUS,2740,2015-07-27,#D52B1E
Peter Svidler,RUS,2739,2015-08-27,#D52B1E
Peter Svidler,RUS,2727,2015-09-27,#D52B1E
Peter Svidler,RUS,2727,2015-10-27,#D52B1E
Peter Svidler,RUS,2745,2015-11-27,#D52B1E
Peter Svidler,RUS,2751,2015-12-27,#D52B1E
Peter Svidler,RUS,2751,2016-01-27,#D52B1E
Peter Svidler,RUS,2751,2016-02-27,#D52B1E
Peter Svidler,RUS,2757,2016-03-27,#D52B1E
Peter Svidler,RUS,2762,2016-04-27,#D52B1E
Peter Svidler,RUS,2762,2016-05-27,#D52B1E
Peter Svidler,RUS,2759,2016-06-27,#D52B1E
Peter Svidler,RUS,2759,2016-07-27,#D52B1E
Peter Svidler,RUS,2751,2016-08-27,#D52B1E
Peter Svidler,RUS,2745,2016-09-27,#D52B1E
Peter Svidler,RUS,2745,2016-10-27,#D52B1E
Peter Svidler,RUS,2742,2016-11-27,#D52B1E
Peter Svidler,RUS,2753,2016-12-27,#D52B1E
Peter Svidler,RUS,2748,2017-01-27,#D52B1E
Peter Svidler,RUS,2748,2017-02-27,#D52B1E
Peter Svidler,RUS,2741,2017-03-27,#D52B1E
Peter Svidler,RUS,2747,2017-04-27,#D52B1E
Peter Svidler,RUS,2755,2017-05-27,#D52B1E
Peter Svidler,RUS,2756,2017-06-27,#D52B1E
Predrag Nikolic,BIH,2657,2000-07-27,#FFFFFFF
Predrag Nikolic,BIH,2657,2000-10-27,#FFFFFFF
Predrag Nikolic,BIH,2652,2001-01-27,#FFFFFFF
Predrag Nikolic,BIH,2652,2001-04-27,#FFFFFFF
Predrag Nikolic,BIH,2652,2001-10-27,#FFFFFFF
Predrag Nikolic,BIH,2653,2002-01-27,#FFFFFFF
Predrag Nikolic,BIH,2653,2002-04-27,#FFFFFFF
Predrag Nikolic,BIH,2661,2002-07-27,#FFFFFFF
Predrag Nikolic,BIH,2661,2002-10-27,#FFFFFFF
Predrag Nikolic,BIH,2638,2003-01-27,#FFFFFFF
Predrag Nikolic,BIH,2643,2003-04-27,#FFFFFFF
Predrag Nikolic,BIH,2649,2003-07-27,#FFFFFFF
Predrag Nikolic,BIH,2647,2003-10-27,#FFFFFFF
Predrag Nikolic,BIH,2648,2004-01-27,#FFFFFFF
Predrag Nikolic,BIH,2648,2004-04-27,#FFFFFFF
Predrag Nikolic,BIH,2671,2004-07-27,#FFFFFFF
Predrag Nikolic,BIH,2676,2004-10-27,#FFFFFFF
Predrag Nikolic,BIH,2676,2005-01-27,#FFFFFFF
Predrag Nikolic,BIH,2627,2005-04-27,#FFFFFFF
Predrag Nikolic,BIH,2626,2006-07-27,#FFFFFFF
Predrag Nikolic,BIH,2626,2006-10-27,#FFFFFFF
Predrag Nikolic,BIH,2626,2007-01-27,#FFFFFFF
Predrag Nikolic,BIH,2631,2007-04-27,#FFFFFFF
Predrag Nikolic,BIH,2646,2007-07-27,#FFFFFFF
Predrag Nikolic,BIH,2657,2007-10-27,#FFFFFFF
Predrag Nikolic,BIH,2665,2008-01-27,#FFFFFFF
Predrag Nikolic,BIH,2674,2008-04-27,#FFFFFFF
Predrag Nikolic,BIH,2669,2008-07-27,#FFFFFFF
Predrag Nikolic,BIH,2669,2008-10-27,#FFFFFFF
Predrag Nikolic,BIH,2652,2012-01-27,#FFFFFFF
Predrag Nikolic,BIH,2652,2012-03-27,#FFFFFFF
Quang Liem Le,VIE,2739,2017-07-27,#FFFFFFF
Quang Liem Le,VIE,2739,2017-08-27,#FFFFFFF
Quang Liem Le,VIE,2739,2017-09-27,#FFFFFFF
Quang Liem Le,VIE,2737,2017-10-27,#FFFFFFF
Quang Liem Le,VIE,2737,2017-11-27,#FFFFFFF
Quang Liem Le,VIE,2737,2017-12-27,#FFFFFFF
Quang Liem Le,VIE,2737,2018-01-27,#FFFFFFF
Quang Liem Le,VIE,2737,2018-02-27,#FFFFFFF
Quang Liem Le,VIE,2736,2018-03-27,#FFFFFFF
Quang Liem Le,VIE,2728,2018-04-27,#FFFFFFF
Quang Liem Le,VIE,2728,2018-05-27,#FFFFFFF
Quang Liem Le,VIE,2728,2018-06-27,#FFFFFFF
Quang Liem Le,VIE,2728,2018-07-27,#FFFFFFF
Quang Liem Le,VIE,2727,2018-08-27,#FFFFFFF
Quang Liem Le,VIE,2715,2018-09-27,#FFFFFFF
Quang Liem Le,VIE,2715,2018-10-27,#FFFFFFF
Quang Liem Le,VIE,2714,2018-11-27,#FFFFFFF
Quang Liem Le,VIE,2714,2018-12-27,#FFFFFFF
Quang Liem Le,VIE,2714,2019-01-27,#FFFFFFF
Quang Liem Le,VIE,2710,2019-02-24,#FFFFFFF
Quang Liem Le,VIE,2647,2010-01-27,#FFFFFFF
Quang Liem Le,VIE,2689,2010-03-27,#FFFFFFF
Quang Liem Le,VIE,2687,2010-05-27,#FFFFFFF
Quang Liem Le,VIE,2681,2010-07-27,#FFFFFFF
Quang Liem Le,VIE,2694,2010-09-27,#FFFFFFF
Quang Liem Le,VIE,2689,2010-11-27,#FFFFFFF
Quang Liem Le,VIE,2664,2011-01-27,#FFFFFFF
Quang Liem Le,VIE,2689,2011-03-27,#FFFFFFF
Quang Liem Le,VIE,2687,2011-05-27,#FFFFFFF
Quang Liem Le,VIE,2715,2011-07-27,#FFFFFFF
Quang Liem Le,VIE,2717,2011-09-27,#FFFFFFF
Quang Liem Le,VIE,2714,2011-11-27,#FFFFFFF
Quang Liem Le,VIE,2714,2012-01-27,#FFFFFFF
Quang Liem Le,VIE,2698,2012-03-27,#FFFFFFF
Quang Liem Le,VIE,2703,2012-05-27,#FFFFFFF
Quang Liem Le,VIE,2693,2012-07-27,#FFFFFFF
Quang Liem Le,VIE,2693,2012-08-27,#FFFFFFF
Quang Liem Le,VIE,2693,2012-09-27,#FFFFFFF
Quang Liem Le,VIE,2703,2012-10-27,#FFFFFFF
Quang Liem Le,VIE,2705,2012-11-27,#FFFFFFF
Quang Liem Le,VIE,2705,2012-12-27,#FFFFFFF
Quang Liem Le,VIE,2705,2013-01-27,#FFFFFFF
Quang Liem Le,VIE,2705,2013-02-27,#FFFFFFF
Quang Liem Le,VIE,2709,2013-03-27,#FFFFFFF
Quang Liem Le,VIE,2717,2013-04-27,#FFFFFFF
Quang Liem Le,VIE,2714,2013-05-27,#FFFFFFF
Quang Liem Le,VIE,2712,2013-06-27,#FFFFFFF
Quang Liem Le,VIE,2712,2013-07-27,#FFFFFFF
Quang Liem Le,VIE,2702,2013-08-27,#FFFFFFF
Quang Liem Le,VIE,2702,2013-09-27,#FFFFFFF
Quang Liem Le,VIE,2712,2013-10-27,#FFFFFFF
Quang Liem Le,VIE,2703,2013-11-27,#FFFFFFF
Quang Liem Le,VIE,2703,2013-12-27,#FFFFFFF
Quang Liem Le,VIE,2703,2014-01-27,#FFFFFFF
Quang Liem Le,VIE,2709,2014-02-27,#FFFFFFF
Quang Liem Le,VIE,2709,2014-03-27,#FFFFFFF
Quang Liem Le,VIE,2710,2014-04-27,#FFFFFFF
Quang Liem Le,VIE,2712,2014-05-27,#FFFFFFF
Quang Liem Le,VIE,2712,2014-06-27,#FFFFFFF
Quang Liem Le,VIE,2710,2014-07-27,#FFFFFFF
Quang Liem Le,VIE,2710,2014-08-27,#FFFFFFF
Quang Liem Le,VIE,2706,2014-09-27,#FFFFFFF
Quang Liem Le,VIE,2706,2014-10-27,#FFFFFFF
Quang Liem Le,VIE,2678,2014-11-27,#FFFFFFF
Quang Liem Le,VIE,2678,2014-12-27,#FFFFFFF
Quang Liem Le,VIE,2678,2015-01-27,#FFFFFFF
Quang Liem Le,VIE,2676,2015-02-27,#FFFFFFF
Quang Liem Le,VIE,2676,2015-03-27,#FFFFFFF
Quang Liem Le,VIE,2693,2015-04-27,#FFFFFFF
Quang Liem Le,VIE,2693,2015-05-27,#FFFFFFF
Quang Liem Le,VIE,2693,2015-06-27,#FFFFFFF
Quang Liem Le,VIE,2699,2015-07-27,#FFFFFFF
Quang Liem Le,VIE,2699,2015-08-27,#FFFFFFF
Quang Liem Le,VIE,2697,2015-09-27,#FFFFFFF
Quang Liem Le,VIE,2697,2015-10-27,#FFFFFFF
Quang Liem Le,VIE,2718,2015-11-27,#FFFFFFF
Quang Liem Le,VIE,2718,2015-12-27,#FFFFFFF
Quang Liem Le,VIE,2718,2016-01-27,#FFFFFFF
Quang Liem Le,VIE,2709,2016-02-27,#FFFFFFF
Quang Liem Le,VIE,2709,2016-03-27,#FFFFFFF
Quang Liem Le,VIE,2709,2016-04-27,#FFFFFFF
Quang Liem Le,VIE,2718,2016-05-27,#FFFFFFF
Quang Liem Le,VIE,2718,2016-06-27,#FFFFFFF
Quang Liem Le,VIE,2723,2016-07-27,#FFFFFFF
Quang Liem Le,VIE,2723,2016-08-27,#FFFFFFF
Quang Liem Le,VIE,2723,2016-09-27,#FFFFFFF
Quang Liem Le,VIE,2723,2016-10-27,#FFFFFFF
Quang Liem Le,VIE,2718,2016-11-27,#FFFFFFF
Quang Liem Le,VIE,2718,2016-12-27,#FFFFFFF
Quang Liem Le,VIE,2718,2017-01-27,#FFFFFFF
Quang Liem Le,VIE,2712,2017-02-27,#FFFFFFF
Quang Liem Le,VIE,2712,2017-03-27,#FFFFFFF
Quang Liem Le,VIE,2726,2017-04-27,#FFFFFFF
Quang Liem Le,VIE,2726,2017-05-27,#FFFFFFF
Quang Liem Le,VIE,2726,2017-06-27,#FFFFFFF
Radoslaw Wojtaszek,POL,2745,2017-07-27,#DC143C
Radoslaw Wojtaszek,POL,2745,2017-08-27,#DC143C
Radoslaw Wojtaszek,POL,2739,2017-09-27,#DC143C
Radoslaw Wojtaszek,POL,2737,2017-10-27,#DC143C
Radoslaw Wojtaszek,POL,2741,2017-11-27,#DC143C
Radoslaw Wojtaszek,POL,2736,2017-12-27,#DC143C
Radoslaw Wojtaszek,POL,2735,2018-01-27,#DC143C
Radoslaw Wojtaszek,POL,2735,2018-02-27,#DC143C
Radoslaw Wojtaszek,POL,2738,2018-03-27,#DC143C
Radoslaw Wojtaszek,POL,2744,2018-04-27,#DC143C
Radoslaw Wojtaszek,POL,2750,2018-05-27,#DC143C
Radoslaw Wojtaszek,POL,2730,2018-06-27,#DC143C
Radoslaw Wojtaszek,POL,2733,2018-07-27,#DC143C
Radoslaw Wojtaszek,POL,2727,2018-08-27,#DC143C
Radoslaw Wojtaszek,POL,2727,2018-09-27,#DC143C
Radoslaw Wojtaszek,POL,2727,2018-10-27,#DC143C
Radoslaw Wojtaszek,POL,2749,2018-11-27,#DC143C
Radoslaw Wojtaszek,POL,2732,2018-12-27,#DC143C
Radoslaw Wojtaszek,POL,2722,2019-01-27,#DC143C
Radoslaw Wojtaszek,POL,2722,2019-02-24,#DC143C
Radoslaw Wojtaszek,POL,2622,2006-07-27,#DC143C
Radoslaw Wojtaszek,POL,2630,2006-10-27,#DC143C
Radoslaw Wojtaszek,POL,2637,2007-01-27,#DC143C
Radoslaw Wojtaszek,POL,2637,2007-07-27,#DC143C
Radoslaw Wojtaszek,POL,2635,2007-10-27,#DC143C
Radoslaw Wojtaszek,POL,2660,2010-03-27,#DC143C
Radoslaw Wojtaszek,POL,2663,2010-05-27,#DC143C
Radoslaw Wojtaszek,POL,2663,2010-07-27,#DC143C
Radoslaw Wojtaszek,POL,2711,2010-09-27,#DC143C
Radoslaw Wojtaszek,POL,2726,2010-11-27,#DC143C
Radoslaw Wojtaszek,POL,2726,2011-01-27,#DC143C
Radoslaw Wojtaszek,POL,2711,2011-03-27,#DC143C
Radoslaw Wojtaszek,POL,2721,2011-05-27,#DC143C
Radoslaw Wojtaszek,POL,2683,2011-07-27,#DC143C
Radoslaw Wojtaszek,POL,2704,2011-09-27,#DC143C
Radoslaw Wojtaszek,POL,2705,2011-11-27,#DC143C
Radoslaw Wojtaszek,POL,2706,2012-01-27,#DC143C
Radoslaw Wojtaszek,POL,2706,2012-03-27,#DC143C
Radoslaw Wojtaszek,POL,2717,2012-05-27,#DC143C
Radoslaw Wojtaszek,POL,2717,2012-07-27,#DC143C
Radoslaw Wojtaszek,POL,2717,2012-08-27,#DC143C
Radoslaw Wojtaszek,POL,2713,2012-09-27,#DC143C
Radoslaw Wojtaszek,POL,2733,2012-10-27,#DC143C
Radoslaw Wojtaszek,POL,2734,2012-11-27,#DC143C
Radoslaw Wojtaszek,POL,2734,2012-12-27,#DC143C
Radoslaw Wojtaszek,POL,2723,2013-01-27,#DC143C
Radoslaw Wojtaszek,POL,2710,2013-02-27,#DC143C
Radoslaw Wojtaszek,POL,2700,2013-03-27,#DC143C
Radoslaw Wojtaszek,POL,2700,2013-04-27,#DC143C
Radoslaw Wojtaszek,POL,2701,2013-05-27,#DC143C
Radoslaw Wojtaszek,POL,2708,2013-06-27,#DC143C
Radoslaw Wojtaszek,POL,2701,2013-07-27,#DC143C
Radoslaw Wojtaszek,POL,2701,2013-08-27,#DC143C
Radoslaw Wojtaszek,POL,2701,2013-09-27,#DC143C
Radoslaw Wojtaszek,POL,2698,2013-10-27,#DC143C
Radoslaw Wojtaszek,POL,2711,2013-11-27,#DC143C
Radoslaw Wojtaszek,POL,2711,2013-12-27,#DC143C
Radoslaw Wojtaszek,POL,2711,2014-01-27,#DC143C
Radoslaw Wojtaszek,POL,2715,2014-02-27,#DC143C
Radoslaw Wojtaszek,POL,2713,2014-03-27,#DC143C
Radoslaw Wojtaszek,POL,2716,2014-04-27,#DC143C
Radoslaw Wojtaszek,POL,2724,2014-05-27,#DC143C
Radoslaw Wojtaszek,POL,2715,2014-06-27,#DC143C
Radoslaw Wojtaszek,POL,2733,2014-07-27,#DC143C
Radoslaw Wojtaszek,POL,2735,2014-08-27,#DC143C
Radoslaw Wojtaszek,POL,2736,2014-09-27,#DC143C
Radoslaw Wojtaszek,POL,2742,2014-10-27,#DC143C
Radoslaw Wojtaszek,POL,2744,2014-11-27,#DC143C
Radoslaw Wojtaszek,POL,2744,2014-12-27,#DC143C
Radoslaw Wojtaszek,POL,2744,2015-01-27,#DC143C
Radoslaw Wojtaszek,POL,2734,2015-02-27,#DC143C
Radoslaw Wojtaszek,POL,2737,2015-03-27,#DC143C
Radoslaw Wojtaszek,POL,2738,2015-04-27,#DC143C
Radoslaw Wojtaszek,POL,2746,2015-05-27,#DC143C
Radoslaw Wojtaszek,POL,2749,2015-06-27,#DC143C
Radoslaw Wojtaszek,POL,2733,2015-07-27,#DC143C
Radoslaw Wojtaszek,POL,2733,2015-08-27,#DC143C
Radoslaw Wojtaszek,POL,2741,2015-09-27,#DC143C
Radoslaw Wojtaszek,POL,2734,2015-10-27,#DC143C
Radoslaw Wojtaszek,POL,2748,2015-11-27,#DC143C
Radoslaw Wojtaszek,POL,2723,2015-12-27,#DC143C
Radoslaw Wojtaszek,POL,2727,2016-01-27,#DC143C
Radoslaw Wojtaszek,POL,2727,2016-02-27,#DC143C
Radoslaw Wojtaszek,POL,2713,2016-03-27,#DC143C
Radoslaw Wojtaszek,POL,2716,2016-04-27,#DC143C
Radoslaw Wojtaszek,POL,2722,2016-05-27,#DC143C
Radoslaw Wojtaszek,POL,2729,2016-06-27,#DC143C
Radoslaw Wojtaszek,POL,2733,2016-07-27,#DC143C
Radoslaw Wojtaszek,POL,2733,2016-08-27,#DC143C
Radoslaw Wojtaszek,POL,2736,2016-09-27,#DC143C
Radoslaw Wojtaszek,POL,2746,2016-10-27,#DC143C
Radoslaw Wojtaszek,POL,2744,2016-11-27,#DC143C
Radoslaw Wojtaszek,POL,2749,2016-12-27,#DC143C
Radoslaw Wojtaszek,POL,2750,2017-01-27,#DC143C
Radoslaw Wojtaszek,POL,2745,2017-02-27,#DC143C
Radoslaw Wojtaszek,POL,2745,2017-03-27,#DC143C
Radoslaw Wojtaszek,POL,2745,2017-04-27,#DC143C
Radoslaw Wojtaszek,POL,2734,2017-05-27,#DC143C
Radoslaw Wojtaszek,POL,2730,2017-06-27,#DC143C
Rafael A Vaganian,ARM,2623,2000-07-27,#dbb300
Rafael A Vaganian,ARM,2627,2000-10-27,#dbb300
Rafael A Vaganian,ARM,2641,2001-01-27,#dbb300
Rafael A Vaganian,ARM,2641,2001-04-27,#dbb300
Rafael A Vaganian,ARM,2650,2001-07-27,#dbb300
Rafael A Vaganian,ARM,2650,2001-10-27,#dbb300
Rafael A Vaganian,ARM,2662,2002-01-27,#dbb300
Rafael A Vaganian,ARM,2664,2002-04-27,#dbb300
Rafael A Vaganian,ARM,2667,2002-07-27,#dbb300
Rafael A Vaganian,ARM,2667,2002-10-27,#dbb300
Rafael A Vaganian,ARM,2667,2003-01-27,#dbb300
Rafael A Vaganian,ARM,2653,2003-04-27,#dbb300
Rafael A Vaganian,ARM,2623,2003-07-27,#dbb300
Rafael A Vaganian,ARM,2623,2003-10-27,#dbb300
Rafael A Vaganian,ARM,2623,2004-01-27,#dbb300
Rafael A Vaganian,ARM,2639,2004-04-27,#dbb300
Rafael A Vaganian,ARM,2642,2004-07-27,#dbb300
Rafael A Vaganian,ARM,2640,2004-10-27,#dbb300
Rafael A Vaganian,ARM,2670,2005-01-27,#dbb300
Rafael A Vaganian,ARM,2631,2005-04-27,#dbb300
Rauf Mamedov,AZE,2680,2017-07-27,#00c0d6
Rauf Mamedov,AZE,2680,2017-08-27,#00c0d6
Rauf Mamedov,AZE,2678,2017-09-27,#00c0d6
Rauf Mamedov,AZE,2678,2017-10-27,#00c0d6
Rauf Mamedov,AZE,2686,2017-11-27,#00c0d6
Rauf Mamedov,AZE,2709,2017-12-27,#00c0d6
Rauf Mamedov,AZE,2709,2018-01-27,#00c0d6
Rauf Mamedov,AZE,2709,2018-02-27,#00c0d6
Rauf Mamedov,AZE,2709,2018-03-27,#00c0d6
Rauf Mamedov,AZE,2704,2018-04-27,#00c0d6
Rauf Mamedov,AZE,2708,2018-05-27,#00c0d6
Rauf Mamedov,AZE,2708,2018-06-27,#00c0d6
Rauf Mamedov,AZE,2708,2018-07-27,#00c0d6
Rauf Mamedov,AZE,2708,2018-08-27,#00c0d6
Rauf Mamedov,AZE,2699,2018-09-27,#00c0d6
Rauf Mamedov,AZE,2699,2018-10-27,#00c0d6
Rauf Mamedov,AZE,2703,2018-11-27,#00c0d6
Rauf Mamedov,AZE,2703,2018-12-27,#00c0d6
Rauf Mamedov,AZE,2703,2019-01-27,#00c0d6
Rauf Mamedov,AZE,2703,2019-02-24,#00c0d6
Rauf Mamedov,AZE,2638,2009-01-27,#00c0d6
Rauf Mamedov,AZE,2645,2009-04-27,#00c0d6
Rauf Mamedov,AZE,2645,2009-07-27,#00c0d6
Rauf Mamedov,AZE,2653,2010-05-27,#00c0d6
Rauf Mamedov,AZE,2660,2010-07-27,#00c0d6
Rauf Mamedov,AZE,2660,2010-09-27,#00c0d6
Rauf Mamedov,AZE,2660,2010-11-27,#00c0d6
Rauf Mamedov,AZE,2660,2011-01-27,#00c0d6
Rauf Mamedov,AZE,2667,2011-03-27,#00c0d6
Rauf Mamedov,AZE,2679,2011-05-27,#00c0d6
Rauf Mamedov,AZE,2679,2011-07-27,#00c0d6
Rauf Mamedov,AZE,2660,2011-09-27,#00c0d6
Rauf Mamedov,AZE,2651,2013-01-27,#00c0d6
Rauf Mamedov,AZE,2651,2013-02-27,#00c0d6
Rauf Mamedov,AZE,2662,2013-03-27,#00c0d6
Rauf Mamedov,AZE,2662,2013-04-27,#00c0d6
Rauf Mamedov,AZE,2656,2013-12-27,#00c0d6
Rauf Mamedov,AZE,2659,2014-01-27,#00c0d6
Rauf Mamedov,AZE,2659,2014-02-27,#00c0d6
Rauf Mamedov,AZE,2660,2014-03-27,#00c0d6
Rauf Mamedov,AZE,2660,2014-04-27,#00c0d6
Rauf Mamedov,AZE,2660,2014-05-27,#00c0d6
Rauf Mamedov,AZE,2659,2014-06-27,#00c0d6
Rauf Mamedov,AZE,2659,2014-07-27,#00c0d6
Rauf Mamedov,AZE,2659,2014-08-27,#00c0d6
Rauf Mamedov,AZE,2660,2014-09-27,#00c0d6
Rauf Mamedov,AZE,2667,2014-10-27,#00c0d6
Rauf Mamedov,AZE,2658,2014-12-27,#00c0d6
Rauf Mamedov,AZE,2658,2015-03-27,#00c0d6
Rauf Mamedov,AZE,2655,2015-05-27,#00c0d6
Rauf Mamedov,AZE,2657,2015-09-27,#00c0d6
Rauf Mamedov,AZE,2657,2015-10-27,#00c0d6
Rauf Mamedov,AZE,2653,2015-11-27,#00c0d6
Rauf Mamedov,AZE,2655,2016-05-27,#00c0d6
Rauf Mamedov,AZE,2655,2016-06-27,#00c0d6
Rauf Mamedov,AZE,2666,2016-07-27,#00c0d6
Rauf Mamedov,AZE,2666,2016-08-27,#00c0d6
Rauf Mamedov,AZE,2666,2016-09-27,#00c0d6
Rauf Mamedov,AZE,2678,2016-10-27,#00c0d6
Rauf Mamedov,AZE,2684,2016-11-27,#00c0d6
Rauf Mamedov,AZE,2688,2016-12-27,#00c0d6
Rauf Mamedov,AZE,2688,2017-01-27,#00c0d6
Rauf Mamedov,AZE,2688,2017-02-27,#00c0d6
Rauf Mamedov,AZE,2688,2017-03-27,#00c0d6
Rauf Mamedov,AZE,2689,2017-04-27,#00c0d6
Rauf Mamedov,AZE,2689,2017-05-27,#00c0d6
Rauf Mamedov,AZE,2689,2017-06-27,#00c0d6
Ray Robson,USA,2653,2017-07-27,#3c3b6e
Ray Robson,USA,2653,2017-08-27,#3c3b6e
Ray Robson,USA,2660,2018-04-27,#3c3b6e
Ray Robson,USA,2670,2018-05-27,#3c3b6e
Ray Robson,USA,2670,2018-06-27,#3c3b6e
Ray Robson,USA,2670,2018-07-27,#3c3b6e
Ray Robson,USA,2670,2018-08-27,#3c3b6e
Ray Robson,USA,2682,2018-09-27,#3c3b6e
Ray Robson,USA,2682,2018-10-27,#3c3b6e
Ray Robson,USA,2676,2018-11-27,#3c3b6e
Ray Robson,USA,2667,2018-12-27,#3c3b6e
Ray Robson,USA,2667,2019-01-27,#3c3b6e
Ray Robson,USA,2667,2019-02-24,#3c3b6e
Ray Robson,USA,2656,2015-02-27,#3c3b6e
Ray Robson,USA,2656,2015-03-27,#3c3b6e
Ray Robson,USA,2656,2015-04-27,#3c3b6e
Ray Robson,USA,2674,2015-05-27,#3c3b6e
Ray Robson,USA,2674,2015-06-27,#3c3b6e
Ray Robson,USA,2680,2015-07-27,#3c3b6e
Ray Robson,USA,2680,2015-08-27,#3c3b6e
Ray Robson,USA,2680,2015-09-27,#3c3b6e
Ray Robson,USA,2680,2015-10-27,#3c3b6e
Ray Robson,USA,2659,2015-11-27,#3c3b6e
Ray Robson,USA,2659,2015-12-27,#3c3b6e
Ray Robson,USA,2659,2016-01-27,#3c3b6e
Ray Robson,USA,2663,2016-02-27,#3c3b6e
Ray Robson,USA,2663,2016-03-27,#3c3b6e
Ray Robson,USA,2663,2016-04-27,#3c3b6e
Ray Robson,USA,2674,2016-05-27,#3c3b6e
Ray Robson,USA,2674,2016-06-27,#3c3b6e
Ray Robson,USA,2674,2016-07-27,#3c3b6e
Ray Robson,USA,2674,2016-08-27,#3c3b6e
Ray Robson,USA,2674,2016-09-27,#3c3b6e
Ray Robson,USA,2670,2016-10-27,#3c3b6e
Ray Robson,USA,2675,2016-11-27,#3c3b6e
Ray Robson,USA,2675,2016-12-27,#3c3b6e
Ray Robson,USA,2675,2017-01-27,#3c3b6e
Ray Robson,USA,2668,2017-02-27,#3c3b6e
Ray Robson,USA,2668,2017-03-27,#3c3b6e
Ray Robson,USA,2663,2017-04-27,#3c3b6e
Ray Robson,USA,2656,2017-05-27,#3c3b6e
Ray Robson,USA,2656,2017-06-27,#3c3b6e
Richard Rapport,HUN,2675,2017-07-27,#259838
Richard Rapport,HUN,2675,2017-08-27,#259838
Richard Rapport,HUN,2675,2017-09-27,#259838
Richard Rapport,HUN,2686,2017-10-27,#259838
Richard Rapport,HUN,2692,2017-11-27,#259838
Richard Rapport,HUN,2707,2017-12-27,#259838
Richard Rapport,HUN,2700,2018-01-27,#259838
Richard Rapport,HUN,2703,2018-02-27,#259838
Richard Rapport,HUN,2715,2018-03-27,#259838
Richard Rapport,HUN,2713,2018-04-27,#259838
Richard Rapport,HUN,2707,2018-05-27,#259838
Richard Rapport,HUN,2719,2018-06-27,#259838
Richard Rapport,HUN,2719,2018-07-27,#259838
Richard Rapport,HUN,2719,2018-08-27,#259838
Richard Rapport,HUN,2723,2018-09-27,#259838
Richard Rapport,HUN,2725,2018-10-27,#259838
Richard Rapport,HUN,2726,2018-11-27,#259838
Richard Rapport,HUN,2732,2018-12-27,#259838
Richard Rapport,HUN,2731,2019-01-27,#259838
Richard Rapport,HUN,2735,2019-02-24,#259838
Richard Rapport,HUN,2654,2013-04-27,#259838
Richard Rapport,HUN,2674,2013-05-27,#259838
Richard Rapport,HUN,2674,2013-06-27,#259838
Richard Rapport,HUN,2693,2013-07-27,#259838
Richard Rapport,HUN,2693,2013-08-27,#259838
Richard Rapport,HUN,2676,2013-09-27,#259838
Richard Rapport,HUN,2676,2013-10-27,#259838
Richard Rapport,HUN,2680,2013-11-27,#259838
Richard Rapport,HUN,2687,2013-12-27,#259838
Richard Rapport,HUN,2691,2014-01-27,#259838
Richard Rapport,HUN,2679,2014-02-27,#259838
Richard Rapport,HUN,2681,2014-03-27,#259838
Richard Rapport,HUN,2698,2014-04-27,#259838
Richard Rapport,HUN,2701,2014-05-27,#259838
Richard Rapport,HUN,2701,2014-06-27,#259838
Richard Rapport,HUN,2701,2014-07-27,#259838
Richard Rapport,HUN,2704,2014-08-27,#259838
Richard Rapport,HUN,2713,2014-09-27,#259838
Richard Rapport,HUN,2720,2014-10-27,#259838
Richard Rapport,HUN,2718,2014-11-27,#259838
Richard Rapport,HUN,2716,2014-12-27,#259838
Richard Rapport,HUN,2716,2015-01-27,#259838
Richard Rapport,HUN,2703,2015-02-27,#259838
Richard Rapport,HUN,2709,2015-03-27,#259838
Richard Rapport,HUN,2710,2015-04-27,#259838
Richard Rapport,HUN,2671,2015-05-27,#259838
Richard Rapport,HUN,2671,2015-06-27,#259838
Richard Rapport,HUN,2671,2015-07-27,#259838
Richard Rapport,HUN,2671,2015-08-27,#259838
Richard Rapport,HUN,2663,2015-10-27,#259838
Richard Rapport,HUN,2693,2015-11-27,#259838
Richard Rapport,HUN,2715,2015-12-27,#259838
Richard Rapport,HUN,2721,2016-01-27,#259838
Richard Rapport,HUN,2721,2016-02-27,#259838
Richard Rapport,HUN,2720,2016-03-27,#259838
Richard Rapport,HUN,2717,2016-04-27,#259838
Richard Rapport,HUN,2731,2016-05-27,#259838
Richard Rapport,HUN,2731,2016-06-27,#259838
Richard Rapport,HUN,2752,2016-07-27,#259838
Richard Rapport,HUN,2752,2016-08-27,#259838
Richard Rapport,HUN,2752,2016-09-27,#259838
Richard Rapport,HUN,2729,2016-10-27,#259838
Richard Rapport,HUN,2730,2016-11-27,#259838
Richard Rapport,HUN,2717,2016-12-27,#259838
Richard Rapport,HUN,2702,2017-01-27,#259838
Richard Rapport,HUN,2692,2017-02-27,#259838
Richard Rapport,HUN,2696,2017-03-27,#259838
Richard Rapport,HUN,2696,2017-04-27,#259838
Richard Rapport,HUN,2698,2017-05-27,#259838
Richard Rapport,HUN,2694,2017-06-27,#259838
Robert Dr. Huebner,GER,2615,2000-07-27,#FFFFFFF
Robert Dr. Huebner,GER,2606,2000-10-27,#FFFFFFF
Robert Dr. Huebner,GER,2616,2001-01-27,#FFFFFFF
Robert Dr. Huebner,GER,2616,2001-04-27,#FFFFFFF
Robert Dr. Huebner,GER,2612,2001-07-27,#FFFFFFF
Robert Dr. Huebner,GER,2612,2001-10-27,#FFFFFFF
Robert Dr. Huebner,GER,2628,2002-01-27,#FFFFFFF
Robert Dr. Huebner,GER,2628,2002-04-27,#FFFFFFF
Robert Dr. Huebner,GER,2634,2002-07-27,#FFFFFFF
Robert Dr. Huebner,GER,2640,2002-10-27,#FFFFFFF
Robert Dr. Huebner,GER,2625,2003-01-27,#FFFFFFF
Robert Dr. Huebner,GER,2625,2003-04-27,#FFFFFFF
Robert Dr. Huebner,GER,2624,2004-07-27,#FFFFFFF
Robert Dr. Huebner,GER,2624,2004-10-27,#FFFFFFF
Robert Dr. Huebner,GER,2624,2005-01-27,#FFFFFFF
Robert Dr. Huebner,GER,2624,2005-04-27,#FFFFFFF
Robert Dr. Huebner,GER,2636,2005-07-27,#FFFFFFF
Robert Dr. Huebner,GER,2637,2005-10-27,#FFFFFFF
Robert Dr. Huebner,GER,2632,2006-01-27,#FFFFFFF
Robert Dr. Huebner,GER,2632,2006-04-27,#FFFFFFF
Robert Kempinski,POL,2612,2004-07-27,#DC143C
Robert Kempinski,POL,2624,2005-01-27,#DC143C
Robert Kempinski,POL,2627,2005-04-27,#DC143C
Robert Kempinski,POL,2619,2005-07-27,#DC143C
Robert Kempinski,POL,2619,2005-10-27,#DC143C
Robert Kempinski,POL,2619,2006-01-27,#DC143C
Robert Kempinski,POL,2653,2015-04-27,#DC143C
Robert Markus,SRB,2672,2017-07-27,#FFFFFFF
Robert Markus,SRB,2672,2017-08-27,#FFFFFFF
Robert Markus,SRB,2652,2011-07-27,#FFFFFFF
Robert Markus,SRB,2662,2016-06-27,#FFFFFFF
Robert Markus,SRB,2662,2016-07-27,#FFFFFFF
Robert Markus,SRB,2662,2016-08-27,#FFFFFFF
Robert Markus,SRB,2662,2016-09-27,#FFFFFFF
Robert Markus,SRB,2660,2016-12-27,#FFFFFFF
Robert Markus,SRB,2665,2017-01-27,#FFFFFFF
Robert Markus,SRB,2667,2017-02-27,#FFFFFFF
Robert Markus,SRB,2671,2017-03-27,#FFFFFFF
Robert Markus,SRB,2672,2017-04-27,#FFFFFFF
Robert Markus,SRB,2673,2017-05-27,#FFFFFFF
Robert Markus,SRB,2672,2017-06-27,#FFFFFFF
Robin Van Kampen,NED,2657,2018-05-27,#ff9a14
Robin Van Kampen,NED,2658,2018-06-27,#ff9a14
Robin Van Kampen,NED,2658,2018-07-27,#ff9a14
Robin Van Kampen,NED,2658,2018-08-27,#ff9a14
Robin Van Kampen,NED,2658,2018-09-27,#ff9a14
Robin Van Kampen,NED,2658,2018-10-27,#ff9a14
Robin Van Kampen,NED,2658,2018-11-27,#ff9a14
Robin Van Kampen,NED,2658,2018-12-27,#ff9a14
Robin Van Kampen,NED,2658,2019-01-27,#ff9a14
Robin Van Kampen,NED,2658,2019-02-24,#ff9a14
Romain Edouard,FRA,2652,2012-08-27,#3e3b9b
Romain Edouard,FRA,2678,2012-09-27,#3e3b9b
Romain Edouard,FRA,2664,2012-10-27,#3e3b9b
Romain Edouard,FRA,2688,2012-11-27,#3e3b9b
Romain Edouard,FRA,2686,2012-12-27,#3e3b9b
Romain Edouard,FRA,2686,2013-01-27,#3e3b9b
Romain Edouard,FRA,2680,2013-02-27,#3e3b9b
Romain Edouard,FRA,2680,2013-03-27,#3e3b9b
Romain Edouard,FRA,2670,2013-04-27,#3e3b9b
Romain Edouard,FRA,2659,2013-05-27,#3e3b9b
Romain Edouard,FRA,2666,2013-06-27,#3e3b9b
Romain Edouard,FRA,2662,2013-07-27,#3e3b9b
Romain Edouard,FRA,2662,2013-08-27,#3e3b9b
Romain Edouard,FRA,2665,2013-09-27,#3e3b9b
Romain Edouard,FRA,2657,2013-10-27,#3e3b9b
Romain Edouard,FRA,2653,2013-11-27,#3e3b9b
Romain Edouard,FRA,2665,2013-12-27,#3e3b9b
Romain Edouard,FRA,2658,2014-01-27,#3e3b9b
Romain Edouard,FRA,2661,2014-02-27,#3e3b9b
Romain Edouard,FRA,2670,2014-03-27,#3e3b9b
Romain Edouard,FRA,2670,2014-04-27,#3e3b9b
Romain Edouard,FRA,2692,2014-05-27,#3e3b9b
Romain Edouard,FRA,2702,2014-06-27,#3e3b9b
Romain Edouard,FRA,2679,2014-07-27,#3e3b9b
Romain Edouard,FRA,2680,2014-08-27,#3e3b9b
Romain Edouard,FRA,2674,2014-09-27,#3e3b9b
Romain Edouard,FRA,2659,2014-10-27,#3e3b9b
Romain Edouard,FRA,2659,2014-11-27,#3e3b9b
Romain Edouard,FRA,2659,2014-12-27,#3e3b9b
Ruben Felgaer,ARG,2618,2005-07-27,#2c66a4
Ruben Felgaer,ARG,2624,2005-10-27,#2c66a4
Ruslan Ponomariov,UKR,2692,2017-07-27,#005BBB
Ruslan Ponomariov,UKR,2692,2017-08-27,#005BBB
Ruslan Ponomariov,UKR,2694,2017-09-27,#005BBB
Ruslan Ponomariov,UKR,2687,2017-10-27,#005BBB
Ruslan Ponomariov,UKR,2687,2017-11-27,#005BBB
Ruslan Ponomariov,UKR,2694,2017-12-27,#005BBB
Ruslan Ponomariov,UKR,2694,2018-01-27,#005BBB
Ruslan Ponomariov,UKR,2694,2018-02-27,#005BBB
Ruslan Ponomariov,UKR,2697,2018-03-27,#005BBB
Ruslan Ponomariov,UKR,2683,2018-04-27,#005BBB
Ruslan Ponomariov,UKR,2686,2018-05-27,#005BBB
Ruslan Ponomariov,UKR,2686,2018-06-27,#005BBB
Ruslan Ponomariov,UKR,2686,2018-07-27,#005BBB
Ruslan Ponomariov,UKR,2686,2018-08-27,#005BBB
Ruslan Ponomariov,UKR,2681,2018-09-27,#005BBB
Ruslan Ponomariov,UKR,2681,2018-10-27,#005BBB
Ruslan Ponomariov,UKR,2663,2018-11-27,#005BBB
Ruslan Ponomariov,UKR,2663,2018-12-27,#005BBB
Ruslan Ponomariov,UKR,2664,2019-01-27,#005BBB
Ruslan Ponomariov,UKR,2665,2019-02-24,#005BBB
Ruslan Ponomariov,UKR,2630,2000-07-27,#005BBB
Ruslan Ponomariov,UKR,2624,2000-10-27,#005BBB
Ruslan Ponomariov,UKR,2677,2001-01-27,#005BBB
Ruslan Ponomariov,UKR,2673,2001-04-27,#005BBB
Ruslan Ponomariov,UKR,2684,2001-07-27,#005BBB
Ruslan Ponomariov,UKR,2684,2001-10-27,#005BBB
Ruslan Ponomariov,UKR,2727,2002-01-27,#005BBB
Ruslan Ponomariov,UKR,2743,2002-04-27,#005BBB
Ruslan Ponomariov,UKR,2743,2002-07-27,#005BBB
Ruslan Ponomariov,UKR,2743,2002-10-27,#005BBB
Ruslan Ponomariov,UKR,2734,2003-01-27,#005BBB
Ruslan Ponomariov,UKR,2718,2003-04-27,#005BBB
Ruslan Ponomariov,UKR,2718,2003-07-27,#005BBB
Ruslan Ponomariov,UKR,2718,2003-10-27,#005BBB
Ruslan Ponomariov,UKR,2722,2004-01-27,#005BBB
Ruslan Ponomariov,UKR,2722,2004-04-27,#005BBB
Ruslan Ponomariov,UKR,2722,2004-07-27,#005BBB
Ruslan Ponomariov,UKR,2710,2004-10-27,#005BBB
Ruslan Ponomariov,UKR,2700,2005-01-27,#005BBB
Ruslan Ponomariov,UKR,2695,2005-04-27,#005BBB
Ruslan Ponomariov,UKR,2704,2005-07-27,#005BBB
Ruslan Ponomariov,UKR,2704,2005-10-27,#005BBB
Ruslan Ponomariov,UKR,2723,2006-01-27,#005BBB
Ruslan Ponomariov,UKR,2738,2006-04-27,#005BBB
Ruslan Ponomariov,UKR,2721,2006-07-27,#005BBB
Ruslan Ponomariov,UKR,2703,2006-10-27,#005BBB
Ruslan Ponomariov,UKR,2723,2007-01-27,#005BBB
Ruslan Ponomariov,UKR,2717,2007-04-27,#005BBB
Ruslan Ponomariov,UKR,2706,2007-07-27,#005BBB
Ruslan Ponomariov,UKR,2705,2007-10-27,#005BBB
Ruslan Ponomariov,UKR,2719,2008-01-27,#005BBB
Ruslan Ponomariov,UKR,2719,2008-04-27,#005BBB
Ruslan Ponomariov,UKR,2718,2008-07-27,#005BBB
Ruslan Ponomariov,UKR,2719,2008-10-27,#005BBB
Ruslan Ponomariov,UKR,2726,2009-01-27,#005BBB
Ruslan Ponomariov,UKR,2726,2009-04-27,#005BBB
Ruslan Ponomariov,UKR,2727,2009-07-27,#005BBB
Ruslan Ponomariov,UKR,2741,2009-09-27,#005BBB
Ruslan Ponomariov,UKR,2739,2009-11-27,#005BBB
Ruslan Ponomariov,UKR,2737,2010-01-27,#005BBB
Ruslan Ponomariov,UKR,2737,2010-03-27,#005BBB
Ruslan Ponomariov,UKR,2733,2010-05-27,#005BBB
Ruslan Ponomariov,UKR,2734,2010-07-27,#005BBB
Ruslan Ponomariov,UKR,2749,2010-09-27,#005BBB
Ruslan Ponomariov,UKR,2744,2010-11-27,#005BBB
Ruslan Ponomariov,UKR,2744,2011-01-27,#005BBB
Ruslan Ponomariov,UKR,2743,2011-03-27,#005BBB
Ruslan Ponomariov,UKR,2754,2011-05-27,#005BBB
Ruslan Ponomariov,UKR,2764,2011-07-27,#005BBB
Ruslan Ponomariov,UKR,2758,2011-09-27,#005BBB
Ruslan Ponomariov,UKR,2723,2011-11-27,#005BBB
Ruslan Ponomariov,UKR,2727,2012-01-27,#005BBB
Ruslan Ponomariov,UKR,2727,2012-03-27,#005BBB
Ruslan Ponomariov,UKR,2726,2012-05-27,#005BBB
Ruslan Ponomariov,UKR,2726,2012-07-27,#005BBB
Ruslan Ponomariov,UKR,2734,2012-08-27,#005BBB
Ruslan Ponomariov,UKR,2729,2012-09-27,#005BBB
Ruslan Ponomariov,UKR,2735,2012-10-27,#005BBB
Ruslan Ponomariov,UKR,2741,2012-11-27,#005BBB
Ruslan Ponomariov,UKR,2732,2012-12-27,#005BBB
Ruslan Ponomariov,UKR,2733,2013-01-27,#005BBB
Ruslan Ponomariov,UKR,2733,2013-02-27,#005BBB
Ruslan Ponomariov,UKR,2733,2013-03-27,#005BBB
Ruslan Ponomariov,UKR,2733,2013-04-27,#005BBB
Ruslan Ponomariov,UKR,2742,2013-05-27,#005BBB
Ruslan Ponomariov,UKR,2743,2013-06-27,#005BBB
Ruslan Ponomariov,UKR,2756,2013-07-27,#005BBB
Ruslan Ponomariov,UKR,2756,2013-08-27,#005BBB
Ruslan Ponomariov,UKR,2756,2013-09-27,#005BBB
Ruslan Ponomariov,UKR,2751,2013-10-27,#005BBB
Ruslan Ponomariov,UKR,2731,2013-11-27,#005BBB
Ruslan Ponomariov,UKR,2731,2013-12-27,#005BBB
Ruslan Ponomariov,UKR,2721,2014-01-27,#005BBB
Ruslan Ponomariov,UKR,2721,2014-02-27,#005BBB
Ruslan Ponomariov,UKR,2721,2014-03-27,#005BBB
Ruslan Ponomariov,UKR,2723,2014-04-27,#005BBB
Ruslan Ponomariov,UKR,2723,2014-05-27,#005BBB
Ruslan Ponomariov,UKR,2723,2014-06-27,#005BBB
Ruslan Ponomariov,UKR,2723,2014-07-27,#005BBB
Ruslan Ponomariov,UKR,2717,2014-08-27,#005BBB
Ruslan Ponomariov,UKR,2717,2014-09-27,#005BBB
Ruslan Ponomariov,UKR,2717,2014-10-27,#005BBB
Ruslan Ponomariov,UKR,2711,2014-11-27,#005BBB
Ruslan Ponomariov,UKR,2713,2014-12-27,#005BBB
Ruslan Ponomariov,UKR,2713,2015-01-27,#005BBB
Ruslan Ponomariov,UKR,2713,2015-02-27,#005BBB
Ruslan Ponomariov,UKR,2713,2015-03-27,#005BBB
Ruslan Ponomariov,UKR,2714,2015-04-27,#005BBB
Ruslan Ponomariov,UKR,2711,2015-05-27,#005BBB
Ruslan Ponomariov,UKR,2711,2015-06-27,#005BBB
Ruslan Ponomariov,UKR,2711,2015-07-27,#005BBB
Ruslan Ponomariov,UKR,2711,2015-08-27,#005BBB
Ruslan Ponomariov,UKR,2710,2015-09-27,#005BBB
Ruslan Ponomariov,UKR,2710,2015-10-27,#005BBB
Ruslan Ponomariov,UKR,2710,2015-11-27,#005BBB
Ruslan Ponomariov,UKR,2710,2015-12-27,#005BBB
Ruslan Ponomariov,UKR,2712,2016-01-27,#005BBB
Ruslan Ponomariov,UKR,2712,2016-02-27,#005BBB
Ruslan Ponomariov,UKR,2712,2016-03-27,#005BBB
Ruslan Ponomariov,UKR,2712,2016-04-27,#005BBB
Ruslan Ponomariov,UKR,2715,2016-05-27,#005BBB
Ruslan Ponomariov,UKR,2706,2016-06-27,#005BBB
Ruslan Ponomariov,UKR,2706,2016-07-27,#005BBB
Ruslan Ponomariov,UKR,2709,2016-08-27,#005BBB
Ruslan Ponomariov,UKR,2709,2016-09-27,#005BBB
Ruslan Ponomariov,UKR,2709,2016-10-27,#005BBB
Ruslan Ponomariov,UKR,2709,2016-11-27,#005BBB
Ruslan Ponomariov,UKR,2709,2016-12-27,#005BBB
Ruslan Ponomariov,UKR,2709,2017-01-27,#005BBB
Ruslan Ponomariov,UKR,2709,2017-02-27,#005BBB
Ruslan Ponomariov,UKR,2709,2017-03-27,#005BBB
Ruslan Ponomariov,UKR,2709,2017-04-27,#005BBB
Ruslan Ponomariov,UKR,2712,2017-05-27,#005BBB
Ruslan Ponomariov,UKR,2712,2017-06-27,#005BBB
Rustam Kasimdzhanov,UZB,2676,2017-07-27,#0099B5
Rustam Kasimdzhanov,UZB,2676,2017-08-27,#0099B5
Rustam Kasimdzhanov,UZB,2676,2017-09-27,#0099B5
Rustam Kasimdzhanov,UZB,2676,2017-10-27,#0099B5
Rustam Kasimdzhanov,UZB,2685,2017-11-27,#0099B5
Rustam Kasimdzhanov,UZB,2683,2017-12-27,#0099B5
Rustam Kasimdzhanov,UZB,2683,2018-01-27,#0099B5
Rustam Kasimdzhanov,UZB,2683,2018-02-27,#0099B5
Rustam Kasimdzhanov,UZB,2676,2018-03-27,#0099B5
Rustam Kasimdzhanov,UZB,2676,2018-04-27,#0099B5
Rustam Kasimdzhanov,UZB,2658,2018-05-27,#0099B5
Rustam Kasimdzhanov,UZB,2662,2018-06-27,#0099B5
Rustam Kasimdzhanov,UZB,2662,2018-07-27,#0099B5
Rustam Kasimdzhanov,UZB,2662,2018-08-27,#0099B5
Rustam Kasimdzhanov,UZB,2662,2018-09-27,#0099B5
Rustam Kasimdzhanov,UZB,2662,2018-10-27,#0099B5
Rustam Kasimdzhanov,UZB,2659,2018-11-27,#0099B5
Rustam Kasimdzhanov,UZB,2659,2018-12-27,#0099B5
Rustam Kasimdzhanov,UZB,2659,2019-01-27,#0099B5
Rustam Kasimdzhanov,UZB,2661,2019-02-24,#0099B5
Rustam Kasimdzhanov,UZB,2690,2000-07-27,#0099B5
Rustam Kasimdzhanov,UZB,2690,2000-10-27,#0099B5
Rustam Kasimdzhanov,UZB,2693,2001-01-27,#0099B5
Rustam Kasimdzhanov,UZB,2693,2001-04-27,#0099B5
Rustam Kasimdzhanov,UZB,2704,2001-07-27,#0099B5
Rustam Kasimdzhanov,UZB,2706,2001-10-27,#0099B5
Rustam Kasimdzhanov,UZB,2695,2002-01-27,#0099B5
Rustam Kasimdzhanov,UZB,2674,2002-04-27,#0099B5
Rustam Kasimdzhanov,UZB,2653,2002-07-27,#0099B5
Rustam Kasimdzhanov,UZB,2653,2002-10-27,#0099B5
Rustam Kasimdzhanov,UZB,2676,2003-01-27,#0099B5
Rustam Kasimdzhanov,UZB,2680,2003-04-27,#0099B5
Rustam Kasimdzhanov,UZB,2664,2003-07-27,#0099B5
Rustam Kasimdzhanov,UZB,2669,2003-10-27,#0099B5
Rustam Kasimdzhanov,UZB,2652,2004-01-27,#0099B5
Rustam Kasimdzhanov,UZB,2652,2004-04-27,#0099B5
Rustam Kasimdzhanov,UZB,2640,2004-07-27,#0099B5
Rustam Kasimdzhanov,UZB,2650,2004-10-27,#0099B5
Rustam Kasimdzhanov,UZB,2678,2005-01-27,#0099B5
Rustam Kasimdzhanov,UZB,2670,2005-04-27,#0099B5
Rustam Kasimdzhanov,UZB,2670,2005-07-27,#0099B5
Rustam Kasimdzhanov,UZB,2670,2005-10-27,#0099B5
Rustam Kasimdzhanov,UZB,2670,2006-01-27,#0099B5
Rustam Kasimdzhanov,UZB,2673,2006-04-27,#0099B5
Rustam Kasimdzhanov,UZB,2672,2006-07-27,#0099B5
Rustam Kasimdzhanov,UZB,2672,2006-10-27,#0099B5
Rustam Kasimdzhanov,UZB,2682,2007-01-27,#0099B5
Rustam Kasimdzhanov,UZB,2677,2007-04-27,#0099B5
Rustam Kasimdzhanov,UZB,2683,2007-07-27,#0099B5
Rustam Kasimdzhanov,UZB,2690,2007-10-27,#0099B5
Rustam Kasimdzhanov,UZB,2681,2008-01-27,#0099B5
Rustam Kasimdzhanov,UZB,2681,2008-04-27,#0099B5
Rustam Kasimdzhanov,UZB,2679,2008-07-27,#0099B5
Rustam Kasimdzhanov,UZB,2672,2008-10-27,#0099B5
Rustam Kasimdzhanov,UZB,2687,2009-01-27,#0099B5
Rustam Kasimdzhanov,UZB,2695,2009-04-27,#0099B5
Rustam Kasimdzhanov,UZB,2672,2009-07-27,#0099B5
Rustam Kasimdzhanov,UZB,2702,2009-09-27,#0099B5
Rustam Kasimdzhanov,UZB,2705,2009-11-27,#0099B5
Rustam Kasimdzhanov,UZB,2702,2010-01-27,#0099B5
Rustam Kasimdzhanov,UZB,2702,2010-03-27,#0099B5
Rustam Kasimdzhanov,UZB,2699,2010-05-27,#0099B5
Rustam Kasimdzhanov,UZB,2699,2010-07-27,#0099B5
Rustam Kasimdzhanov,UZB,2685,2010-09-27,#0099B5
Rustam Kasimdzhanov,UZB,2685,2010-11-27,#0099B5
Rustam Kasimdzhanov,UZB,2681,2011-01-27,#0099B5
Rustam Kasimdzhanov,UZB,2687,2011-03-27,#0099B5
Rustam Kasimdzhanov,UZB,2685,2011-05-27,#0099B5
Rustam Kasimdzhanov,UZB,2669,2011-07-27,#0099B5
Rustam Kasimdzhanov,UZB,2678,2011-09-27,#0099B5
Rustam Kasimdzhanov,UZB,2675,2011-11-27,#0099B5
Rustam Kasimdzhanov,UZB,2689,2012-01-27,#0099B5
Rustam Kasimdzhanov,UZB,2689,2012-03-27,#0099B5
Rustam Kasimdzhanov,UZB,2690,2012-05-27,#0099B5
Rustam Kasimdzhanov,UZB,2690,2012-07-27,#0099B5
Rustam Kasimdzhanov,UZB,2684,2012-08-27,#0099B5
Rustam Kasimdzhanov,UZB,2684,2012-09-27,#0099B5
Rustam Kasimdzhanov,UZB,2690,2012-10-27,#0099B5
Rustam Kasimdzhanov,UZB,2696,2012-11-27,#0099B5
Rustam Kasimdzhanov,UZB,2696,2012-12-27,#0099B5
Rustam Kasimdzhanov,UZB,2709,2013-01-27,#0099B5
Rustam Kasimdzhanov,UZB,2709,2013-02-27,#0099B5
Rustam Kasimdzhanov,UZB,2709,2013-03-27,#0099B5
Rustam Kasimdzhanov,UZB,2709,2013-04-27,#0099B5
Rustam Kasimdzhanov,UZB,2699,2013-05-27,#0099B5
Rustam Kasimdzhanov,UZB,2699,2013-06-27,#0099B5
Rustam Kasimdzhanov,UZB,2699,2013-07-27,#0099B5
Rustam Kasimdzhanov,UZB,2699,2013-08-27,#0099B5
Rustam Kasimdzhanov,UZB,2699,2013-09-27,#0099B5
Rustam Kasimdzhanov,UZB,2699,2013-10-27,#0099B5
Rustam Kasimdzhanov,UZB,2698,2013-11-27,#0099B5
Rustam Kasimdzhanov,UZB,2701,2013-12-27,#0099B5
Rustam Kasimdzhanov,UZB,2698,2014-01-27,#0099B5
Rustam Kasimdzhanov,UZB,2698,2014-02-27,#0099B5
Rustam Kasimdzhanov,UZB,2693,2014-03-27,#0099B5
Rustam Kasimdzhanov,UZB,2693,2014-04-27,#0099B5
Rustam Kasimdzhanov,UZB,2700,2014-05-27,#0099B5
Rustam Kasimdzhanov,UZB,2700,2014-06-27,#0099B5
Rustam Kasimdzhanov,UZB,2700,2014-07-27,#0099B5
Rustam Kasimdzhanov,UZB,2700,2014-08-27,#0099B5
Rustam Kasimdzhanov,UZB,2706,2014-09-27,#0099B5
Rustam Kasimdzhanov,UZB,2706,2014-10-27,#0099B5
Rustam Kasimdzhanov,UZB,2709,2014-11-27,#0099B5
Rustam Kasimdzhanov,UZB,2703,2014-12-27,#0099B5
Rustam Kasimdzhanov,UZB,2705,2015-01-27,#0099B5
Rustam Kasimdzhanov,UZB,2705,2015-02-27,#0099B5
Rustam Kasimdzhanov,UZB,2712,2015-03-27,#0099B5
Rustam Kasimdzhanov,UZB,2712,2015-04-27,#0099B5
Rustam Kasimdzhanov,UZB,2715,2015-05-27,#0099B5
Rustam Kasimdzhanov,UZB,2704,2015-06-27,#0099B5
Rustam Kasimdzhanov,UZB,2704,2015-07-27,#0099B5
Rustam Kasimdzhanov,UZB,2704,2015-08-27,#0099B5
Rustam Kasimdzhanov,UZB,2704,2015-09-27,#0099B5
Rustam Kasimdzhanov,UZB,2704,2015-10-27,#0099B5
Rustam Kasimdzhanov,UZB,2702,2015-11-27,#0099B5
Rustam Kasimdzhanov,UZB,2702,2015-12-27,#0099B5
Rustam Kasimdzhanov,UZB,2702,2016-01-27,#0099B5
Rustam Kasimdzhanov,UZB,2704,2016-02-27,#0099B5
Rustam Kasimdzhanov,UZB,2694,2016-03-27,#0099B5
Rustam Kasimdzhanov,UZB,2694,2016-04-27,#0099B5
Rustam Kasimdzhanov,UZB,2703,2016-05-27,#0099B5
Rustam Kasimdzhanov,UZB,2703,2016-06-27,#0099B5
Rustam Kasimdzhanov,UZB,2696,2016-07-27,#0099B5
Rustam Kasimdzhanov,UZB,2696,2016-08-27,#0099B5
Rustam Kasimdzhanov,UZB,2696,2016-09-27,#0099B5
Rustam Kasimdzhanov,UZB,2691,2016-10-27,#0099B5
Rustam Kasimdzhanov,UZB,2691,2016-11-27,#0099B5
Rustam Kasimdzhanov,UZB,2691,2016-12-27,#0099B5
Rustam Kasimdzhanov,UZB,2699,2017-01-27,#0099B5
Rustam Kasimdzhanov,UZB,2699,2017-02-27,#0099B5
Rustam Kasimdzhanov,UZB,2699,2017-03-27,#0099B5
Rustam Kasimdzhanov,UZB,2698,2017-04-27,#0099B5
Rustam Kasimdzhanov,UZB,2698,2017-05-27,#0099B5
Rustam Kasimdzhanov,UZB,2676,2017-06-27,#0099B5
Rustem Dautov,GER,2606,2000-07-27,#FFFFFFF
Rustem Dautov,GER,2603,2000-10-27,#FFFFFFF
Rustem Dautov,GER,2631,2001-01-27,#FFFFFFF
Rustem Dautov,GER,2631,2001-04-27,#FFFFFFF
Rustem Dautov,GER,2630,2001-07-27,#FFFFFFF
Rustem Dautov,GER,2630,2001-10-27,#FFFFFFF
Rustem Dautov,GER,2636,2002-01-27,#FFFFFFF
Rustem Dautov,GER,2636,2002-04-27,#FFFFFFF
Rustem Dautov,GER,2617,2002-07-27,#FFFFFFF
Rustem Dautov,GER,2617,2002-10-27,#FFFFFFF
Rustem Dautov,GER,2604,2003-01-27,#FFFFFFF
Rustem Dautov,GER,2611,2003-04-27,#FFFFFFF
Rustem Dautov,GER,2610,2003-07-27,#FFFFFFF
Rustem Dautov,GER,2610,2003-10-27,#FFFFFFF
Rustem Dautov,GER,2616,2004-01-27,#FFFFFFF
Rustem Dautov,GER,2616,2004-04-27,#FFFFFFF
Rustem Dautov,GER,2624,2004-07-27,#FFFFFFF
Rustem Dautov,GER,2623,2004-10-27,#FFFFFFF
S.P. Sethuraman,IND,2657,2018-05-27,#FF9933
S.P. Sethuraman,IND,2657,2018-06-27,#FF9933
S.P. Sethuraman,IND,2657,2018-07-27,#FF9933
S.P. Sethuraman,IND,2666,2018-08-27,#FF9933
S.P. Sethuraman,IND,2673,2018-09-27,#FF9933
S.P. Sethuraman,IND,2673,2018-10-27,#FF9933
S.P. Sethuraman,IND,2664,2018-11-27,#FF9933
S.P. Sethuraman,IND,2664,2018-12-27,#FF9933
S.P. Sethuraman,IND,2665,2019-01-27,#FF9933
S.P. Sethuraman,IND,2658,2016-03-27,#FF9933
S.P. Sethuraman,IND,2658,2016-04-27,#FF9933
S.P. Sethuraman,IND,2656,2016-07-27,#FF9933
Samuel L Shankland,USA,2671,2017-07-27,#3c3b6e
Samuel L Shankland,USA,2671,2017-08-27,#3c3b6e
Samuel L Shankland,USA,2662,2017-09-27,#3c3b6e
Samuel L Shankland,USA,2661,2015-02-27,#3c3b6e
Samuel L Shankland,USA,2661,2015-03-27,#3c3b6e
Samuel L Shankland,USA,2661,2015-04-27,#3c3b6e
Samuel L Shankland,USA,2656,2015-05-27,#3c3b6e
Samuel L Shankland,USA,2656,2015-06-27,#3c3b6e
Samuel L Shankland,USA,2656,2015-07-27,#3c3b6e
Samuel L Shankland,USA,2655,2015-08-27,#3c3b6e
Samuel L Shankland,USA,2656,2015-09-27,#3c3b6e
Samuel L Shankland,USA,2656,2016-04-27,#3c3b6e
Samuel L Shankland,USA,2661,2016-07-27,#3c3b6e
Samuel L Shankland,USA,2661,2016-08-27,#3c3b6e
Samuel L Shankland,USA,2679,2016-09-27,#3c3b6e
Samuel L Shankland,USA,2679,2016-10-27,#3c3b6e
Samuel L Shankland,USA,2674,2016-11-27,#3c3b6e
Samuel L Shankland,USA,2674,2016-12-27,#3c3b6e
Samuel L Shankland,USA,2674,2017-01-27,#3c3b6e
Samuel L Shankland,USA,2674,2017-02-27,#3c3b6e
Samuel L Shankland,USA,2666,2017-03-27,#3c3b6e
Samuel L Shankland,USA,2678,2017-04-27,#3c3b6e
Samuel L Shankland,USA,2676,2017-05-27,#3c3b6e
Samuel L Shankland,USA,2676,2017-06-27,#3c3b6e
Samuel Shankland,USA,2662,2017-10-27,#3c3b6e
Samuel Shankland,USA,2662,2017-11-27,#3c3b6e
Samuel Shankland,USA,2662,2017-12-27,#3c3b6e
Samuel Shankland,USA,2668,2018-01-27,#3c3b6e
Samuel Shankland,USA,2668,2018-02-27,#3c3b6e
Samuel Shankland,USA,2668,2018-03-27,#3c3b6e
Samuel Shankland,USA,2671,2018-04-27,#3c3b6e
Samuel Shankland,USA,2701,2018-05-27,#3c3b6e
Samuel Shankland,USA,2717,2018-06-27,#3c3b6e
Samuel Shankland,USA,2727,2018-07-27,#3c3b6e
Samuel Shankland,USA,2727,2018-08-27,#3c3b6e
Samuel Shankland,USA,2722,2018-09-27,#3c3b6e
Samuel Shankland,USA,2722,2018-10-27,#3c3b6e
Samuel Shankland,USA,2724,2018-11-27,#3c3b6e
Samuel Shankland,USA,2724,2018-12-27,#3c3b6e
Samuel Shankland,USA,2725,2019-01-27,#3c3b6e
Samuel Shankland,USA,2731,2019-02-24,#3c3b6e
Sanan Sjugirov,RUS,2652,2018-03-27,#D52B1E
Sanan Sjugirov,RUS,2663,2018-04-27,#D52B1E
Sanan Sjugirov,RUS,2663,2018-05-27,#D52B1E
Sanan Sjugirov,RUS,2663,2018-06-27,#D52B1E
Sanan Sjugirov,RUS,2671,2018-07-27,#D52B1E
Sanan Sjugirov,RUS,2677,2018-08-27,#D52B1E
Sanan Sjugirov,RUS,2654,2018-09-27,#D52B1E
Sanan Sjugirov,RUS,2654,2018-10-27,#D52B1E
Sanan Sjugirov,RUS,2654,2018-11-27,#D52B1E
Sanan Sjugirov,RUS,2663,2018-12-27,#D52B1E
Sanan Sjugirov,RUS,2663,2019-01-27,#D52B1E
Sanan Sjugirov,RUS,2663,2019-02-24,#D52B1E
Sanan Sjugirov,RUS,2657,2013-04-27,#D52B1E
Sanan Sjugirov,RUS,2654,2013-05-27,#D52B1E
Sanan Sjugirov,RUS,2657,2014-02-27,#D52B1E
Sanan Sjugirov,RUS,2653,2014-03-27,#D52B1E
Sanan Sjugirov,RUS,2653,2014-04-27,#D52B1E
Sanan Sjugirov,RUS,2658,2014-08-27,#D52B1E
Sanan Sjugirov,RUS,2664,2014-09-27,#D52B1E
Sanan Sjugirov,RUS,2664,2014-10-27,#D52B1E
Sanan Sjugirov,RUS,2673,2014-11-27,#D52B1E
Sanan Sjugirov,RUS,2666,2014-12-27,#D52B1E
Sanan Sjugirov,RUS,2678,2015-01-27,#D52B1E
Sanan Sjugirov,RUS,2678,2015-02-27,#D52B1E
Sanan Sjugirov,RUS,2669,2015-03-27,#D52B1E
Sanan Sjugirov,RUS,2677,2015-04-27,#D52B1E
Sanan Sjugirov,RUS,2670,2015-05-27,#D52B1E
Sanan Sjugirov,RUS,2662,2015-06-27,#D52B1E
Sanan Sjugirov,RUS,2662,2015-07-27,#D52B1E
Sanan Sjugirov,RUS,2664,2015-08-27,#D52B1E
Sanan Sjugirov,RUS,2664,2015-09-27,#D52B1E
Sanan Sjugirov,RUS,2657,2015-10-27,#D52B1E
Sanan Sjugirov,RUS,2667,2016-01-27,#D52B1E
Sanan Sjugirov,RUS,2667,2016-02-27,#D52B1E
Sanan Sjugirov,RUS,2667,2016-03-27,#D52B1E
Sanan Sjugirov,RUS,2674,2016-04-27,#D52B1E
Sanan Sjugirov,RUS,2674,2016-05-27,#D52B1E
Sanan Sjugirov,RUS,2665,2016-06-27,#D52B1E
Sanan Sjugirov,RUS,2665,2016-07-27,#D52B1E
Sanan Sjugirov,RUS,2653,2016-09-27,#D52B1E
Sanan Sjugirov,RUS,2660,2016-10-27,#D52B1E
Sanan Sjugirov,RUS,2664,2016-11-27,#D52B1E
Sanan Sjugirov,RUS,2670,2016-12-27,#D52B1E
Sanan Sjugirov,RUS,2673,2017-01-27,#D52B1E
Sanan Sjugirov,RUS,2673,2017-02-27,#D52B1E
Sanan Sjugirov,RUS,2665,2017-03-27,#D52B1E
Sanan Sjugirov,RUS,2654,2017-05-27,#D52B1E
Sandro Mareco,ARG,2653,2018-10-27,#2c66a0
Sandro Mareco,ARG,2656,2018-11-27,#2c66a1
Sandro Mareco,ARG,2656,2018-12-27,#2c66a2
Sandro Mareco,ARG,2661,2019-01-27,#2c66a3
Sandro Mareco,ARG,2664,2019-02-24,#2c66a4
Sandro Mareco,ARG,2664,2017-03-27,#2c66a4
Sandro Mareco,ARG,2659,2017-06-27,#2c66a4
Santosh Gujrathi Vidit,IND,2693,2017-07-27,#FF9933
Santosh Gujrathi Vidit,IND,2693,2017-08-27,#FF9933
Santosh Gujrathi Vidit,IND,2702,2017-09-27,#FF9933
Santosh Gujrathi Vidit,IND,2713,2017-10-27,#FF9933
Santosh Gujrathi Vidit,IND,2721,2017-11-27,#FF9933
Santosh Gujrathi Vidit,IND,2715,2017-12-27,#FF9933
Santosh Gujrathi Vidit,IND,2718,2018-01-27,#FF9933
Santosh Gujrathi Vidit,IND,2723,2018-02-27,#FF9933
Santosh Gujrathi Vidit,IND,2723,2018-03-27,#FF9933
Santosh Gujrathi Vidit,IND,2707,2018-04-27,#FF9933
Santosh Gujrathi Vidit,IND,2707,2018-05-27,#FF9933
Santosh Gujrathi Vidit,IND,2710,2018-06-27,#FF9933
Santosh Gujrathi Vidit,IND,2718,2018-07-27,#FF9933
Santosh Gujrathi Vidit,IND,2715,2018-08-27,#FF9933
Santosh Gujrathi Vidit,IND,2711,2018-09-27,#FF9933
Santosh Gujrathi Vidit,IND,2711,2018-10-27,#FF9933
Santosh Gujrathi Vidit,IND,2702,2018-11-27,#FF9933
Santosh Gujrathi Vidit,IND,2701,2018-12-27,#FF9933
Santosh Gujrathi Vidit,IND,2695,2019-01-27,#FF9933
Santosh Gujrathi Vidit,IND,2711,2019-02-24,#FF9933
Santosh Gujrathi Vidit,IND,2658,2016-05-27,#FF9933
Santosh Gujrathi Vidit,IND,2666,2016-06-27,#FF9933
Santosh Gujrathi Vidit,IND,2658,2016-07-27,#FF9933
Santosh Gujrathi Vidit,IND,2669,2016-08-27,#FF9933
Santosh Gujrathi Vidit,IND,2669,2016-09-27,#FF9933
Santosh Gujrathi Vidit,IND,2686,2016-10-27,#FF9933
Santosh Gujrathi Vidit,IND,2689,2016-11-27,#FF9933
Santosh Gujrathi Vidit,IND,2689,2016-12-27,#FF9933
Santosh Gujrathi Vidit,IND,2673,2017-01-27,#FF9933
Santosh Gujrathi Vidit,IND,2673,2017-02-27,#FF9933
Santosh Gujrathi Vidit,IND,2673,2017-03-27,#FF9933
Santosh Gujrathi Vidit,IND,2670,2017-04-27,#FF9933
Santosh Gujrathi Vidit,IND,2687,2017-05-27,#FF9933
Santosh Gujrathi Vidit,IND,2692,2017-06-27,#FF9933
Sebastien Feller,FRA,2649,2010-09-27,#3e3b9b
Sebastien Feller,FRA,2657,2010-11-27,#3e3b9b
Sebastien Feller,FRA,2657,2011-01-27,#3e3b9b
Sebastien Feller,FRA,2657,2011-03-27,#3e3b9b
Sebastien Feller,FRA,2660,2011-05-27,#3e3b9b
Sebastien Feller,FRA,2666,2011-07-27,#3e3b9b
Sebastien Feller,FRA,2668,2011-09-27,#3e3b9b
Sebastien Feller,FRA,2658,2011-11-27,#3e3b9b
Sebastien Feller,FRA,2658,2012-01-27,#3e3b9b
Semen I. Dvoirys,RUS,2612,2004-04-27,#D52B1E
Semen I. Dvoirys,RUS,2615,2004-10-27,#D52B1E
Sergei Azarov,BLR,2648,2011-09-27,#FFFFFFF
Sergei Azarov,BLR,2667,2011-11-27,#FFFFFFF
Sergei Azarov,BLR,2667,2012-01-27,#FFFFFFF
Sergei Azarov,BLR,2667,2012-03-27,#FFFFFFF
Sergei Azarov,BLR,2658,2012-05-27,#FFFFFFF
Sergei Azarov,BLR,2658,2012-07-27,#FFFFFFF
Sergei Movsesian,SVK,2654,2002-07-27,#0B4EA2
Sergei Movsesian,SVK,2651,2002-10-27,#0B4EA2
Sergei Movsesian,SVK,2663,2003-01-27,#0B4EA2
Sergei Movsesian,SVK,2659,2003-04-27,#0B4EA2
Sergei Movsesian,SVK,2647,2003-07-27,#0B4EA2
Sergei Movsesian,SVK,2645,2003-10-27,#0B4EA2
Sergei Movsesian,SVK,2639,2004-01-27,#0B4EA2
Sergei Movsesian,SVK,2647,2004-04-27,#0B4EA2
Sergei Movsesian,SVK,2646,2004-07-27,#0B4EA2
Sergei Movsesian,SVK,2629,2004-10-27,#0B4EA2
Sergei Movsesian,SVK,2624,2005-01-27,#0B4EA2
Sergei Movsesian,SVK,2628,2005-04-27,#0B4EA2
Sergei Movsesian,SVK,2645,2005-07-27,#0B4EA2
Sergei Movsesian,SVK,2635,2005-10-27,#0B4EA2
Sergei Movsesian,SVK,2632,2006-01-27,#0B4EA2
Sergei Movsesian,SVK,2618,2006-04-27,#0B4EA2
Sergei Movsesian,SVK,2637,2006-07-27,#0B4EA2
Sergei Movsesian,SVK,2637,2006-10-27,#0B4EA2
Sergei Movsesian,SVK,2637,2007-01-27,#0B4EA2
Sergei Movsesian,SVK,2642,2007-04-27,#0B4EA2
Sergei Movsesian,SVK,2667,2007-07-27,#0B4EA2
Sergei Movsesian,SVK,2670,2007-10-27,#0B4EA2
Sergei Movsesian,SVK,2677,2008-01-27,#0B4EA2
Sergei Movsesian,SVK,2695,2008-04-27,#0B4EA2
Sergei Movsesian,SVK,2723,2008-07-27,#0B4EA2
Sergei Movsesian,SVK,2732,2008-10-27,#0B4EA2
Sergei Movsesian,SVK,2751,2009-01-27,#0B4EA2
Sergei Movsesian,SVK,2747,2009-04-27,#0B4EA2
Sergei Movsesian,SVK,2716,2009-07-27,#0B4EA2
Sergei Movsesian,SVK,2711,2009-09-27,#0B4EA2
Sergei Movsesian,SVK,2718,2009-11-27,#0B4EA2
Sergei Movsesian,SVK,2708,2010-01-27,#0B4EA2
Sergei Movsesian,SVK,2709,2010-03-27,#0B4EA2
Sergei Movsesian,SVK,2717,2010-05-27,#0B4EA2
Sergei Movsesian,SVK,2723,2010-07-27,#0B4EA2
Sergei Movsesian,SVK,2723,2010-09-27,#0B4EA2
Sergei Movsesian,SVK,2721,2010-11-27,#0B4EA2
Sergei Movsesian,CZE,2666,2000-07-27,#11574E
Sergei Movsesian,CZE,2666,2000-10-27,#11574E
Sergei Movsesian,CZE,2661,2001-01-27,#11574E
Sergei Movsesian,CZE,2661,2001-04-27,#11574E
Sergei Movsesian,CZE,2627,2001-07-27,#11574E
Sergei Movsesian,CZE,2631,2001-10-27,#11574E
Sergei Movsesian,CZE,2624,2002-01-27,#11574E
Sergei Movsesian,CZE,2624,2002-04-27,#11574E
Sergei Movsesian,ARM,2677,2017-07-27,#dbb300
Sergei Movsesian,ARM,2677,2017-08-27,#dbb300
Sergei Movsesian,ARM,2671,2017-09-27,#dbb300
Sergei Movsesian,ARM,2671,2017-10-27,#dbb300
Sergei Movsesian,ARM,2667,2017-11-27,#dbb300
Sergei Movsesian,ARM,2721,2011-01-27,#dbb300
Sergei Movsesian,ARM,2716,2011-03-27,#dbb300
Sergei Movsesian,ARM,2705,2011-05-27,#dbb300
Sergei Movsesian,ARM,2700,2011-07-27,#dbb300
Sergei Movsesian,ARM,2715,2011-09-27,#dbb300
Sergei Movsesian,ARM,2710,2011-11-27,#dbb300
Sergei Movsesian,ARM,2700,2012-01-27,#dbb300
Sergei Movsesian,ARM,2702,2012-03-27,#dbb300
Sergei Movsesian,ARM,2698,2012-05-27,#dbb300
Sergei Movsesian,ARM,2698,2012-07-27,#dbb300
Sergei Movsesian,ARM,2698,2012-08-27,#dbb300
Sergei Movsesian,ARM,2705,2012-09-27,#dbb300
Sergei Movsesian,ARM,2699,2012-10-27,#dbb300
Sergei Movsesian,ARM,2688,2012-11-27,#dbb300
Sergei Movsesian,ARM,2688,2012-12-27,#dbb300
Sergei Movsesian,ARM,2688,2013-01-27,#dbb300
Sergei Movsesian,ARM,2695,2013-02-27,#dbb300
Sergei Movsesian,ARM,2695,2013-03-27,#dbb300
Sergei Movsesian,ARM,2695,2013-04-27,#dbb300
Sergei Movsesian,ARM,2693,2013-05-27,#dbb300
Sergei Movsesian,ARM,2699,2013-06-27,#dbb300
Sergei Movsesian,ARM,2699,2013-07-27,#dbb300
Sergei Movsesian,ARM,2699,2013-08-27,#dbb300
Sergei Movsesian,ARM,2699,2013-09-27,#dbb300
Sergei Movsesian,ARM,2696,2013-10-27,#dbb300
Sergei Movsesian,ARM,2700,2013-11-27,#dbb300
Sergei Movsesian,ARM,2689,2013-12-27,#dbb300
Sergei Movsesian,ARM,2677,2014-01-27,#dbb300
Sergei Movsesian,ARM,2677,2014-02-27,#dbb300
Sergei Movsesian,ARM,2678,2014-03-27,#dbb300
Sergei Movsesian,ARM,2670,2014-04-27,#dbb300
Sergei Movsesian,ARM,2672,2014-05-27,#dbb300
Sergei Movsesian,ARM,2672,2014-06-27,#dbb300
Sergei Movsesian,ARM,2672,2014-07-27,#dbb300
Sergei Movsesian,ARM,2672,2014-08-27,#dbb300
Sergei Movsesian,ARM,2663,2014-09-27,#dbb300
Sergei Movsesian,ARM,2657,2014-10-27,#dbb300
Sergei Movsesian,ARM,2659,2014-11-27,#dbb300
Sergei Movsesian,ARM,2658,2014-12-27,#dbb300
Sergei Movsesian,ARM,2663,2015-01-27,#dbb300
Sergei Movsesian,ARM,2663,2015-02-27,#dbb300
Sergei Movsesian,ARM,2665,2015-03-27,#dbb300
Sergei Movsesian,ARM,2665,2015-04-27,#dbb300
Sergei Movsesian,ARM,2655,2015-05-27,#dbb300
Sergei Movsesian,ARM,2655,2015-06-27,#dbb300
Sergei Movsesian,ARM,2653,2015-07-27,#dbb300
Sergei Movsesian,ARM,2653,2015-08-27,#dbb300
Sergei Movsesian,ARM,2658,2015-09-27,#dbb300
Sergei Movsesian,ARM,2658,2015-10-27,#dbb300
Sergei Movsesian,ARM,2666,2015-11-27,#dbb300
Sergei Movsesian,ARM,2659,2015-12-27,#dbb300
Sergei Movsesian,ARM,2655,2016-01-27,#dbb300
Sergei Movsesian,ARM,2653,2016-02-27,#dbb300
Sergei Movsesian,ARM,2653,2016-03-27,#dbb300
Sergei Movsesian,ARM,2659,2016-04-27,#dbb300
Sergei Movsesian,ARM,2660,2016-05-27,#dbb300
Sergei Movsesian,ARM,2660,2016-06-27,#dbb300
Sergei Movsesian,ARM,2666,2016-07-27,#dbb300
Sergei Movsesian,ARM,2666,2016-08-27,#dbb300
Sergei Movsesian,ARM,2677,2016-09-27,#dbb300
Sergei Movsesian,ARM,2677,2016-10-27,#dbb300
Sergei Movsesian,ARM,2672,2016-11-27,#dbb300
Sergei Movsesian,ARM,2673,2016-12-27,#dbb300
Sergei Movsesian,ARM,2676,2017-01-27,#dbb300
Sergei Movsesian,ARM,2679,2017-02-27,#dbb300
Sergei Movsesian,ARM,2679,2017-03-27,#dbb300
Sergei Movsesian,ARM,2677,2017-04-27,#dbb300
Sergei Movsesian,ARM,2680,2017-05-27,#dbb300
Sergei Movsesian,ARM,2676,2017-06-27,#dbb300
Sergei Rublevsky,RUS,2683,2017-07-27,#D52B1E
Sergei Rublevsky,RUS,2683,2017-08-27,#D52B1E
Sergei Rublevsky,RUS,2683,2017-09-27,#D52B1E
Sergei Rublevsky,RUS,2683,2017-10-27,#D52B1E
Sergei Rublevsky,RUS,2683,2017-11-27,#D52B1E
Sergei Rublevsky,RUS,2683,2017-12-27,#D52B1E
Sergei Rublevsky,RUS,2663,2018-01-27,#D52B1E
Sergei Rublevsky,RUS,2663,2018-02-27,#D52B1E
Sergei Rublevsky,RUS,2663,2018-03-27,#D52B1E
Sergei Rublevsky,RUS,2665,2018-04-27,#D52B1E
Sergei Rublevsky,RUS,2665,2018-05-27,#D52B1E
Sergei Rublevsky,RUS,2652,2018-06-27,#D52B1E
Sergei Rublevsky,RUS,2652,2018-08-27,#D52B1E
Sergei Rublevsky,RUS,2652,2018-09-27,#D52B1E
Sergei Rublevsky,RUS,2652,2018-10-27,#D52B1E
Sergei Rublevsky,RUS,2652,2018-11-27,#D52B1E
Sergei Rublevsky,RUS,2652,2018-12-27,#D52B1E
Sergei Rublevsky,RUS,2652,2019-01-27,#D52B1E
Sergei Rublevsky,RUS,2652,2019-02-24,#D52B1E
Sergei Rublevsky,RUS,2670,2000-07-27,#D52B1E
Sergei Rublevsky,RUS,2653,2000-10-27,#D52B1E
Sergei Rublevsky,RUS,2657,2001-01-27,#D52B1E
Sergei Rublevsky,RUS,2657,2001-04-27,#D52B1E
Sergei Rublevsky,RUS,2639,2001-07-27,#D52B1E
Sergei Rublevsky,RUS,2634,2001-10-27,#D52B1E
Sergei Rublevsky,RUS,2655,2002-01-27,#D52B1E
Sergei Rublevsky,RUS,2657,2002-04-27,#D52B1E
Sergei Rublevsky,RUS,2658,2002-07-27,#D52B1E
Sergei Rublevsky,RUS,2664,2002-10-27,#D52B1E
Sergei Rublevsky,RUS,2644,2003-01-27,#D52B1E
Sergei Rublevsky,RUS,2670,2003-04-27,#D52B1E
Sergei Rublevsky,RUS,2672,2003-07-27,#D52B1E
Sergei Rublevsky,RUS,2672,2003-10-27,#D52B1E
Sergei Rublevsky,RUS,2655,2004-01-27,#D52B1E
Sergei Rublevsky,RUS,2671,2004-04-27,#D52B1E
Sergei Rublevsky,RUS,2686,2004-07-27,#D52B1E
Sergei Rublevsky,RUS,2649,2004-10-27,#D52B1E
Sergei Rublevsky,RUS,2650,2005-01-27,#D52B1E
Sergei Rublevsky,RUS,2645,2005-04-27,#D52B1E
Sergei Rublevsky,RUS,2645,2005-07-27,#D52B1E
Sergei Rublevsky,RUS,2652,2005-10-27,#D52B1E
Sergei Rublevsky,RUS,2665,2006-01-27,#D52B1E
Sergei Rublevsky,RUS,2687,2006-04-27,#D52B1E
Sergei Rublevsky,RUS,2667,2006-07-27,#D52B1E
Sergei Rublevsky,RUS,2688,2006-10-27,#D52B1E
Sergei Rublevsky,RUS,2677,2007-01-27,#D52B1E
Sergei Rublevsky,RUS,2680,2007-04-27,#D52B1E
Sergei Rublevsky,RUS,2679,2007-07-27,#D52B1E
Sergei Rublevsky,RUS,2676,2007-10-27,#D52B1E
Sergei Rublevsky,RUS,2695,2008-01-27,#D52B1E
Sergei Rublevsky,RUS,2695,2008-04-27,#D52B1E
Sergei Rublevsky,RUS,2699,2008-07-27,#D52B1E
Sergei Rublevsky,RUS,2702,2008-10-27,#D52B1E
Sergei Rublevsky,RUS,2702,2009-01-27,#D52B1E
Sergei Rublevsky,RUS,2702,2009-04-27,#D52B1E
Sergei Rublevsky,RUS,2703,2009-07-27,#D52B1E
Sergei Rublevsky,RUS,2703,2009-09-27,#D52B1E
Sergei Rublevsky,RUS,2697,2009-11-27,#D52B1E
Sergei Rublevsky,RUS,2697,2010-01-27,#D52B1E
Sergei Rublevsky,RUS,2697,2010-03-27,#D52B1E
Sergei Rublevsky,RUS,2704,2010-05-27,#D52B1E
Sergei Rublevsky,RUS,2688,2010-07-27,#D52B1E
Sergei Rublevsky,RUS,2683,2010-09-27,#D52B1E
Sergei Rublevsky,RUS,2678,2010-11-27,#D52B1E
Sergei Rublevsky,RUS,2678,2011-01-27,#D52B1E
Sergei Rublevsky,RUS,2678,2011-03-27,#D52B1E
Sergei Rublevsky,RUS,2682,2011-05-27,#D52B1E
Sergei Rublevsky,RUS,2684,2011-07-27,#D52B1E
Sergei Rublevsky,RUS,2681,2011-09-27,#D52B1E
Sergei Rublevsky,RUS,2686,2011-11-27,#D52B1E
Sergei Rublevsky,RUS,2686,2012-01-27,#D52B1E
Sergei Rublevsky,RUS,2686,2012-03-27,#D52B1E
Sergei Rublevsky,RUS,2693,2012-05-27,#D52B1E
Sergei Rublevsky,RUS,2693,2012-07-27,#D52B1E
Sergei Rublevsky,RUS,2693,2012-08-27,#D52B1E
Sergei Rublevsky,RUS,2693,2012-09-27,#D52B1E
Sergei Rublevsky,RUS,2693,2012-10-27,#D52B1E
Sergei Rublevsky,RUS,2688,2012-11-27,#D52B1E
Sergei Rublevsky,RUS,2688,2012-12-27,#D52B1E
Sergei Rublevsky,RUS,2688,2013-01-27,#D52B1E
Sergei Rublevsky,RUS,2688,2013-02-27,#D52B1E
Sergei Rublevsky,RUS,2688,2013-03-27,#D52B1E
Sergei Rublevsky,RUS,2688,2013-04-27,#D52B1E
Sergei Rublevsky,RUS,2695,2013-05-27,#D52B1E
Sergei Rublevsky,RUS,2695,2013-06-27,#D52B1E
Sergei Rublevsky,RUS,2695,2013-07-27,#D52B1E
Sergei Rublevsky,RUS,2695,2013-08-27,#D52B1E
Sergei Rublevsky,RUS,2695,2013-09-27,#D52B1E
Sergei Rublevsky,RUS,2695,2013-10-27,#D52B1E
Sergei Rublevsky,RUS,2706,2013-11-27,#D52B1E
Sergei Rublevsky,RUS,2706,2013-12-27,#D52B1E
Sergei Rublevsky,RUS,2706,2014-01-27,#D52B1E
Sergei Rublevsky,RUS,2706,2014-02-27,#D52B1E
Sergei Rublevsky,RUS,2706,2014-03-27,#D52B1E
Sergei Rublevsky,RUS,2706,2014-04-27,#D52B1E
Sergei Rublevsky,RUS,2698,2014-05-27,#D52B1E
Sergei Rublevsky,RUS,2698,2014-06-27,#D52B1E
Sergei Rublevsky,RUS,2698,2014-07-27,#D52B1E
Sergei Rublevsky,RUS,2698,2014-08-27,#D52B1E
Sergei Rublevsky,RUS,2698,2014-09-27,#D52B1E
Sergei Rublevsky,RUS,2698,2014-10-27,#D52B1E
Sergei Rublevsky,RUS,2698,2014-11-27,#D52B1E
Sergei Rublevsky,RUS,2698,2014-12-27,#D52B1E
Sergei Rublevsky,RUS,2698,2015-01-27,#D52B1E
Sergei Rublevsky,RUS,2698,2015-02-27,#D52B1E
Sergei Rublevsky,RUS,2698,2015-03-27,#D52B1E
Sergei Rublevsky,RUS,2698,2015-04-27,#D52B1E
Sergei Rublevsky,RUS,2702,2015-06-27,#D52B1E
Sergei Rublevsky,RUS,2702,2015-07-27,#D52B1E
Sergei Rublevsky,RUS,2702,2015-08-27,#D52B1E
Sergei Rublevsky,RUS,2702,2015-09-27,#D52B1E
Sergei Rublevsky,RUS,2702,2015-10-27,#D52B1E
Sergei Rublevsky,RUS,2692,2015-11-27,#D52B1E
Sergei Rublevsky,RUS,2692,2015-12-27,#D52B1E
Sergei Rublevsky,RUS,2692,2016-01-27,#D52B1E
Sergei Rublevsky,RUS,2692,2016-02-27,#D52B1E
Sergei Rublevsky,RUS,2692,2016-03-27,#D52B1E
Sergei Rublevsky,RUS,2692,2016-04-27,#D52B1E
Sergei Rublevsky,RUS,2692,2016-05-27,#D52B1E
Sergei Rublevsky,RUS,2689,2016-06-27,#D52B1E
Sergei Rublevsky,RUS,2689,2016-07-27,#D52B1E
Sergei Rublevsky,RUS,2689,2016-08-27,#D52B1E
Sergei Rublevsky,RUS,2689,2016-09-27,#D52B1E
Sergei Rublevsky,RUS,2689,2016-10-27,#D52B1E
Sergei Rublevsky,RUS,2689,2016-11-27,#D52B1E
Sergei Rublevsky,RUS,2681,2016-12-27,#D52B1E
Sergei Rublevsky,RUS,2681,2017-01-27,#D52B1E
Sergei Rublevsky,RUS,2681,2017-02-27,#D52B1E
Sergei Rublevsky,RUS,2681,2017-03-27,#D52B1E
Sergei Rublevsky,RUS,2681,2017-04-27,#D52B1E
Sergei Rublevsky,RUS,2682,2017-05-27,#D52B1E
Sergei Rublevsky,RUS,2683,2017-06-27,#D52B1E
Sergei Shipov,RUS,2640,2000-07-27,#D52B1E
Sergei Shipov,RUS,2640,2000-10-27,#D52B1E
Sergei Shipov,RUS,2640,2001-01-27,#D52B1E
Sergei Shipov,RUS,2640,2001-04-27,#D52B1E
Sergei Shipov,RUS,2625,2001-07-27,#D52B1E
Sergei Shipov,RUS,2625,2001-10-27,#D52B1E
Sergei Shipov,RUS,2630,2002-01-27,#D52B1E
Sergei Shipov,RUS,2613,2002-04-27,#D52B1E
Sergei Shipov,RUS,2613,2002-07-27,#D52B1E
Sergei Shipov,RUS,2604,2002-10-27,#D52B1E
Sergei Shipov,RUS,2604,2003-01-27,#D52B1E
Sergei Tiviakov,NED,2608,2000-07-27,#ff9a14
Sergei Tiviakov,NED,2606,2000-10-27,#ff9a14
Sergei Tiviakov,NED,2597,2001-01-27,#ff9a14
Sergei Tiviakov,NED,2603,2001-04-27,#ff9a14
Sergei Tiviakov,NED,2618,2001-07-27,#ff9a14
Sergei Tiviakov,NED,2599,2001-10-27,#ff9a14
Sergei Tiviakov,NED,2614,2002-01-27,#ff9a14
Sergei Tiviakov,NED,2625,2002-04-27,#ff9a14
Sergei Tiviakov,NED,2628,2002-07-27,#ff9a14
Sergei Tiviakov,NED,2631,2002-10-27,#ff9a14
Sergei Tiviakov,NED,2635,2003-01-27,#ff9a14
Sergei Tiviakov,NED,2623,2003-04-27,#ff9a14
Sergei Tiviakov,NED,2613,2003-07-27,#ff9a14
Sergei Tiviakov,NED,2617,2004-10-27,#ff9a14
Sergei Tiviakov,NED,2627,2005-01-27,#ff9a14
Sergei Tiviakov,NED,2631,2005-04-27,#ff9a14
Sergei Tiviakov,NED,2678,2005-07-27,#ff9a14
Sergei Tiviakov,NED,2699,2005-10-27,#ff9a14
Sergei Tiviakov,NED,2669,2006-01-27,#ff9a14
Sergei Tiviakov,NED,2669,2006-04-27,#ff9a14
Sergei Tiviakov,NED,2668,2006-07-27,#ff9a14
Sergei Tiviakov,NED,2680,2006-10-27,#ff9a14
Sergei Tiviakov,NED,2682,2007-01-27,#ff9a14
Sergei Tiviakov,NED,2663,2007-04-27,#ff9a14
Sergei Tiviakov,NED,2648,2007-07-27,#ff9a14
Sergei Tiviakov,NED,2643,2007-10-27,#ff9a14
Sergei Tiviakov,NED,2649,2008-01-27,#ff9a14
Sergei Tiviakov,NED,2634,2008-04-27,#ff9a14
Sergei Tiviakov,NED,2645,2008-07-27,#ff9a14
Sergei Tiviakov,NED,2686,2008-10-27,#ff9a14
Sergei Tiviakov,NED,2685,2009-01-27,#ff9a14
Sergei Tiviakov,NED,2697,2009-04-27,#ff9a14
Sergei Tiviakov,NED,2674,2009-07-27,#ff9a14
Sergei Tiviakov,NED,2670,2009-09-27,#ff9a14
Sergei Tiviakov,NED,2664,2009-11-27,#ff9a14
Sergei Tiviakov,NED,2662,2010-01-27,#ff9a14
Sergei Tiviakov,NED,2653,2010-03-27,#ff9a14
Sergei Tiviakov,NED,2677,2012-01-27,#ff9a14
Sergei Tiviakov,NED,2673,2012-03-27,#ff9a14
Sergei Tiviakov,NED,2656,2012-05-27,#ff9a14
Sergei Tiviakov,NED,2675,2012-07-27,#ff9a14
Sergei Tiviakov,NED,2674,2012-08-27,#ff9a14
Sergei Tiviakov,NED,2674,2012-09-27,#ff9a14
Sergei Tiviakov,NED,2659,2012-10-27,#ff9a14
Sergei Tiviakov,NED,2659,2012-11-27,#ff9a14
Sergei Tiviakov,NED,2663,2012-12-27,#ff9a14
Sergei Tiviakov,NED,2657,2013-01-27,#ff9a14
Sergei Tiviakov,NED,2650,2013-02-27,#ff9a14
Sergei Tiviakov,NED,2650,2013-03-27,#ff9a14
Sergei Tiviakov,NED,2654,2013-07-27,#ff9a14
Sergei Tiviakov,NED,2656,2013-08-27,#ff9a14
Sergei Tiviakov,NED,2665,2013-09-27,#ff9a14
Sergei Tiviakov,NED,2663,2013-11-27,#ff9a14
Sergei Tiviakov,NED,2658,2013-12-27,#ff9a14
Sergei Tiviakov,NED,2651,2014-03-27,#ff9a14
Sergei Tiviakov,NED,2651,2014-04-27,#ff9a14
Sergei Tiviakov,NED,2657,2014-05-27,#ff9a14
Sergei Tiviakov,NED,2656,2014-06-27,#ff9a14
Sergei Tiviakov,NED,2656,2014-07-27,#ff9a14
Sergei Tiviakov,NED,2664,2014-08-27,#ff9a14
Sergei Tiviakov,NED,2668,2014-09-27,#ff9a14
Sergei Tiviakov,NED,2668,2014-10-27,#ff9a14
Sergei Tiviakov,NED,2677,2014-11-27,#ff9a14
Sergei Tiviakov,NED,2677,2014-12-27,#ff9a14
Sergei Tiviakov,NED,2669,2015-01-27,#ff9a14
Sergei Tiviakov,NED,2661,2015-02-27,#ff9a14
Sergei Tiviakov,NED,2662,2015-03-27,#ff9a14
Sergei Tiviakov,NED,2662,2015-04-27,#ff9a14
Sergei Zhigalko,BLR,2646,2009-09-27,#FFFFFFF
Sergei Zhigalko,BLR,2646,2009-11-27,#FFFFFFF
Sergei Zhigalko,BLR,2668,2010-01-27,#FFFFFFF
Sergei Zhigalko,BLR,2648,2010-03-27,#FFFFFFF
Sergei Zhigalko,BLR,2647,2010-05-27,#FFFFFFF
Sergei Zhigalko,BLR,2656,2010-07-27,#FFFFFFF
Sergei Zhigalko,BLR,2665,2010-11-27,#FFFFFFF
Sergei Zhigalko,BLR,2671,2011-01-27,#FFFFFFF
Sergei Zhigalko,BLR,2680,2011-03-27,#FFFFFFF
Sergei Zhigalko,BLR,2679,2011-05-27,#FFFFFFF
Sergei Zhigalko,BLR,2689,2011-07-27,#FFFFFFF
Sergei Zhigalko,BLR,2696,2011-09-27,#FFFFFFF
Sergei Zhigalko,BLR,2651,2011-11-27,#FFFFFFF
Sergei Zhigalko,BLR,2658,2012-01-27,#FFFFFFF
Sergei Zhigalko,BLR,2656,2012-05-27,#FFFFFFF
Sergei Zhigalko,BLR,2666,2012-07-27,#FFFFFFF
Sergei Zhigalko,BLR,2667,2012-08-27,#FFFFFFF
Sergei Zhigalko,BLR,2667,2012-09-27,#FFFFFFF
Sergei Zhigalko,BLR,2674,2012-10-27,#FFFFFFF
Sergei Zhigalko,BLR,2682,2012-11-27,#FFFFFFF
Sergei Zhigalko,BLR,2682,2012-12-27,#FFFFFFF
Sergei Zhigalko,BLR,2651,2013-01-27,#FFFFFFF
Sergei Zhigalko,BLR,2656,2013-02-27,#FFFFFFF
Sergei Zhigalko,BLR,2656,2013-03-27,#FFFFFFF
Sergei Zhigalko,BLR,2656,2013-04-27,#FFFFFFF
Sergei Zhigalko,BLR,2660,2013-05-27,#FFFFFFF
Sergei Zhigalko,BLR,2661,2013-06-27,#FFFFFFF
Sergei Zhigalko,BLR,2661,2013-07-27,#FFFFFFF
Sergei Zhigalko,BLR,2664,2013-08-27,#FFFFFFF
Sergei Zhigalko,BLR,2664,2013-09-27,#FFFFFFF
Sergei Zhigalko,BLR,2683,2013-10-27,#FFFFFFF
Sergei Zhigalko,BLR,2694,2013-11-27,#FFFFFFF
Sergei Zhigalko,BLR,2682,2013-12-27,#FFFFFFF
Sergei Zhigalko,BLR,2682,2014-01-27,#FFFFFFF
Sergei Zhigalko,BLR,2661,2014-02-27,#FFFFFFF
Sergei Zhigalko,BLR,2671,2014-03-27,#FFFFFFF
Sergei Zhigalko,BLR,2675,2014-04-27,#FFFFFFF
Sergei Zhigalko,BLR,2675,2014-05-27,#FFFFFFF
Sergei Zhigalko,BLR,2678,2014-06-27,#FFFFFFF
Sergei Zhigalko,BLR,2678,2014-07-27,#FFFFFFF
Sergei Zhigalko,BLR,2678,2014-08-27,#FFFFFFF
Sergei Zhigalko,BLR,2677,2014-09-27,#FFFFFFF
Sergei Zhigalko,BLR,2681,2014-10-27,#FFFFFFF
Sergei Zhigalko,BLR,2672,2014-11-27,#FFFFFFF
Sergei Zhigalko,BLR,2672,2014-12-27,#FFFFFFF
Sergei Zhigalko,BLR,2681,2015-01-27,#FFFFFFF
Sergei Zhigalko,BLR,2675,2015-02-27,#FFFFFFF
Sergei Zhigalko,BLR,2675,2015-03-27,#FFFFFFF
Sergei Zhigalko,BLR,2657,2015-04-27,#FFFFFFF
Sergei Zhigalko,BLR,2654,2015-05-27,#FFFFFFF
Sergei Zhigalko,BLR,2654,2015-06-27,#FFFFFFF
Sergei Zhigalko,BLR,2654,2015-07-27,#FFFFFFF
Sergei Zhigalko,BLR,2654,2015-08-27,#FFFFFFF
Sergei Zhigalko,BLR,2656,2015-09-27,#FFFFFFF
Sergei Zhigalko,BLR,2656,2015-10-27,#FFFFFFF
Sergei Zhigalko,BLR,2655,2015-11-27,#FFFFFFF
Sergei Zhigalko,BLR,2655,2015-12-27,#FFFFFFF
Sergei Zhigalko,BLR,2655,2016-01-27,#FFFFFFF
Sergei Zhigalko,BLR,2656,2016-08-27,#FFFFFFF
Sergei Zhigalko,BLR,2652,2016-09-27,#FFFFFFF
Sergei Zhigalko,BLR,2669,2016-10-27,#FFFFFFF
Sergei Zhigalko,BLR,2669,2016-11-27,#FFFFFFF
Sergei Zhigalko,BLR,2671,2016-12-27,#FFFFFFF
Sergei Zhigalko,BLR,2662,2017-01-27,#FFFFFFF
Sergey A. Fedorchuk,UKR,2645,2007-10-27,#005BBB
Sergey A. Fedorchuk,UKR,2652,2008-01-27,#005BBB
Sergey A. Fedorchuk,UKR,2671,2008-04-27,#005BBB
Sergey A. Fedorchuk,UKR,2656,2009-04-27,#005BBB
Sergey A. Fedorchuk,UKR,2655,2009-07-27,#005BBB
Sergey A. Fedorchuk,UKR,2643,2009-09-27,#005BBB
Sergey A. Fedorchuk,UKR,2649,2010-03-27,#005BBB
Sergey A. Fedorchuk,UKR,2646,2010-05-27,#005BBB
Sergey A. Fedorchuk,UKR,2665,2010-07-27,#005BBB
Sergey A. Fedorchuk,UKR,2671,2010-09-27,#005BBB
Sergey A. Fedorchuk,UKR,2674,2010-11-27,#005BBB
Sergey A. Fedorchuk,UKR,2650,2011-01-27,#005BBB
Sergey A. Fedorchuk,UKR,2662,2011-03-27,#005BBB
Sergey A. Fedorchuk,UKR,2654,2011-05-27,#005BBB
Sergey A. Fedorchuk,UKR,2652,2012-11-27,#005BBB
Sergey A. Fedorchuk,UKR,2661,2012-12-27,#005BBB
Sergey A. Fedorchuk,UKR,2652,2013-04-27,#005BBB
Sergey A. Fedorchuk,UKR,2660,2013-05-27,#005BBB
Sergey A. Fedorchuk,UKR,2665,2013-06-27,#005BBB
Sergey A. Fedorchuk,UKR,2667,2013-07-27,#005BBB
Sergey A. Fedorchuk,UKR,2669,2013-08-27,#005BBB
Sergey A. Fedorchuk,UKR,2667,2013-09-27,#005BBB
Sergey A. Fedorchuk,UKR,2656,2013-10-27,#005BBB
Sergey A. Fedorchuk,UKR,2666,2013-11-27,#005BBB
Sergey A. Fedorchuk,UKR,2660,2013-12-27,#005BBB
Sergey A. Fedorchuk,UKR,2655,2014-06-27,#005BBB
Sergey A. Fedorchuk,UKR,2665,2014-07-27,#005BBB
Sergey A. Fedorchuk,UKR,2665,2014-08-27,#005BBB
Sergey A. Fedorchuk,UKR,2665,2014-09-27,#005BBB
Sergey A. Fedorchuk,UKR,2673,2014-10-27,#005BBB
Sergey A. Fedorchuk,UKR,2664,2014-11-27,#005BBB
Sergey A. Fedorchuk,UKR,2669,2014-12-27,#005BBB
Sergey A. Fedorchuk,UKR,2657,2015-05-27,#005BBB
Sergey A. Fedorchuk,UKR,2664,2015-07-27,#005BBB
Sergey A. Fedorchuk,UKR,2653,2015-08-27,#005BBB
Sergey Dolmatov,RUS,2608,2000-07-27,#D52B1E
Sergey Dolmatov,RUS,2600,2000-10-27,#D52B1E
Sergey Dolmatov,RUS,2606,2003-04-27,#D52B1E
Sergey Karjakin,UKR,2635,2005-04-27,#005BBB
Sergey Karjakin,UKR,2645,2005-07-27,#005BBB
Sergey Karjakin,UKR,2658,2005-10-27,#005BBB
Sergey Karjakin,UKR,2660,2006-01-27,#005BBB
Sergey Karjakin,UKR,2661,2006-04-27,#005BBB
Sergey Karjakin,UKR,2679,2006-07-27,#005BBB
Sergey Karjakin,UKR,2672,2006-10-27,#005BBB
Sergey Karjakin,UKR,2678,2007-01-27,#005BBB
Sergey Karjakin,UKR,2686,2007-04-27,#005BBB
Sergey Karjakin,UKR,2678,2007-07-27,#005BBB
Sergey Karjakin,UKR,2694,2007-10-27,#005BBB
Sergey Karjakin,UKR,2732,2008-01-27,#005BBB
Sergey Karjakin,UKR,2732,2008-04-27,#005BBB
Sergey Karjakin,UKR,2727,2008-07-27,#005BBB
Sergey Karjakin,UKR,2730,2008-10-27,#005BBB
Sergey Karjakin,UKR,2706,2009-01-27,#005BBB
Sergey Karjakin,UKR,2721,2009-04-27,#005BBB
Sergey Karjakin,UKR,2717,2009-07-27,#005BBB
Sergey Karjakin,UKR,2722,2009-09-27,#005BBB
Sergey Karjakin,UKR,2723,2009-11-27,#005BBB
Sergey Karjakin,RUS,2773,2017-07-27,#D52B1E
Sergey Karjakin,RUS,2773,2017-08-27,#D52B1E
Sergey Karjakin,RUS,2780,2017-09-27,#D52B1E
Sergey Karjakin,RUS,2765,2017-10-27,#D52B1E
Sergey Karjakin,RUS,2760,2017-11-27,#D52B1E
Sergey Karjakin,RUS,2760,2017-12-27,#D52B1E
Sergey Karjakin,RUS,2753,2018-01-27,#D52B1E
Sergey Karjakin,RUS,2763,2018-02-27,#D52B1E
Sergey Karjakin,RUS,2763,2018-03-27,#D52B1E
Sergey Karjakin,RUS,2778,2018-04-27,#D52B1E
Sergey Karjakin,RUS,2782,2018-05-27,#D52B1E
Sergey Karjakin,RUS,2782,2018-06-27,#D52B1E
Sergey Karjakin,RUS,2773,2018-07-27,#D52B1E
Sergey Karjakin,RUS,2773,2018-08-27,#D52B1E
Sergey Karjakin,RUS,2760,2018-09-27,#D52B1E
Sergey Karjakin,RUS,2760,2018-10-27,#D52B1E
Sergey Karjakin,RUS,2753,2018-11-27,#D52B1E
Sergey Karjakin,RUS,2753,2018-12-27,#D52B1E
Sergey Karjakin,RUS,2753,2019-01-27,#D52B1E
Sergey Karjakin,RUS,2753,2019-02-24,#D52B1E
Sergey Karjakin,RUS,2720,2010-01-27,#D52B1E
Sergey Karjakin,RUS,2725,2010-03-27,#D52B1E
Sergey Karjakin,RUS,2739,2010-05-27,#D52B1E
Sergey Karjakin,RUS,2747,2010-07-27,#D52B1E
Sergey Karjakin,RUS,2747,2010-09-27,#D52B1E
Sergey Karjakin,RUS,2760,2010-11-27,#D52B1E
Sergey Karjakin,RUS,2776,2011-01-27,#D52B1E
Sergey Karjakin,RUS,2776,2011-03-27,#D52B1E
Sergey Karjakin,RUS,2776,2011-05-27,#D52B1E
Sergey Karjakin,RUS,2788,2011-07-27,#D52B1E
Sergey Karjakin,RUS,2772,2011-09-27,#D52B1E
Sergey Karjakin,RUS,2763,2011-11-27,#D52B1E
Sergey Karjakin,RUS,2769,2012-01-27,#D52B1E
Sergey Karjakin,RUS,2766,2012-03-27,#D52B1E
Sergey Karjakin,RUS,2779,2012-05-27,#D52B1E
Sergey Karjakin,RUS,2779,2012-07-27,#D52B1E
Sergey Karjakin,RUS,2785,2012-08-27,#D52B1E
Sergey Karjakin,RUS,2778,2012-09-27,#D52B1E
Sergey Karjakin,RUS,2780,2012-10-27,#D52B1E
Sergey Karjakin,RUS,2775,2012-11-27,#D52B1E
Sergey Karjakin,RUS,2775,2012-12-27,#D52B1E
Sergey Karjakin,RUS,2780,2013-01-27,#D52B1E
Sergey Karjakin,RUS,2786,2013-02-27,#D52B1E
Sergey Karjakin,RUS,2786,2013-03-27,#D52B1E
Sergey Karjakin,RUS,2786,2013-04-27,#D52B1E
Sergey Karjakin,RUS,2767,2013-05-27,#D52B1E
Sergey Karjakin,RUS,2782,2013-06-27,#D52B1E
Sergey Karjakin,RUS,2776,2013-07-27,#D52B1E
Sergey Karjakin,RUS,2772,2013-08-27,#D52B1E
Sergey Karjakin,RUS,2772,2013-09-27,#D52B1E
Sergey Karjakin,RUS,2762,2013-10-27,#D52B1E
Sergey Karjakin,RUS,2756,2013-11-27,#D52B1E
Sergey Karjakin,RUS,2756,2013-12-27,#D52B1E
Sergey Karjakin,RUS,2759,2014-01-27,#D52B1E
Sergey Karjakin,RUS,2766,2014-02-27,#D52B1E
Sergey Karjakin,RUS,2766,2014-03-27,#D52B1E
Sergey Karjakin,RUS,2772,2014-04-27,#D52B1E
Sergey Karjakin,RUS,2770,2014-05-27,#D52B1E
Sergey Karjakin,RUS,2771,2014-06-27,#D52B1E
Sergey Karjakin,RUS,2786,2014-07-27,#D52B1E
Sergey Karjakin,RUS,2786,2014-08-27,#D52B1E
Sergey Karjakin,RUS,2777,2014-09-27,#D52B1E
Sergey Karjakin,RUS,2767,2014-10-27,#D52B1E
Sergey Karjakin,RUS,2770,2014-11-27,#D52B1E
Sergey Karjakin,RUS,2773,2014-12-27,#D52B1E
Sergey Karjakin,RUS,2760,2015-01-27,#D52B1E
Sergey Karjakin,RUS,2760,2015-02-27,#D52B1E
Sergey Karjakin,RUS,2757,2015-03-27,#D52B1E
Sergey Karjakin,RUS,2757,2015-04-27,#D52B1E
Sergey Karjakin,RUS,2753,2015-05-27,#D52B1E
Sergey Karjakin,RUS,2753,2015-06-27,#D52B1E
Sergey Karjakin,RUS,2753,2015-07-27,#D52B1E
Sergey Karjakin,RUS,2753,2015-08-27,#D52B1E
Sergey Karjakin,RUS,2762,2015-09-27,#D52B1E
Sergey Karjakin,RUS,2762,2015-10-27,#D52B1E
Sergey Karjakin,RUS,2766,2015-11-27,#D52B1E
Sergey Karjakin,RUS,2766,2015-12-27,#D52B1E
Sergey Karjakin,RUS,2769,2016-01-27,#D52B1E
Sergey Karjakin,RUS,2769,2016-02-27,#D52B1E
Sergey Karjakin,RUS,2760,2016-03-27,#D52B1E
Sergey Karjakin,RUS,2779,2016-04-27,#D52B1E
Sergey Karjakin,RUS,2779,2016-05-27,#D52B1E
Sergey Karjakin,RUS,2774,2016-06-27,#D52B1E
Sergey Karjakin,RUS,2773,2016-07-27,#D52B1E
Sergey Karjakin,RUS,2769,2016-08-27,#D52B1E
Sergey Karjakin,RUS,2769,2016-09-27,#D52B1E
Sergey Karjakin,RUS,2772,2016-10-27,#D52B1E
Sergey Karjakin,RUS,2772,2016-11-27,#D52B1E
Sergey Karjakin,RUS,2785,2016-12-27,#D52B1E
Sergey Karjakin,RUS,2785,2017-01-27,#D52B1E
Sergey Karjakin,RUS,2783,2017-02-27,#D52B1E
Sergey Karjakin,RUS,2783,2017-03-27,#D52B1E
Sergey Karjakin,RUS,2783,2017-04-27,#D52B1E
Sergey Karjakin,RUS,2783,2017-05-27,#D52B1E
Sergey Karjakin,RUS,2781,2017-06-27,#D52B1E
Sergey Smagin,RUS,2605,2000-07-27,#D52B1E
Sergey Smagin,RUS,2613,2000-10-27,#D52B1E
Sergey Smagin,RUS,2613,2001-01-27,#D52B1E
Sergey Smagin,RUS,2613,2001-04-27,#D52B1E
Sergey Volkov,RUS,2609,2002-04-27,#D52B1E
Sergey Volkov,RUS,2636,2002-07-27,#D52B1E
Sergey Volkov,RUS,2642,2002-10-27,#D52B1E
Sergey Volkov,RUS,2624,2003-01-27,#D52B1E
Sergey Volkov,RUS,2634,2003-04-27,#D52B1E
Sergey Volkov,RUS,2620,2003-07-27,#D52B1E
Sergey Volkov,RUS,2620,2003-10-27,#D52B1E
Sergey Volkov,RUS,2630,2004-01-27,#D52B1E
Sergey Volkov,RUS,2629,2004-04-27,#D52B1E
Sergey Volkov,RUS,2625,2004-07-27,#D52B1E
Sergey Volkov,RUS,2628,2004-10-27,#D52B1E
Sergey Volkov,RUS,2634,2005-04-27,#D52B1E
Sergey Volkov,RUS,2622,2005-07-27,#D52B1E
Sergey Volkov,RUS,2629,2006-01-27,#D52B1E
Sergey Volkov,RUS,2620,2006-04-27,#D52B1E
Sergey Volkov,RUS,2628,2006-07-27,#D52B1E
Sergey Volkov,RUS,2628,2006-10-27,#D52B1E
Sergey Volkov,RUS,2636,2007-01-27,#D52B1E
Sergey Volkov,RUS,2640,2007-04-27,#D52B1E
Sergey Volkov,RUS,2659,2007-07-27,#D52B1E
Sergey Volkov,RUS,2648,2007-10-27,#D52B1E
Sergey Volkov,RUS,2633,2008-04-27,#D52B1E
Sergey Volkov,RUS,2636,2008-07-27,#D52B1E
Shakhriyar Mamedyarov,AZE,2797,2017-07-27,#00c0d6
Shakhriyar Mamedyarov,AZE,2797,2017-08-27,#00c0d6
Shakhriyar Mamedyarov,AZE,2797,2017-09-27,#00c0d6
Shakhriyar Mamedyarov,AZE,2791,2017-10-27,#00c0d6
Shakhriyar Mamedyarov,AZE,2799,2017-11-27,#00c0d6
Shakhriyar Mamedyarov,AZE,2799,2017-12-27,#00c0d6
Shakhriyar Mamedyarov,AZE,2804,2018-01-27,#00c0d6
Shakhriyar Mamedyarov,AZE,2814,2018-02-27,#00c0d6
Shakhriyar Mamedyarov,AZE,2809,2018-03-27,#00c0d6
Shakhriyar Mamedyarov,AZE,2814,2018-04-27,#00c0d6
Shakhriyar Mamedyarov,AZE,2808,2018-05-27,#00c0d6
Shakhriyar Mamedyarov,AZE,2808,2018-06-27,#00c0d6
Shakhriyar Mamedyarov,AZE,2801,2018-07-27,#00c0d6
Shakhriyar Mamedyarov,AZE,2801,2018-08-27,#00c0d6
Shakhriyar Mamedyarov,AZE,2820,2018-09-27,#00c0d6
Shakhriyar Mamedyarov,AZE,2820,2018-10-27,#00c0d6
Shakhriyar Mamedyarov,AZE,2817,2018-11-27,#00c0d6
Shakhriyar Mamedyarov,AZE,2817,2018-12-27,#00c0d6
Shakhriyar Mamedyarov,AZE,2817,2019-01-27,#00c0d6
Shakhriyar Mamedyarov,AZE,2790,2019-02-24,#00c0d6
Shakhriyar Mamedyarov,AZE,2657,2004-04-27,#00c0d6
Shakhriyar Mamedyarov,AZE,2662,2004-07-27,#00c0d6
Shakhriyar Mamedyarov,AZE,2660,2004-10-27,#00c0d6
Shakhriyar Mamedyarov,AZE,2657,2005-01-27,#00c0d6
Shakhriyar Mamedyarov,AZE,2646,2005-04-27,#00c0d6
Shakhriyar Mamedyarov,AZE,2646,2005-07-27,#00c0d6
Shakhriyar Mamedyarov,AZE,2674,2005-10-27,#00c0d6
Shakhriyar Mamedyarov,AZE,2709,2006-01-27,#00c0d6
Shakhriyar Mamedyarov,AZE,2699,2006-04-27,#00c0d6
Shakhriyar Mamedyarov,AZE,2722,2006-07-27,#00c0d6
Shakhriyar Mamedyarov,AZE,2728,2006-10-27,#00c0d6
Shakhriyar Mamedyarov,AZE,2754,2007-01-27,#00c0d6
Shakhriyar Mamedyarov,AZE,2757,2007-04-27,#00c0d6
Shakhriyar Mamedyarov,AZE,2757,2007-07-27,#00c0d6
Shakhriyar Mamedyarov,AZE,2752,2007-10-27,#00c0d6
Shakhriyar Mamedyarov,AZE,2760,2008-01-27,#00c0d6
Shakhriyar Mamedyarov,AZE,2752,2008-04-27,#00c0d6
Shakhriyar Mamedyarov,AZE,2742,2008-07-27,#00c0d6
Shakhriyar Mamedyarov,AZE,2731,2008-10-27,#00c0d6
Shakhriyar Mamedyarov,AZE,2724,2009-01-27,#00c0d6
Shakhriyar Mamedyarov,AZE,2725,2009-04-27,#00c0d6
Shakhriyar Mamedyarov,AZE,2717,2009-07-27,#00c0d6
Shakhriyar Mamedyarov,AZE,2721,2009-09-27,#00c0d6
Shakhriyar Mamedyarov,AZE,2719,2009-11-27,#00c0d6
Shakhriyar Mamedyarov,AZE,2741,2010-01-27,#00c0d6
Shakhriyar Mamedyarov,AZE,2760,2010-03-27,#00c0d6
Shakhriyar Mamedyarov,AZE,2763,2010-05-27,#00c0d6
Shakhriyar Mamedyarov,AZE,2761,2010-07-27,#00c0d6
Shakhriyar Mamedyarov,AZE,2756,2010-09-27,#00c0d6
Shakhriyar Mamedyarov,AZE,2763,2010-11-27,#00c0d6
Shakhriyar Mamedyarov,AZE,2772,2011-01-27,#00c0d6
Shakhriyar Mamedyarov,AZE,2772,2011-03-27,#00c0d6
Shakhriyar Mamedyarov,AZE,2772,2011-05-27,#00c0d6
Shakhriyar Mamedyarov,AZE,2765,2011-07-27,#00c0d6
Shakhriyar Mamedyarov,AZE,2746,2011-09-27,#00c0d6
Shakhriyar Mamedyarov,AZE,2733,2011-11-27,#00c0d6
Shakhriyar Mamedyarov,AZE,2747,2012-01-27,#00c0d6
Shakhriyar Mamedyarov,AZE,2752,2012-03-27,#00c0d6
Shakhriyar Mamedyarov,AZE,2726,2012-05-27,#00c0d6
Shakhriyar Mamedyarov,AZE,2726,2012-07-27,#00c0d6
Shakhriyar Mamedyarov,AZE,2729,2012-08-27,#00c0d6
Shakhriyar Mamedyarov,AZE,2729,2012-09-27,#00c0d6
Shakhriyar Mamedyarov,AZE,2748,2012-10-27,#00c0d6
Shakhriyar Mamedyarov,AZE,2764,2012-11-27,#00c0d6
Shakhriyar Mamedyarov,AZE,2764,2012-12-27,#00c0d6
Shakhriyar Mamedyarov,AZE,2766,2013-01-27,#00c0d6
Shakhriyar Mamedyarov,AZE,2766,2013-02-27,#00c0d6
Shakhriyar Mamedyarov,AZE,2766,2013-03-27,#00c0d6
Shakhriyar Mamedyarov,AZE,2766,2013-04-27,#00c0d6
Shakhriyar Mamedyarov,AZE,2753,2013-05-27,#00c0d6
Shakhriyar Mamedyarov,AZE,2753,2013-06-27,#00c0d6
Shakhriyar Mamedyarov,AZE,2761,2013-07-27,#00c0d6
Shakhriyar Mamedyarov,AZE,2775,2013-08-27,#00c0d6
Shakhriyar Mamedyarov,AZE,2775,2013-09-27,#00c0d6
Shakhriyar Mamedyarov,AZE,2759,2013-10-27,#00c0d6
Shakhriyar Mamedyarov,AZE,2757,2013-11-27,#00c0d6
Shakhriyar Mamedyarov,AZE,2757,2013-12-27,#00c0d6
Shakhriyar Mamedyarov,AZE,2757,2014-01-27,#00c0d6
Shakhriyar Mamedyarov,AZE,2757,2014-02-27,#00c0d6
Shakhriyar Mamedyarov,AZE,2757,2014-03-27,#00c0d6
Shakhriyar Mamedyarov,AZE,2760,2014-04-27,#00c0d6
Shakhriyar Mamedyarov,AZE,2760,2014-05-27,#00c0d6
Shakhriyar Mamedyarov,AZE,2743,2014-06-27,#00c0d6
Shakhriyar Mamedyarov,AZE,2743,2014-07-27,#00c0d6
Shakhriyar Mamedyarov,AZE,2743,2014-08-27,#00c0d6
Shakhriyar Mamedyarov,AZE,2756,2014-09-27,#00c0d6
Shakhriyar Mamedyarov,AZE,2764,2014-10-27,#00c0d6
Shakhriyar Mamedyarov,AZE,2757,2014-11-27,#00c0d6
Shakhriyar Mamedyarov,AZE,2765,2014-12-27,#00c0d6
Shakhriyar Mamedyarov,AZE,2759,2015-01-27,#00c0d6
Shakhriyar Mamedyarov,AZE,2759,2015-02-27,#00c0d6
Shakhriyar Mamedyarov,AZE,2756,2015-03-27,#00c0d6
Shakhriyar Mamedyarov,AZE,2754,2015-04-27,#00c0d6
Shakhriyar Mamedyarov,AZE,2735,2015-05-27,#00c0d6
Shakhriyar Mamedyarov,AZE,2735,2015-06-27,#00c0d6
Shakhriyar Mamedyarov,AZE,2735,2015-07-27,#00c0d6
Shakhriyar Mamedyarov,AZE,2735,2015-08-27,#00c0d6
Shakhriyar Mamedyarov,AZE,2736,2015-09-27,#00c0d6
Shakhriyar Mamedyarov,AZE,2736,2015-10-27,#00c0d6
Shakhriyar Mamedyarov,AZE,2743,2015-11-27,#00c0d6
Shakhriyar Mamedyarov,AZE,2748,2015-12-27,#00c0d6
Shakhriyar Mamedyarov,AZE,2747,2016-01-27,#00c0d6
Shakhriyar Mamedyarov,AZE,2747,2016-02-27,#00c0d6
Shakhriyar Mamedyarov,AZE,2747,2016-03-27,#00c0d6
Shakhriyar Mamedyarov,AZE,2750,2016-04-27,#00c0d6
Shakhriyar Mamedyarov,AZE,2748,2016-05-27,#00c0d6
Shakhriyar Mamedyarov,AZE,2746,2016-06-27,#00c0d6
Shakhriyar Mamedyarov,AZE,2764,2016-07-27,#00c0d6
Shakhriyar Mamedyarov,AZE,2764,2016-08-27,#00c0d6
Shakhriyar Mamedyarov,AZE,2761,2016-09-27,#00c0d6
Shakhriyar Mamedyarov,AZE,2762,2016-10-27,#00c0d6
Shakhriyar Mamedyarov,AZE,2762,2016-11-27,#00c0d6
Shakhriyar Mamedyarov,AZE,2768,2016-12-27,#00c0d6
Shakhriyar Mamedyarov,AZE,2766,2017-01-27,#00c0d6
Shakhriyar Mamedyarov,AZE,2766,2017-02-27,#00c0d6
Shakhriyar Mamedyarov,AZE,2772,2017-03-27,#00c0d6
Shakhriyar Mamedyarov,AZE,2772,2017-04-27,#00c0d6
Shakhriyar Mamedyarov,AZE,2772,2017-05-27,#00c0d6
Shakhriyar Mamedyarov,AZE,2800,2017-06-27,#00c0d6
Shakhriyaz Mamedyarov,AZE,2607,2003-04-27,#00c0d6
Shakhriyaz Mamedyarov,AZE,2646,2004-01-27,#00c0d6
Smbat G Lputian,ARM,2598,2000-07-27,#dbb300
Smbat G Lputian,ARM,2610,2000-10-27,#dbb300
Smbat G Lputian,ARM,2607,2001-01-27,#dbb300
Smbat G Lputian,ARM,2607,2001-04-27,#dbb300
Smbat G Lputian,ARM,2608,2001-07-27,#dbb300
Smbat G Lputian,ARM,2618,2001-10-27,#dbb300
Smbat G Lputian,ARM,2634,2002-01-27,#dbb300
Smbat G Lputian,ARM,2634,2002-04-27,#dbb300
Smbat G Lputian,ARM,2627,2002-07-27,#dbb300
Smbat G Lputian,ARM,2627,2002-10-27,#dbb300
Smbat G Lputian,ARM,2638,2003-01-27,#dbb300
Smbat G Lputian,ARM,2638,2003-04-27,#dbb300
Smbat G Lputian,ARM,2623,2003-07-27,#dbb300
Smbat G Lputian,ARM,2630,2003-10-27,#dbb300
Smbat G Lputian,ARM,2634,2004-01-27,#dbb300
Smbat G Lputian,ARM,2634,2004-04-27,#dbb300
Smbat G Lputian,ARM,2634,2004-07-27,#dbb300
Smbat G Lputian,ARM,2634,2004-10-27,#dbb300
Smbat G Lputian,ARM,2640,2005-01-27,#dbb300
Smbat G Lputian,ARM,2640,2005-04-27,#dbb300
Smbat G Lputian,ARM,2629,2005-07-27,#dbb300
Smbat G Lputian,ARM,2619,2006-04-27,#dbb300
Smbat G Lputian,ARM,2634,2006-07-27,#dbb300
Smbat G Lputian,ARM,2634,2006-10-27,#dbb300
Smbat G Lputian,ARM,2634,2007-01-27,#dbb300
Smbat G Lputian,ARM,2634,2007-04-27,#dbb300
Smbat G Lputian,ARM,2633,2007-07-27,#dbb300
Smbat G Lputian,ARM,2633,2007-10-27,#dbb300
Stuart Conquest,ENG,2601,2001-10-27,#b32100
Stuart Conquest,ENG,2596,2002-01-27,#b32100
Suat Atalik,TUR,2620,2005-10-27,#FFFFFFF
Suat Atalik,TUR,2618,2006-01-27,#FFFFFFF
Suat Atalik,TUR,2632,2006-04-27,#FFFFFFF
Suat Atalik,TUR,2619,2006-07-27,#FFFFFFF
Surya Shekhar Ganguly,IND,2658,2017-07-27,#FF9933
Surya Shekhar Ganguly,IND,2658,2017-08-27,#FF9933
Surya Shekhar Ganguly,IND,2665,2017-09-27,#FF9933
Surya Shekhar Ganguly,IND,2657,2017-10-27,#FF9933
Surya Shekhar Ganguly,IND,2653,2017-11-27,#FF9933
Surya Shekhar Ganguly,IND,2657,2018-03-27,#FF9933
Surya Shekhar Ganguly,IND,2652,2018-06-27,#FF9933
Surya Shekhar Ganguly,IND,2652,2018-08-27,#FF9933
Surya Shekhar Ganguly,IND,2631,2008-07-27,#FF9933
Surya Shekhar Ganguly,IND,2654,2009-11-27,#FF9933
Surya Shekhar Ganguly,IND,2654,2010-01-27,#FF9933
Surya Shekhar Ganguly,IND,2672,2010-03-27,#FF9933
Surya Shekhar Ganguly,IND,2672,2010-05-27,#FF9933
Surya Shekhar Ganguly,IND,2655,2010-07-27,#FF9933
Surya Shekhar Ganguly,IND,2650,2010-09-27,#FF9933
Surya Shekhar Ganguly,IND,2651,2011-01-27,#FF9933
Surya Shekhar Ganguly,IND,2660,2016-01-27,#FF9933
Surya Shekhar Ganguly,IND,2660,2016-02-27,#FF9933
Surya Shekhar Ganguly,IND,2654,2016-06-27,#FF9933
Surya Shekhar Ganguly,IND,2676,2016-07-27,#FF9933
Surya Shekhar Ganguly,IND,2676,2016-08-27,#FF9933
Surya Shekhar Ganguly,IND,2672,2016-09-27,#FF9933
Surya Shekhar Ganguly,IND,2672,2016-10-27,#FF9933
Surya Shekhar Ganguly,IND,2664,2016-11-27,#FF9933
Surya Shekhar Ganguly,IND,2668,2016-12-27,#FF9933
Surya Shekhar Ganguly,IND,2657,2017-01-27,#FF9933
Surya Shekhar Ganguly,IND,2657,2017-02-27,#FF9933
Surya Shekhar Ganguly,IND,2658,2017-06-27,#FF9933
Tamir Nabaty,ISR,2654,2017-07-27,#0038B8
Tamir Nabaty,ISR,2654,2017-08-27,#0038B8
Tamir Nabaty,ISR,2661,2017-09-27,#0038B8
Tamir Nabaty,ISR,2661,2017-10-27,#0038B8
Tamir Nabaty,ISR,2661,2017-11-27,#0038B8
Tamir Nabaty,ISR,2657,2017-12-27,#0038B8
Tamir Nabaty,ISR,2658,2018-01-27,#0038B8
Tamir Nabaty,ISR,2670,2018-02-27,#0038B8
Tamir Nabaty,ISR,2690,2018-03-27,#0038B8
Tamir Nabaty,ISR,2692,2018-04-27,#0038B8
Tamir Nabaty,ISR,2692,2018-05-27,#0038B8
Tamir Nabaty,ISR,2692,2018-06-27,#0038B8
Tamir Nabaty,ISR,2692,2018-07-27,#0038B8
Tamir Nabaty,ISR,2692,2018-08-27,#0038B8
Tamir Nabaty,ISR,2692,2018-09-27,#0038B8
Tamir Nabaty,ISR,2692,2018-10-27,#0038B8
Tamir Nabaty,ISR,2670,2018-11-27,#0038B8
Tamir Nabaty,ISR,2670,2018-12-27,#0038B8
Tamir Nabaty,ISR,2669,2019-01-27,#0038B8
Tamir Nabaty,ISR,2688,2019-02-24,#0038B8
Teimour Radjabov,AZE,2742,2017-07-27,#00c0d6
Teimour Radjabov,AZE,2742,2017-08-27,#00c0d6
Teimour Radjabov,AZE,2742,2017-09-27,#00c0d6
Teimour Radjabov,AZE,2741,2017-10-27,#00c0d6
Teimour Radjabov,AZE,2741,2017-11-27,#00c0d6
Teimour Radjabov,AZE,2748,2017-12-27,#00c0d6
Teimour Radjabov,AZE,2748,2018-01-27,#00c0d6
Teimour Radjabov,AZE,2748,2018-02-27,#00c0d6
Teimour Radjabov,AZE,2748,2018-03-27,#00c0d6
Teimour Radjabov,AZE,2748,2018-04-27,#00c0d6
Teimour Radjabov,AZE,2751,2018-05-27,#00c0d6
Teimour Radjabov,AZE,2751,2018-06-27,#00c0d6
Teimour Radjabov,AZE,2751,2018-07-27,#00c0d6
Teimour Radjabov,AZE,2751,2018-08-27,#00c0d6
Teimour Radjabov,AZE,2751,2018-09-27,#00c0d6
Teimour Radjabov,AZE,2751,2018-10-27,#00c0d6
Teimour Radjabov,AZE,2757,2018-11-27,#00c0d6
Teimour Radjabov,AZE,2757,2018-12-27,#00c0d6
Teimour Radjabov,AZE,2757,2019-01-27,#00c0d6
Teimour Radjabov,AZE,2756,2019-02-24,#00c0d6
Teimour Radjabov,AZE,2599,2002-01-27,#00c0d6
Teimour Radjabov,AZE,2610,2002-04-27,#00c0d6
Teimour Radjabov,AZE,2618,2002-07-27,#00c0d6
Teimour Radjabov,AZE,2628,2002-10-27,#00c0d6
Teimour Radjabov,AZE,2624,2003-01-27,#00c0d6
Teimour Radjabov,AZE,2644,2003-04-27,#00c0d6
Teimour Radjabov,AZE,2648,2003-07-27,#00c0d6
Teimour Radjabov,AZE,2650,2003-10-27,#00c0d6
Teimour Radjabov,AZE,2656,2004-01-27,#00c0d6
Teimour Radjabov,AZE,2670,2004-04-27,#00c0d6
Teimour Radjabov,AZE,2664,2004-07-27,#00c0d6
Teimour Radjabov,AZE,2663,2004-10-27,#00c0d6
Teimour Radjabov,AZE,2667,2005-01-27,#00c0d6
Teimour Radjabov,AZE,2673,2005-04-27,#00c0d6
Teimour Radjabov,AZE,2682,2005-07-27,#00c0d6
Teimour Radjabov,AZE,2704,2005-10-27,#00c0d6
Teimour Radjabov,AZE,2700,2006-01-27,#00c0d6
Teimour Radjabov,AZE,2717,2006-04-27,#00c0d6
Teimour Radjabov,AZE,2728,2006-07-27,#00c0d6
Teimour Radjabov,AZE,2729,2006-10-27,#00c0d6
Teimour Radjabov,AZE,2729,2007-01-27,#00c0d6
Teimour Radjabov,AZE,2747,2007-04-27,#00c0d6
Teimour Radjabov,AZE,2746,2007-07-27,#00c0d6
Teimour Radjabov,AZE,2742,2007-10-27,#00c0d6
Teimour Radjabov,AZE,2735,2008-01-27,#00c0d6
Teimour Radjabov,AZE,2751,2008-04-27,#00c0d6
Teimour Radjabov,AZE,2744,2008-07-27,#00c0d6
Teimour Radjabov,AZE,2752,2008-10-27,#00c0d6
Teimour Radjabov,AZE,2761,2009-01-27,#00c0d6
Teimour Radjabov,AZE,2756,2009-04-27,#00c0d6
Teimour Radjabov,AZE,2756,2009-07-27,#00c0d6
Teimour Radjabov,AZE,2757,2009-09-27,#00c0d6
Teimour Radjabov,AZE,2748,2009-11-27,#00c0d6
Teimour Radjabov,AZE,2733,2010-01-27,#00c0d6
Teimour Radjabov,AZE,2740,2010-03-27,#00c0d6
Teimour Radjabov,AZE,2740,2010-05-27,#00c0d6
Teimour Radjabov,AZE,2748,2010-07-27,#00c0d6
Teimour Radjabov,AZE,2748,2010-09-27,#00c0d6
Teimour Radjabov,AZE,2744,2010-11-27,#00c0d6
Teimour Radjabov,AZE,2744,2011-01-27,#00c0d6
Teimour Radjabov,AZE,2744,2011-03-27,#00c0d6
Teimour Radjabov,AZE,2744,2011-05-27,#00c0d6
Teimour Radjabov,AZE,2744,2011-07-27,#00c0d6
Teimour Radjabov,AZE,2752,2011-09-27,#00c0d6
Teimour Radjabov,AZE,2781,2011-11-27,#00c0d6
Teimour Radjabov,AZE,2773,2012-01-27,#00c0d6
Teimour Radjabov,AZE,2784,2012-03-27,#00c0d6
Teimour Radjabov,AZE,2784,2012-05-27,#00c0d6
Teimour Radjabov,AZE,2788,2012-07-27,#00c0d6
Teimour Radjabov,AZE,2788,2012-08-27,#00c0d6
Teimour Radjabov,AZE,2788,2012-09-27,#00c0d6
Teimour Radjabov,AZE,2792,2012-10-27,#00c0d6
Teimour Radjabov,AZE,2793,2012-11-27,#00c0d6
Teimour Radjabov,AZE,2793,2012-12-27,#00c0d6
Teimour Radjabov,AZE,2793,2013-01-27,#00c0d6
Teimour Radjabov,AZE,2793,2013-02-27,#00c0d6
Teimour Radjabov,AZE,2793,2013-03-27,#00c0d6
Teimour Radjabov,AZE,2793,2013-04-27,#00c0d6
Teimour Radjabov,AZE,2745,2013-05-27,#00c0d6
Teimour Radjabov,AZE,2733,2013-06-27,#00c0d6
Teimour Radjabov,AZE,2733,2013-07-27,#00c0d6
Teimour Radjabov,AZE,2733,2013-08-27,#00c0d6
Teimour Radjabov,AZE,2733,2013-09-27,#00c0d6
Teimour Radjabov,AZE,2723,2013-10-27,#00c0d6
Teimour Radjabov,AZE,2715,2013-11-27,#00c0d6
Teimour Radjabov,AZE,2713,2013-12-27,#00c0d6
Teimour Radjabov,AZE,2713,2014-01-27,#00c0d6
Teimour Radjabov,AZE,2713,2014-02-27,#00c0d6
Teimour Radjabov,AZE,2713,2014-03-27,#00c0d6
Teimour Radjabov,AZE,2713,2014-04-27,#00c0d6
Teimour Radjabov,AZE,2713,2014-05-27,#00c0d6
Teimour Radjabov,AZE,2724,2014-06-27,#00c0d6
Teimour Radjabov,AZE,2724,2014-07-27,#00c0d6
Teimour Radjabov,AZE,2724,2014-08-27,#00c0d6
Teimour Radjabov,AZE,2717,2014-09-27,#00c0d6
Teimour Radjabov,AZE,2726,2014-10-27,#00c0d6
Teimour Radjabov,AZE,2730,2014-11-27,#00c0d6
Teimour Radjabov,AZE,2734,2014-12-27,#00c0d6
Teimour Radjabov,AZE,2734,2015-01-27,#00c0d6
Teimour Radjabov,AZE,2731,2015-02-27,#00c0d6
Teimour Radjabov,AZE,2738,2015-03-27,#00c0d6
Teimour Radjabov,AZE,2738,2015-04-27,#00c0d6
Teimour Radjabov,AZE,2738,2015-05-27,#00c0d6
Teimour Radjabov,AZE,2738,2015-06-27,#00c0d6
Teimour Radjabov,AZE,2738,2015-07-27,#00c0d6
Teimour Radjabov,AZE,2738,2015-08-27,#00c0d6
Teimour Radjabov,AZE,2738,2015-09-27,#00c0d6
Teimour Radjabov,AZE,2738,2015-10-27,#00c0d6
Teimour Radjabov,AZE,2739,2015-11-27,#00c0d6
Teimour Radjabov,AZE,2726,2015-12-27,#00c0d6
Teimour Radjabov,AZE,2726,2016-01-27,#00c0d6
Teimour Radjabov,AZE,2726,2016-02-27,#00c0d6
Teimour Radjabov,AZE,2726,2016-03-27,#00c0d6
Teimour Radjabov,AZE,2726,2016-04-27,#00c0d6
Teimour Radjabov,AZE,2726,2016-05-27,#00c0d6
Teimour Radjabov,AZE,2726,2016-06-27,#00c0d6
Teimour Radjabov,AZE,2722,2016-07-27,#00c0d6
Teimour Radjabov,AZE,2722,2016-08-27,#00c0d6
Teimour Radjabov,AZE,2722,2016-09-27,#00c0d6
Teimour Radjabov,AZE,2710,2016-10-27,#00c0d6
Teimour Radjabov,AZE,2696,2016-11-27,#00c0d6
Teimour Radjabov,AZE,2710,2016-12-27,#00c0d6
Teimour Radjabov,AZE,2710,2017-01-27,#00c0d6
Teimour Radjabov,AZE,2710,2017-02-27,#00c0d6
Teimour Radjabov,AZE,2710,2017-03-27,#00c0d6
Teimour Radjabov,AZE,2710,2017-04-27,#00c0d6
Teimour Radjabov,AZE,2710,2017-05-27,#00c0d6
Teimour Radjabov,AZE,2724,2017-06-27,#00c0d6
Thomas Luther,GER,2604,2001-07-27,#FFFFFFF
Thomas Luther,GER,2604,2001-10-27,#FFFFFFF
Tigran Gharamian,FRA,2650,2010-07-27,#3e3b9b
Tigran Gharamian,FRA,2658,2010-09-27,#3e3b9b
Tigran Gharamian,FRA,2650,2010-11-27,#3e3b9b
Tigran Gharamian,FRA,2658,2011-01-27,#3e3b9b
Tigran Gharamian,FRA,2650,2011-03-27,#3e3b9b
Tigran Gharamian,FRA,2661,2011-05-27,#3e3b9b
Tigran Gharamian,FRA,2670,2011-07-27,#3e3b9b
Tigran Gharamian,FRA,2676,2011-09-27,#3e3b9b
Tigran Gharamian,FRA,2676,2011-11-27,#3e3b9b
Tigran Gharamian,FRA,2676,2012-01-27,#3e3b9b
Tigran Gharamian,FRA,2671,2012-03-27,#3e3b9b
Tigran Gharamian,FRA,2672,2012-05-27,#3e3b9b
Tigran Gharamian,FRA,2663,2012-07-27,#3e3b9b
Tigran Gharamian,FRA,2663,2012-08-27,#3e3b9b
Tigran Gharamian,FRA,2663,2012-09-27,#3e3b9b
Tigran Gharamian,FRA,2661,2012-10-27,#3e3b9b
Tigran Gharamian,FRA,2661,2012-11-27,#3e3b9b
Tigran Gharamian,FRA,2661,2012-12-27,#3e3b9b
Tigran Gharamian,FRA,2661,2013-01-27,#3e3b9b
Tigran Gharamian,FRA,2661,2013-02-27,#3e3b9b
Tigran Gharamian,FRA,2660,2013-03-27,#3e3b9b
Tigran Gharamian,FRA,2663,2013-04-27,#3e3b9b
Tigran Gharamian,FRA,2657,2013-05-27,#3e3b9b
Tigran Gharamian,FRA,2655,2013-06-27,#3e3b9b
Tigran Gharamian,FRA,2655,2013-07-27,#3e3b9b
Tigran Gharamian,FRA,2655,2013-08-27,#3e3b9b
Tigran Gharamian,FRA,2653,2013-09-27,#3e3b9b
Tigran Gharamian,FRA,2658,2013-11-27,#3e3b9b
Tigran Gharamian,FRA,2656,2013-12-27,#3e3b9b
Tigran Gharamian,FRA,2655,2014-02-27,#3e3b9b
Tigran Gharamian,FRA,2655,2014-03-27,#3e3b9b
Tigran Gharamian,FRA,2655,2014-04-27,#3e3b9b
Tigran Gharamian,FRA,2655,2014-05-27,#3e3b9b
Tigran Gharamian,FRA,2659,2014-06-27,#3e3b9b
Tigran Gharamian,FRA,2656,2014-07-27,#3e3b9b
Tigran Gharamian,FRA,2657,2014-08-27,#3e3b9b
Tigran Gharamian,FRA,2657,2014-09-27,#3e3b9b
Tigran Gharamian,FRA,2657,2014-10-27,#3e3b9b
Tigran Gharamian,FRA,2658,2014-11-27,#3e3b9b
Tigran Gharamian,FRA,2658,2014-12-27,#3e3b9b
Tigran Gharamian,FRA,2660,2015-09-27,#3e3b9b
Tigran Gharamian,FRA,2654,2015-10-27,#3e3b9b
Tigran Gharamian,FRA,2654,2015-11-27,#3e3b9b
Tigran Gharamian,FRA,2654,2015-12-27,#3e3b9b
Tigran L. Petrosian,ARM,2649,2011-09-27,#dbb300
Tigran L. Petrosian,ARM,2657,2012-05-27,#dbb300
Tigran L. Petrosian,ARM,2661,2012-07-27,#dbb300
Tigran L. Petrosian,ARM,2661,2012-08-27,#dbb300
Tigran L. Petrosian,ARM,2657,2012-09-27,#dbb300
Tigran L. Petrosian,ARM,2659,2012-10-27,#dbb300
Tigran L. Petrosian,ARM,2659,2012-11-27,#dbb300
Tigran L. Petrosian,ARM,2663,2013-02-27,#dbb300
Tigran L. Petrosian,ARM,2663,2013-03-27,#dbb300
Tigran L. Petrosian,ARM,2663,2013-04-27,#dbb300
Tigran L. Petrosian,ARM,2660,2013-07-27,#dbb300
Tigran L. Petrosian,ARM,2660,2013-08-27,#dbb300
Tigran L. Petrosian,ARM,2660,2013-09-27,#dbb300
Tigran L. Petrosian,ARM,2660,2013-10-27,#dbb300
Tigran L. Petrosian,ARM,2660,2013-11-27,#dbb300
Tigran L. Petrosian,ARM,2654,2014-01-27,#dbb300
Tigran L. Petrosian,ARM,2663,2015-01-27,#dbb300
Tigran L. Petrosian,ARM,2663,2015-02-27,#dbb300
Tigran L. Petrosian,ARM,2671,2015-03-27,#dbb300
Tigran L. Petrosian,ARM,2660,2015-04-27,#dbb300
Timur Gareev,USA,2658,2012-08-27,#3c3b6e
Timur Gareev,USA,2663,2012-09-27,#3c3b6e
Timur Gareev,USA,2663,2012-10-27,#3c3b6e
Timur Gareev,USA,2663,2012-11-27,#3c3b6e
Timur Gareev,USA,2663,2012-12-27,#3c3b6e
Timur Gareev,USA,2665,2013-01-27,#3c3b6e
Timur Gareev,USA,2682,2013-02-27,#3c3b6e
Timur Gareev,USA,2674,2013-03-27,#3c3b6e
Timur Gareev,USA,2674,2013-04-27,#3c3b6e
Timur Gareev,USA,2674,2013-05-27,#3c3b6e
Timur Gareev,USA,2676,2013-06-27,#3c3b6e
Timur Gareev,USA,2676,2013-07-27,#3c3b6e
Timur Gareev,USA,2676,2013-08-27,#3c3b6e
Timur Gareev,USA,2676,2013-09-27,#3c3b6e
Timur Gareev,USA,2676,2013-10-27,#3c3b6e
Timur Gareev,USA,2653,2013-11-27,#3c3b6e
Timur Gareev,USA,2653,2014-05-27,#3c3b6e
Timur Gareev,UZB,2654,2012-03-27,#FFFFFFF
Timur Gareev,UZB,2658,2012-07-27,#FFFFFFF
Tomasz Markowski,POL,2610,2003-07-27,#DC143C
Tomasz Markowski,POL,2610,2003-10-27,#DC143C
Tomi Nyback,FIN,2639,2008-07-27,#FFFFFFF
Tomi Nyback,FIN,2639,2008-10-27,#FFFFFFF
Tomi Nyback,FIN,2644,2009-01-27,#FFFFFFF
Tomi Nyback,FIN,2655,2009-04-27,#FFFFFFF
Tomi Nyback,FIN,2643,2010-01-27,#FFFFFFF
Tomi Nyback,FIN,2650,2010-11-27,#FFFFFFF
Tomi Nyback,FIN,2656,2011-01-27,#FFFFFFF
Tomi Nyback,FIN,2656,2011-03-27,#FFFFFFF
Toni Najdoski,MKD,2601,2001-01-27,#FFFFFFF
Toni Najdoski,MKD,2600,2001-04-27,#FFFFFFF
Toni Najdoski,MKD,2600,2001-07-27,#FFFFFFF
Toni Najdoski,MKD,2600,2001-10-27,#FFFFFFF
Toni Najdoski,MKD,2600,2002-01-27,#FFFFFFF
Toni Najdoski,MKD,2598,2003-01-27,#FFFFFFF
Ulf Andersson,SWE,2641,2000-07-27,#FFFFFFF
Ulf Andersson,SWE,2641,2000-10-27,#FFFFFFF
Ulf Andersson,SWE,2640,2001-01-27,#FFFFFFF
Ulf Andersson,SWE,2640,2001-04-27,#FFFFFFF
Ulf Andersson,SWE,2601,2001-07-27,#FFFFFFF
Ulf Andersson,SWE,2601,2001-10-27,#FFFFFFF
Ulf Andersson,SWE,2598,2002-01-27,#FFFFFFF
Ulf Andersson,SWE,2604,2002-04-27,#FFFFFFF
Utut Adianto,INA,2598,2001-07-27,#FFFFFFF
Vadim Malakhatko,BEL,2633,2008-10-27,#FFFFFFF
Vadim Milov,SUI,2626,2000-07-27,#FFFFFFF
Vadim Milov,SUI,2626,2000-10-27,#FFFFFFF
Vadim Milov,SUI,2604,2001-01-27,#FFFFFFF
Vadim Milov,SUI,2605,2001-04-27,#FFFFFFF
Vadim Milov,SUI,2614,2001-07-27,#FFFFFFF
Vadim Milov,SUI,2602,2001-10-27,#FFFFFFF
Vadim Milov,SUI,2606,2002-04-27,#FFFFFFF
Vadim Milov,SUI,2602,2002-07-27,#FFFFFFF
Vadim Milov,SUI,2620,2002-10-27,#FFFFFFF
Vadim Milov,SUI,2632,2004-01-27,#FFFFFFF
Vadim Milov,SUI,2680,2004-04-27,#FFFFFFF
Vadim Milov,SUI,2683,2004-07-27,#FFFFFFF
Vadim Milov,SUI,2683,2004-10-27,#FFFFFFF
Vadim Milov,SUI,2668,2005-01-27,#FFFFFFF
Vadim Milov,SUI,2653,2005-04-27,#FFFFFFF
Vadim Milov,SUI,2645,2005-07-27,#FFFFFFF
Vadim Milov,SUI,2652,2005-10-27,#FFFFFFF
Vadim Milov,SUI,2638,2006-01-27,#FFFFFFF
Vadim Milov,SUI,2625,2006-04-27,#FFFFFFF
Vadim Milov,SUI,2620,2006-07-27,#FFFFFFF
Vadim Milov,SUI,2657,2006-10-27,#FFFFFFF
Vadim Milov,SUI,2665,2007-01-27,#FFFFFFF
Vadim Milov,SUI,2675,2007-04-27,#FFFFFFF
Vadim Milov,SUI,2675,2007-07-27,#FFFFFFF
Vadim Milov,SUI,2676,2007-10-27,#FFFFFFF
Vadim Milov,SUI,2690,2008-01-27,#FFFFFFF
Vadim Milov,SUI,2690,2008-04-27,#FFFFFFF
Vadim Milov,SUI,2705,2008-07-27,#FFFFFFF
Vadim Milov,SUI,2681,2008-10-27,#FFFFFFF
Vadim Milov,SUI,2669,2009-01-27,#FFFFFFF
Vadim Milov,SUI,2659,2009-04-27,#FFFFFFF
Vadim Milov,SUI,2659,2009-07-27,#FFFFFFF
Vadim Milov,SUI,2659,2009-09-27,#FFFFFFF
Vadim Milov,SUI,2652,2009-11-27,#FFFFFFF
Vadim Milov,SUI,2644,2010-01-27,#FFFFFFF
Vadim Milov,SUI,2644,2010-03-27,#FFFFFFF
Vadim Milov,SUI,2644,2010-05-27,#FFFFFFF
Vadim Milov,SUI,2644,2010-07-27,#FFFFFFF
Vadim Milov,SUI,2644,2010-09-27,#FFFFFFF
Vadim Milov,SUI,2653,2011-01-27,#FFFFFFF
Vadim Milov,SUI,2653,2011-03-27,#FFFFFFF
Vadim Milov,SUI,2648,2011-05-27,#FFFFFFF
Vadim Milov,SUI,2651,2011-07-27,#FFFFFFF
Vadim Milov,SUI,2651,2011-09-27,#FFFFFFF
Vadim Milov,SUI,2653,2011-11-27,#FFFFFFF
Vadim Milov,SUI,2653,2012-01-27,#FFFFFFF
Vadim Milov,SUI,2653,2012-03-27,#FFFFFFF
Vadim Milov,SUI,2652,2012-08-27,#FFFFFFF
Vadim Zvjaginsev,RUS,2634,2000-07-27,#D52B1E
Vadim Zvjaginsev,RUS,2635,2000-10-27,#D52B1E
Vadim Zvjaginsev,RUS,2631,2001-01-27,#D52B1E
Vadim Zvjaginsev,RUS,2627,2001-04-27,#D52B1E
Vadim Zvjaginsev,RUS,2638,2001-07-27,#D52B1E
Vadim Zvjaginsev,RUS,2640,2001-10-27,#D52B1E
Vadim Zvjaginsev,RUS,2656,2002-01-27,#D52B1E
Vadim Zvjaginsev,RUS,2645,2002-04-27,#D52B1E
Vadim Zvjaginsev,RUS,2673,2002-07-27,#D52B1E
Vadim Zvjaginsev,RUS,2680,2002-10-27,#D52B1E
Vadim Zvjaginsev,RUS,2671,2003-01-27,#D52B1E
Vadim Zvjaginsev,RUS,2664,2003-04-27,#D52B1E
Vadim Zvjaginsev,RUS,2653,2003-07-27,#D52B1E
Vadim Zvjaginsev,RUS,2653,2003-10-27,#D52B1E
Vadim Zvjaginsev,RUS,2654,2004-01-27,#D52B1E
Vadim Zvjaginsev,RUS,2654,2004-04-27,#D52B1E
Vadim Zvjaginsev,RUS,2650,2004-07-27,#D52B1E
Vadim Zvjaginsev,RUS,2650,2004-10-27,#D52B1E
Vadim Zvjaginsev,RUS,2653,2005-01-27,#D52B1E
Vadim Zvjaginsev,RUS,2649,2005-04-27,#D52B1E
Vadim Zvjaginsev,RUS,2659,2005-07-27,#D52B1E
Vadim Zvjaginsev,RUS,2659,2005-10-27,#D52B1E
Vadim Zvjaginsev,RUS,2664,2006-01-27,#D52B1E
Vadim Zvjaginsev,RUS,2670,2006-04-27,#D52B1E
Vadim Zvjaginsev,RUS,2675,2006-07-27,#D52B1E
Vadim Zvjaginsev,RUS,2674,2006-10-27,#D52B1E
Vadim Zvjaginsev,RUS,2658,2007-01-27,#D52B1E
Vadim Zvjaginsev,RUS,2659,2007-04-27,#D52B1E
Vadim Zvjaginsev,RUS,2658,2007-07-27,#D52B1E
Vadim Zvjaginsev,RUS,2674,2007-10-27,#D52B1E
Vadim Zvjaginsev,RUS,2677,2008-01-27,#D52B1E
Vadim Zvjaginsev,RUS,2674,2008-04-27,#D52B1E
Vadim Zvjaginsev,RUS,2663,2008-07-27,#D52B1E
Vadim Zvjaginsev,RUS,2646,2008-10-27,#D52B1E
Vadim Zvjaginsev,RUS,2636,2009-01-27,#D52B1E
Vadim Zvjaginsev,RUS,2635,2009-04-27,#D52B1E
Vadim Zvjaginsev,RUS,2643,2010-03-27,#D52B1E
Vadim Zvjaginsev,RUS,2656,2010-05-27,#D52B1E
Vadim Zvjaginsev,RUS,2656,2010-07-27,#D52B1E
Vadim Zvjaginsev,RUS,2664,2010-09-27,#D52B1E
Vadim Zvjaginsev,RUS,2676,2010-11-27,#D52B1E
Vadim Zvjaginsev,RUS,2660,2011-01-27,#D52B1E
Vadim Zvjaginsev,RUS,2663,2011-03-27,#D52B1E
Vadim Zvjaginsev,RUS,2659,2011-05-27,#D52B1E
Vadim Zvjaginsev,RUS,2659,2011-07-27,#D52B1E
Vadim Zvjaginsev,RUS,2666,2011-09-27,#D52B1E
Vadim Zvjaginsev,RUS,2680,2011-11-27,#D52B1E
Vadim Zvjaginsev,RUS,2688,2012-01-27,#D52B1E
Vadim Zvjaginsev,RUS,2683,2012-03-27,#D52B1E
Vadim Zvjaginsev,RUS,2683,2012-05-27,#D52B1E
Vadim Zvjaginsev,RUS,2683,2012-07-27,#D52B1E
Vadim Zvjaginsev,RUS,2671,2012-08-27,#D52B1E
Vadim Zvjaginsev,RUS,2671,2012-09-27,#D52B1E
Vadim Zvjaginsev,RUS,2678,2012-10-27,#D52B1E
Vadim Zvjaginsev,RUS,2681,2012-11-27,#D52B1E
Vadim Zvjaginsev,RUS,2658,2012-12-27,#D52B1E
Vadim Zvjaginsev,RUS,2658,2013-01-27,#D52B1E
Vadim Zvjaginsev,RUS,2658,2013-02-27,#D52B1E
Vadim Zvjaginsev,RUS,2658,2013-03-27,#D52B1E
Vadim Zvjaginsev,RUS,2658,2013-04-27,#D52B1E
Vadim Zvjaginsev,RUS,2655,2013-05-27,#D52B1E
Vadim Zvjaginsev,RUS,2659,2013-06-27,#D52B1E
Vadim Zvjaginsev,RUS,2659,2013-07-27,#D52B1E
Vadim Zvjaginsev,RUS,2659,2013-08-27,#D52B1E
Vadim Zvjaginsev,RUS,2659,2013-09-27,#D52B1E
Vadim Zvjaginsev,RUS,2659,2013-10-27,#D52B1E
Vadim Zvjaginsev,RUS,2653,2013-11-27,#D52B1E
Vadim Zvjaginsev,RUS,2653,2013-12-27,#D52B1E
Vadim Zvjaginsev,RUS,2653,2014-01-27,#D52B1E
Vadim Zvjaginsev,RUS,2653,2014-02-27,#D52B1E
Vadim Zvjaginsev,RUS,2653,2014-03-27,#D52B1E
Vadim Zvjaginsev,RUS,2662,2014-07-27,#D52B1E
Vadim Zvjaginsev,RUS,2659,2014-08-27,#D52B1E
Vadim Zvjaginsev,RUS,2659,2014-09-27,#D52B1E
Vadim Zvjaginsev,RUS,2655,2014-10-27,#D52B1E
Vadim Zvjaginsev,RUS,2655,2014-11-27,#D52B1E
Vadim Zvjaginsev,RUS,2655,2014-12-27,#D52B1E
Vadim Zvjaginsev,RUS,2658,2015-01-27,#D52B1E
Vadim Zvjaginsev,RUS,2658,2015-02-27,#D52B1E
Vadim Zvjaginsev,RUS,2658,2015-03-27,#D52B1E
Vadim Zvjaginsev,RUS,2658,2015-04-27,#D52B1E
Vadim Zvjaginsev,RUS,2660,2015-05-27,#D52B1E
Vadim Zvjaginsev,RUS,2654,2015-08-27,#D52B1E
Vadim Zvjaginsev,RUS,2660,2015-09-27,#D52B1E
Vadim Zvjaginsev,RUS,2660,2015-10-27,#D52B1E
Vadim Zvjaginsev,RUS,2662,2015-11-27,#D52B1E
Vadim Zvjaginsev,RUS,2662,2015-12-27,#D52B1E
Vadim Zvjaginsev,RUS,2662,2016-01-27,#D52B1E
Vadim Zvjaginsev,RUS,2662,2016-02-27,#D52B1E
Vadim Zvjaginsev,RUS,2662,2016-03-27,#D52B1E
Vadim Zvjaginsev,RUS,2672,2016-04-27,#D52B1E
Vadim Zvjaginsev,RUS,2672,2016-05-27,#D52B1E
Vadim Zvjaginsev,RUS,2677,2016-06-27,#D52B1E
Vadim Zvjaginsev,RUS,2677,2016-07-27,#D52B1E
Vadim Zvjaginsev,RUS,2673,2016-08-27,#D52B1E
Vadim Zvjaginsev,RUS,2673,2016-09-27,#D52B1E
Vadim Zvjaginsev,RUS,2673,2016-10-27,#D52B1E
Vadim Zvjaginsev,RUS,2675,2016-11-27,#D52B1E
Vadim Zvjaginsev,RUS,2679,2016-12-27,#D52B1E
Vadim Zvjaginsev,RUS,2679,2017-01-27,#D52B1E
Vadim Zvjaginsev,RUS,2679,2017-02-27,#D52B1E
Vadim Zvjaginsev,RUS,2661,2017-03-27,#D52B1E
Vadim Zvjaginsev,RUS,2661,2017-04-27,#D52B1E
Vadim Zvjaginsev,RUS,2661,2017-05-27,#D52B1E
Vadim Zvjaginsev,RUS,2658,2017-06-27,#D52B1E
Valerij Filippov,RUS,2601,2000-10-27,#D52B1E
Valerij Filippov,RUS,2619,2001-01-27,#D52B1E
Valerij Filippov,RUS,2632,2001-04-27,#D52B1E
Valerij Filippov,RUS,2617,2001-07-27,#D52B1E
Valerij Filippov,RUS,2617,2001-10-27,#D52B1E
Valerij Filippov,RUS,2625,2002-01-27,#D52B1E
Valerij Filippov,RUS,2612,2002-04-27,#D52B1E
Valerij Filippov,RUS,2615,2002-07-27,#D52B1E
Valerij Filippov,RUS,2615,2002-10-27,#D52B1E
Valerij Filippov,RUS,2616,2003-01-27,#D52B1E
Valerij Filippov,RUS,2627,2003-04-27,#D52B1E
Valerij Filippov,RUS,2630,2003-07-27,#D52B1E
Valerij Filippov,RUS,2630,2003-10-27,#D52B1E
Valerij Filippov,RUS,2609,2004-01-27,#D52B1E
Valerij Filippov,RUS,2639,2004-04-27,#D52B1E
Valerij Filippov,RUS,2627,2004-07-27,#D52B1E
Valerij Filippov,RUS,2632,2004-10-27,#D52B1E
Valerij Filippov,RUS,2621,2005-01-27,#D52B1E
Valerij Filippov,RUS,2621,2005-04-27,#D52B1E
Valerij Filippov,RUS,2621,2005-07-27,#D52B1E
Valeriy Neverov,UKR,2601,2002-10-27,#005BBB
Valery Salov,RUS,2644,2000-07-27,#D52B1E
Varuzhan Akobian,USA,2662,2017-07-27,#3c3b6e
Varuzhan Akobian,USA,2662,2017-08-27,#3c3b6e
Varuzhan Akobian,USA,2662,2017-09-27,#3c3b6e
Varuzhan Akobian,USA,2657,2017-10-27,#3c3b6e
Varuzhan Akobian,USA,2654,2018-06-27,#3c3b6e
Varuzhan Akobian,USA,2654,2018-07-27,#3c3b6e
Varuzhan Akobian,USA,2653,2014-06-27,#3c3b6e
Varuzhan Akobian,USA,2653,2014-07-27,#3c3b6e
Varuzhan Akobian,USA,2661,2017-05-27,#3c3b6e
Varuzhan Akobian,USA,2673,2017-06-27,#3c3b6e
Vasilios Kotronias,CYP,2626,2003-10-27,#FFFFFFF
Vasilios Kotronias,CYP,2607,2004-04-27,#FFFFFFF
Vasilios Kotronias,GRE,2626,2005-10-27,#FFFFFFF
Vasilios Kotronias,GRE,2622,2006-01-27,#FFFFFFF
Vasilios Kotronias,GRE,2628,2008-01-27,#FFFFFFF
Vassily Ivanchuk,UKR,2728,2017-07-27,#005BBB
Vassily Ivanchuk,UKR,2728,2017-08-27,#005BBB
Vassily Ivanchuk,UKR,2727,2017-09-27,#005BBB
Vassily Ivanchuk,UKR,2732,2017-10-27,#005BBB
Vassily Ivanchuk,UKR,2729,2017-11-27,#005BBB
Vassily Ivanchuk,UKR,2726,2017-12-27,#005BBB
Vassily Ivanchuk,UKR,2726,2018-01-27,#005BBB
Vassily Ivanchuk,UKR,2731,2018-02-27,#005BBB
Vassily Ivanchuk,UKR,2713,2018-03-27,#005BBB
Vassily Ivanchuk,UKR,2708,2018-04-27,#005BBB
Vassily Ivanchuk,UKR,2708,2018-05-27,#005BBB
Vassily Ivanchuk,UKR,2710,2018-06-27,#005BBB
Vassily Ivanchuk,UKR,2710,2018-07-27,#005BBB
Vassily Ivanchuk,UKR,2710,2018-08-27,#005BBB
Vassily Ivanchuk,UKR,2710,2018-09-27,#005BBB
Vassily Ivanchuk,UKR,2710,2018-10-27,#005BBB
Vassily Ivanchuk,UKR,2714,2018-11-27,#005BBB
Vassily Ivanchuk,UKR,2717,2018-12-27,#005BBB
Vassily Ivanchuk,UKR,2713,2019-01-27,#005BBB
Vassily Ivanchuk,UKR,2713,2019-02-24,#005BBB
Vassily Ivanchuk,UKR,2719,2000-07-27,#005BBB
Vassily Ivanchuk,UKR,2716,2000-10-27,#005BBB
Vassily Ivanchuk,UKR,2717,2001-01-27,#005BBB
Vassily Ivanchuk,UKR,2731,2001-04-27,#005BBB
Vassily Ivanchuk,UKR,2731,2001-07-27,#005BBB
Vassily Ivanchuk,UKR,2731,2001-10-27,#005BBB
Vassily Ivanchuk,UKR,2717,2002-01-27,#005BBB
Vassily Ivanchuk,UKR,2711,2002-04-27,#005BBB
Vassily Ivanchuk,UKR,2711,2002-07-27,#005BBB
Vassily Ivanchuk,UKR,2709,2002-10-27,#005BBB
Vassily Ivanchuk,UKR,2699,2003-01-27,#005BBB
Vassily Ivanchuk,UKR,2704,2003-04-27,#005BBB
Vassily Ivanchuk,UKR,2710,2003-07-27,#005BBB
Vassily Ivanchuk,UKR,2710,2003-10-27,#005BBB
Vassily Ivanchuk,UKR,2716,2004-01-27,#005BBB
Vassily Ivanchuk,UKR,2716,2004-04-27,#005BBB
Vassily Ivanchuk,UKR,2715,2004-07-27,#005BBB
Vassily Ivanchuk,UKR,2705,2004-10-27,#005BBB
Vassily Ivanchuk,UKR,2711,2005-01-27,#005BBB
Vassily Ivanchuk,UKR,2739,2005-04-27,#005BBB
Vassily Ivanchuk,UKR,2752,2005-07-27,#005BBB
Vassily Ivanchuk,UKR,2748,2005-10-27,#005BBB
Vassily Ivanchuk,UKR,2729,2006-01-27,#005BBB
Vassily Ivanchuk,UKR,2731,2006-04-27,#005BBB
Vassily Ivanchuk,UKR,2734,2006-07-27,#005BBB
Vassily Ivanchuk,UKR,2741,2006-10-27,#005BBB
Vassily Ivanchuk,UKR,2750,2007-01-27,#005BBB
Vassily Ivanchuk,UKR,2729,2007-04-27,#005BBB
Vassily Ivanchuk,UKR,2762,2007-07-27,#005BBB
Vassily Ivanchuk,UKR,2787,2007-10-27,#005BBB
Vassily Ivanchuk,UKR,2751,2008-01-27,#005BBB
Vassily Ivanchuk,UKR,2740,2008-04-27,#005BBB
Vassily Ivanchuk,UKR,2781,2008-07-27,#005BBB
Vassily Ivanchuk,UKR,2786,2008-10-27,#005BBB
Vassily Ivanchuk,UKR,2779,2009-01-27,#005BBB
Vassily Ivanchuk,UKR,2746,2009-04-27,#005BBB
Vassily Ivanchuk,UKR,2703,2009-07-27,#005BBB
Vassily Ivanchuk,UKR,2756,2009-09-27,#005BBB
Vassily Ivanchuk,UKR,2739,2009-11-27,#005BBB
Vassily Ivanchuk,UKR,2749,2010-01-27,#005BBB
Vassily Ivanchuk,UKR,2748,2010-03-27,#005BBB
Vassily Ivanchuk,UKR,2741,2010-05-27,#005BBB
Vassily Ivanchuk,UKR,2739,2010-07-27,#005BBB
Vassily Ivanchuk,UKR,2754,2010-09-27,#005BBB
Vassily Ivanchuk,UKR,2764,2010-11-27,#005BBB
Vassily Ivanchuk,UKR,2764,2011-01-27,#005BBB
Vassily Ivanchuk,UKR,2779,2011-03-27,#005BBB
Vassily Ivanchuk,UKR,2776,2011-05-27,#005BBB
Vassily Ivanchuk,UKR,2768,2011-07-27,#005BBB
Vassily Ivanchuk,UKR,2765,2011-09-27,#005BBB
Vassily Ivanchuk,UKR,2775,2011-11-27,#005BBB
Vassily Ivanchuk,UKR,2766,2012-01-27,#005BBB
Vassily Ivanchuk,UKR,2764,2012-03-27,#005BBB
Vassily Ivanchuk,UKR,2764,2012-05-27,#005BBB
Vassily Ivanchuk,UKR,2769,2012-07-27,#005BBB
Vassily Ivanchuk,UKR,2769,2012-08-27,#005BBB
Vassily Ivanchuk,UKR,2769,2012-09-27,#005BBB
Vassily Ivanchuk,UKR,2771,2012-10-27,#005BBB
Vassily Ivanchuk,UKR,2763,2012-11-27,#005BBB
Vassily Ivanchuk,UKR,2766,2012-12-27,#005BBB
Vassily Ivanchuk,UKR,2758,2013-01-27,#005BBB
Vassily Ivanchuk,UKR,2758,2013-02-27,#005BBB
Vassily Ivanchuk,UKR,2757,2013-03-27,#005BBB
Vassily Ivanchuk,UKR,2757,2013-04-27,#005BBB
Vassily Ivanchuk,UKR,2755,2013-05-27,#005BBB
Vassily Ivanchuk,UKR,2753,2013-06-27,#005BBB
Vassily Ivanchuk,UKR,2733,2013-07-27,#005BBB
Vassily Ivanchuk,UKR,2731,2013-08-27,#005BBB
Vassily Ivanchuk,UKR,2731,2013-09-27,#005BBB
Vassily Ivanchuk,UKR,2733,2013-10-27,#005BBB
Vassily Ivanchuk,UKR,2731,2013-11-27,#005BBB
Vassily Ivanchuk,UKR,2731,2013-12-27,#005BBB
Vassily Ivanchuk,UKR,2739,2014-01-27,#005BBB
Vassily Ivanchuk,UKR,2739,2014-02-27,#005BBB
Vassily Ivanchuk,UKR,2753,2014-03-27,#005BBB
Vassily Ivanchuk,UKR,2753,2014-04-27,#005BBB
Vassily Ivanchuk,UKR,2753,2014-05-27,#005BBB
Vassily Ivanchuk,UKR,2738,2014-06-27,#005BBB
Vassily Ivanchuk,UKR,2735,2014-07-27,#005BBB
Vassily Ivanchuk,UKR,2744,2014-08-27,#005BBB
Vassily Ivanchuk,UKR,2726,2014-09-27,#005BBB
Vassily Ivanchuk,UKR,2726,2014-10-27,#005BBB
Vassily Ivanchuk,UKR,2726,2014-11-27,#005BBB
Vassily Ivanchuk,UKR,2715,2014-12-27,#005BBB
Vassily Ivanchuk,UKR,2715,2015-01-27,#005BBB
Vassily Ivanchuk,UKR,2731,2015-02-27,#005BBB
Vassily Ivanchuk,UKR,2731,2015-03-27,#005BBB
Vassily Ivanchuk,UKR,2731,2015-04-27,#005BBB
Vassily Ivanchuk,UKR,2733,2015-05-27,#005BBB
Vassily Ivanchuk,UKR,2733,2015-06-27,#005BBB
Vassily Ivanchuk,UKR,2728,2015-07-27,#005BBB
Vassily Ivanchuk,UKR,2726,2015-08-27,#005BBB
Vassily Ivanchuk,UKR,2726,2015-09-27,#005BBB
Vassily Ivanchuk,UKR,2726,2015-10-27,#005BBB
Vassily Ivanchuk,UKR,2720,2015-11-27,#005BBB
Vassily Ivanchuk,UKR,2710,2015-12-27,#005BBB
Vassily Ivanchuk,UKR,2710,2016-01-27,#005BBB
Vassily Ivanchuk,UKR,2710,2016-02-27,#005BBB
Vassily Ivanchuk,UKR,2710,2016-03-27,#005BBB
Vassily Ivanchuk,UKR,2710,2016-04-27,#005BBB
Vassily Ivanchuk,UKR,2710,2016-05-27,#005BBB
Vassily Ivanchuk,UKR,2710,2016-06-27,#005BBB
Vassily Ivanchuk,UKR,2728,2016-07-27,#005BBB
Vassily Ivanchuk,UKR,2723,2016-08-27,#005BBB
Vassily Ivanchuk,UKR,2722,2016-09-27,#005BBB
Vassily Ivanchuk,UKR,2722,2016-10-27,#005BBB
Vassily Ivanchuk,UKR,2733,2016-11-27,#005BBB
Vassily Ivanchuk,UKR,2747,2016-12-27,#005BBB
Vassily Ivanchuk,UKR,2752,2017-01-27,#005BBB
Vassily Ivanchuk,UKR,2751,2017-02-27,#005BBB
Vassily Ivanchuk,UKR,2732,2017-03-27,#005BBB
Vassily Ivanchuk,UKR,2732,2017-04-27,#005BBB
Vassily Ivanchuk,UKR,2738,2017-05-27,#005BBB
Vassily Ivanchuk,UKR,2738,2017-06-27,#005BBB
Vereslav S Eingorn,UKR,2598,2001-07-27,#005BBB
Vereslav S Eingorn,UKR,2601,2001-10-27,#005BBB
Vereslav S Eingorn,UKR,2598,2002-01-27,#005BBB
Vereslav S Eingorn,UKR,2598,2002-04-27,#005BBB
Vereslav S Eingorn,UKR,2604,2002-07-27,#005BBB
Vereslav S Eingorn,UKR,2600,2002-10-27,#005BBB
Vereslav S Eingorn,UKR,2604,2003-01-27,#005BBB
Vereslav S Eingorn,UKR,2604,2003-04-27,#005BBB
Vereslav S Eingorn,UKR,2611,2003-07-27,#005BBB
Vereslav S Eingorn,UKR,2607,2003-10-27,#005BBB
Veselin Topalov,BUL,2749,2017-07-27,#00966E
Veselin Topalov,BUL,2749,2017-08-27,#00966E
Veselin Topalov,BUL,2749,2017-09-27,#00966E
Veselin Topalov,BUL,2749,2017-10-27,#00966E
Veselin Topalov,BUL,2740,2018-11-27,#00966E
Veselin Topalov,BUL,2740,2018-12-27,#00966E
Veselin Topalov,BUL,2740,2019-01-27,#00966E
Veselin Topalov,BUL,2740,2019-02-24,#00966E
Veselin Topalov,BUL,2749,2017-11-27,#00966E
Veselin Topalov,BUL,2749,2017-12-27,#00966E
Veselin Topalov,BUL,2749,2018-01-27,#00966E
Veselin Topalov,BUL,2749,2018-02-27,#00966E
Veselin Topalov,BUL,2749,2018-03-27,#00966E
Veselin Topalov,BUL,2749,2018-04-27,#00966E
Veselin Topalov,BUL,2747,2018-05-27,#00966E
Veselin Topalov,BUL,2747,2018-06-27,#00966E
Veselin Topalov,BUL,2747,2018-07-27,#00966E
Veselin Topalov,BUL,2747,2018-08-27,#00966E
Veselin Topalov,BUL,2740,2018-09-27,#00966E
Veselin Topalov,BUL,2740,2018-10-27,#00966E
Veselin Topalov,BUL,2707,2000-07-27,#00966E
Veselin Topalov,BUL,2707,2000-10-27,#00966E
Veselin Topalov,BUL,2718,2001-01-27,#00966E
Veselin Topalov,BUL,2707,2001-04-27,#00966E
Veselin Topalov,BUL,2711,2001-07-27,#00966E
Veselin Topalov,BUL,2733,2001-10-27,#00966E
Veselin Topalov,BUL,2739,2002-01-27,#00966E
Veselin Topalov,BUL,2745,2002-04-27,#00966E
Veselin Topalov,BUL,2745,2002-07-27,#00966E
Veselin Topalov,BUL,2743,2002-10-27,#00966E
Veselin Topalov,BUL,2743,2003-01-27,#00966E
Veselin Topalov,BUL,2735,2003-04-27,#00966E
Veselin Topalov,BUL,2735,2003-07-27,#00966E
Veselin Topalov,BUL,2735,2003-10-27,#00966E
Veselin Topalov,BUL,2735,2004-01-27,#00966E
Veselin Topalov,BUL,2737,2004-04-27,#00966E
Veselin Topalov,BUL,2737,2004-07-27,#00966E
Veselin Topalov,BUL,2757,2004-10-27,#00966E
Veselin Topalov,BUL,2757,2005-01-27,#00966E
Veselin Topalov,BUL,2778,2005-04-27,#00966E
Veselin Topalov,BUL,2788,2005-07-27,#00966E
Veselin Topalov,BUL,2782,2005-10-27,#00966E
Veselin Topalov,BUL,2801,2006-01-27,#00966E
Veselin Topalov,BUL,2804,2006-04-27,#00966E
Veselin Topalov,BUL,2813,2006-07-27,#00966E
Veselin Topalov,BUL,2813,2006-10-27,#00966E
Veselin Topalov,BUL,2783,2007-01-27,#00966E
Veselin Topalov,BUL,2772,2007-04-27,#00966E
Veselin Topalov,BUL,2769,2007-07-27,#00966E
Veselin Topalov,BUL,2769,2007-10-27,#00966E
Veselin Topalov,BUL,2780,2008-01-27,#00966E
Veselin Topalov,BUL,2767,2008-04-27,#00966E
Veselin Topalov,BUL,2777,2008-07-27,#00966E
Veselin Topalov,BUL,2791,2008-10-27,#00966E
Veselin Topalov,BUL,2796,2009-01-27,#00966E
Veselin Topalov,BUL,2812,2009-04-27,#00966E
Veselin Topalov,BUL,2813,2009-07-27,#00966E
Veselin Topalov,BUL,2813,2009-09-27,#00966E
Veselin Topalov,BUL,2810,2009-11-27,#00966E
Veselin Topalov,BUL,2805,2010-01-27,#00966E
Veselin Topalov,BUL,2805,2010-03-27,#00966E
Veselin Topalov,BUL,2812,2010-05-27,#00966E
Veselin Topalov,BUL,2803,2010-07-27,#00966E
Veselin Topalov,BUL,2803,2010-09-27,#00966E
Veselin Topalov,BUL,2786,2010-11-27,#00966E
Veselin Topalov,BUL,2775,2011-01-27,#00966E
Veselin Topalov,BUL,2775,2011-03-27,#00966E
Veselin Topalov,BUL,2775,2011-05-27,#00966E
Veselin Topalov,BUL,2768,2011-07-27,#00966E
Veselin Topalov,BUL,2768,2011-09-27,#00966E
Veselin Topalov,BUL,2768,2011-11-27,#00966E
Veselin Topalov,BUL,2770,2012-01-27,#00966E
Veselin Topalov,BUL,2752,2012-03-27,#00966E
Veselin Topalov,BUL,2752,2012-05-27,#00966E
Veselin Topalov,BUL,2752,2012-07-27,#00966E
Veselin Topalov,BUL,2752,2012-08-27,#00966E
Veselin Topalov,BUL,2752,2012-09-27,#00966E
Veselin Topalov,BUL,2751,2012-10-27,#00966E
Veselin Topalov,BUL,2769,2012-11-27,#00966E
Veselin Topalov,BUL,2771,2012-12-27,#00966E
Veselin Topalov,BUL,2771,2013-01-27,#00966E
Veselin Topalov,BUL,2771,2013-02-27,#00966E
Veselin Topalov,BUL,2771,2013-03-27,#00966E
Veselin Topalov,BUL,2771,2013-04-27,#00966E
Veselin Topalov,BUL,2793,2013-05-27,#00966E
Veselin Topalov,BUL,2784,2013-06-27,#00966E
Veselin Topalov,BUL,2767,2013-07-27,#00966E
Veselin Topalov,BUL,2769,2013-08-27,#00966E
Veselin Topalov,BUL,2769,2013-09-27,#00966E
Veselin Topalov,BUL,2771,2013-10-27,#00966E
Veselin Topalov,BUL,2774,2013-11-27,#00966E
Veselin Topalov,BUL,2785,2013-12-27,#00966E
Veselin Topalov,BUL,2785,2014-01-27,#00966E
Veselin Topalov,BUL,2785,2014-02-27,#00966E
Veselin Topalov,BUL,2785,2014-03-27,#00966E
Veselin Topalov,BUL,2772,2014-04-27,#00966E
Veselin Topalov,BUL,2772,2014-05-27,#00966E
Veselin Topalov,BUL,2772,2014-06-27,#00966E
Veselin Topalov,BUL,2772,2014-07-27,#00966E
Veselin Topalov,BUL,2772,2014-08-27,#00966E
Veselin Topalov,BUL,2784,2014-09-27,#00966E
Veselin Topalov,BUL,2800,2014-10-27,#00966E
Veselin Topalov,BUL,2800,2014-11-27,#00966E
Veselin Topalov,BUL,2800,2014-12-27,#00966E
Veselin Topalov,BUL,2800,2015-01-27,#00966E
Veselin Topalov,BUL,2800,2015-02-27,#00966E
Veselin Topalov,BUL,2798,2015-03-27,#00966E
Veselin Topalov,BUL,2798,2015-04-27,#00966E
Veselin Topalov,BUL,2798,2015-05-27,#00966E
Veselin Topalov,BUL,2798,2015-06-27,#00966E
Veselin Topalov,BUL,2816,2015-07-27,#00966E
Veselin Topalov,BUL,2816,2015-08-27,#00966E
Veselin Topalov,BUL,2816,2015-09-27,#00966E
Veselin Topalov,BUL,2813,2015-10-27,#00966E
Veselin Topalov,BUL,2803,2015-11-27,#00966E
Veselin Topalov,BUL,2803,2015-12-27,#00966E
Veselin Topalov,BUL,2780,2016-01-27,#00966E
Veselin Topalov,BUL,2780,2016-02-27,#00966E
Veselin Topalov,BUL,2780,2016-03-27,#00966E
Veselin Topalov,BUL,2754,2016-04-27,#00966E
Veselin Topalov,BUL,2754,2016-05-27,#00966E
Veselin Topalov,BUL,2761,2016-06-27,#00966E
Veselin Topalov,BUL,2761,2016-07-27,#00966E
Veselin Topalov,BUL,2761,2016-08-27,#00966E
Veselin Topalov,BUL,2768,2016-09-27,#00966E
Veselin Topalov,BUL,2760,2016-10-27,#00966E
Veselin Topalov,BUL,2760,2016-11-27,#00966E
Veselin Topalov,BUL,2760,2016-12-27,#00966E
Veselin Topalov,BUL,2739,2017-01-27,#00966E
Veselin Topalov,BUL,2739,2017-02-27,#00966E
Veselin Topalov,BUL,2741,2017-03-27,#00966E
Veselin Topalov,BUL,2741,2017-04-27,#00966E
Veselin Topalov,BUL,2741,2017-05-27,#00966E
Veselin Topalov,BUL,2749,2017-06-27,#00966E
Victor Bologan,MDA,2654,2016-07-27,#FFFFFFF
Victor Bologan,MDA,2659,2016-08-27,#FFFFFFF
Victor Mikhalevski,ISR,2632,2008-01-27,#0038B8
Viktor Bologan,MDA,2641,2000-07-27,#0029eb
Viktor Bologan,MDA,2651,2000-10-27,#0029eb
Viktor Bologan,MDA,2684,2001-01-27,#0029eb
Viktor Bologan,MDA,2676,2001-04-27,#0029eb
Viktor Bologan,MDA,2655,2001-07-27,#0029eb
Viktor Bologan,MDA,2668,2001-10-27,#0029eb
Viktor Bologan,MDA,2651,2002-01-27,#0029eb
Viktor Bologan,MDA,2652,2002-04-27,#0029eb
Viktor Bologan,MDA,2631,2002-07-27,#0029eb
Viktor Bologan,MDA,2627,2002-10-27,#0029eb
Viktor Bologan,MDA,2630,2003-01-27,#0029eb
Viktor Bologan,MDA,2663,2003-04-27,#0029eb
Viktor Bologan,MDA,2650,2003-07-27,#0029eb
Viktor Bologan,MDA,2673,2003-10-27,#0029eb
Viktor Bologan,MDA,2679,2004-01-27,#0029eb
Viktor Bologan,MDA,2665,2004-04-27,#0029eb
Viktor Bologan,MDA,2663,2004-07-27,#0029eb
Viktor Bologan,MDA,2669,2004-10-27,#0029eb
Viktor Bologan,MDA,2683,2005-01-27,#0029eb
Viktor Bologan,MDA,2700,2005-04-27,#0029eb
Viktor Bologan,MDA,2700,2005-07-27,#0029eb
Viktor Bologan,MDA,2682,2005-10-27,#0029eb
Viktor Bologan,MDA,2661,2006-01-27,#0029eb
Viktor Bologan,MDA,2666,2006-04-27,#0029eb
Viktor Bologan,MDA,2645,2006-07-27,#0029eb
Viktor Bologan,MDA,2659,2006-10-27,#0029eb
Viktor Bologan,MDA,2658,2007-01-27,#0029eb
Viktor Bologan,MDA,2636,2007-04-27,#0029eb
Viktor Bologan,MDA,2650,2007-07-27,#0029eb
Viktor Bologan,MDA,2657,2007-10-27,#0029eb
Viktor Bologan,MDA,2663,2008-01-27,#0029eb
Viktor Bologan,MDA,2665,2008-04-27,#0029eb
Viktor Bologan,MDA,2686,2008-07-27,#0029eb
Viktor Bologan,MDA,2682,2008-10-27,#0029eb
Viktor Bologan,MDA,2687,2009-01-27,#0029eb
Viktor Bologan,MDA,2690,2009-04-27,#0029eb
Viktor Bologan,MDA,2689,2009-07-27,#0029eb
Viktor Bologan,MDA,2688,2009-09-27,#0029eb
Viktor Bologan,MDA,2692,2009-11-27,#0029eb
Viktor Bologan,MDA,2692,2010-01-27,#0029eb
Viktor Bologan,MDA,2684,2010-03-27,#0029eb
Viktor Bologan,MDA,2668,2010-05-27,#0029eb
Viktor Bologan,MDA,2695,2010-07-27,#0029eb
Viktor Bologan,MDA,2690,2010-09-27,#0029eb
Viktor Bologan,MDA,2686,2010-11-27,#0029eb
Viktor Bologan,MDA,2693,2011-01-27,#0029eb
Viktor Bologan,MDA,2671,2011-03-27,#0029eb
Viktor Bologan,MDA,2678,2011-05-27,#0029eb
Viktor Bologan,MDA,2678,2011-07-27,#0029eb
Viktor Bologan,MDA,2656,2011-09-27,#0029eb
Viktor Bologan,MDA,2665,2011-11-27,#0029eb
Viktor Bologan,MDA,2680,2012-01-27,#0029eb
Viktor Bologan,MDA,2687,2012-03-27,#0029eb
Viktor Bologan,MDA,2716,2012-05-27,#0029eb
Viktor Bologan,MDA,2732,2012-07-27,#0029eb
Viktor Bologan,MDA,2734,2012-08-27,#0029eb
Viktor Bologan,MDA,2712,2012-09-27,#0029eb
Viktor Bologan,MDA,2695,2012-10-27,#0029eb
Viktor Bologan,MDA,2681,2012-11-27,#0029eb
Viktor Bologan,MDA,2681,2012-12-27,#0029eb
Viktor Bologan,MDA,2681,2013-01-27,#0029eb
Viktor Bologan,MDA,2681,2013-02-27,#0029eb
Viktor Bologan,MDA,2681,2013-03-27,#0029eb
Viktor Bologan,MDA,2681,2013-04-27,#0029eb
Viktor Bologan,MDA,2672,2013-05-27,#0029eb
Viktor Bologan,MDA,2672,2013-06-27,#0029eb
Viktor Bologan,MDA,2672,2013-07-27,#0029eb
Viktor Bologan,MDA,2672,2013-08-27,#0029eb
Viktor Bologan,MDA,2672,2013-09-27,#0029eb
Viktor Bologan,MDA,2670,2013-10-27,#0029eb
Viktor Bologan,MDA,2662,2013-11-27,#0029eb
Viktor Bologan,MDA,2661,2013-12-27,#0029eb
Viktor Bologan,MDA,2661,2014-01-27,#0029eb
Viktor Bologan,MDA,2661,2014-02-27,#0029eb
Viktor Bologan,MDA,2655,2014-05-27,#0029eb
Viktor Bologan,MDA,2661,2014-06-27,#0029eb
Viktor Bologan,MDA,2654,2014-07-27,#0029eb
Viktor Bologan,MDA,2654,2015-12-27,#0029eb
Viktor Bologan,MDA,2654,2016-01-27,#0029eb
Viktor Bologan,MDA,2654,2016-02-27,#0029eb
Viktor Bologan,MDA,2654,2016-03-27,#0029eb
Viktor Bologan,MDA,2654,2016-06-27,#0029eb
Viktor Erdos,HUN,2661,2013-10-27,#259838
Viktor Erdos,HUN,2658,2013-11-27,#259838
Viktor Erdos,HUN,2658,2013-12-27,#259838
Viktor Erdos,HUN,2656,2014-01-27,#259838
Viktor Erdos,HUN,2656,2014-02-27,#259838
Viktor Erdos,HUN,2654,2014-03-27,#259838
Viktor Erdos,HUN,2651,2014-04-27,#259838
Viktor Erdos,HUN,2651,2014-05-27,#259838
Viktor Korchnoi,SUI,2620,2000-07-27,#FFFFFFF
Viktor Korchnoi,SUI,2632,2000-10-27,#FFFFFFF
Viktor Korchnoi,SUI,2639,2001-01-27,#FFFFFFF
Viktor Korchnoi,SUI,2643,2001-04-27,#FFFFFFF
Viktor Korchnoi,SUI,2617,2001-07-27,#FFFFFFF
Viktor Korchnoi,SUI,2639,2001-10-27,#FFFFFFF
Viktor Korchnoi,SUI,2633,2002-01-27,#FFFFFFF
Viktor Korchnoi,SUI,2635,2002-04-27,#FFFFFFF
Viktor Korchnoi,SUI,2626,2002-07-27,#FFFFFFF
Viktor Korchnoi,SUI,2634,2002-10-27,#FFFFFFF
Viktor Korchnoi,SUI,2642,2003-01-27,#FFFFFFF
Viktor Korchnoi,SUI,2632,2003-04-27,#FFFFFFF
Viktor Korchnoi,SUI,2628,2003-07-27,#FFFFFFF
Viktor Korchnoi,SUI,2617,2005-01-27,#FFFFFFF
Viktor Korchnoi,SUI,2619,2005-04-27,#FFFFFFF
Viktor Korchnoi,SUI,2615,2005-07-27,#FFFFFFF
Viktor Korchnoi,SUI,2620,2005-10-27,#FFFFFFF
Viktor Korchnoi,SUI,2629,2007-01-27,#FFFFFFF
Viktor Laznicka,CZE,2664,2017-07-27,#11574E
Viktor Laznicka,CZE,2664,2017-08-27,#11574E
Viktor Laznicka,CZE,2654,2017-09-27,#11574E
Viktor Laznicka,CZE,2654,2017-10-27,#11574E
Viktor Laznicka,CZE,2656,2017-11-27,#11574E
Viktor Laznicka,CZE,2654,2018-01-27,#11574E
Viktor Laznicka,CZE,2658,2018-02-27,#11574E
Viktor Laznicka,CZE,2657,2018-03-27,#11574E
Viktor Laznicka,CZE,2657,2018-04-27,#11574E
Viktor Laznicka,CZE,2671,2018-05-27,#11574E
Viktor Laznicka,CZE,2670,2018-06-27,#11574E
Viktor Laznicka,CZE,2669,2018-07-27,#11574E
Viktor Laznicka,CZE,2662,2018-08-27,#11574E
Viktor Laznicka,CZE,2662,2018-09-27,#11574E
Viktor Laznicka,CZE,2664,2018-10-27,#11574E
Viktor Laznicka,CZE,2668,2018-11-27,#11574E
Viktor Laznicka,CZE,2675,2018-12-27,#11574E
Viktor Laznicka,CZE,2674,2019-01-27,#11574E
Viktor Laznicka,CZE,2670,2019-02-24,#11574E
Viktor Laznicka,CZE,2652,2010-01-27,#11574E
Viktor Laznicka,CZE,2659,2010-03-27,#11574E
Viktor Laznicka,CZE,2690,2010-09-27,#11574E
Viktor Laznicka,CZE,2688,2010-11-27,#11574E
Viktor Laznicka,CZE,2688,2011-01-27,#11574E
Viktor Laznicka,CZE,2688,2011-03-27,#11574E
Viktor Laznicka,CZE,2681,2011-05-27,#11574E
Viktor Laznicka,CZE,2681,2011-07-27,#11574E
Viktor Laznicka,CZE,2701,2011-09-27,#11574E
Viktor Laznicka,CZE,2703,2011-11-27,#11574E
Viktor Laznicka,CZE,2704,2012-01-27,#11574E
Viktor Laznicka,CZE,2702,2012-03-27,#11574E
Viktor Laznicka,CZE,2693,2012-05-27,#11574E
Viktor Laznicka,CZE,2683,2012-07-27,#11574E
Viktor Laznicka,CZE,2683,2012-08-27,#11574E
Viktor Laznicka,CZE,2675,2012-09-27,#11574E
Viktor Laznicka,CZE,2678,2012-10-27,#11574E
Viktor Laznicka,CZE,2674,2012-11-27,#11574E
Viktor Laznicka,CZE,2674,2012-12-27,#11574E
Viktor Laznicka,CZE,2674,2013-01-27,#11574E
Viktor Laznicka,CZE,2674,2013-02-27,#11574E
Viktor Laznicka,CZE,2674,2013-03-27,#11574E
Viktor Laznicka,CZE,2674,2013-04-27,#11574E
Viktor Laznicka,CZE,2679,2013-05-27,#11574E
Viktor Laznicka,CZE,2684,2013-06-27,#11574E
Viktor Laznicka,CZE,2684,2013-07-27,#11574E
Viktor Laznicka,CZE,2677,2013-08-27,#11574E
Viktor Laznicka,CZE,2677,2013-09-27,#11574E
Viktor Laznicka,CZE,2666,2013-10-27,#11574E
Viktor Laznicka,CZE,2677,2013-11-27,#11574E
Viktor Laznicka,CZE,2681,2013-12-27,#11574E
Viktor Laznicka,CZE,2681,2014-01-27,#11574E
Viktor Laznicka,CZE,2681,2014-02-27,#11574E
Viktor Laznicka,CZE,2681,2014-03-27,#11574E
Viktor Laznicka,CZE,2673,2014-04-27,#11574E
Viktor Laznicka,CZE,2686,2014-05-27,#11574E
Viktor Laznicka,CZE,2679,2014-06-27,#11574E
Viktor Laznicka,CZE,2679,2014-07-27,#11574E
Viktor Laznicka,CZE,2676,2014-08-27,#11574E
Viktor Laznicka,CZE,2675,2014-09-27,#11574E
Viktor Laznicka,CZE,2666,2014-10-27,#11574E
Viktor Laznicka,CZE,2667,2014-11-27,#11574E
Viktor Laznicka,CZE,2673,2014-12-27,#11574E
Viktor Laznicka,CZE,2670,2015-01-27,#11574E
Viktor Laznicka,CZE,2670,2015-02-27,#11574E
Viktor Laznicka,CZE,2664,2015-03-27,#11574E
Viktor Laznicka,CZE,2662,2015-04-27,#11574E
Viktor Laznicka,CZE,2662,2015-05-27,#11574E
Viktor Laznicka,CZE,2657,2015-06-27,#11574E
Viktor Laznicka,CZE,2657,2015-07-27,#11574E
Viktor Laznicka,CZE,2665,2015-08-27,#11574E
Viktor Laznicka,CZE,2676,2015-09-27,#11574E
Viktor Laznicka,CZE,2676,2015-10-27,#11574E
Viktor Laznicka,CZE,2665,2015-11-27,#11574E
Viktor Laznicka,CZE,2655,2015-12-27,#11574E
Viktor Laznicka,CZE,2664,2016-01-27,#11574E
Viktor Laznicka,CZE,2664,2016-02-27,#11574E
Viktor Laznicka,CZE,2666,2016-03-27,#11574E
Viktor Laznicka,CZE,2673,2016-04-27,#11574E
Viktor Laznicka,CZE,2668,2016-05-27,#11574E
Viktor Laznicka,CZE,2654,2016-06-27,#11574E
Viktor Laznicka,CZE,2654,2016-07-27,#11574E
Viktor Laznicka,CZE,2651,2016-10-27,#11574E
Viktor Laznicka,CZE,2664,2016-11-27,#11574E
Viktor Laznicka,CZE,2661,2016-12-27,#11574E
Viktor Laznicka,CZE,2662,2017-01-27,#11574E
Viktor Laznicka,CZE,2666,2017-02-27,#11574E
Viktor Laznicka,CZE,2667,2017-03-27,#11574E
Viktor Laznicka,CZE,2670,2017-04-27,#11574E
Viktor Laznicka,CZE,2672,2017-05-27,#11574E
Viktor Laznicka,CZE,2669,2017-06-27,#11574E
Viorel Iordachescu,MDA,2594,2000-07-27,#FFFFFFF
Viorel Iordachescu,MDA,2594,2000-10-27,#FFFFFFF
Viorel Iordachescu,MDA,2606,2003-07-27,#FFFFFFF
Viorel Iordachescu,MDA,2611,2003-10-27,#FFFFFFF
Viorel Iordachescu,MDA,2634,2004-01-27,#FFFFFFF
Viorel Iordachescu,MDA,2627,2004-04-27,#FFFFFFF
Viorel Iordachescu,MDA,2633,2004-07-27,#FFFFFFF
Viorel Iordachescu,MDA,2632,2004-10-27,#FFFFFFF
Viorel Iordachescu,MDA,2615,2005-01-27,#FFFFFFF
Viswanathan Anand,IND,2783,2017-07-27,#FF9933
Viswanathan Anand,IND,2783,2017-08-27,#FF9933
Viswanathan Anand,IND,2794,2017-09-27,#FF9933
Viswanathan Anand,IND,2783,2017-10-27,#FF9933
Viswanathan Anand,IND,2782,2017-11-27,#FF9933
Viswanathan Anand,IND,2782,2017-12-27,#FF9933
Viswanathan Anand,IND,2767,2018-01-27,#FF9933
Viswanathan Anand,IND,2779,2018-02-27,#FF9933
Viswanathan Anand,IND,2776,2018-03-27,#FF9933
Viswanathan Anand,IND,2776,2018-04-27,#FF9933
Viswanathan Anand,IND,2760,2018-05-27,#FF9933
Viswanathan Anand,IND,2759,2018-06-27,#FF9933
Viswanathan Anand,IND,2768,2018-07-27,#FF9933
Viswanathan Anand,IND,2768,2018-08-27,#FF9933
Viswanathan Anand,IND,2771,2018-09-27,#FF9933
Viswanathan Anand,IND,2771,2018-10-27,#FF9933
Viswanathan Anand,IND,2773,2018-11-27,#FF9933
Viswanathan Anand,IND,2773,2018-12-27,#FF9933
Viswanathan Anand,IND,2773,2019-01-27,#FF9933
Viswanathan Anand,IND,2779,2019-02-24,#FF9933
Viswanathan Anand,IND,2762,2000-07-27,#FF9933
Viswanathan Anand,IND,2774,2000-10-27,#FF9933
Viswanathan Anand,IND,2790,2001-01-27,#FF9933
Viswanathan Anand,IND,2794,2001-04-27,#FF9933
Viswanathan Anand,IND,2797,2001-07-27,#FF9933
Viswanathan Anand,IND,2770,2001-10-27,#FF9933
Viswanathan Anand,IND,2757,2002-01-27,#FF9933
Viswanathan Anand,IND,2752,2002-04-27,#FF9933
Viswanathan Anand,IND,2755,2002-07-27,#FF9933
Viswanathan Anand,IND,2755,2002-10-27,#FF9933
Viswanathan Anand,IND,2753,2003-01-27,#FF9933
Viswanathan Anand,IND,2764,2003-04-27,#FF9933
Viswanathan Anand,IND,2774,2003-07-27,#FF9933
Viswanathan Anand,IND,2766,2003-10-27,#FF9933
Viswanathan Anand,IND,2766,2004-01-27,#FF9933
Viswanathan Anand,IND,2774,2004-04-27,#FF9933
Viswanathan Anand,IND,2782,2004-07-27,#FF9933
Viswanathan Anand,IND,2781,2004-10-27,#FF9933
Viswanathan Anand,IND,2786,2005-01-27,#FF9933
Viswanathan Anand,IND,2785,2005-04-27,#FF9933
Viswanathan Anand,IND,2788,2005-07-27,#FF9933
Viswanathan Anand,IND,2788,2005-10-27,#FF9933
Viswanathan Anand,IND,2792,2006-01-27,#FF9933
Viswanathan Anand,IND,2803,2006-04-27,#FF9933
Viswanathan Anand,IND,2779,2006-07-27,#FF9933
Viswanathan Anand,IND,2779,2006-10-27,#FF9933
Viswanathan Anand,IND,2779,2007-01-27,#FF9933
Viswanathan Anand,IND,2786,2007-04-27,#FF9933
Viswanathan Anand,IND,2792,2007-07-27,#FF9933
Viswanathan Anand,IND,2801,2007-10-27,#FF9933
Viswanathan Anand,IND,2799,2008-01-27,#FF9933
Viswanathan Anand,IND,2803,2008-04-27,#FF9933
Viswanathan Anand,IND,2798,2008-07-27,#FF9933
Viswanathan Anand,IND,2783,2008-10-27,#FF9933
Viswanathan Anand,IND,2791,2009-01-27,#FF9933
Viswanathan Anand,IND,2783,2009-04-27,#FF9933
Viswanathan Anand,IND,2788,2009-07-27,#FF9933
Viswanathan Anand,IND,2788,2009-09-27,#FF9933
Viswanathan Anand,IND,2788,2009-11-27,#FF9933
Viswanathan Anand,IND,2790,2010-01-27,#FF9933
Viswanathan Anand,IND,2787,2010-03-27,#FF9933
Viswanathan Anand,IND,2789,2010-05-27,#FF9933
Viswanathan Anand,IND,2800,2010-07-27,#FF9933
Viswanathan Anand,IND,2800,2010-09-27,#FF9933
Viswanathan Anand,IND,2804,2010-11-27,#FF9933
Viswanathan Anand,IND,2810,2011-01-27,#FF9933
Viswanathan Anand,IND,2817,2011-03-27,#FF9933
Viswanathan Anand,IND,2817,2011-05-27,#FF9933
Viswanathan Anand,IND,2817,2011-07-27,#FF9933
Viswanathan Anand,IND,2817,2011-09-27,#FF9933
Viswanathan Anand,IND,2811,2011-11-27,#FF9933
Viswanathan Anand,IND,2799,2012-01-27,#FF9933
Viswanathan Anand,IND,2799,2012-03-27,#FF9933
Viswanathan Anand,IND,2791,2012-05-27,#FF9933
Viswanathan Anand,IND,2780,2012-07-27,#FF9933
Viswanathan Anand,IND,2780,2012-08-27,#FF9933
Viswanathan Anand,IND,2780,2012-09-27,#FF9933
Viswanathan Anand,IND,2780,2012-10-27,#FF9933
Viswanathan Anand,IND,2775,2012-11-27,#FF9933
Viswanathan Anand,IND,2775,2012-12-27,#FF9933
Viswanathan Anand,IND,2772,2013-01-27,#FF9933
Viswanathan Anand,IND,2780,2013-02-27,#FF9933
Viswanathan Anand,IND,2784,2013-03-27,#FF9933
Viswanathan Anand,IND,2783,2013-04-27,#FF9933
Viswanathan Anand,IND,2783,2013-05-27,#FF9933
Viswanathan Anand,IND,2786,2013-06-27,#FF9933
Viswanathan Anand,IND,2775,2013-07-27,#FF9933
Viswanathan Anand,IND,2775,2013-08-27,#FF9933
Viswanathan Anand,IND,2775,2013-09-27,#FF9933
Viswanathan Anand,IND,2775,2013-10-27,#FF9933
Viswanathan Anand,IND,2775,2013-11-27,#FF9933
Viswanathan Anand,IND,2773,2013-12-27,#FF9933
Viswanathan Anand,IND,2773,2014-01-27,#FF9933
Viswanathan Anand,IND,2773,2014-02-27,#FF9933
Viswanathan Anand,IND,2770,2014-03-27,#FF9933
Viswanathan Anand,IND,2785,2014-04-27,#FF9933
Viswanathan Anand,IND,2785,2014-05-27,#FF9933
Viswanathan Anand,IND,2785,2014-06-27,#FF9933
Viswanathan Anand,IND,2785,2014-07-27,#FF9933
Viswanathan Anand,IND,2785,2014-08-27,#FF9933
Viswanathan Anand,IND,2785,2014-09-27,#FF9933
Viswanathan Anand,IND,2785,2014-10-27,#FF9933
Viswanathan Anand,IND,2792,2014-11-27,#FF9933
Viswanathan Anand,IND,2793,2014-12-27,#FF9933
Viswanathan Anand,IND,2797,2015-01-27,#FF9933
Viswanathan Anand,IND,2797,2015-02-27,#FF9933
Viswanathan Anand,IND,2791,2015-03-27,#FF9933
Viswanathan Anand,IND,2791,2015-04-27,#FF9933
Viswanathan Anand,IND,2804,2015-05-27,#FF9933
Viswanathan Anand,IND,2804,2015-06-27,#FF9933
Viswanathan Anand,IND,2816,2015-07-27,#FF9933
Viswanathan Anand,IND,2816,2015-08-27,#FF9933
Viswanathan Anand,IND,2816,2015-09-27,#FF9933
Viswanathan Anand,IND,2803,2015-10-27,#FF9933
Viswanathan Anand,IND,2803,2015-11-27,#FF9933
Viswanathan Anand,IND,2796,2015-12-27,#FF9933
Viswanathan Anand,IND,2784,2016-01-27,#FF9933
Viswanathan Anand,IND,2784,2016-02-27,#FF9933
Viswanathan Anand,IND,2762,2016-03-27,#FF9933
Viswanathan Anand,IND,2770,2016-04-27,#FF9933
Viswanathan Anand,IND,2770,2016-05-27,#FF9933
Viswanathan Anand,IND,2770,2016-06-27,#FF9933
Viswanathan Anand,IND,2770,2016-07-27,#FF9933
Viswanathan Anand,IND,2770,2016-08-27,#FF9933
Viswanathan Anand,IND,2776,2016-09-27,#FF9933
Viswanathan Anand,IND,2776,2016-10-27,#FF9933
Viswanathan Anand,IND,2779,2016-11-27,#FF9933
Viswanathan Anand,IND,2779,2016-12-27,#FF9933
Viswanathan Anand,IND,2786,2017-01-27,#FF9933
Viswanathan Anand,IND,2786,2017-02-27,#FF9933
Viswanathan Anand,IND,2786,2017-03-27,#FF9933
Viswanathan Anand,IND,2786,2017-04-27,#FF9933
Viswanathan Anand,IND,2786,2017-05-27,#FF9933
Viswanathan Anand,IND,2786,2017-06-27,#FF9933
Vladimir Afromeev,RUS,2620,2006-07-27,#D52B1E
Vladimir Afromeev,RUS,2628,2006-10-27,#D52B1E
Vladimir Afromeev,RUS,2628,2007-01-27,#D52B1E
Vladimir Afromeev,RUS,2628,2007-04-27,#D52B1E
Vladimir Afromeev,RUS,2642,2007-07-27,#D52B1E
Vladimir Afromeev,RUS,2646,2007-10-27,#D52B1E
Vladimir Afromeev,RUS,2646,2008-01-27,#D52B1E
Vladimir Afromeev,RUS,2646,2008-04-27,#D52B1E
Vladimir Afromeev,RUS,2646,2008-07-27,#D52B1E
Vladimir Akopian,ARM,2667,2017-07-27,#dbb300
Vladimir Akopian,ARM,2667,2017-08-27,#dbb300
Vladimir Akopian,ARM,2667,2017-09-27,#dbb300
Vladimir Akopian,ARM,2667,2017-10-27,#dbb300
Vladimir Akopian,ARM,2667,2017-11-27,#dbb300
Vladimir Akopian,ARM,2667,2017-12-27,#dbb300
Vladimir Akopian,ARM,2667,2018-01-27,#dbb300
Vladimir Akopian,ARM,2667,2018-02-27,#dbb300
Vladimir Akopian,ARM,2667,2018-03-27,#dbb300
Vladimir Akopian,ARM,2667,2018-04-27,#dbb300
Vladimir Akopian,ARM,2655,2018-05-27,#dbb300
Vladimir Akopian,ARM,2655,2018-06-27,#dbb300
Vladimir Akopian,ARM,2655,2018-07-27,#dbb300
Vladimir Akopian,ARM,2655,2018-08-27,#dbb300
Vladimir Akopian,ARM,2660,2000-07-27,#dbb300
Vladimir Akopian,ARM,2671,2000-10-27,#dbb300
Vladimir Akopian,ARM,2656,2001-01-27,#dbb300
Vladimir Akopian,ARM,2654,2001-04-27,#dbb300
Vladimir Akopian,ARM,2660,2001-07-27,#dbb300
Vladimir Akopian,ARM,2660,2001-10-27,#dbb300
Vladimir Akopian,ARM,2680,2002-01-27,#dbb300
Vladimir Akopian,ARM,2678,2002-04-27,#dbb300
Vladimir Akopian,ARM,2689,2002-07-27,#dbb300
Vladimir Akopian,ARM,2689,2002-10-27,#dbb300
Vladimir Akopian,ARM,2703,2003-01-27,#dbb300
Vladimir Akopian,ARM,2703,2003-04-27,#dbb300
Vladimir Akopian,ARM,2703,2003-07-27,#dbb300
Vladimir Akopian,ARM,2693,2004-01-27,#dbb300
Vladimir Akopian,ARM,2689,2004-04-27,#dbb300
Vladimir Akopian,ARM,2692,2004-07-27,#dbb300
Vladimir Akopian,ARM,2692,2004-10-27,#dbb300
Vladimir Akopian,ARM,2693,2005-01-27,#dbb300
Vladimir Akopian,ARM,2703,2005-04-27,#dbb300
Vladimir Akopian,ARM,2705,2005-07-27,#dbb300
Vladimir Akopian,ARM,2707,2005-10-27,#dbb300
Vladimir Akopian,ARM,2704,2006-01-27,#dbb300
Vladimir Akopian,ARM,2706,2006-04-27,#dbb300
Vladimir Akopian,ARM,2713,2006-07-27,#dbb300
Vladimir Akopian,ARM,2713,2006-10-27,#dbb300
Vladimir Akopian,ARM,2700,2007-01-27,#dbb300
Vladimir Akopian,ARM,2703,2007-04-27,#dbb300
Vladimir Akopian,ARM,2708,2007-07-27,#dbb300
Vladimir Akopian,ARM,2713,2007-10-27,#dbb300
Vladimir Akopian,ARM,2700,2008-01-27,#dbb300
Vladimir Akopian,ARM,2673,2008-04-27,#dbb300
Vladimir Akopian,ARM,2673,2008-07-27,#dbb300
Vladimir Akopian,ARM,2679,2008-10-27,#dbb300
Vladimir Akopian,ARM,2700,2009-01-27,#dbb300
Vladimir Akopian,ARM,2696,2009-04-27,#dbb300
Vladimir Akopian,ARM,2712,2009-07-27,#dbb300
Vladimir Akopian,ARM,2698,2009-09-27,#dbb300
Vladimir Akopian,ARM,2700,2009-11-27,#dbb300
Vladimir Akopian,ARM,2678,2010-01-27,#dbb300
Vladimir Akopian,ARM,2688,2010-03-27,#dbb300
Vladimir Akopian,ARM,2694,2010-05-27,#dbb300
Vladimir Akopian,ARM,2691,2010-07-27,#dbb300
Vladimir Akopian,ARM,2691,2010-09-27,#dbb300
Vladimir Akopian,ARM,2675,2010-11-27,#dbb300
Vladimir Akopian,ARM,2675,2011-01-27,#dbb300
Vladimir Akopian,ARM,2675,2011-03-27,#dbb300
Vladimir Akopian,ARM,2670,2011-05-27,#dbb300
Vladimir Akopian,ARM,2667,2011-07-27,#dbb300
Vladimir Akopian,ARM,2681,2011-09-27,#dbb300
Vladimir Akopian,ARM,2681,2011-11-27,#dbb300
Vladimir Akopian,ARM,2685,2012-01-27,#dbb300
Vladimir Akopian,ARM,2684,2012-03-27,#dbb300
Vladimir Akopian,ARM,2697,2012-05-27,#dbb300
Vladimir Akopian,ARM,2688,2012-07-27,#dbb300
Vladimir Akopian,ARM,2687,2012-08-27,#dbb300
Vladimir Akopian,ARM,2687,2012-09-27,#dbb300
Vladimir Akopian,ARM,2703,2012-10-27,#dbb300
Vladimir Akopian,ARM,2703,2012-11-27,#dbb300
Vladimir Akopian,ARM,2704,2012-12-27,#dbb300
Vladimir Akopian,ARM,2704,2013-01-27,#dbb300
Vladimir Akopian,ARM,2704,2013-02-27,#dbb300
Vladimir Akopian,ARM,2704,2013-03-27,#dbb300
Vladimir Akopian,ARM,2704,2013-04-27,#dbb300
Vladimir Akopian,ARM,2705,2013-05-27,#dbb300
Vladimir Akopian,ARM,2691,2013-06-27,#dbb300
Vladimir Akopian,ARM,2691,2013-07-27,#dbb300
Vladimir Akopian,ARM,2691,2013-08-27,#dbb300
Vladimir Akopian,ARM,2691,2013-09-27,#dbb300
Vladimir Akopian,ARM,2684,2013-10-27,#dbb300
Vladimir Akopian,ARM,2681,2013-11-27,#dbb300
Vladimir Akopian,ARM,2684,2013-12-27,#dbb300
Vladimir Akopian,ARM,2682,2014-01-27,#dbb300
Vladimir Akopian,ARM,2682,2014-02-27,#dbb300
Vladimir Akopian,ARM,2682,2014-03-27,#dbb300
Vladimir Akopian,ARM,2674,2014-04-27,#dbb300
Vladimir Akopian,ARM,2667,2014-05-27,#dbb300
Vladimir Akopian,ARM,2667,2014-06-27,#dbb300
Vladimir Akopian,ARM,2655,2014-07-27,#dbb300
Vladimir Akopian,ARM,2655,2014-08-27,#dbb300
Vladimir Akopian,ARM,2657,2014-09-27,#dbb300
Vladimir Akopian,ARM,2657,2014-10-27,#dbb300
Vladimir Akopian,ARM,2657,2014-11-27,#dbb300
Vladimir Akopian,ARM,2657,2014-12-27,#dbb300
Vladimir Akopian,ARM,2660,2015-01-27,#dbb300
Vladimir Akopian,ARM,2660,2015-02-27,#dbb300
Vladimir Akopian,ARM,2660,2015-03-27,#dbb300
Vladimir Akopian,ARM,2656,2015-04-27,#dbb300
Vladimir Akopian,ARM,2656,2016-01-27,#dbb300
Vladimir Akopian,ARM,2656,2016-02-27,#dbb300
Vladimir Akopian,ARM,2656,2016-03-27,#dbb300
Vladimir Akopian,ARM,2656,2016-04-27,#dbb300
Vladimir Akopian,ARM,2675,2016-05-27,#dbb300
Vladimir Akopian,ARM,2675,2016-06-27,#dbb300
Vladimir Akopian,ARM,2675,2016-07-27,#dbb300
Vladimir Akopian,ARM,2675,2016-08-27,#dbb300
Vladimir Akopian,ARM,2675,2016-09-27,#dbb300
Vladimir Akopian,ARM,2675,2016-10-27,#dbb300
Vladimir Akopian,ARM,2675,2016-11-27,#dbb300
Vladimir Akopian,ARM,2675,2016-12-27,#dbb300
Vladimir Akopian,ARM,2675,2017-01-27,#dbb300
Vladimir Akopian,ARM,2675,2017-02-27,#dbb300
Vladimir Akopian,ARM,2675,2017-03-27,#dbb300
Vladimir Akopian,ARM,2675,2017-04-27,#dbb300
Vladimir Akopian,ARM,2667,2017-05-27,#dbb300
Vladimir Akopian,ARM,2667,2017-06-27,#dbb300
Vladimir Akopian,GER,2684,2003-10-27,#FFFFFFF
Vladimir B Tukmakov,UKR,2595,2001-01-27,#005BBB
Vladimir B Tukmakov,UKR,2604,2001-04-27,#005BBB
Vladimir B Tukmakov,UKR,2604,2001-07-27,#005BBB
Vladimir Baklan,UKR,2599,2000-07-27,#005BBB
Vladimir Baklan,UKR,2611,2000-10-27,#005BBB
Vladimir Baklan,UKR,2613,2001-01-27,#005BBB
Vladimir Baklan,UKR,2613,2001-04-27,#005BBB
Vladimir Baklan,UKR,2599,2001-07-27,#005BBB
Vladimir Baklan,UKR,2609,2002-01-27,#005BBB
Vladimir Baklan,UKR,2618,2002-04-27,#005BBB
Vladimir Baklan,UKR,2614,2002-07-27,#005BBB
Vladimir Baklan,UKR,2607,2002-10-27,#005BBB
Vladimir Baklan,UKR,2605,2003-01-27,#005BBB
Vladimir Baklan,UKR,2607,2003-04-27,#005BBB
Vladimir Baklan,UKR,2606,2004-01-27,#005BBB
Vladimir Baklan,UKR,2615,2004-04-27,#005BBB
Vladimir Baklan,UKR,2621,2006-07-27,#005BBB
Vladimir Baklan,UKR,2622,2006-10-27,#005BBB
Vladimir Baklan,UKR,2648,2007-07-27,#005BBB
Vladimir Baklan,UKR,2639,2007-10-27,#005BBB
Vladimir Baklan,UKR,2647,2008-01-27,#005BBB
Vladimir Baklan,UKR,2647,2008-04-27,#005BBB
Vladimir Baklan,UKR,2646,2009-09-27,#005BBB
Vladimir Baklan,UKR,2655,2009-11-27,#005BBB
Vladimir Baklan,UKR,2654,2010-01-27,#005BBB
Vladimir Baklan,UKR,2644,2010-03-27,#005BBB
Vladimir Baklan,UKR,2655,2014-07-27,#005BBB
Vladimir Baklan,UKR,2655,2014-08-27,#005BBB
Vladimir Baklan,UKR,2655,2014-09-27,#005BBB
Vladimir Baklan,UKR,2656,2014-10-27,#005BBB
Vladimir Baklan,UKR,2655,2014-12-27,#005BBB
Vladimir Belov,RUS,2617,2005-04-27,#D52B1E
Vladimir Belov,RUS,2620,2005-10-27,#D52B1E
Vladimir Chuchelov,BEL,2607,2001-07-27,#FFFFFFF
Vladimir Chuchelov,BEL,2607,2001-10-27,#FFFFFFF
Vladimir Chuchelov,BEL,2600,2002-01-27,#FFFFFFF
Vladimir Chuchelov,BEL,2608,2003-07-27,#FFFFFFF
Vladimir Epishin,RUS,2599,2002-01-27,#D52B1E
Vladimir Epishin,RUS,2606,2002-04-27,#D52B1E
Vladimir Epishin,RUS,2643,2002-07-27,#D52B1E
Vladimir Epishin,RUS,2628,2002-10-27,#D52B1E
Vladimir Epishin,RUS,2626,2003-01-27,#D52B1E
Vladimir Epishin,RUS,2628,2003-04-27,#D52B1E
Vladimir Epishin,RUS,2642,2003-07-27,#D52B1E
Vladimir Epishin,RUS,2658,2003-10-27,#D52B1E
Vladimir Epishin,RUS,2633,2004-01-27,#D52B1E
Vladimir Epishin,RUS,2610,2004-04-27,#D52B1E
Vladimir Epishin,RUS,2635,2004-07-27,#D52B1E
Vladimir Epishin,RUS,2614,2005-01-27,#D52B1E
Vladimir Fedoseev,RUS,2731,2017-07-27,#D52B1E
Vladimir Fedoseev,RUS,2731,2017-08-27,#D52B1E
Vladimir Fedoseev,RUS,2731,2017-09-27,#D52B1E
Vladimir Fedoseev,RUS,2733,2017-10-27,#D52B1E
Vladimir Fedoseev,RUS,2718,2017-11-27,#D52B1E
Vladimir Fedoseev,RUS,2718,2017-12-27,#D52B1E
Vladimir Fedoseev,RUS,2724,2018-01-27,#D52B1E
Vladimir Fedoseev,RUS,2724,2018-02-27,#D52B1E
Vladimir Fedoseev,RUS,2724,2018-03-27,#D52B1E
Vladimir Fedoseev,RUS,2706,2018-04-27,#D52B1E
Vladimir Fedoseev,RUS,2706,2018-05-27,#D52B1E
Vladimir Fedoseev,RUS,2704,2018-06-27,#D52B1E
Vladimir Fedoseev,RUS,2707,2018-07-27,#D52B1E
Vladimir Fedoseev,RUS,2707,2018-08-27,#D52B1E
Vladimir Fedoseev,RUS,2712,2018-09-27,#D52B1E
Vladimir Fedoseev,RUS,2713,2018-10-27,#D52B1E
Vladimir Fedoseev,RUS,2714,2018-11-27,#D52B1E
Vladimir Fedoseev,RUS,2719,2018-12-27,#D52B1E
Vladimir Fedoseev,RUS,2724,2019-01-27,#D52B1E
Vladimir Fedoseev,RUS,2715,2019-02-24,#D52B1E
Vladimir Fedoseev,RUS,2663,2014-04-27,#D52B1E
Vladimir Fedoseev,RUS,2662,2014-05-27,#D52B1E
Vladimir Fedoseev,RUS,2662,2014-06-27,#D52B1E
Vladimir Fedoseev,RUS,2668,2014-07-27,#D52B1E
Vladimir Fedoseev,RUS,2672,2014-08-27,#D52B1E
Vladimir Fedoseev,RUS,2677,2014-09-27,#D52B1E
Vladimir Fedoseev,RUS,2661,2014-10-27,#D52B1E
Vladimir Fedoseev,RUS,2661,2014-11-27,#D52B1E
Vladimir Fedoseev,RUS,2661,2014-12-27,#D52B1E
Vladimir Fedoseev,RUS,2668,2015-01-27,#D52B1E
Vladimir Fedoseev,RUS,2684,2015-02-27,#D52B1E
Vladimir Fedoseev,RUS,2674,2015-03-27,#D52B1E
Vladimir Fedoseev,RUS,2674,2015-04-27,#D52B1E
Vladimir Fedoseev,RUS,2683,2015-05-27,#D52B1E
Vladimir Fedoseev,RUS,2674,2015-06-27,#D52B1E
Vladimir Fedoseev,RUS,2664,2015-07-27,#D52B1E
Vladimir Fedoseev,RUS,2659,2015-08-27,#D52B1E
Vladimir Fedoseev,RUS,2659,2015-09-27,#D52B1E
Vladimir Fedoseev,RUS,2659,2015-10-27,#D52B1E
Vladimir Fedoseev,RUS,2664,2015-11-27,#D52B1E
Vladimir Fedoseev,RUS,2664,2015-12-27,#D52B1E
Vladimir Fedoseev,RUS,2664,2016-01-27,#D52B1E
Vladimir Fedoseev,RUS,2664,2016-02-27,#D52B1E
Vladimir Fedoseev,RUS,2664,2016-03-27,#D52B1E
Vladimir Fedoseev,RUS,2680,2016-04-27,#D52B1E
Vladimir Fedoseev,RUS,2685,2016-05-27,#D52B1E
Vladimir Fedoseev,RUS,2665,2016-06-27,#D52B1E
Vladimir Fedoseev,RUS,2665,2016-07-27,#D52B1E
Vladimir Fedoseev,RUS,2670,2016-08-27,#D52B1E
Vladimir Fedoseev,RUS,2670,2016-09-27,#D52B1E
Vladimir Fedoseev,RUS,2665,2016-10-27,#D52B1E
Vladimir Fedoseev,RUS,2673,2016-11-27,#D52B1E
Vladimir Fedoseev,RUS,2667,2016-12-27,#D52B1E
Vladimir Fedoseev,RUS,2658,2017-01-27,#D52B1E
Vladimir Fedoseev,RUS,2658,2017-02-27,#D52B1E
Vladimir Fedoseev,RUS,2684,2017-04-27,#D52B1E
Vladimir Fedoseev,RUS,2690,2017-05-27,#D52B1E
Vladimir Fedoseev,RUS,2703,2017-06-27,#D52B1E
Vladimir Kramnik,RUS,2803,2017-07-27,#D52B1E
Vladimir Kramnik,RUS,2803,2017-08-27,#D52B1E
Vladimir Kramnik,RUS,2803,2017-09-27,#D52B1E
Vladimir Kramnik,RUS,2794,2017-10-27,#D52B1E
Vladimir Kramnik,RUS,2787,2017-11-27,#D52B1E
Vladimir Kramnik,RUS,2787,2017-12-27,#D52B1E
Vladimir Kramnik,RUS,2787,2018-01-27,#D52B1E
Vladimir Kramnik,RUS,2800,2018-02-27,#D52B1E
Vladimir Kramnik,RUS,2800,2018-03-27,#D52B1E
Vladimir Kramnik,RUS,2792,2018-04-27,#D52B1E
Vladimir Kramnik,RUS,2792,2018-05-27,#D52B1E
Vladimir Kramnik,RUS,2792,2018-06-27,#D52B1E
Vladimir Kramnik,RUS,2792,2018-07-27,#D52B1E
Vladimir Kramnik,RUS,2779,2018-08-27,#D52B1E
Vladimir Kramnik,RUS,2779,2018-09-27,#D52B1E
Vladimir Kramnik,RUS,2779,2018-10-27,#D52B1E
Vladimir Kramnik,RUS,2777,2018-11-27,#D52B1E
Vladimir Kramnik,RUS,2777,2018-12-27,#D52B1E
Vladimir Kramnik,RUS,2777,2019-01-27,#D52B1E
Vladimir Kramnik,RUS,2753,2019-02-24,#D52B1E
Vladimir Kramnik,RUS,2770,2000-07-27,#D52B1E
Vladimir Kramnik,RUS,2772,2000-10-27,#D52B1E
Vladimir Kramnik,RUS,2772,2001-01-27,#D52B1E
Vladimir Kramnik,RUS,2802,2001-04-27,#D52B1E
Vladimir Kramnik,RUS,2802,2001-07-27,#D52B1E
Vladimir Kramnik,RUS,2809,2001-10-27,#D52B1E
Vladimir Kramnik,RUS,2809,2002-01-27,#D52B1E
Vladimir Kramnik,RUS,2809,2002-04-27,#D52B1E
Vladimir Kramnik,RUS,2807,2002-07-27,#D52B1E
Vladimir Kramnik,RUS,2809,2002-10-27,#D52B1E
Vladimir Kramnik,RUS,2809,2003-01-27,#D52B1E
Vladimir Kramnik,RUS,2789,2003-04-27,#D52B1E
Vladimir Kramnik,RUS,2785,2003-07-27,#D52B1E
Vladimir Kramnik,RUS,2777,2003-10-27,#D52B1E
Vladimir Kramnik,RUS,2777,2004-01-27,#D52B1E
Vladimir Kramnik,RUS,2764,2004-04-27,#D52B1E
Vladimir Kramnik,RUS,2770,2004-07-27,#D52B1E
Vladimir Kramnik,RUS,2760,2004-10-27,#D52B1E
Vladimir Kramnik,RUS,2754,2005-01-27,#D52B1E
Vladimir Kramnik,RUS,2753,2005-04-27,#D52B1E
Vladimir Kramnik,RUS,2744,2005-07-27,#D52B1E
Vladimir Kramnik,RUS,2739,2005-10-27,#D52B1E
Vladimir Kramnik,RUS,2741,2006-01-27,#D52B1E
Vladimir Kramnik,RUS,2729,2006-04-27,#D52B1E
Vladimir Kramnik,RUS,2743,2006-07-27,#D52B1E
Vladimir Kramnik,RUS,2750,2006-10-27,#D52B1E
Vladimir Kramnik,RUS,2766,2007-01-27,#D52B1E
Vladimir Kramnik,RUS,2772,2007-04-27,#D52B1E
Vladimir Kramnik,RUS,2769,2007-07-27,#D52B1E
Vladimir Kramnik,RUS,2785,2007-10-27,#D52B1E
Vladimir Kramnik,RUS,2799,2008-01-27,#D52B1E
Vladimir Kramnik,RUS,2788,2008-04-27,#D52B1E
Vladimir Kramnik,RUS,2788,2008-07-27,#D52B1E
Vladimir Kramnik,RUS,2772,2008-10-27,#D52B1E
Vladimir Kramnik,RUS,2759,2009-01-27,#D52B1E
Vladimir Kramnik,RUS,2759,2009-04-27,#D52B1E
Vladimir Kramnik,RUS,2759,2009-07-27,#D52B1E
Vladimir Kramnik,RUS,2772,2009-09-27,#D52B1E
Vladimir Kramnik,RUS,2772,2009-11-27,#D52B1E
Vladimir Kramnik,RUS,2788,2010-01-27,#D52B1E
Vladimir Kramnik,RUS,2790,2010-03-27,#D52B1E
Vladimir Kramnik,RUS,2790,2010-05-27,#D52B1E
Vladimir Kramnik,RUS,2790,2010-07-27,#D52B1E
Vladimir Kramnik,RUS,2780,2010-09-27,#D52B1E
Vladimir Kramnik,RUS,2791,2010-11-27,#D52B1E
Vladimir Kramnik,RUS,2784,2011-01-27,#D52B1E
Vladimir Kramnik,RUS,2785,2011-03-27,#D52B1E
Vladimir Kramnik,RUS,2785,2011-05-27,#D52B1E
Vladimir Kramnik,RUS,2781,2011-07-27,#D52B1E
Vladimir Kramnik,RUS,2791,2011-09-27,#D52B1E
Vladimir Kramnik,RUS,2800,2011-11-27,#D52B1E
Vladimir Kramnik,RUS,2801,2012-01-27,#D52B1E
Vladimir Kramnik,RUS,2801,2012-03-27,#D52B1E
Vladimir Kramnik,RUS,2801,2012-05-27,#D52B1E
Vladimir Kramnik,RUS,2799,2012-07-27,#D52B1E
Vladimir Kramnik,RUS,2797,2012-08-27,#D52B1E
Vladimir Kramnik,RUS,2797,2012-09-27,#D52B1E
Vladimir Kramnik,RUS,2795,2012-10-27,#D52B1E
Vladimir Kramnik,RUS,2795,2012-11-27,#D52B1E
Vladimir Kramnik,RUS,2795,2012-12-27,#D52B1E
Vladimir Kramnik,RUS,2810,2013-01-27,#D52B1E
Vladimir Kramnik,RUS,2810,2013-02-27,#D52B1E
Vladimir Kramnik,RUS,2810,2013-03-27,#D52B1E
Vladimir Kramnik,RUS,2801,2013-04-27,#D52B1E
Vladimir Kramnik,RUS,2811,2013-05-27,#D52B1E
Vladimir Kramnik,RUS,2803,2013-06-27,#D52B1E
Vladimir Kramnik,RUS,2784,2013-07-27,#D52B1E
Vladimir Kramnik,RUS,2784,2013-08-27,#D52B1E
Vladimir Kramnik,RUS,2794,2013-09-27,#D52B1E
Vladimir Kramnik,RUS,2796,2013-10-27,#D52B1E
Vladimir Kramnik,RUS,2793,2013-11-27,#D52B1E
Vladimir Kramnik,RUS,2793,2013-12-27,#D52B1E
Vladimir Kramnik,RUS,2787,2014-01-27,#D52B1E
Vladimir Kramnik,RUS,2787,2014-02-27,#D52B1E
Vladimir Kramnik,RUS,2787,2014-03-27,#D52B1E
Vladimir Kramnik,RUS,2783,2014-04-27,#D52B1E
Vladimir Kramnik,RUS,2783,2014-05-27,#D52B1E
Vladimir Kramnik,RUS,2783,2014-06-27,#D52B1E
Vladimir Kramnik,RUS,2777,2014-07-27,#D52B1E
Vladimir Kramnik,RUS,2760,2014-08-27,#D52B1E
Vladimir Kramnik,RUS,2760,2014-09-27,#D52B1E
Vladimir Kramnik,RUS,2760,2014-10-27,#D52B1E
Vladimir Kramnik,RUS,2760,2014-11-27,#D52B1E
Vladimir Kramnik,RUS,2769,2014-12-27,#D52B1E
Vladimir Kramnik,RUS,2783,2015-01-27,#D52B1E
Vladimir Kramnik,RUS,2783,2015-02-27,#D52B1E
Vladimir Kramnik,RUS,2783,2015-03-27,#D52B1E
Vladimir Kramnik,RUS,2783,2015-04-27,#D52B1E
Vladimir Kramnik,RUS,2777,2015-05-27,#D52B1E
Vladimir Kramnik,RUS,2783,2015-06-27,#D52B1E
Vladimir Kramnik,RUS,2783,2015-07-27,#D52B1E
Vladimir Kramnik,RUS,2777,2015-08-27,#D52B1E
Vladimir Kramnik,RUS,2777,2015-09-27,#D52B1E
Vladimir Kramnik,RUS,2777,2015-10-27,#D52B1E
Vladimir Kramnik,RUS,2796,2015-11-27,#D52B1E
Vladimir Kramnik,RUS,2796,2015-12-27,#D52B1E
Vladimir Kramnik,RUS,2801,2016-01-27,#D52B1E
Vladimir Kramnik,RUS,2801,2016-02-27,#D52B1E
Vladimir Kramnik,RUS,2801,2016-03-27,#D52B1E
Vladimir Kramnik,RUS,2801,2016-04-27,#D52B1E
Vladimir Kramnik,RUS,2801,2016-05-27,#D52B1E
Vladimir Kramnik,RUS,2812,2016-06-27,#D52B1E
Vladimir Kramnik,RUS,2812,2016-07-27,#D52B1E
Vladimir Kramnik,RUS,2808,2016-08-27,#D52B1E
Vladimir Kramnik,RUS,2808,2016-09-27,#D52B1E
Vladimir Kramnik,RUS,2817,2016-10-27,#D52B1E
Vladimir Kramnik,RUS,2810,2016-11-27,#D52B1E
Vladimir Kramnik,RUS,2809,2016-12-27,#D52B1E
Vladimir Kramnik,RUS,2811,2017-01-27,#D52B1E
Vladimir Kramnik,RUS,2811,2017-02-27,#D52B1E
Vladimir Kramnik,RUS,2811,2017-03-27,#D52B1E
Vladimir Kramnik,RUS,2811,2017-04-27,#D52B1E
Vladimir Kramnik,RUS,2811,2017-05-27,#D52B1E
Vladimir Kramnik,RUS,2808,2017-06-27,#D52B1E
Vladimir Malakhov,RUS,2696,2017-07-27,#D52B1E
Vladimir Malakhov,RUS,2696,2017-08-27,#D52B1E
Vladimir Malakhov,RUS,2691,2017-09-27,#D52B1E
Vladimir Malakhov,RUS,2691,2017-10-27,#D52B1E
Vladimir Malakhov,RUS,2690,2017-11-27,#D52B1E
Vladimir Malakhov,RUS,2686,2017-12-27,#D52B1E
Vladimir Malakhov,RUS,2692,2018-01-27,#D52B1E
Vladimir Malakhov,RUS,2692,2018-02-27,#D52B1E
Vladimir Malakhov,RUS,2689,2018-03-27,#D52B1E
Vladimir Malakhov,RUS,2689,2018-04-27,#D52B1E
Vladimir Malakhov,RUS,2691,2018-05-27,#D52B1E
Vladimir Malakhov,RUS,2685,2018-06-27,#D52B1E
Vladimir Malakhov,RUS,2685,2018-07-27,#D52B1E
Vladimir Malakhov,RUS,2677,2018-08-27,#D52B1E
Vladimir Malakhov,RUS,2666,2018-09-27,#D52B1E
Vladimir Malakhov,RUS,2661,2018-10-27,#D52B1E
Vladimir Malakhov,RUS,2654,2018-11-27,#D52B1E
Vladimir Malakhov,RUS,2658,2018-12-27,#D52B1E
Vladimir Malakhov,RUS,2661,2019-01-27,#D52B1E
Vladimir Malakhov,RUS,2661,2019-02-24,#D52B1E
Vladimir Malakhov,RUS,2605,2000-07-27,#D52B1E
Vladimir Malakhov,RUS,2605,2000-10-27,#D52B1E
Vladimir Malakhov,RUS,2613,2001-01-27,#D52B1E
Vladimir Malakhov,RUS,2623,2001-04-27,#D52B1E
Vladimir Malakhov,RUS,2637,2001-07-27,#D52B1E
Vladimir Malakhov,RUS,2637,2001-10-27,#D52B1E
Vladimir Malakhov,RUS,2647,2002-01-27,#D52B1E
Vladimir Malakhov,RUS,2663,2002-04-27,#D52B1E
Vladimir Malakhov,RUS,2668,2002-07-27,#D52B1E
Vladimir Malakhov,RUS,2670,2002-10-27,#D52B1E
Vladimir Malakhov,RUS,2677,2003-01-27,#D52B1E
Vladimir Malakhov,RUS,2672,2003-04-27,#D52B1E
Vladimir Malakhov,RUS,2696,2003-07-27,#D52B1E
Vladimir Malakhov,RUS,2696,2003-10-27,#D52B1E
Vladimir Malakhov,RUS,2700,2004-01-27,#D52B1E
Vladimir Malakhov,RUS,2695,2004-04-27,#D52B1E
Vladimir Malakhov,RUS,2674,2004-07-27,#D52B1E
Vladimir Malakhov,RUS,2664,2004-10-27,#D52B1E
Vladimir Malakhov,RUS,2664,2005-01-27,#D52B1E
Vladimir Malakhov,RUS,2670,2005-04-27,#D52B1E
Vladimir Malakhov,RUS,2673,2005-07-27,#D52B1E
Vladimir Malakhov,RUS,2670,2005-10-27,#D52B1E
Vladimir Malakhov,RUS,2694,2006-01-27,#D52B1E
Vladimir Malakhov,RUS,2691,2006-04-27,#D52B1E
Vladimir Malakhov,RUS,2690,2006-07-27,#D52B1E
Vladimir Malakhov,RUS,2682,2006-10-27,#D52B1E
Vladimir Malakhov,RUS,2663,2007-01-27,#D52B1E
Vladimir Malakhov,RUS,2679,2007-04-27,#D52B1E
Vladimir Malakhov,RUS,2676,2007-07-27,#D52B1E
Vladimir Malakhov,RUS,2690,2007-10-27,#D52B1E
Vladimir Malakhov,RUS,2689,2008-01-27,#D52B1E
Vladimir Malakhov,RUS,2689,2008-04-27,#D52B1E
Vladimir Malakhov,RUS,2689,2008-07-27,#D52B1E
Vladimir Malakhov,RUS,2675,2008-10-27,#D52B1E
Vladimir Malakhov,RUS,2692,2009-01-27,#D52B1E
Vladimir Malakhov,RUS,2709,2009-04-27,#D52B1E
Vladimir Malakhov,RUS,2707,2009-07-27,#D52B1E
Vladimir Malakhov,RUS,2715,2009-09-27,#D52B1E
Vladimir Malakhov,RUS,2706,2009-11-27,#D52B1E
Vladimir Malakhov,RUS,2716,2010-01-27,#D52B1E
Vladimir Malakhov,RUS,2721,2010-03-27,#D52B1E
Vladimir Malakhov,RUS,2722,2010-05-27,#D52B1E
Vladimir Malakhov,RUS,2732,2010-07-27,#D52B1E
Vladimir Malakhov,RUS,2725,2010-09-27,#D52B1E
Vladimir Malakhov,RUS,2712,2010-11-27,#D52B1E
Vladimir Malakhov,RUS,2714,2011-01-27,#D52B1E
Vladimir Malakhov,RUS,2714,2011-03-27,#D52B1E
Vladimir Malakhov,RUS,2704,2011-05-27,#D52B1E
Vladimir Malakhov,RUS,2706,2011-07-27,#D52B1E
Vladimir Malakhov,RUS,2710,2011-09-27,#D52B1E
Vladimir Malakhov,RUS,2705,2011-11-27,#D52B1E
Vladimir Malakhov,RUS,2705,2012-01-27,#D52B1E
Vladimir Malakhov,RUS,2705,2012-03-27,#D52B1E
Vladimir Malakhov,RUS,2712,2012-05-27,#D52B1E
Vladimir Malakhov,RUS,2712,2012-07-27,#D52B1E
Vladimir Malakhov,RUS,2708,2012-08-27,#D52B1E
Vladimir Malakhov,RUS,2700,2012-09-27,#D52B1E
Vladimir Malakhov,RUS,2713,2012-10-27,#D52B1E
Vladimir Malakhov,RUS,2709,2012-11-27,#D52B1E
Vladimir Malakhov,RUS,2709,2012-12-27,#D52B1E
Vladimir Malakhov,RUS,2709,2013-01-27,#D52B1E
Vladimir Malakhov,RUS,2709,2013-02-27,#D52B1E
Vladimir Malakhov,RUS,2709,2013-03-27,#D52B1E
Vladimir Malakhov,RUS,2709,2013-04-27,#D52B1E
Vladimir Malakhov,RUS,2710,2013-05-27,#D52B1E
Vladimir Malakhov,RUS,2710,2013-06-27,#D52B1E
Vladimir Malakhov,RUS,2709,2013-07-27,#D52B1E
Vladimir Malakhov,RUS,2707,2013-08-27,#D52B1E
Vladimir Malakhov,RUS,2707,2013-09-27,#D52B1E
Vladimir Malakhov,RUS,2711,2013-10-27,#D52B1E
Vladimir Malakhov,RUS,2708,2013-11-27,#D52B1E
Vladimir Malakhov,RUS,2716,2013-12-27,#D52B1E
Vladimir Malakhov,RUS,2717,2014-01-27,#D52B1E
Vladimir Malakhov,RUS,2717,2014-02-27,#D52B1E
Vladimir Malakhov,RUS,2717,2014-03-27,#D52B1E
Vladimir Malakhov,RUS,2701,2014-04-27,#D52B1E
Vladimir Malakhov,RUS,2694,2014-05-27,#D52B1E
Vladimir Malakhov,RUS,2694,2014-06-27,#D52B1E
Vladimir Malakhov,RUS,2698,2014-07-27,#D52B1E
Vladimir Malakhov,RUS,2696,2014-08-27,#D52B1E
Vladimir Malakhov,RUS,2696,2014-09-27,#D52B1E
Vladimir Malakhov,RUS,2699,2014-10-27,#D52B1E
Vladimir Malakhov,RUS,2708,2014-11-27,#D52B1E
Vladimir Malakhov,RUS,2708,2014-12-27,#D52B1E
Vladimir Malakhov,RUS,2706,2015-01-27,#D52B1E
Vladimir Malakhov,RUS,2706,2015-02-27,#D52B1E
Vladimir Malakhov,RUS,2706,2015-03-27,#D52B1E
Vladimir Malakhov,RUS,2706,2015-04-27,#D52B1E
Vladimir Malakhov,RUS,2702,2015-05-27,#D52B1E
Vladimir Malakhov,RUS,2699,2015-06-27,#D52B1E
Vladimir Malakhov,RUS,2699,2015-07-27,#D52B1E
Vladimir Malakhov,RUS,2683,2015-08-27,#D52B1E
Vladimir Malakhov,RUS,2694,2015-09-27,#D52B1E
Vladimir Malakhov,RUS,2694,2015-10-27,#D52B1E
Vladimir Malakhov,RUS,2693,2015-11-27,#D52B1E
Vladimir Malakhov,RUS,2694,2015-12-27,#D52B1E
Vladimir Malakhov,RUS,2687,2016-01-27,#D52B1E
Vladimir Malakhov,RUS,2687,2016-02-27,#D52B1E
Vladimir Malakhov,RUS,2691,2016-03-27,#D52B1E
Vladimir Malakhov,RUS,2695,2016-04-27,#D52B1E
Vladimir Malakhov,RUS,2703,2016-05-27,#D52B1E
Vladimir Malakhov,RUS,2696,2016-06-27,#D52B1E
Vladimir Malakhov,RUS,2697,2016-07-27,#D52B1E
Vladimir Malakhov,RUS,2697,2016-08-27,#D52B1E
Vladimir Malakhov,RUS,2697,2016-09-27,#D52B1E
Vladimir Malakhov,RUS,2693,2016-10-27,#D52B1E
Vladimir Malakhov,RUS,2698,2016-11-27,#D52B1E
Vladimir Malakhov,RUS,2713,2016-12-27,#D52B1E
Vladimir Malakhov,RUS,2715,2017-01-27,#D52B1E
Vladimir Malakhov,RUS,2715,2017-02-27,#D52B1E
Vladimir Malakhov,RUS,2714,2017-03-27,#D52B1E
Vladimir Malakhov,RUS,2714,2017-04-27,#D52B1E
Vladimir Malakhov,RUS,2712,2017-05-27,#D52B1E
Vladimir Malakhov,RUS,2722,2017-06-27,#D52B1E
Vladimir Onischuk,UKR,2669,2015-05-27,#005BBB
Vladimir Potkin,RUS,2646,2010-11-27,#D52B1E
Vladimir Potkin,RUS,2651,2011-01-27,#D52B1E
Vladimir Potkin,RUS,2653,2011-03-27,#D52B1E
Vladimir Potkin,RUS,2682,2011-05-27,#D52B1E
Vladimir Potkin,RUS,2682,2011-07-27,#D52B1E
Vladimir Potkin,RUS,2671,2011-09-27,#D52B1E
Vladimir Potkin,RUS,2684,2011-11-27,#D52B1E
Vladimir Potkin,RUS,2684,2012-01-27,#D52B1E
Vladimir Potkin,RUS,2669,2012-03-27,#D52B1E
Vladimir Potkin,RUS,2663,2012-09-27,#D52B1E
Vladimir Potkin,RUS,2663,2012-10-27,#D52B1E
Vladimir Potkin,RUS,2665,2012-11-27,#D52B1E
Vladimir Potkin,RUS,2665,2012-12-27,#D52B1E
Vladimir Potkin,RUS,2665,2013-01-27,#D52B1E
Vladimir Potkin,RUS,2665,2013-02-27,#D52B1E
Vladimir Potkin,RUS,2665,2013-03-27,#D52B1E
Vladimir Potkin,RUS,2665,2013-04-27,#D52B1E
Vladimir Potkin,RUS,2666,2013-05-27,#D52B1E
Vladislav Artemiev,RUS,2692,2017-07-27,#D52B1E
Vladislav Artemiev,RUS,2692,2017-08-27,#D52B1E
Vladislav Artemiev,RUS,2692,2017-09-27,#D52B1E
Vladislav Artemiev,RUS,2696,2017-10-27,#D52B1E
Vladislav Artemiev,RUS,2696,2017-11-27,#D52B1E
Vladislav Artemiev,RUS,2691,2017-12-27,#D52B1E
Vladislav Artemiev,RUS,2697,2018-01-27,#D52B1E
Vladislav Artemiev,RUS,2697,2018-02-27,#D52B1E
Vladislav Artemiev,RUS,2697,2018-03-27,#D52B1E
Vladislav Artemiev,RUS,2701,2018-04-27,#D52B1E
Vladislav Artemiev,RUS,2704,2018-05-27,#D52B1E
Vladislav Artemiev,RUS,2704,2018-06-27,#D52B1E
Vladislav Artemiev,RUS,2702,2018-07-27,#D52B1E
Vladislav Artemiev,RUS,2702,2018-08-27,#D52B1E
Vladislav Artemiev,RUS,2703,2018-09-27,#D52B1E
Vladislav Artemiev,RUS,2706,2018-10-27,#D52B1E
Vladislav Artemiev,RUS,2709,2018-11-27,#D52B1E
Vladislav Artemiev,RUS,2709,2018-12-27,#D52B1E
Vladislav Artemiev,RUS,2709,2019-01-27,#D52B1E
Vladislav Artemiev,RUS,2709,2019-02-24,#D52B1E
Vladislav Artemiev,RUS,2666,2014-10-27,#D52B1E
Vladislav Artemiev,RUS,2660,2014-11-27,#D52B1E
Vladislav Artemiev,RUS,2662,2014-12-27,#D52B1E
Vladislav Artemiev,RUS,2659,2015-01-27,#D52B1E
Vladislav Artemiev,RUS,2659,2015-02-27,#D52B1E
Vladislav Artemiev,RUS,2664,2015-03-27,#D52B1E
Vladislav Artemiev,RUS,2671,2015-04-27,#D52B1E
Vladislav Artemiev,RUS,2671,2015-05-27,#D52B1E
Vladislav Artemiev,RUS,2660,2015-06-27,#D52B1E
Vladislav Artemiev,RUS,2660,2015-07-27,#D52B1E
Vladislav Artemiev,RUS,2671,2015-08-27,#D52B1E
Vladislav Artemiev,RUS,2675,2015-09-27,#D52B1E
Vladislav Artemiev,RUS,2675,2015-10-27,#D52B1E
Vladislav Artemiev,RUS,2676,2015-11-27,#D52B1E
Vladislav Artemiev,RUS,2676,2015-12-27,#D52B1E
Vladislav Artemiev,RUS,2673,2016-01-27,#D52B1E
Vladislav Artemiev,RUS,2673,2016-02-27,#D52B1E
Vladislav Artemiev,RUS,2674,2016-03-27,#D52B1E
Vladislav Artemiev,RUS,2669,2016-04-27,#D52B1E
Vladislav Artemiev,RUS,2669,2016-05-27,#D52B1E
Vladislav Artemiev,RUS,2665,2016-08-27,#D52B1E
Vladislav Artemiev,RUS,2663,2016-09-27,#D52B1E
Vladislav Artemiev,RUS,2663,2016-10-27,#D52B1E
Vladislav Artemiev,RUS,2658,2016-11-27,#D52B1E
Vladislav Artemiev,RUS,2655,2017-01-27,#D52B1E
Vladislav Artemiev,RUS,2655,2017-02-27,#D52B1E
Vladislav Artemiev,RUS,2667,2017-03-27,#D52B1E
Vladislav Artemiev,RUS,2677,2017-04-27,#D52B1E
Vladislav Artemiev,RUS,2682,2017-05-27,#D52B1E
Vladislav Artemiev,RUS,2691,2017-06-27,#D52B1E
Vladislav Kovalev,BLR,2655,2018-07-27,#FFFFFFF
Vladislav Kovalev,BLR,2667,2018-08-27,#FFFFFFF
Vladislav Kovalev,BLR,2664,2018-09-27,#FFFFFFF
Vladislav Kovalev,BLR,2664,2018-10-27,#FFFFFFF
Vladislav Kovalev,BLR,2683,2018-11-27,#FFFFFFF
Vladislav Kovalev,BLR,2683,2018-12-27,#FFFFFFF
Vladislav Kovalev,BLR,2687,2019-01-27,#FFFFFFF
Vladislav Kovalev,BLR,2703,2019-02-24,#FFFFFFF
Vladislav Tkachiev,FRA,2657,2000-07-27,#3e3b9b
Vladislav Tkachiev,FRA,2659,2000-10-27,#3e3b9b
Vladislav Tkachiev,FRA,2672,2001-01-27,#3e3b9b
Vladislav Tkachiev,FRA,2672,2001-04-27,#3e3b9b
Vladislav Tkachiev,FRA,2642,2001-07-27,#3e3b9b
Vladislav Tkachiev,FRA,2632,2001-10-27,#3e3b9b
Vladislav Tkachiev,FRA,2634,2002-01-27,#3e3b9b
Vladislav Tkachiev,FRA,2633,2002-04-27,#3e3b9b
Vladislav Tkachiev,FRA,2625,2002-07-27,#3e3b9b
Vladislav Tkachiev,FRA,2632,2002-10-27,#3e3b9b
Vladislav Tkachiev,FRA,2642,2003-01-27,#3e3b9b
Vladislav Tkachiev,FRA,2643,2003-04-27,#3e3b9b
Vladislav Tkachiev,FRA,2654,2003-07-27,#3e3b9b
Vladislav Tkachiev,FRA,2645,2003-10-27,#3e3b9b
Vladislav Tkachiev,FRA,2642,2004-01-27,#3e3b9b
Vladislav Tkachiev,FRA,2635,2004-04-27,#3e3b9b
Vladislav Tkachiev,FRA,2615,2004-07-27,#3e3b9b
Vladislav Tkachiev,FRA,2625,2005-07-27,#3e3b9b
Vladislav Tkachiev,FRA,2629,2005-10-27,#3e3b9b
Vladislav Tkachiev,FRA,2642,2006-01-27,#3e3b9b
Vladislav Tkachiev,FRA,2643,2006-04-27,#3e3b9b
Vladislav Tkachiev,FRA,2645,2006-07-27,#3e3b9b
Vladislav Tkachiev,FRA,2653,2006-10-27,#3e3b9b
Vladislav Tkachiev,FRA,2649,2007-01-27,#3e3b9b
Vladislav Tkachiev,FRA,2652,2007-04-27,#3e3b9b
Vladislav Tkachiev,FRA,2655,2007-07-27,#3e3b9b
Vladislav Tkachiev,FRA,2661,2007-10-27,#3e3b9b
Vladislav Tkachiev,FRA,2657,2008-01-27,#3e3b9b
Vladislav Tkachiev,FRA,2657,2008-04-27,#3e3b9b
Vladislav Tkachiev,FRA,2664,2008-07-27,#3e3b9b
Vladislav Tkachiev,FRA,2664,2008-10-27,#3e3b9b
Vladislav Tkachiev,FRA,2657,2009-01-27,#3e3b9b
Vladislav Tkachiev,FRA,2657,2009-04-27,#3e3b9b
Vladislav Tkachiev,FRA,2650,2009-07-27,#3e3b9b
Vladislav Tkachiev,FRA,2669,2009-09-27,#3e3b9b
Vladislav Tkachiev,FRA,2642,2009-11-27,#3e3b9b
Vladislav Tkachiev,FRA,2662,2012-10-27,#3e3b9b
Vladislav Tkachiev,FRA,2659,2012-11-27,#3e3b9b
Vladislav Tkachiev,FRA,2650,2013-01-27,#3e3b9b
Vladislav Tkachiev,FRA,2650,2013-02-27,#3e3b9b
Vladislav Tkachiev,FRA,2657,2015-05-27,#3e3b9b
Vladislav Tkachiev,FRA,2657,2015-06-27,#3e3b9b
Vladislav Tkachiev,FRA,2661,2015-07-27,#3e3b9b
Vladislav Tkachiev,FRA,2661,2015-08-27,#3e3b9b
Vladislav Tkachiev,FRA,2658,2015-09-27,#3e3b9b
Vladislav Tkachiev,FRA,2658,2015-10-27,#3e3b9b
Vladislav Tkachiev,FRA,2658,2015-11-27,#3e3b9b
Vladislav Tkachiev,FRA,2660,2015-12-27,#3e3b9b
Vladislav Tkachiev,FRA,2660,2016-01-27,#3e3b9b
Vladislav Tkachiev,FRA,2660,2016-02-27,#3e3b9b
Vladislav Tkachiev,FRA,2660,2016-03-27,#3e3b9b
Vladislav Tkachiev,FRA,2660,2016-04-27,#3e3b9b
Vladislav Tkachiev,FRA,2660,2016-05-27,#3e3b9b
Vladislav Tkachiev,FRA,2662,2016-06-27,#3e3b9b
Vladislav Tkachiev,FRA,2660,2016-07-27,#3e3b9b
Vladislav Tkachiev,FRA,2660,2016-08-27,#3e3b9b
Vladislav Tkachiev,FRA,2660,2016-09-27,#3e3b9b
Vladislav Tkachiev,FRA,2660,2016-10-27,#3e3b9b
Vladislav Tkachiev,FRA,2660,2016-11-27,#3e3b9b
Vladislav Tkachiev,FRA,2660,2016-12-27,#3e3b9b
Vladislav Tkachiev,FRA,2660,2017-01-27,#3e3b9b
Vladislav Tkachiev,FRA,2660,2017-02-27,#3e3b9b
Vladislav Tkachiev,FRA,2660,2017-03-27,#3e3b9b
Vladislav Tkachiev,FRA,2660,2017-04-27,#3e3b9b
Vladislav Tkachiev,FRA,2660,2017-05-27,#3e3b9b
Vladislav Tkachiev,FRA,2660,2017-06-27,#3e3b9b
Vugar Gashimov,AZE,2625,2006-01-27,#00c0d6
Vugar Gashimov,AZE,2659,2006-04-27,#00c0d6
Vugar Gashimov,AZE,2644,2006-07-27,#00c0d6
Vugar Gashimov,AZE,2643,2006-10-27,#00c0d6
Vugar Gashimov,AZE,2658,2007-01-27,#00c0d6
Vugar Gashimov,AZE,2644,2007-04-27,#00c0d6
Vugar Gashimov,AZE,2655,2007-07-27,#00c0d6
Vugar Gashimov,AZE,2663,2007-10-27,#00c0d6
Vugar Gashimov,AZE,2665,2008-01-27,#00c0d6
Vugar Gashimov,AZE,2679,2008-04-27,#00c0d6
Vugar Gashimov,AZE,2717,2008-07-27,#00c0d6
Vugar Gashimov,AZE,2703,2008-10-27,#00c0d6
Vugar Gashimov,AZE,2723,2009-01-27,#00c0d6
Vugar Gashimov,AZE,2730,2009-04-27,#00c0d6
Vugar Gashimov,AZE,2740,2009-07-27,#00c0d6
Vugar Gashimov,AZE,2740,2009-09-27,#00c0d6
Vugar Gashimov,AZE,2758,2009-11-27,#00c0d6
Vugar Gashimov,AZE,2759,2010-01-27,#00c0d6
Vugar Gashimov,AZE,2740,2010-03-27,#00c0d6
Vugar Gashimov,AZE,2734,2010-05-27,#00c0d6
Vugar Gashimov,AZE,2719,2010-07-27,#00c0d6
Vugar Gashimov,AZE,2719,2010-09-27,#00c0d6
Vugar Gashimov,AZE,2733,2010-11-27,#00c0d6
Vugar Gashimov,AZE,2736,2011-01-27,#00c0d6
Vugar Gashimov,AZE,2746,2011-03-27,#00c0d6
Vugar Gashimov,AZE,2760,2011-05-27,#00c0d6
Vugar Gashimov,AZE,2760,2011-07-27,#00c0d6
Vugar Gashimov,AZE,2756,2011-09-27,#00c0d6
Vugar Gashimov,AZE,2757,2011-11-27,#00c0d6
Vugar Gashimov,AZE,2761,2012-01-27,#00c0d6
Vugar Gashimov,AZE,2745,2012-03-27,#00c0d6
Vugar Gashimov,AZE,2737,2012-05-27,#00c0d6
Vugar Gashimov,AZE,2737,2012-07-27,#00c0d6
Vugar Gashimov,AZE,2737,2012-08-27,#00c0d6
Vugar Gashimov,AZE,2737,2012-09-27,#00c0d6
Vugar Gashimov,AZE,2737,2012-10-27,#00c0d6
Vugar Gashimov,AZE,2737,2012-11-27,#00c0d6
Vugar Gashimov,AZE,2737,2012-12-27,#00c0d6
Vugar Gashimov,AZE,2737,2013-01-27,#00c0d6
Vugar Gashimov,AZE,2737,2013-02-27,#00c0d6
Vugar Gashimov,AZE,2737,2013-03-27,#00c0d6
Wenjin Wu,CHN,2601,2000-07-27,#e02a00
Wenjin Wu,CHN,2602,2000-10-27,#e02a00
Wesley So,USA,2810,2017-07-27,#3c3b6e
Wesley So,USA,2810,2017-08-27,#3c3b6e
Wesley So,USA,2792,2017-09-27,#3c3b6e
Wesley So,USA,2788,2017-10-27,#3c3b6e
Wesley So,USA,2788,2017-11-27,#3c3b6e
Wesley So,USA,2788,2017-12-27,#3c3b6e
Wesley So,USA,2792,2018-01-27,#3c3b6e
Wesley So,USA,2799,2018-02-27,#3c3b6e
Wesley So,USA,2799,2018-03-27,#3c3b6e
Wesley So,USA,2786,2018-04-27,#3c3b6e
Wesley So,USA,2778,2018-05-27,#3c3b6e
Wesley So,USA,2778,2018-06-27,#3c3b6e
Wesley So,USA,2780,2018-07-27,#3c3b6e
Wesley So,USA,2780,2018-08-27,#3c3b6e
Wesley So,USA,2776,2018-09-27,#3c3b6e
Wesley So,USA,2776,2018-10-27,#3c3b6e
Wesley So,USA,2765,2018-11-27,#3c3b6e
Wesley So,USA,2765,2018-12-27,#3c3b6e
Wesley So,USA,2765,2019-01-27,#3c3b6e
Wesley So,USA,2765,2019-02-24,#3c3b6e
Wesley So,USA,2762,2014-11-27,#3c3b6e
Wesley So,USA,2762,2014-12-27,#3c3b6e
Wesley So,USA,2762,2015-01-27,#3c3b6e
Wesley So,USA,2788,2015-02-27,#3c3b6e
Wesley So,USA,2788,2015-03-27,#3c3b6e
Wesley So,USA,2788,2015-04-27,#3c3b6e
Wesley So,USA,2778,2015-05-27,#3c3b6e
Wesley So,USA,2778,2015-06-27,#3c3b6e
Wesley So,USA,2780,2015-07-27,#3c3b6e
Wesley So,USA,2779,2015-08-27,#3c3b6e
Wesley So,USA,2773,2015-09-27,#3c3b6e
Wesley So,USA,2760,2015-10-27,#3c3b6e
Wesley So,USA,2767,2015-11-27,#3c3b6e
Wesley So,USA,2775,2015-12-27,#3c3b6e
Wesley So,USA,2773,2016-01-27,#3c3b6e
Wesley So,USA,2773,2016-02-27,#3c3b6e
Wesley So,USA,2773,2016-03-27,#3c3b6e
Wesley So,USA,2773,2016-04-27,#3c3b6e
Wesley So,USA,2775,2016-05-27,#3c3b6e
Wesley So,USA,2770,2016-06-27,#3c3b6e
Wesley So,USA,2770,2016-07-27,#3c3b6e
Wesley So,USA,2771,2016-08-27,#3c3b6e
Wesley So,USA,2782,2016-09-27,#3c3b6e
Wesley So,USA,2794,2016-10-27,#3c3b6e
Wesley So,USA,2794,2016-11-27,#3c3b6e
Wesley So,USA,2794,2016-12-27,#3c3b6e
Wesley So,USA,2808,2017-01-27,#3c3b6e
Wesley So,USA,2822,2017-02-27,#3c3b6e
Wesley So,USA,2822,2017-03-27,#3c3b6e
Wesley So,USA,2822,2017-04-27,#3c3b6e
Wesley So,USA,2815,2017-05-27,#3c3b6e
Wesley So,USA,2812,2017-06-27,#3c3b6e
Wesley So,USA,2641,2009-04-27,#3c3b6e
Wesley So,USA,2646,2009-07-27,#3c3b6e
Wesley So,USA,2644,2009-09-27,#3c3b6e
Wesley So,USA,2656,2010-01-27,#3c3b6e
Wesley So,USA,2665,2010-03-27,#3c3b6e
Wesley So,USA,2665,2010-05-27,#3c3b6e
Wesley So,USA,2674,2010-07-27,#3c3b6e
Wesley So,USA,2668,2010-09-27,#3c3b6e
Wesley So,USA,2669,2010-11-27,#3c3b6e
Wesley So,USA,2673,2011-01-27,#3c3b6e
Wesley So,USA,2667,2011-03-27,#3c3b6e
Wesley So,USA,2667,2011-05-27,#3c3b6e
Wesley So,USA,2658,2011-07-27,#3c3b6e
Wesley So,USA,2655,2011-09-27,#3c3b6e
Wesley So,USA,2659,2011-11-27,#3c3b6e
Wesley So,USA,2653,2012-01-27,#3c3b6e
Wesley So,USA,2653,2012-03-27,#3c3b6e
Wesley So,USA,2652,2012-08-27,#3c3b6e
Wesley So,USA,2667,2012-09-27,#3c3b6e
Wesley So,USA,2677,2012-10-27,#3c3b6e
Wesley So,USA,2678,2012-11-27,#3c3b6e
Wesley So,USA,2682,2012-12-27,#3c3b6e
Wesley So,USA,2682,2013-01-27,#3c3b6e
Wesley So,USA,2684,2013-02-27,#3c3b6e
Wesley So,USA,2701,2013-03-27,#3c3b6e
Wesley So,USA,2701,2013-04-27,#3c3b6e
Wesley So,USA,2705,2013-05-27,#3c3b6e
Wesley So,USA,2705,2013-06-27,#3c3b6e
Wesley So,USA,2708,2013-07-27,#3c3b6e
Wesley So,USA,2710,2013-08-27,#3c3b6e
Wesley So,USA,2710,2013-09-27,#3c3b6e
Wesley So,USA,2706,2013-10-27,#3c3b6e
Wesley So,USA,2719,2013-11-27,#3c3b6e
Wesley So,USA,2719,2013-12-27,#3c3b6e
Wesley So,USA,2719,2014-01-27,#3c3b6e
Wesley So,USA,2738,2014-02-27,#3c3b6e
Wesley So,USA,2738,2014-03-27,#3c3b6e
Wesley So,USA,2738,2014-04-27,#3c3b6e
Wesley So,USA,2731,2014-05-27,#3c3b6e
Wesley So,USA,2744,2014-06-27,#3c3b6e
Wesley So,USA,2744,2014-07-27,#3c3b6e
Wesley So,USA,2755,2014-08-27,#3c3b6e
Wesley So,USA,2755,2014-09-27,#3c3b6e
Wesley So,USA,2755,2014-10-27,#3c3b6e
Xiangzhi Bu,CHN,2710,2017-07-27,#e02a00
Xiangzhi Bu,CHN,2710,2017-08-27,#e02a00
Xiangzhi Bu,CHN,2714,2017-09-27,#e02a00
Xiangzhi Bu,CHN,2730,2017-10-27,#e02a00
Xiangzhi Bu,CHN,2730,2017-11-27,#e02a00
Xiangzhi Bu,CHN,2730,2017-12-27,#e02a00
Xiangzhi Bu,CHN,2725,2018-01-27,#e02a00
Xiangzhi Bu,CHN,2725,2018-02-27,#e02a00
Xiangzhi Bu,CHN,2725,2018-03-27,#e02a00
Xiangzhi Bu,CHN,2725,2018-04-27,#e02a00
Xiangzhi Bu,CHN,2718,2018-05-27,#e02a00
Xiangzhi Bu,CHN,2718,2018-06-27,#e02a00
Xiangzhi Bu,CHN,2712,2018-07-27,#e02a00
Xiangzhi Bu,CHN,2712,2018-08-27,#e02a00
Xiangzhi Bu,CHN,2712,2018-09-27,#e02a00
Xiangzhi Bu,CHN,2712,2018-10-27,#e02a00
Xiangzhi Bu,CHN,2726,2018-11-27,#e02a00
Xiangzhi Bu,CHN,2726,2018-12-27,#e02a00
Xiangzhi Bu,CHN,2725,2019-01-27,#e02a00
Xiangzhi Bu,CHN,2731,2019-02-24,#e02a00
Xiangzhi Bu,CHN,2601,2002-04-27,#e02a00
Xiangzhi Bu,CHN,2602,2002-07-27,#e02a00
Xiangzhi Bu,CHN,2601,2002-10-27,#e02a00
Xiangzhi Bu,CHN,2606,2003-10-27,#e02a00
Xiangzhi Bu,CHN,2621,2004-04-27,#e02a00
Xiangzhi Bu,CHN,2620,2004-07-27,#e02a00
Xiangzhi Bu,CHN,2615,2004-10-27,#e02a00
Xiangzhi Bu,CHN,2630,2005-04-27,#e02a00
Xiangzhi Bu,CHN,2632,2005-07-27,#e02a00
Xiangzhi Bu,CHN,2637,2005-10-27,#e02a00
Xiangzhi Bu,CHN,2645,2006-01-27,#e02a00
Xiangzhi Bu,CHN,2640,2006-04-27,#e02a00
Xiangzhi Bu,CHN,2664,2006-07-27,#e02a00
Xiangzhi Bu,CHN,2671,2006-10-27,#e02a00
Xiangzhi Bu,CHN,2644,2007-01-27,#e02a00
Xiangzhi Bu,CHN,2656,2007-04-27,#e02a00
Xiangzhi Bu,CHN,2685,2007-07-27,#e02a00
Xiangzhi Bu,CHN,2692,2007-10-27,#e02a00
Xiangzhi Bu,CHN,2691,2008-01-27,#e02a00
Xiangzhi Bu,CHN,2708,2008-04-27,#e02a00
Xiangzhi Bu,CHN,2710,2008-07-27,#e02a00
Xiangzhi Bu,CHN,2714,2008-10-27,#e02a00
Xiangzhi Bu,CHN,2702,2009-01-27,#e02a00
Xiangzhi Bu,CHN,2704,2009-04-27,#e02a00
Xiangzhi Bu,CHN,2702,2009-07-27,#e02a00
Xiangzhi Bu,CHN,2702,2009-09-27,#e02a00
Xiangzhi Bu,CHN,2682,2009-11-27,#e02a00
Xiangzhi Bu,CHN,2673,2010-01-27,#e02a00
Xiangzhi Bu,CHN,2682,2010-03-27,#e02a00
Xiangzhi Bu,CHN,2681,2010-05-27,#e02a00
Xiangzhi Bu,CHN,2676,2010-07-27,#e02a00
Xiangzhi Bu,CHN,2695,2010-09-27,#e02a00
Xiangzhi Bu,CHN,2680,2010-11-27,#e02a00
Xiangzhi Bu,CHN,2677,2011-01-27,#e02a00
Xiangzhi Bu,CHN,2677,2011-03-27,#e02a00
Xiangzhi Bu,CHN,2662,2011-05-27,#e02a00
Xiangzhi Bu,CHN,2675,2011-07-27,#e02a00
Xiangzhi Bu,CHN,2666,2011-09-27,#e02a00
Xiangzhi Bu,CHN,2673,2011-11-27,#e02a00
Xiangzhi Bu,CHN,2670,2012-01-27,#e02a00
Xiangzhi Bu,CHN,2668,2012-03-27,#e02a00
Xiangzhi Bu,CHN,2656,2012-05-27,#e02a00
Xiangzhi Bu,CHN,2658,2012-07-27,#e02a00
Xiangzhi Bu,CHN,2670,2012-08-27,#e02a00
Xiangzhi Bu,CHN,2683,2012-09-27,#e02a00
Xiangzhi Bu,CHN,2678,2012-10-27,#e02a00
Xiangzhi Bu,CHN,2682,2012-11-27,#e02a00
Xiangzhi Bu,CHN,2682,2012-12-27,#e02a00
Xiangzhi Bu,CHN,2675,2013-01-27,#e02a00
Xiangzhi Bu,CHN,2675,2013-02-27,#e02a00
Xiangzhi Bu,CHN,2662,2013-03-27,#e02a00
Xiangzhi Bu,CHN,2662,2013-04-27,#e02a00
Xiangzhi Bu,CHN,2662,2013-05-27,#e02a00
Xiangzhi Bu,CHN,2662,2013-06-27,#e02a00
Xiangzhi Bu,CHN,2664,2013-07-27,#e02a00
Xiangzhi Bu,CHN,2667,2013-08-27,#e02a00
Xiangzhi Bu,CHN,2675,2013-09-27,#e02a00
Xiangzhi Bu,CHN,2675,2013-10-27,#e02a00
Xiangzhi Bu,CHN,2683,2013-11-27,#e02a00
Xiangzhi Bu,CHN,2685,2013-12-27,#e02a00
Xiangzhi Bu,CHN,2699,2014-01-27,#e02a00
Xiangzhi Bu,CHN,2699,2014-02-27,#e02a00
Xiangzhi Bu,CHN,2699,2014-03-27,#e02a00
Xiangzhi Bu,CHN,2699,2014-04-27,#e02a00
Xiangzhi Bu,CHN,2693,2014-05-27,#e02a00
Xiangzhi Bu,CHN,2693,2014-06-27,#e02a00
Xiangzhi Bu,CHN,2693,2014-07-27,#e02a00
Xiangzhi Bu,CHN,2707,2014-08-27,#e02a00
Xiangzhi Bu,CHN,2722,2014-09-27,#e02a00
Xiangzhi Bu,CHN,2710,2014-10-27,#e02a00
Xiangzhi Bu,CHN,2707,2014-11-27,#e02a00
Xiangzhi Bu,CHN,2691,2014-12-27,#e02a00
Xiangzhi Bu,CHN,2684,2015-01-27,#e02a00
Xiangzhi Bu,CHN,2681,2015-02-27,#e02a00
Xiangzhi Bu,CHN,2681,2015-03-27,#e02a00
Xiangzhi Bu,CHN,2681,2015-04-27,#e02a00
Xiangzhi Bu,CHN,2696,2015-05-27,#e02a00
Xiangzhi Bu,CHN,2696,2015-06-27,#e02a00
Xiangzhi Bu,CHN,2695,2015-07-27,#e02a00
Xiangzhi Bu,CHN,2712,2015-08-27,#e02a00
Xiangzhi Bu,CHN,2710,2015-09-27,#e02a00
Xiangzhi Bu,CHN,2710,2015-10-27,#e02a00
Xiangzhi Bu,CHN,2710,2015-11-27,#e02a00
Xiangzhi Bu,CHN,2712,2015-12-27,#e02a00
Xiangzhi Bu,CHN,2724,2016-01-27,#e02a00
Xiangzhi Bu,CHN,2724,2016-02-27,#e02a00
Xiangzhi Bu,CHN,2724,2016-03-27,#e02a00
Xiangzhi Bu,CHN,2719,2016-04-27,#e02a00
Xiangzhi Bu,CHN,2723,2016-05-27,#e02a00
Xiangzhi Bu,CHN,2729,2016-06-27,#e02a00
Xiangzhi Bu,CHN,2723,2016-07-27,#e02a00
Xiangzhi Bu,CHN,2715,2016-08-27,#e02a00
Xiangzhi Bu,CHN,2704,2016-09-27,#e02a00
Xiangzhi Bu,CHN,2698,2016-10-27,#e02a00
Xiangzhi Bu,CHN,2698,2016-11-27,#e02a00
Xiangzhi Bu,CHN,2705,2016-12-27,#e02a00
Xiangzhi Bu,CHN,2711,2017-01-27,#e02a00
Xiangzhi Bu,CHN,2711,2017-02-27,#e02a00
Xiangzhi Bu,CHN,2711,2017-03-27,#e02a00
Xiangzhi Bu,CHN,2713,2017-04-27,#e02a00
Xiangzhi Bu,CHN,2697,2017-05-27,#e02a00
Xiangzhi Bu,CHN,2712,2017-06-27,#e02a00
Xiaomin Peng,CHN,2657,2000-07-27,#e02a00
Xiaomin Peng,CHN,2655,2000-10-27,#e02a00
Xiaomin Peng,CHN,2648,2001-01-27,#e02a00
Xiaomin Peng,CHN,2648,2001-04-27,#e02a00
Xiaomin Peng,CHN,2629,2001-07-27,#e02a00
Xiaomin Peng,CHN,2607,2001-10-27,#e02a00
Xiaomin Peng,CHN,2611,2002-01-27,#e02a00
Xiaomin Peng,CHN,2611,2002-04-27,#e02a00
Xiaomin Peng,CHN,2602,2002-07-27,#e02a00
Xiaomin Peng,CHN,2602,2002-10-27,#e02a00
Yangyi Yu,CHN,2744,2017-07-27,#e02a00
Yangyi Yu,CHN,2744,2017-08-27,#e02a00
Yangyi Yu,CHN,2750,2017-09-27,#e02a00
Yangyi Yu,CHN,2743,2017-10-27,#e02a00
Yangyi Yu,CHN,2746,2017-11-27,#e02a00
Yangyi Yu,CHN,2751,2017-12-27,#e02a00
Yangyi Yu,CHN,2760,2018-01-27,#e02a00
Yangyi Yu,CHN,2760,2018-02-27,#e02a00
Yangyi Yu,CHN,2760,2018-03-27,#e02a00
Yangyi Yu,CHN,2760,2018-04-27,#e02a00
Yangyi Yu,CHN,2754,2018-05-27,#e02a00
Yangyi Yu,CHN,2759,2018-06-27,#e02a00
Yangyi Yu,CHN,2762,2018-07-27,#e02a00
Yangyi Yu,CHN,2760,2018-08-27,#e02a00
Yangyi Yu,CHN,2765,2018-09-27,#e02a00
Yangyi Yu,CHN,2765,2018-10-27,#e02a00
Yangyi Yu,CHN,2764,2018-11-27,#e02a00
Yangyi Yu,CHN,2764,2018-12-27,#e02a00
Yangyi Yu,CHN,2764,2019-01-27,#e02a00
Yangyi Yu,CHN,2764,2019-02-24,#e02a00
Yangyi Yu,CHN,2652,2011-03-27,#e02a00
Yangyi Yu,CHN,2672,2011-07-27,#e02a00
Yangyi Yu,CHN,2656,2012-07-27,#e02a00
Yangyi Yu,CHN,2681,2012-11-27,#e02a00
Yangyi Yu,CHN,2681,2012-12-27,#e02a00
Yangyi Yu,CHN,2688,2013-01-27,#e02a00
Yangyi Yu,CHN,2688,2013-02-27,#e02a00
Yangyi Yu,CHN,2696,2013-03-27,#e02a00
Yangyi Yu,CHN,2675,2013-04-27,#e02a00
Yangyi Yu,CHN,2675,2013-05-27,#e02a00
Yangyi Yu,CHN,2675,2013-06-27,#e02a00
Yangyi Yu,CHN,2657,2013-07-27,#e02a00
Yangyi Yu,CHN,2662,2013-08-27,#e02a00
Yangyi Yu,CHN,2662,2013-09-27,#e02a00
Yangyi Yu,CHN,2681,2013-10-27,#e02a00
Yangyi Yu,CHN,2668,2013-11-27,#e02a00
Yangyi Yu,CHN,2667,2013-12-27,#e02a00
Yangyi Yu,CHN,2677,2014-01-27,#e02a00
Yangyi Yu,CHN,2664,2014-02-27,#e02a00
Yangyi Yu,CHN,2664,2014-03-27,#e02a00
Yangyi Yu,CHN,2667,2014-04-27,#e02a00
Yangyi Yu,CHN,2675,2014-05-27,#e02a00
Yangyi Yu,CHN,2675,2014-06-27,#e02a00
Yangyi Yu,CHN,2670,2014-07-27,#e02a00
Yangyi Yu,CHN,2668,2014-08-27,#e02a00
Yangyi Yu,CHN,2700,2014-09-27,#e02a00
Yangyi Yu,CHN,2697,2014-10-27,#e02a00
Yangyi Yu,CHN,2705,2014-11-27,#e02a00
Yangyi Yu,CHN,2705,2014-12-27,#e02a00
Yangyi Yu,CHN,2724,2015-01-27,#e02a00
Yangyi Yu,CHN,2724,2015-02-27,#e02a00
Yangyi Yu,CHN,2724,2015-03-27,#e02a00
Yangyi Yu,CHN,2724,2015-04-27,#e02a00
Yangyi Yu,CHN,2723,2015-05-27,#e02a00
Yangyi Yu,CHN,2715,2015-06-27,#e02a00
Yangyi Yu,CHN,2736,2015-07-27,#e02a00
Yangyi Yu,CHN,2726,2015-08-27,#e02a00
Yangyi Yu,CHN,2721,2015-09-27,#e02a00
Yangyi Yu,CHN,2721,2015-10-27,#e02a00
Yangyi Yu,CHN,2734,2015-11-27,#e02a00
Yangyi Yu,CHN,2736,2015-12-27,#e02a00
Yangyi Yu,CHN,2747,2016-01-27,#e02a00
Yangyi Yu,CHN,2747,2016-02-27,#e02a00
Yangyi Yu,CHN,2738,2016-03-27,#e02a00
Yangyi Yu,CHN,2738,2016-04-27,#e02a00
Yangyi Yu,CHN,2737,2016-05-27,#e02a00
Yangyi Yu,CHN,2737,2016-06-27,#e02a00
Yangyi Yu,CHN,2734,2016-07-27,#e02a00
Yangyi Yu,CHN,2725,2016-08-27,#e02a00
Yangyi Yu,CHN,2725,2016-09-27,#e02a00
Yangyi Yu,CHN,2721,2016-10-27,#e02a00
Yangyi Yu,CHN,2721,2016-11-27,#e02a00
Yangyi Yu,CHN,2729,2016-12-27,#e02a00
Yangyi Yu,CHN,2738,2017-01-27,#e02a00
Yangyi Yu,CHN,2738,2017-02-27,#e02a00
Yangyi Yu,CHN,2750,2017-03-27,#e02a00
Yangyi Yu,CHN,2750,2017-04-27,#e02a00
Yangyi Yu,CHN,2743,2017-05-27,#e02a00
Yangyi Yu,CHN,2749,2017-06-27,#e02a00
Yannick Pelletier,SUI,2624,2003-01-27,#FFFFFFF
Yannick Pelletier,SUI,2623,2003-04-27,#FFFFFFF
Yasser Seirawan,USA,2647,2000-07-27,#3c3b6e
Yasser Seirawan,USA,2647,2000-10-27,#3c3b6e
Yasser Seirawan,USA,2640,2001-01-27,#3c3b6e
Yasser Seirawan,USA,2640,2001-04-27,#3c3b6e
Yasser Seirawan,USA,2644,2001-07-27,#3c3b6e
Yasser Seirawan,USA,2644,2001-10-27,#3c3b6e
Yasser Seirawan,USA,2644,2002-01-27,#3c3b6e
Yasser Seirawan,USA,2631,2002-04-27,#3c3b6e
Yasser Seirawan,USA,2618,2002-07-27,#3c3b6e
Yasser Seirawan,USA,2629,2002-10-27,#3c3b6e
Yasser Seirawan,USA,2636,2003-01-27,#3c3b6e
Yasser Seirawan,USA,2626,2003-04-27,#3c3b6e
Yasser Seirawan,USA,2626,2003-07-27,#3c3b6e
Yasser Seirawan,USA,2621,2003-10-27,#3c3b6e
Yasser Seirawan,USA,2621,2004-01-27,#3c3b6e
Yasser Seirawan,USA,2621,2004-04-27,#3c3b6e
Yasser Seirawan,USA,2631,2004-07-27,#3c3b6e
Yasser Seirawan,USA,2631,2004-10-27,#3c3b6e
Yasser Seirawan,USA,2631,2005-01-27,#3c3b6e
Yasser Seirawan,USA,2631,2005-04-27,#3c3b6e
Yasser Seirawan,USA,2635,2005-07-27,#3c3b6e
Yasser Seirawan,USA,2635,2005-10-27,#3c3b6e
Yasser Seirawan,USA,2635,2006-01-27,#3c3b6e
Yasser Seirawan,USA,2635,2006-04-27,#3c3b6e
Yasser Seirawan,USA,2638,2006-07-27,#3c3b6e
Yasser Seirawan,USA,2638,2006-10-27,#3c3b6e
Yasser Seirawan,USA,2638,2007-01-27,#3c3b6e
Yasser Seirawan,USA,2642,2007-04-27,#3c3b6e
Yasser Seirawan,USA,2628,2008-01-27,#3c3b6e
Yasser Seirawan,USA,2630,2008-04-27,#3c3b6e
Yasser Seirawan,USA,2634,2008-07-27,#3c3b6e
Yasser Seirawan,USA,2634,2008-10-27,#3c3b6e
Yasser Seirawan,USA,2646,2009-07-27,#3c3b6e
Yasser Seirawan,USA,2646,2009-09-27,#3c3b6e
Yasser Seirawan,USA,2649,2009-11-27,#3c3b6e
Yasser Seirawan,USA,2649,2010-01-27,#3c3b6e
Yasser Seirawan,USA,2651,2010-03-27,#3c3b6e
Yasser Seirawan,USA,2644,2010-05-27,#3c3b6e
Yasser Seirawan,USA,2652,2011-09-27,#3c3b6e
Yasser Seirawan,USA,2658,2011-11-27,#3c3b6e
Yi Wei,CHN,2753,2017-07-27,#e02a00
Yi Wei,CHN,2753,2017-08-27,#e02a00
Yi Wei,CHN,2748,2017-09-27,#e02a00
Yi Wei,CHN,2740,2017-10-27,#e02a00
Yi Wei,CHN,2739,2017-11-27,#e02a00
Yi Wei,CHN,2743,2017-12-27,#e02a00
Yi Wei,CHN,2743,2018-01-27,#e02a00
Yi Wei,CHN,2734,2018-02-27,#e02a00
Yi Wei,CHN,2734,2018-03-27,#e02a00
Yi Wei,CHN,2734,2018-04-27,#e02a00
Yi Wei,CHN,2734,2018-05-27,#e02a00
Yi Wei,CHN,2734,2018-06-27,#e02a00
Yi Wei,CHN,2729,2018-07-27,#e02a00
Yi Wei,CHN,2735,2018-08-27,#e02a00
Yi Wei,CHN,2742,2018-09-27,#e02a00
Yi Wei,CHN,2742,2018-10-27,#e02a00
Yi Wei,CHN,2728,2018-11-27,#e02a00
Yi Wei,CHN,2728,2018-12-27,#e02a00
Yi Wei,CHN,2733,2019-01-27,#e02a00
Yi Wei,CHN,2733,2019-02-24,#e02a00
Yi Wei,CHN,2668,2014-12-27,#e02a00
Yi Wei,CHN,2675,2015-01-27,#e02a00
Yi Wei,CHN,2695,2015-02-27,#e02a00
Yi Wei,CHN,2706,2015-03-27,#e02a00
Yi Wei,CHN,2703,2015-04-27,#e02a00
Yi Wei,CHN,2718,2015-05-27,#e02a00
Yi Wei,CHN,2721,2015-06-27,#e02a00
Yi Wei,CHN,2724,2015-07-27,#e02a00
Yi Wei,CHN,2725,2015-08-27,#e02a00
Yi Wei,CHN,2734,2015-09-27,#e02a00
Yi Wei,CHN,2734,2015-10-27,#e02a00
Yi Wei,CHN,2737,2015-11-27,#e02a00
Yi Wei,CHN,2730,2015-12-27,#e02a00
Yi Wei,CHN,2706,2016-01-27,#e02a00
Yi Wei,CHN,2706,2016-02-27,#e02a00
Yi Wei,CHN,2714,2016-03-27,#e02a00
Yi Wei,CHN,2700,2016-04-27,#e02a00
Yi Wei,CHN,2694,2016-05-27,#e02a00
Yi Wei,CHN,2694,2016-06-27,#e02a00
Yi Wei,CHN,2696,2016-07-27,#e02a00
Yi Wei,CHN,2709,2016-08-27,#e02a00
Yi Wei,CHN,2717,2016-09-27,#e02a00
Yi Wei,CHN,2706,2016-10-27,#e02a00
Yi Wei,CHN,2706,2016-11-27,#e02a00
Yi Wei,CHN,2707,2016-12-27,#e02a00
Yi Wei,CHN,2706,2017-01-27,#e02a00
Yi Wei,CHN,2725,2017-02-27,#e02a00
Yi Wei,CHN,2725,2017-03-27,#e02a00
Yi Wei,CHN,2727,2017-04-27,#e02a00
Yi Wei,CHN,2732,2017-05-27,#e02a00
Yi Wei,CHN,2728,2017-06-27,#e02a00
Yifan Hou,CHN,2652,2017-07-27,#e02a00
Yifan Hou,CHN,2652,2017-08-27,#e02a00
Yifan Hou,CHN,2670,2017-09-27,#e02a00
Yifan Hou,CHN,2678,2017-10-27,#e02a00
Yifan Hou,CHN,2680,2017-11-27,#e02a00
Yifan Hou,CHN,2680,2017-12-27,#e02a00
Yifan Hou,CHN,2680,2018-01-27,#e02a00
Yifan Hou,CHN,2654,2018-02-27,#e02a00
Yifan Hou,CHN,2654,2018-03-27,#e02a00
Yifan Hou,CHN,2657,2018-04-27,#e02a00
Yifan Hou,CHN,2658,2018-05-27,#e02a00
Yifan Hou,CHN,2658,2018-06-27,#e02a00
Yifan Hou,CHN,2658,2018-07-27,#e02a00
Yifan Hou,CHN,2658,2018-08-27,#e02a00
Yifan Hou,CHN,2658,2018-09-27,#e02a00
Yifan Hou,CHN,2658,2018-10-27,#e02a00
Yifan Hou,CHN,2658,2018-11-27,#e02a00
Yifan Hou,CHN,2662,2018-12-27,#e02a00
Yifan Hou,CHN,2662,2019-01-27,#e02a00
Yifan Hou,CHN,2662,2019-02-24,#e02a00
Yifan Hou,CHN,2661,2014-08-27,#e02a00
Yifan Hou,CHN,2663,2014-09-27,#e02a00
Yifan Hou,CHN,2673,2014-10-27,#e02a00
Yifan Hou,CHN,2673,2014-11-27,#e02a00
Yifan Hou,CHN,2673,2014-12-27,#e02a00
Yifan Hou,CHN,2673,2015-01-27,#e02a00
Yifan Hou,CHN,2672,2015-02-27,#e02a00
Yifan Hou,CHN,2686,2015-03-27,#e02a00
Yifan Hou,CHN,2686,2015-04-27,#e02a00
Yifan Hou,CHN,2686,2015-05-27,#e02a00
Yifan Hou,CHN,2676,2015-06-27,#e02a00
Yifan Hou,CHN,2676,2015-07-27,#e02a00
Yifan Hou,CHN,2671,2015-08-27,#e02a00
Yifan Hou,CHN,2671,2015-09-27,#e02a00
Yifan Hou,CHN,2671,2015-10-27,#e02a00
Yifan Hou,CHN,2683,2015-11-27,#e02a00
Yifan Hou,CHN,2683,2015-12-27,#e02a00
Yifan Hou,CHN,2673,2016-01-27,#e02a00
Yifan Hou,CHN,2673,2016-02-27,#e02a00
Yifan Hou,CHN,2667,2016-03-27,#e02a00
Yifan Hou,CHN,2663,2016-04-27,#e02a00
Yifan Hou,CHN,2663,2016-05-27,#e02a00
Yifan Hou,CHN,2663,2016-06-27,#e02a00
Yifan Hou,CHN,2658,2016-08-27,#e02a00
Yifan Hou,CHN,2658,2016-09-27,#e02a00
Yifan Hou,CHN,2666,2017-06-27,#e02a00
Yue Wang,CHN,2699,2017-07-27,#e02a00
Yue Wang,CHN,2699,2017-08-27,#e02a00
Yue Wang,CHN,2699,2017-09-27,#e02a00
Yue Wang,CHN,2689,2017-10-27,#e02a00
Yue Wang,CHN,2689,2017-11-27,#e02a00
Yue Wang,CHN,2690,2017-12-27,#e02a00
Yue Wang,CHN,2690,2018-01-27,#e02a00
Yue Wang,CHN,2690,2018-02-27,#e02a00
Yue Wang,CHN,2690,2018-03-27,#e02a00
Yue Wang,CHN,2690,2018-04-27,#e02a00
Yue Wang,CHN,2686,2018-05-27,#e02a00
Yue Wang,CHN,2679,2018-06-27,#e02a00
Yue Wang,CHN,2673,2018-07-27,#e02a00
Yue Wang,CHN,2677,2018-08-27,#e02a00
Yue Wang,CHN,2681,2018-09-27,#e02a00
Yue Wang,CHN,2681,2018-10-27,#e02a00
Yue Wang,CHN,2683,2018-11-27,#e02a00
Yue Wang,CHN,2683,2018-12-27,#e02a00
Yue Wang,CHN,2684,2019-01-27,#e02a00
Yue Wang,CHN,2684,2019-02-24,#e02a00
Yue Wang,CHN,2626,2006-07-27,#e02a00
Yue Wang,CHN,2644,2006-10-27,#e02a00
Yue Wang,CHN,2644,2007-01-27,#e02a00
Yue Wang,CHN,2656,2007-04-27,#e02a00
Yue Wang,CHN,2696,2007-07-27,#e02a00
Yue Wang,CHN,2703,2007-10-27,#e02a00
Yue Wang,CHN,2698,2008-01-27,#e02a00
Yue Wang,CHN,2689,2008-04-27,#e02a00
Yue Wang,CHN,2704,2008-07-27,#e02a00
Yue Wang,CHN,2736,2008-10-27,#e02a00
Yue Wang,CHN,2739,2009-01-27,#e02a00
Yue Wang,CHN,2738,2009-04-27,#e02a00
Yue Wang,CHN,2736,2009-07-27,#e02a00
Yue Wang,CHN,2736,2009-09-27,#e02a00
Yue Wang,CHN,2734,2009-11-27,#e02a00
Yue Wang,CHN,2749,2010-01-27,#e02a00
Yue Wang,CHN,2749,2010-03-27,#e02a00
Yue Wang,CHN,2752,2010-05-27,#e02a00
Yue Wang,CHN,2716,2010-07-27,#e02a00
Yue Wang,CHN,2732,2010-09-27,#e02a00
Yue Wang,CHN,2756,2010-11-27,#e02a00
Yue Wang,CHN,2734,2011-01-27,#e02a00
Yue Wang,CHN,2734,2011-03-27,#e02a00
Yue Wang,CHN,2714,2011-05-27,#e02a00
Yue Wang,CHN,2709,2011-07-27,#e02a00
Yue Wang,CHN,2716,2011-09-27,#e02a00
Yue Wang,CHN,2697,2011-11-27,#e02a00
Yue Wang,CHN,2694,2012-01-27,#e02a00
Yue Wang,CHN,2702,2012-03-27,#e02a00
Yue Wang,CHN,2690,2012-05-27,#e02a00
Yue Wang,CHN,2697,2012-07-27,#e02a00
Yue Wang,CHN,2685,2012-08-27,#e02a00
Yue Wang,CHN,2691,2012-09-27,#e02a00
Yue Wang,CHN,2695,2012-10-27,#e02a00
Yue Wang,CHN,2696,2012-11-27,#e02a00
Yue Wang,CHN,2696,2012-12-27,#e02a00
Yue Wang,CHN,2702,2013-01-27,#e02a00
Yue Wang,CHN,2706,2013-02-27,#e02a00
Yue Wang,CHN,2706,2013-03-27,#e02a00
Yue Wang,CHN,2706,2013-04-27,#e02a00
Yue Wang,CHN,2706,2013-05-27,#e02a00
Yue Wang,CHN,2706,2013-06-27,#e02a00
Yue Wang,CHN,2705,2013-07-27,#e02a00
Yue Wang,CHN,2713,2013-08-27,#e02a00
Yue Wang,CHN,2713,2013-09-27,#e02a00
Yue Wang,CHN,2713,2013-10-27,#e02a00
Yue Wang,CHN,2725,2013-11-27,#e02a00
Yue Wang,CHN,2723,2013-12-27,#e02a00
Yue Wang,CHN,2717,2014-01-27,#e02a00
Yue Wang,CHN,2717,2014-02-27,#e02a00
Yue Wang,CHN,2717,2014-03-27,#e02a00
Yue Wang,CHN,2717,2014-04-27,#e02a00
Yue Wang,CHN,2713,2014-05-27,#e02a00
Yue Wang,CHN,2713,2014-06-27,#e02a00
Yue Wang,CHN,2715,2014-07-27,#e02a00
Yue Wang,CHN,2718,2014-08-27,#e02a00
Yue Wang,CHN,2713,2014-09-27,#e02a00
Yue Wang,CHN,2711,2014-10-27,#e02a00
Yue Wang,CHN,2711,2014-11-27,#e02a00
Yue Wang,CHN,2720,2014-12-27,#e02a00
Yue Wang,CHN,2726,2015-01-27,#e02a00
Yue Wang,CHN,2726,2015-02-27,#e02a00
Yue Wang,CHN,2726,2015-03-27,#e02a00
Yue Wang,CHN,2726,2015-04-27,#e02a00
Yue Wang,CHN,2724,2015-05-27,#e02a00
Yue Wang,CHN,2726,2015-06-27,#e02a00
Yue Wang,CHN,2716,2015-07-27,#e02a00
Yue Wang,CHN,2721,2015-08-27,#e02a00
Yue Wang,CHN,2724,2015-09-27,#e02a00
Yue Wang,CHN,2724,2015-10-27,#e02a00
Yue Wang,CHN,2729,2015-11-27,#e02a00
Yue Wang,CHN,2724,2015-12-27,#e02a00
Yue Wang,CHN,2718,2016-01-27,#e02a00
Yue Wang,CHN,2718,2016-02-27,#e02a00
Yue Wang,CHN,2718,2016-03-27,#e02a00
Yue Wang,CHN,2718,2016-04-27,#e02a00
Yue Wang,CHN,2728,2016-05-27,#e02a00
Yue Wang,CHN,2728,2016-06-27,#e02a00
Yue Wang,CHN,2730,2016-07-27,#e02a00
Yue Wang,CHN,2737,2016-08-27,#e02a00
Yue Wang,CHN,2737,2016-09-27,#e02a00
Yue Wang,CHN,2723,2016-10-27,#e02a00
Yue Wang,CHN,2723,2016-11-27,#e02a00
Yue Wang,CHN,2710,2016-12-27,#e02a00
Yue Wang,CHN,2706,2017-01-27,#e02a00
Yue Wang,CHN,2706,2017-02-27,#e02a00
Yue Wang,CHN,2706,2017-03-27,#e02a00
Yue Wang,CHN,2706,2017-04-27,#e02a00
Yue Wang,CHN,2701,2017-05-27,#e02a00
Yue Wang,CHN,2699,2017-06-27,#e02a00
Yuniesky Quesada,CUB,2655,2014-07-27,#FFFFFFF
Yuri Shulman,USA,2639,2009-01-27,#3c3b6e
Yuri Shulman,USA,2648,2009-07-27,#3c3b6e
Yuri Shulman,BLR,2596,2002-01-27,#FFFFFFF
Yuriy Kryvoruchko,UKR,2692,2017-07-27,#005BBB
Yuriy Kryvoruchko,UKR,2692,2017-08-27,#005BBB
Yuriy Kryvoruchko,UKR,2692,2017-09-27,#005BBB
Yuriy Kryvoruchko,UKR,2692,2017-10-27,#005BBB
Yuriy Kryvoruchko,UKR,2691,2017-11-27,#005BBB
Yuriy Kryvoruchko,UKR,2689,2017-12-27,#005BBB
Yuriy Kryvoruchko,UKR,2694,2018-01-27,#005BBB
Yuriy Kryvoruchko,UKR,2693,2018-02-27,#005BBB
Yuriy Kryvoruchko,UKR,2705,2018-03-27,#005BBB
Yuriy Kryvoruchko,UKR,2703,2018-04-27,#005BBB
Yuriy Kryvoruchko,UKR,2705,2018-05-27,#005BBB
Yuriy Kryvoruchko,UKR,2705,2018-06-27,#005BBB
Yuriy Kryvoruchko,UKR,2711,2018-07-27,#005BBB
Yuriy Kryvoruchko,UKR,2711,2018-08-27,#005BBB
Yuriy Kryvoruchko,UKR,2695,2018-09-27,#005BBB
Yuriy Kryvoruchko,UKR,2697,2018-10-27,#005BBB
Yuriy Kryvoruchko,UKR,2698,2018-11-27,#005BBB
Yuriy Kryvoruchko,UKR,2687,2018-12-27,#005BBB
Yuriy Kryvoruchko,UKR,2683,2019-01-27,#005BBB
Yuriy Kryvoruchko,UKR,2683,2019-02-24,#005BBB
Yuriy Kryvoruchko,UKR,2652,2011-07-27,#005BBB
Yuriy Kryvoruchko,UKR,2666,2011-09-27,#005BBB
Yuriy Kryvoruchko,UKR,2666,2011-11-27,#005BBB
Yuriy Kryvoruchko,UKR,2666,2012-01-27,#005BBB
Yuriy Kryvoruchko,UKR,2666,2012-03-27,#005BBB
Yuriy Kryvoruchko,UKR,2676,2012-05-27,#005BBB
Yuriy Kryvoruchko,UKR,2672,2012-07-27,#005BBB
Yuriy Kryvoruchko,UKR,2686,2012-08-27,#005BBB
Yuriy Kryvoruchko,UKR,2686,2012-09-27,#005BBB
Yuriy Kryvoruchko,UKR,2679,2012-10-27,#005BBB
Yuriy Kryvoruchko,UKR,2679,2012-11-27,#005BBB
Yuriy Kryvoruchko,UKR,2671,2012-12-27,#005BBB
Yuriy Kryvoruchko,UKR,2666,2013-01-27,#005BBB
Yuriy Kryvoruchko,UKR,2666,2013-02-27,#005BBB
Yuriy Kryvoruchko,UKR,2666,2013-03-27,#005BBB
Yuriy Kryvoruchko,UKR,2668,2013-04-27,#005BBB
Yuriy Kryvoruchko,UKR,2659,2013-05-27,#005BBB
Yuriy Kryvoruchko,UKR,2659,2013-06-27,#005BBB
Yuriy Kryvoruchko,UKR,2678,2013-07-27,#005BBB
Yuriy Kryvoruchko,UKR,2678,2013-08-27,#005BBB
Yuriy Kryvoruchko,UKR,2681,2013-09-27,#005BBB
Yuriy Kryvoruchko,UKR,2696,2013-10-27,#005BBB
Yuriy Kryvoruchko,UKR,2701,2013-11-27,#005BBB
Yuriy Kryvoruchko,UKR,2701,2013-12-27,#005BBB
Yuriy Kryvoruchko,UKR,2704,2014-01-27,#005BBB
Yuriy Kryvoruchko,UKR,2704,2014-02-27,#005BBB
Yuriy Kryvoruchko,UKR,2706,2014-03-27,#005BBB
Yuriy Kryvoruchko,UKR,2704,2014-04-27,#005BBB
Yuriy Kryvoruchko,UKR,2703,2014-05-27,#005BBB
Yuriy Kryvoruchko,UKR,2707,2014-06-27,#005BBB
Yuriy Kryvoruchko,UKR,2707,2014-07-27,#005BBB
Yuriy Kryvoruchko,UKR,2708,2014-08-27,#005BBB
Yuriy Kryvoruchko,UKR,2708,2014-09-27,#005BBB
Yuriy Kryvoruchko,UKR,2710,2014-10-27,#005BBB
Yuriy Kryvoruchko,UKR,2706,2014-11-27,#005BBB
Yuriy Kryvoruchko,UKR,2688,2014-12-27,#005BBB
Yuriy Kryvoruchko,UKR,2692,2015-01-27,#005BBB
Yuriy Kryvoruchko,UKR,2692,2015-02-27,#005BBB
Yuriy Kryvoruchko,UKR,2695,2015-03-27,#005BBB
Yuriy Kryvoruchko,UKR,2686,2015-04-27,#005BBB
Yuriy Kryvoruchko,UKR,2700,2015-05-27,#005BBB
Yuriy Kryvoruchko,UKR,2695,2015-06-27,#005BBB
Yuriy Kryvoruchko,UKR,2695,2015-07-27,#005BBB
Yuriy Kryvoruchko,UKR,2697,2015-08-27,#005BBB
Yuriy Kryvoruchko,UKR,2710,2015-09-27,#005BBB
Yuriy Kryvoruchko,UKR,2710,2015-10-27,#005BBB
Yuriy Kryvoruchko,UKR,2717,2015-11-27,#005BBB
Yuriy Kryvoruchko,UKR,2711,2015-12-27,#005BBB
Yuriy Kryvoruchko,UKR,2695,2016-01-27,#005BBB
Yuriy Kryvoruchko,UKR,2694,2016-02-27,#005BBB
Yuriy Kryvoruchko,UKR,2692,2016-03-27,#005BBB
Yuriy Kryvoruchko,UKR,2692,2016-04-27,#005BBB
Yuriy Kryvoruchko,UKR,2691,2016-05-27,#005BBB
Yuriy Kryvoruchko,UKR,2682,2016-06-27,#005BBB
Yuriy Kryvoruchko,UKR,2691,2016-07-27,#005BBB
Yuriy Kryvoruchko,UKR,2691,2016-08-27,#005BBB
Yuriy Kryvoruchko,UKR,2693,2016-09-27,#005BBB
Yuriy Kryvoruchko,UKR,2701,2016-10-27,#005BBB
Yuriy Kryvoruchko,UKR,2702,2016-11-27,#005BBB
Yuriy Kryvoruchko,UKR,2699,2016-12-27,#005BBB
Yuriy Kryvoruchko,UKR,2701,2017-01-27,#005BBB
Yuriy Kryvoruchko,UKR,2705,2017-02-27,#005BBB
Yuriy Kryvoruchko,UKR,2708,2017-03-27,#005BBB
Yuriy Kryvoruchko,UKR,2710,2017-04-27,#005BBB
Yuriy Kryvoruchko,UKR,2714,2017-05-27,#005BBB
Yuriy Kryvoruchko,UKR,2709,2017-06-27,#005BBB
Yuriy Kuzubov,UKR,2652,2017-07-27,#005BBB
Yuriy Kuzubov,UKR,2652,2017-08-27,#005BBB
Yuriy Kuzubov,UKR,2688,2017-09-27,#005BBB
Yuriy Kuzubov,UKR,2690,2017-10-27,#005BBB
Yuriy Kuzubov,UKR,2690,2017-11-27,#005BBB
Yuriy Kuzubov,UKR,2699,2017-12-27,#005BBB
Yuriy Kuzubov,UKR,2691,2018-01-27,#005BBB
Yuriy Kuzubov,UKR,2695,2018-02-27,#005BBB
Yuriy Kuzubov,UKR,2689,2018-03-27,#005BBB
Yuriy Kuzubov,UKR,2663,2018-04-27,#005BBB
Yuriy Kuzubov,UKR,2663,2018-05-27,#005BBB
Yuriy Kuzubov,UKR,2661,2018-06-27,#005BBB
Yuriy Kuzubov,UKR,2660,2018-07-27,#005BBB
Yuriy Kuzubov,UKR,2652,2018-09-27,#005BBB
Yuriy Kuzubov,UKR,2655,2018-10-27,#005BBB
Yuriy Kuzubov,UKR,2660,2018-11-27,#005BBB
Yuriy Kuzubov,UKR,2655,2018-12-27,#005BBB
Yuriy Kuzubov,UKR,2656,2014-06-27,#005BBB
Yuriy Kuzubov,UKR,2656,2014-07-27,#005BBB
Yuriy Kuzubov,UKR,2667,2014-08-27,#005BBB
Yuriy Kuzubov,UKR,2663,2014-09-27,#005BBB
Yuriy Kuzubov,UKR,2672,2014-10-27,#005BBB
Yuriy Kuzubov,UKR,2661,2014-11-27,#005BBB
Yuriy Kuzubov,UKR,2681,2014-12-27,#005BBB
Yuriy Kuzubov,UKR,2667,2015-01-27,#005BBB
Yuriy Kuzubov,UKR,2667,2015-02-27,#005BBB
Yuriy Kuzubov,UKR,2667,2015-03-27,#005BBB
Yuriy Kuzubov,UKR,2658,2015-04-27,#005BBB
Yuriy Kuzubov,UKR,2653,2015-07-27,#005BBB
Zahar Efimenko,UKR,2620,2005-04-27,#005BBB
Zahar Efimenko,UKR,2643,2005-07-27,#005BBB
Zahar Efimenko,UKR,2637,2005-10-27,#005BBB
Zahar Efimenko,UKR,2666,2006-01-27,#005BBB
Zahar Efimenko,UKR,2648,2006-04-27,#005BBB
Zahar Efimenko,UKR,2632,2006-07-27,#005BBB
Zahar Efimenko,UKR,2635,2007-04-27,#005BBB
Zahar Efimenko,UKR,2624,2007-07-27,#005BBB
Zahar Efimenko,UKR,2638,2008-01-27,#005BBB
Zahar Efimenko,UKR,2660,2008-04-27,#005BBB
Zahar Efimenko,UKR,2670,2008-07-27,#005BBB
Zahar Efimenko,UKR,2680,2008-10-27,#005BBB
Zahar Efimenko,UKR,2688,2009-01-27,#005BBB
Zahar Efimenko,UKR,2682,2009-04-27,#005BBB
Zahar Efimenko,UKR,2654,2009-07-27,#005BBB
Zahar Efimenko,UKR,2654,2009-09-27,#005BBB
Zahar Efimenko,UKR,2668,2009-11-27,#005BBB
Zahar Efimenko,UKR,2657,2010-01-27,#005BBB
Zahar Efimenko,UKR,2677,2010-05-27,#005BBB
Zahar Efimenko,UKR,2689,2010-07-27,#005BBB
Zahar Efimenko,UKR,2683,2010-09-27,#005BBB
Zahar Efimenko,UKR,2701,2010-11-27,#005BBB
Zahar Efimenko,UKR,2701,2011-01-27,#005BBB
Zahar Efimenko,UKR,2708,2011-03-27,#005BBB
Zahar Efimenko,UKR,2701,2011-05-27,#005BBB
Zahar Efimenko,UKR,2706,2011-07-27,#005BBB
Zahar Efimenko,UKR,2703,2011-09-27,#005BBB
Zahar Efimenko,UKR,2702,2011-11-27,#005BBB
Zahar Efimenko,UKR,2695,2012-01-27,#005BBB
Zahar Efimenko,UKR,2695,2012-03-27,#005BBB
Zahar Efimenko,UKR,2689,2012-05-27,#005BBB
Zahar Efimenko,UKR,2694,2012-07-27,#005BBB
Zahar Efimenko,UKR,2694,2012-08-27,#005BBB
Zahar Efimenko,UKR,2689,2012-09-27,#005BBB
Zahar Efimenko,UKR,2689,2012-10-27,#005BBB
Zahar Efimenko,UKR,2696,2012-11-27,#005BBB
Zahar Efimenko,UKR,2696,2012-12-27,#005BBB
Zahar Efimenko,UKR,2696,2013-01-27,#005BBB
Zahar Efimenko,UKR,2696,2013-02-27,#005BBB
Zahar Efimenko,UKR,2697,2013-03-27,#005BBB
Zahar Efimenko,UKR,2697,2013-04-27,#005BBB
Zahar Efimenko,UKR,2677,2013-05-27,#005BBB
Zahar Efimenko,UKR,2651,2013-06-27,#005BBB
Zahar Efimenko,UKR,2657,2013-07-27,#005BBB
Zahar Efimenko,UKR,2661,2013-08-27,#005BBB
Zahar Efimenko,UKR,2661,2013-09-27,#005BBB
Zahar Efimenko,UKR,2661,2013-10-27,#005BBB
Zahar Efimenko,UKR,2657,2013-11-27,#005BBB
Zahar Efimenko,UKR,2655,2013-12-27,#005BBB
Zahar Efimenko,UKR,2655,2014-01-27,#005BBB
Zahar Efimenko,UKR,2655,2014-02-27,#005BBB
Zahar Efimenko,UKR,2657,2014-03-27,#005BBB
Zahar Efimenko,UKR,2657,2014-04-27,#005BBB
Zahar Efimenko,UKR,2654,2015-01-27,#005BBB
Zahar Efimenko,UKR,2655,2015-02-27,#005BBB
Zahar Efimenko,UKR,2657,2015-03-27,#005BBB
Zahar Efimenko,UKR,2656,2015-04-27,#005BBB
Zahar Efimenko,UKR,2656,2015-05-27,#005BBB
Zahar Efimenko,UKR,2652,2015-07-27,#005BBB
Zahar Efimenko,UKR,2656,2016-01-27,#005BBB
Zahar Efimenko,UKR,2663,2016-02-27,#005BBB
Zahar Efimenko,UKR,2660,2016-03-27,#005BBB
Zahar Efimenko,UKR,2665,2016-04-27,#005BBB
Zahar Efimenko,UKR,2656,2016-05-27,#005BBB
Zahar Efimenko,UKR,2656,2016-06-27,#005BBB
Zahar Efimenko,UKR,2655,2016-07-27,#005BBB
Zahar Efimenko,UKR,2661,2016-08-27,#005BBB
Zahar Efimenko,UKR,2661,2016-09-27,#005BBB
Zahar Efimenko,UKR,2651,2016-10-27,#005BBB
Zbynek Hracek,CZE,2612,2000-07-27,#11574E
Zbynek Hracek,CZE,2604,2000-10-27,#11574E
Zbynek Hracek,CZE,2602,2001-01-27,#11574E
Zbynek Hracek,CZE,2603,2001-04-27,#11574E
Zbynek Hracek,CZE,2610,2001-07-27,#11574E
Zbynek Hracek,CZE,2610,2001-10-27,#11574E
Zbynek Hracek,CZE,2600,2002-07-27,#11574E
Zbynek Hracek,CZE,2607,2002-10-27,#11574E
Zbynek Hracek,CZE,2601,2003-01-27,#11574E
Zbynek Hracek,CZE,2619,2007-01-27,#11574E
Zdenko Kozul,CRO,2611,2000-07-27,#FFFFFFF
Zdenko Kozul,CRO,2616,2000-10-27,#FFFFFFF
Zdenko Kozul,CRO,2595,2001-04-27,#FFFFFFF
Zdenko Kozul,CRO,2606,2002-01-27,#FFFFFFF
Zdenko Kozul,CRO,2601,2003-04-27,#FFFFFFF
Zdenko Kozul,CRO,2627,2004-04-27,#FFFFFFF
Zdenko Kozul,CRO,2630,2004-07-27,#FFFFFFF
Zdenko Kozul,CRO,2640,2004-10-27,#FFFFFFF
Zhong Zhang,CHN,2636,2000-07-27,#e02a00
Zhong Zhang,CHN,2607,2000-10-27,#e02a00
Zhong Zhang,CHN,2607,2001-01-27,#e02a00
Zhong Zhang,CHN,2632,2001-04-27,#e02a00
Zhong Zhang,CHN,2667,2001-07-27,#e02a00
Zhong Zhang,CHN,2657,2001-10-27,#e02a00
Zhong Zhang,CHN,2656,2002-01-27,#e02a00
Zhong Zhang,CHN,2639,2002-04-27,#e02a00
Zhong Zhang,CHN,2637,2002-07-27,#e02a00
Zhong Zhang,CHN,2620,2002-10-27,#e02a00
Zhong Zhang,CHN,2624,2003-01-27,#e02a00
Zhong Zhang,CHN,2666,2003-04-27,#e02a00
Zhong Zhang,CHN,2658,2003-07-27,#e02a00
Zhong Zhang,CHN,2639,2003-10-27,#e02a00
Zhong Zhang,CHN,2644,2004-01-27,#e02a00
Zhong Zhang,CHN,2633,2004-04-27,#e02a00
Zhong Zhang,CHN,2629,2006-01-27,#e02a00
Zhong Zhang,CHN,2640,2006-04-27,#e02a00
Zhong Zhang,CHN,2639,2006-07-27,#e02a00
Zhong Zhang,CHN,2634,2007-07-27,#e02a00
Zhong Zhang,SGP,2651,2016-10-27,#FFFFFFF
Zhong Zhang,SIN,2634,2007-10-27,#FFFFFFF
Zhong Zhang,SIN,2632,2008-07-27,#FFFFFFF
Zhong Zhang,SIN,2649,2008-10-27,#FFFFFFF
Zhong Zhang,SIN,2656,2009-01-27,#FFFFFFF
Zili Wang,CHN,2603,2000-07-27,#e02a00
Zoltan Almasi,HUN,2707,2017-07-27,#259838
Zoltan Almasi,HUN,2707,2017-08-27,#259838
Zoltan Almasi,HUN,2707,2017-09-27,#259838
Zoltan Almasi,HUN,2707,2017-10-27,#259838
Zoltan Almasi,HUN,2685,2017-11-27,#259838
Zoltan Almasi,HUN,2682,2017-12-27,#259838
Zoltan Almasi,HUN,2689,2018-01-27,#259838
Zoltan Almasi,HUN,2689,2018-02-27,#259838
Zoltan Almasi,HUN,2696,2018-03-27,#259838
Zoltan Almasi,HUN,2696,2018-04-27,#259838
Zoltan Almasi,HUN,2696,2018-05-27,#259838
Zoltan Almasi,HUN,2699,2018-06-27,#259838
Zoltan Almasi,HUN,2699,2018-07-27,#259838
Zoltan Almasi,HUN,2702,2018-08-27,#259838
Zoltan Almasi,HUN,2702,2018-09-27,#259838
Zoltan Almasi,HUN,2702,2018-10-27,#259838
Zoltan Almasi,HUN,2682,2018-11-27,#259838
Zoltan Almasi,HUN,2689,2018-12-27,#259838
Zoltan Almasi,HUN,2680,2019-01-27,#259838
Zoltan Almasi,HUN,2681,2019-02-24,#259838
Zoltan Almasi,HUN,2668,2000-07-27,#259838
Zoltan Almasi,HUN,2668,2000-10-27,#259838
Zoltan Almasi,HUN,2640,2001-01-27,#259838
Zoltan Almasi,HUN,2640,2001-04-27,#259838
Zoltan Almasi,HUN,2630,2001-07-27,#259838
Zoltan Almasi,HUN,2630,2001-10-27,#259838
Zoltan Almasi,HUN,2644,2002-01-27,#259838
Zoltan Almasi,HUN,2650,2002-04-27,#259838
Zoltan Almasi,HUN,2672,2002-07-27,#259838
Zoltan Almasi,HUN,2672,2002-10-27,#259838
Zoltan Almasi,HUN,2676,2003-01-27,#259838
Zoltan Almasi,HUN,2676,2003-04-27,#259838
Zoltan Almasi,HUN,2655,2003-07-27,#259838
Zoltan Almasi,HUN,2631,2003-10-27,#259838
Zoltan Almasi,HUN,2633,2004-01-27,#259838
Zoltan Almasi,HUN,2631,2004-04-27,#259838
Zoltan Almasi,HUN,2644,2004-07-27,#259838
Zoltan Almasi,HUN,2650,2004-10-27,#259838
Zoltan Almasi,HUN,2628,2005-01-27,#259838
Zoltan Almasi,HUN,2628,2005-04-27,#259838
Zoltan Almasi,HUN,2619,2005-07-27,#259838
Zoltan Almasi,HUN,2640,2005-10-27,#259838
Zoltan Almasi,HUN,2646,2006-01-27,#259838
Zoltan Almasi,HUN,2657,2006-04-27,#259838
Zoltan Almasi,HUN,2672,2006-07-27,#259838
Zoltan Almasi,HUN,2664,2006-10-27,#259838
Zoltan Almasi,HUN,2669,2007-01-27,#259838
Zoltan Almasi,HUN,2675,2007-04-27,#259838
Zoltan Almasi,HUN,2682,2007-07-27,#259838
Zoltan Almasi,HUN,2691,2007-10-27,#259838
Zoltan Almasi,HUN,2667,2008-01-27,#259838
Zoltan Almasi,HUN,2674,2008-04-27,#259838
Zoltan Almasi,HUN,2668,2008-07-27,#259838
Zoltan Almasi,HUN,2663,2008-10-27,#259838
Zoltan Almasi,HUN,2681,2009-01-27,#259838
Zoltan Almasi,HUN,2685,2009-04-27,#259838
Zoltan Almasi,HUN,2684,2009-07-27,#259838
Zoltan Almasi,HUN,2685,2009-09-27,#259838
Zoltan Almasi,HUN,2704,2009-11-27,#259838
Zoltan Almasi,HUN,2710,2010-01-27,#259838
Zoltan Almasi,HUN,2720,2010-03-27,#259838
Zoltan Almasi,HUN,2725,2010-05-27,#259838
Zoltan Almasi,HUN,2717,2010-07-27,#259838
Zoltan Almasi,HUN,2707,2010-09-27,#259838
Zoltan Almasi,HUN,2721,2010-11-27,#259838
Zoltan Almasi,HUN,2719,2011-01-27,#259838
Zoltan Almasi,HUN,2719,2011-03-27,#259838
Zoltan Almasi,HUN,2719,2011-05-27,#259838
Zoltan Almasi,HUN,2726,2011-07-27,#259838
Zoltan Almasi,HUN,2710,2011-09-27,#259838
Zoltan Almasi,HUN,2707,2011-11-27,#259838
Zoltan Almasi,HUN,2717,2012-01-27,#259838
Zoltan Almasi,HUN,2719,2012-03-27,#259838
Zoltan Almasi,HUN,2713,2012-05-27,#259838
Zoltan Almasi,HUN,2713,2012-07-27,#259838
Zoltan Almasi,HUN,2713,2012-08-27,#259838
Zoltan Almasi,HUN,2713,2012-09-27,#259838
Zoltan Almasi,HUN,2707,2012-10-27,#259838
Zoltan Almasi,HUN,2707,2012-11-27,#259838
Zoltan Almasi,HUN,2689,2012-12-27,#259838
Zoltan Almasi,HUN,2689,2013-01-27,#259838
Zoltan Almasi,HUN,2689,2013-02-27,#259838
Zoltan Almasi,HUN,2689,2013-03-27,#259838
Zoltan Almasi,HUN,2689,2013-04-27,#259838
Zoltan Almasi,HUN,2695,2013-05-27,#259838
Zoltan Almasi,HUN,2707,2013-06-27,#259838
Zoltan Almasi,HUN,2707,2013-07-27,#259838
Zoltan Almasi,HUN,2707,2013-08-27,#259838
Zoltan Almasi,HUN,2707,2013-09-27,#259838
Zoltan Almasi,HUN,2707,2013-10-27,#259838
Zoltan Almasi,HUN,2710,2013-11-27,#259838
Zoltan Almasi,HUN,2708,2013-12-27,#259838
Zoltan Almasi,HUN,2708,2014-01-27,#259838
Zoltan Almasi,HUN,2707,2014-02-27,#259838
Zoltan Almasi,HUN,2707,2014-03-27,#259838
Zoltan Almasi,HUN,2693,2014-04-27,#259838
Zoltan Almasi,HUN,2693,2014-05-27,#259838
Zoltan Almasi,HUN,2692,2014-06-27,#259838
Zoltan Almasi,HUN,2693,2014-07-27,#259838
Zoltan Almasi,HUN,2690,2014-08-27,#259838
Zoltan Almasi,HUN,2694,2014-09-27,#259838
Zoltan Almasi,HUN,2695,2014-10-27,#259838
Zoltan Almasi,HUN,2702,2014-11-27,#259838
Zoltan Almasi,HUN,2704,2014-12-27,#259838
Zoltan Almasi,HUN,2701,2015-01-27,#259838
Zoltan Almasi,HUN,2701,2015-02-27,#259838
Zoltan Almasi,HUN,2695,2015-03-27,#259838
Zoltan Almasi,HUN,2698,2015-04-27,#259838
Zoltan Almasi,HUN,2700,2015-05-27,#259838
Zoltan Almasi,HUN,2700,2015-06-27,#259838
Zoltan Almasi,HUN,2700,2015-07-27,#259838
Zoltan Almasi,HUN,2700,2015-08-27,#259838
Zoltan Almasi,HUN,2700,2015-09-27,#259838
Zoltan Almasi,HUN,2689,2015-10-27,#259838
Zoltan Almasi,HUN,2689,2015-11-27,#259838
Zoltan Almasi,HUN,2690,2015-12-27,#259838
Zoltan Almasi,HUN,2684,2016-01-27,#259838
Zoltan Almasi,HUN,2684,2016-02-27,#259838
Zoltan Almasi,HUN,2680,2016-03-27,#259838
Zoltan Almasi,HUN,2682,2016-04-27,#259838
Zoltan Almasi,HUN,2682,2016-05-27,#259838
Zoltan Almasi,HUN,2688,2016-06-27,#259838
Zoltan Almasi,HUN,2684,2016-07-27,#259838
Zoltan Almasi,HUN,2684,2016-08-27,#259838
Zoltan Almasi,HUN,2684,2016-09-27,#259838
Zoltan Almasi,HUN,2702,2016-10-27,#259838
Zoltan Almasi,HUN,2702,2016-11-27,#259838
Zoltan Almasi,HUN,2703,2016-12-27,#259838
Zoltan Almasi,HUN,2698,2017-01-27,#259838
Zoltan Almasi,HUN,2697,2017-02-27,#259838
Zoltan Almasi,HUN,2696,2017-03-27,#259838
Zoltan Almasi,HUN,2696,2017-04-27,#259838
Zoltan Almasi,HUN,2703,2017-05-27,#259838
Zoltan Almasi,HUN,2707,2017-06-27,#259838
Zoltan Gyimesi,HUN,2602,2001-07-27,#259838
Zoltan Gyimesi,HUN,2605,2001-10-27,#259838
Zoltan Gyimesi,HUN,2606,2002-01-27,#259838
Zoltan Gyimesi,HUN,2605,2002-04-27,#259838
Zoltan Gyimesi,HUN,2618,2004-07-27,#259838
Zoltan Gyimesi,HUN,2613,2004-10-27,#259838
Zoltan Gyimesi,HUN,2628,2005-07-27,#259838
Zoltan Gyimesi,HUN,2624,2005-10-27,#259838
Zoltan Gyimesi,HUN,2652,2011-11-27,#259838
Zoltan Gyimesi,HUN,2652,2012-01-27,#259838
Zoltan Gyimesi,HUN,2652,2012-03-27,#259838
Zoltan Gyimesi,HUN,2674,2012-07-27,#259838
Zoltan Gyimesi,HUN,2674,2012-08-27,#259838
Zoltan Gyimesi,HUN,2674,2012-09-27,#259838
Zoltan Gyimesi,HUN,2674,2012-10-27,#259838
Zoltan Gyimesi,HUN,2674,2012-11-27,#259838
Zoltan Gyimesi,HUN,2674,2012-12-27,#259838
Zoltan Gyimesi,HUN,2674,2013-01-27,#259838
Zoltan Gyimesi,HUN,2674,2013-02-27,#259838
Zoltan Gyimesi,HUN,2674,2013-03-27,#259838
Zoltan Gyimesi,HUN,2674,2013-04-27,#259838
Zoltan Gyimesi,HUN,2674,2013-05-27,#259838
Zurab Azmaiparashvili,GEO,2673,2000-07-27,#FF0000
Zurab Azmaiparashvili,GEO,2678,2000-10-27,#FF0000
Zurab Azmaiparashvili,GEO,2670,2001-01-27,#FF0000
Zurab Azmaiparashvili,GEO,2670,2001-04-27,#FF0000
Zurab Azmaiparashvili,GEO,2674,2001-07-27,#FF0000
Zurab Azmaiparashvili,GEO,2674,2001-10-27,#FF0000
Zurab Azmaiparashvili,GEO,2676,2002-01-27,#FF0000
Zurab Azmaiparashvili,GEO,2676,2002-04-27,#FF0000
Zurab Azmaiparashvili,GEO,2676,2002-07-27,#FF0000
Zurab Azmaiparashvili,GEO,2666,2002-10-27,#FF0000
Zurab Azmaiparashvili,GEO,2678,2003-01-27,#FF0000
Zurab Azmaiparashvili,GEO,2678,2003-04-27,#FF0000
Zurab Azmaiparashvili,GEO,2702,2003-07-27,#FF0000
Zurab Azmaiparashvili,GEO,2693,2003-10-27,#FF0000
Zurab Azmaiparashvili,GEO,2679,2004-01-27,#FF0000
Zurab Azmaiparashvili,GEO,2679,2004-04-27,#FF0000
Zurab Azmaiparashvili,GEO,2679,2004-07-27,#FF0000
Zurab Azmaiparashvili,GEO,2672,2004-10-27,#FF0000
Zurab Azmaiparashvili,GEO,2662,2005-01-27,#FF0000
Zurab Azmaiparashvili,GEO,2671,2005-04-27,#FF0000
Zurab Azmaiparashvili,GEO,2672,2005-07-27,#FF0000
Zurab Azmaiparashvili,GEO,2658,2005-10-27,#FF0000
Zurab Azmaiparashvili,GEO,2658,2006-01-27,#FF0000
Zurab Azmaiparashvili,GEO,2669,2006-04-27,#FF0000
Zurab Azmaiparashvili,GEO,2669,2006-07-27,#FF0000
Zurab Azmaiparashvili,GEO,2638,2006-10-27,#FF0000
Zurab Azmaiparashvili,GEO,2632,2007-01-27,#FF0000
Zurab Azmaiparashvili,GEO,2632,2007-04-27,#FF0000
Zurab Sturua,GEO,2600,2001-04-27,#FF0000
Zviad Izoria,GEO,2646,2005-10-27,#FF0000
Zviad Izoria,GEO,2652,2006-01-27,#FF0000
Zviad Izoria,GEO,2647,2006-04-27,#FF0000
Zviad Izoria,GEO,2660,2006-07-27,#FF0000
Zviad Izoria,GEO,2657,2006-10-27,#FF0000
Zviad Izoria,GEO,2644,2007-01-27,#FF0000
Zviad Izoria,GEO,2641,2007-04-27,#FF0000
Zviad Izoria,GEO,2645,2007-07-27,#FF0000
Zviad Izoria,GEO,2643,2007-10-27,#FF0000
Zviad Izoria,GEO,2637,2008-01-27,#FF0000
