name,type,value,date,color
Kasparov Garry,RUS,2849,2000-07-27,#D52B1E
Kramnik Vladimir,RUS,2770,2000-07-27,#D52B1E
Anand Viswanathan,IND,2762,2000-07-27,#D52B1E
Morozevich Alexander,RUS,2756,2000-07-27,#D52B1E
Adams Michael,ENG,2755,2000-07-27,#D52B1E
Shirov Alexei,ESP,2746,2000-07-27,#D52B1E
Leko Peter,HUN,2743,2000-07-27,#D52B1E
Ivanchuk Vassily,UKR,2719,2000-07-27,#D52B1E
Topalov Veselin,BUL,2707,2000-07-27,#D52B1E
Krasenkow Michal,POL,2702,2000-07-27,#D52B1E
Bareev Evgeny,RUS,2702,2000-07-27,#D52B1E
Karpov Anatoly,RUS,2699,2000-07-27,#D52B1E
Kasimdzhanov Rustam,UZB,2690,2000-07-27,#D52B1E
Svidler Peter,RUS,2689,2000-07-27,#D52B1E
Gelfand Boris,ISR,2681,2000-07-27,#D52B1E
Short Nigel D.,ENG,2677,2000-07-27,#D52B1E
Smirin Ilia,ISR,2677,2000-07-27,#D52B1E
Dreev Alexey,RUS,2676,2000-07-27,#D52B1E
Azmaiparashvili Zurab,GEO,2673,2000-07-27,#D52B1E
Ye Jiangchuan,CHN,2670,2000-07-27,#D52B1E
Rublevsky Sergei,RUS,2670,2000-07-27,#D52B1E
Xu Jun,CHN,2668,2000-07-27,#D52B1E
Almasi Zoltan,HUN,2668,2000-07-27,#D52B1E
Gurevich Mikhail,BEL,2667,2000-07-27,#D52B1E
Khalifman Alexander,RUS,2667,2000-07-27,#D52B1E
Movsesian Sergei,CZE,2666,2000-07-27,#D52B1E
Georgiev Kiril,BUL,2661,2000-07-27,#D52B1E
Akopian Vladimir,ARM,2660,2000-07-27,#D52B1E
Peng Xiaomin,CHN,2657,2000-07-27,#D52B1E
Nikolic Predrag,BIH,2657,2000-07-27,#D52B1E
Tkachiev Vladislav,FRA,2657,2000-07-27,#D52B1E
Polgar Judit GM,HUN,2656,2000-07-27,#D52B1E
Beliavsky Alexander G,SLO,2654,2000-07-27,#D52B1E
Piket Jeroen,NED,2649,2000-07-27,#D52B1E
Lautier Joel,FRA,2648,2000-07-27,#D52B1E
Seirawan Yasser,USA,2647,2000-07-27,#D52B1E
Fedorov Alexei,BLR,2646,2000-07-27,#D52B1E
Salov Valery,RUS,2644,2000-07-27,#D52B1E
Van Wely Loek,NED,2643,2000-07-27,#D52B1E
Gulko Boris F,USA,2643,2000-07-27,#D52B1E
Nenashev Alexander,UZB,2642,2000-07-27,#D52B1E
Bologan Viktor,MDA,2641,2000-07-27,#D52B1E
Andersson Ulf,SWE,2641,2000-07-27,#D52B1E
Hodgson Julian M.,ENG,2640,2000-07-27,#D52B1E
Shipov Sergei,RUS,2640,2000-07-27,#D52B1E
Timman Jan H,NED,2639,2000-07-27,#D52B1E
Zhang Zhong,CHN,2636,2000-07-27,#D52B1E
Zvjaginsev Vadim,RUS,2634,2000-07-27,#D52B1E
Khenkin Igor,GER,2633,2000-07-27,#D52B1E
Milos Gilberto,BRA,2633,2000-07-27,#D52B1E
Ponomariov Ruslan,UKR,2630,2000-07-27,#D52B1E
Sadler Matthew,ENG,2628,2000-07-27,#D52B1E
Sakaev Konstantin,RUS,2627,2000-07-27,#D52B1E
Ehlvest Jaan,EST,2627,2000-07-27,#D52B1E
Onischuk Alexander,UKR,2627,2000-07-27,#D52B1E
Kharlov Andrei,RUS,2627,2000-07-27,#D52B1E
Milov Vadim,SUI,2626,2000-07-27,#D52B1E
Avrukh Boris,ISR,2625,2000-07-27,#D52B1E
Kaidanov Gregory S,USA,2624,2000-07-27,#D52B1E
Vaganian Rafael A,ARM,2623,2000-07-27,#D52B1E
Speelman Jonathan S.,ENG,2623,2000-07-27,#D52B1E
Tregubov Pavel V.,RUS,2620,2000-07-27,#D52B1E
Korchnoi Viktor,SUI,2620,2000-07-27,#D52B1E
Korneev Oleg,RUS,2619,2000-07-27,#D52B1E
Huebner Robert Dr.,GER,2615,2000-07-27,#D52B1E
Hansen Curt,DEN,2613,2000-07-27,#D52B1E
Bacrot Etienne,FRA,2613,2000-07-27,#D52B1E
Hracek Zbynek,CZE,2612,2000-07-27,#D52B1E
Kozul Zdenko,CRO,2611,2000-07-27,#D52B1E
Novikov Igor A,UKR,2611,2000-07-27,#D52B1E
Sokolov Ivan,BIH,2611,2000-07-27,#D52B1E
Psakhis Lev,ISR,2611,2000-07-27,#D52B1E
Jussupow Artur,GER,2610,2000-07-27,#D52B1E
Landa Konstantin,RUS,2610,2000-07-27,#D52B1E
Sutovsky Emil,ISR,2609,2000-07-27,#D52B1E
Tiviakov Sergei,NED,2608,2000-07-27,#D52B1E
Ftacnik Lubomir,SVK,2608,2000-07-27,#D52B1E
Dolmatov Sergey,RUS,2608,2000-07-27,#D52B1E
Morovic Fernandez Ivan,CRO,2608,2000-07-27,#D52B1E
Magomedov Magaram,RUS,2608,2000-07-27,#D52B1E
Grischuk Alexander,RUS,2606,2000-07-27,#D52B1E
Dautov Rustem,GER,2606,2000-07-27,#D52B1E
Malakhov Vladimir,RUS,2605,2000-07-27,#D52B1E
Smagin Sergey,RUS,2605,2000-07-27,#D52B1E
Granda Zuniga Julio E,PER,2605,2000-07-27,#D52B1E
Wang Zili,CHN,2603,2000-07-27,#D52B1E
Shabalov Alexander,USA,2601,2000-07-27,#D52B1E
Wu Wenjin,CHN,2601,2000-07-27,#D52B1E
Dorfman Josif D,FRA,2600,2000-07-27,#D52B1E
Baklan Vladimir,UKR,2599,2000-07-27,#D52B1E
Giorgadze Giorgi,GEO,2599,2000-07-27,#D52B1E
Vladimirov Evgeny,KAZ,2598,2000-07-27,#D52B1E
Lputian Smbat G,ARM,2598,2000-07-27,#D52B1E
Najer Evgeniy,RUS,2597,2000-07-27,#D52B1E
Yermolinsky Alex,USA,2596,2000-07-27,#D52B1E
Kuzmin Alexey,RUS,2596,2000-07-27,#D52B1E
Lutz Christopher,GER,2595,2000-07-27,#D52B1E
Minasian Artashes,ARM,2595,2000-07-27,#D52B1E
Iordachescu Viorel,MDA,2594,2000-07-27,#D52B1E
Fominyh Alexander,RUS,2594,2000-07-27,#D52B1E
Kasparov Garry,RUS,2849,2000-10-27,#D52B1E
Anand Viswanathan,IND,2774,2000-10-27,#D52B1E
Kramnik Vladimir,RUS,2772,2000-10-27,#D52B1E
Adams Michael,ENG,2754,2000-10-27,#D52B1E
Leko Peter,HUN,2748,2000-10-27,#D52B1E
Shirov Alexei,ESP,2746,2000-10-27,#D52B1E
Morozevich Alexander,RUS,2734,2000-10-27,#D52B1E
Ivanchuk Vassily,UKR,2716,2000-10-27,#D52B1E
Topalov Veselin,BUL,2707,2000-10-27,#D52B1E
Krasenkow Michal,POL,2702,2000-10-27,#D52B1E
Karpov Anatoly,RUS,2699,2000-10-27,#D52B1E
Svidler Peter,RUS,2695,2000-10-27,#D52B1E
Bareev Evgeny,RUS,2694,2000-10-27,#D52B1E
Kasimdzhanov Rustam,UZB,2690,2000-10-27,#D52B1E
Short Nigel D.,ENG,2687,2000-10-27,#D52B1E
Gelfand Boris,ISR,2683,2000-10-27,#D52B1E
Ye Jiangchuan,CHN,2682,2000-10-27,#D52B1E
Dreev Alexey,RUS,2681,2000-10-27,#D52B1E
Azmaiparashvili Zurab,GEO,2678,2000-10-27,#D52B1E
Georgiev Kiril,BUL,2674,2000-10-27,#D52B1E
Smirin Ilia,ISR,2674,2000-10-27,#D52B1E
Gurevich Mikhail,BEL,2673,2000-10-27,#D52B1E
Akopian Vladimir,ARM,2671,2000-10-27,#D52B1E
Almasi Zoltan,HUN,2668,2000-10-27,#D52B1E
Movsesian Sergei,CZE,2666,2000-10-27,#D52B1E
Xu Jun,CHN,2665,2000-10-27,#D52B1E
Tkachiev Vladislav,FRA,2659,2000-10-27,#D52B1E
Khalifman Alexander,RUS,2658,2000-10-27,#D52B1E
Nikolic Predrag,BIH,2657,2000-10-27,#D52B1E
Polgar Judit GM,HUN,2656,2000-10-27,#D52B1E
Peng Xiaomin,CHN,2655,2000-10-27,#D52B1E
Rublevsky Sergei,RUS,2653,2000-10-27,#D52B1E
Bologan Viktor,MDA,2651,2000-10-27,#D52B1E
Lautier Joel,FRA,2648,2000-10-27,#D52B1E
Onischuk Alexander,UKR,2647,2000-10-27,#D52B1E
Seirawan Yasser,USA,2647,2000-10-27,#D52B1E
Nenashev Alexander,UZB,2645,2000-10-27,#D52B1E
Milos Gilberto,BRA,2644,2000-10-27,#D52B1E
Van Wely Loek,NED,2643,2000-10-27,#D52B1E
Gulko Boris F,USA,2642,2000-10-27,#D52B1E
Andersson Ulf,SWE,2641,2000-10-27,#D52B1E
Piket Jeroen,NED,2640,2000-10-27,#D52B1E
Shipov Sergei,RUS,2640,2000-10-27,#D52B1E
Fedorov Alexei,BLR,2639,2000-10-27,#D52B1E
Timman Jan H,NED,2639,2000-10-27,#D52B1E
Zvjaginsev Vadim,RUS,2635,2000-10-27,#D52B1E
Lastin Alexander,RUS,2633,2000-10-27,#D52B1E
Hodgson Julian M.,ENG,2633,2000-10-27,#D52B1E
Khenkin Igor,GER,2633,2000-10-27,#D52B1E
Korchnoi Viktor,SUI,2632,2000-10-27,#D52B1E
Beliavsky Alexander G,SLO,2629,2000-10-27,#D52B1E
Ehlvest Jaan,EST,2628,2000-10-27,#D52B1E
Sadler Matthew,ENG,2628,2000-10-27,#D52B1E
Kharlov Andrei,RUS,2627,2000-10-27,#D52B1E
Vaganian Rafael A,ARM,2627,2000-10-27,#D52B1E
Milov Vadim,SUI,2626,2000-10-27,#D52B1E
Avrukh Boris,ISR,2625,2000-10-27,#D52B1E
Psakhis Lev,ISR,2624,2000-10-27,#D52B1E
Ponomariov Ruslan,UKR,2624,2000-10-27,#D52B1E
Vladimirov Evgeny,KAZ,2621,2000-10-27,#D52B1E
Sakaev Konstantin,RUS,2620,2000-10-27,#D52B1E
Hansen Curt,DEN,2620,2000-10-27,#D52B1E
Kaidanov Gregory S,USA,2619,2000-10-27,#D52B1E
Korneev Oleg,RUS,2619,2000-10-27,#D52B1E
Kozul Zdenko,CRO,2616,2000-10-27,#D52B1E
Minasian Artashes,ARM,2614,2000-10-27,#D52B1E
Smagin Sergey,RUS,2613,2000-10-27,#D52B1E
Bacrot Etienne,FRA,2613,2000-10-27,#D52B1E
Speelman Jonathan S.,ENG,2612,2000-10-27,#D52B1E
Baklan Vladimir,UKR,2611,2000-10-27,#D52B1E
Sokolov Ivan,BIH,2611,2000-10-27,#D52B1E
Tregubov Pavel V.,RUS,2610,2000-10-27,#D52B1E
Lputian Smbat G,ARM,2610,2000-10-27,#D52B1E
Jussupow Artur,GER,2610,2000-10-27,#D52B1E
Landa Konstantin,RUS,2610,2000-10-27,#D52B1E
Sutovsky Emil,ISR,2609,2000-10-27,#D52B1E
Ftacnik Lubomir,SVK,2608,2000-10-27,#D52B1E
Magomedov Magaram,RUS,2608,2000-10-27,#D52B1E
Morovic Fernandez Ivan,CRO,2608,2000-10-27,#D52B1E
Zhang Zhong,CHN,2607,2000-10-27,#D52B1E
Tiviakov Sergei,NED,2606,2000-10-27,#D52B1E
Huebner Robert Dr.,GER,2606,2000-10-27,#D52B1E
Malakhov Vladimir,RUS,2605,2000-10-27,#D52B1E
Hracek Zbynek,CZE,2604,2000-10-27,#D52B1E
Dautov Rustem,GER,2603,2000-10-27,#D52B1E
Wu Wenjin,CHN,2602,2000-10-27,#D52B1E
Romanishin Oleg M,UKR,2602,2000-10-27,#D52B1E
Grischuk Alexander,RUS,2601,2000-10-27,#D52B1E
Filippov Valerij,RUS,2601,2000-10-27,#D52B1E
Novikov Igor A,UKR,2600,2000-10-27,#D52B1E
Dolmatov Sergey,RUS,2600,2000-10-27,#D52B1E
Dorfman Josif D,FRA,2600,2000-10-27,#D52B1E
Shabalov Alexander,USA,2599,2000-10-27,#D52B1E
Giorgadze Giorgi,GEO,2599,2000-10-27,#D52B1E
Kuzmin Alexey,RUS,2598,2000-10-27,#D52B1E
Aleksandrov Aleksej,BLR,2597,2000-10-27,#D52B1E
Lutz Christopher,GER,2595,2000-10-27,#D52B1E
Sasikiran Krishnan,IND,2594,2000-10-27,#D52B1E
Iordachescu Viorel,MDA,2594,2000-10-27,#D52B1E
Rozentalis Eduardas,LTU,2593,2000-10-27,#D52B1E
Kasparov Garry,RUS,2849,2001-01-27,#D52B1E
Anand Viswanathan,IND,2790,2001-01-27,#D52B1E
Kramnik Vladimir,RUS,2772,2001-01-27,#D52B1E
Adams Michael,ENG,2746,2001-01-27,#D52B1E
Leko Peter,HUN,2745,2001-01-27,#D52B1E
Morozevich Alexander,RUS,2745,2001-01-27,#D52B1E
Shirov Alexei,ESP,2718,2001-01-27,#D52B1E
Topalov Veselin,BUL,2718,2001-01-27,#D52B1E
Ivanchuk Vassily,UKR,2717,2001-01-27,#D52B1E
Gelfand Boris,ISR,2712,2001-01-27,#D52B1E
Bareev Evgeny,RUS,2709,2001-01-27,#D52B1E
Van Wely Loek,NED,2700,2001-01-27,#D52B1E
Svidler Peter,RUS,2695,2001-01-27,#D52B1E
Gurevich Mikhail,BEL,2694,2001-01-27,#D52B1E
Kasimdzhanov Rustam,UZB,2693,2001-01-27,#D52B1E
Khalifman Alexander,RUS,2690,2001-01-27,#D52B1E
Smirin Ilia,ISR,2686,2001-01-27,#D52B1E
Dreev Alexey,RUS,2685,2001-01-27,#D52B1E
Bologan Viktor,MDA,2684,2001-01-27,#D52B1E
Karpov Anatoly,RUS,2679,2001-01-27,#D52B1E
Ponomariov Ruslan,UKR,2677,2001-01-27,#D52B1E
Georgiev Kiril,BUL,2676,2001-01-27,#D52B1E
Polgar Judit,HUN,2676,2001-01-27,#D52B1E
Short Nigel D.,ENG,2676,2001-01-27,#D52B1E
Tkachiev Vladislav,FRA,2672,2001-01-27,#D52B1E
Ye Jiangchuan,CHN,2671,2001-01-27,#D52B1E
Azmaiparashvili Zurab,GEO,2670,2001-01-27,#D52B1E
Grischuk Alexander,RUS,2663,2001-01-27,#D52B1E
Movsesian Sergei,CZE,2661,2001-01-27,#D52B1E
Sokolov Ivan,BIH,2659,2001-01-27,#D52B1E
Krasenkow Michal,POL,2658,2001-01-27,#D52B1E
Lautier Joel,FRA,2658,2001-01-27,#D52B1E
Onischuk Alexander,UKR,2658,2001-01-27,#D52B1E
Rublevsky Sergei,RUS,2657,2001-01-27,#D52B1E
Akopian Vladimir,ARM,2656,2001-01-27,#D52B1E
Xu Jun,CHN,2655,2001-01-27,#D52B1E
Nikolic Predrag,BIH,2652,2001-01-27,#D52B1E
Nenashev Alexander,UZB,2649,2001-01-27,#D52B1E
Peng Xiaomin,CHN,2648,2001-01-27,#D52B1E
Jussupow Artur,GER,2645,2001-01-27,#D52B1E
Vaganian Rafael A,ARM,2641,2001-01-27,#D52B1E
Almasi Zoltan,HUN,2640,2001-01-27,#D52B1E
Andersson Ulf,SWE,2640,2001-01-27,#D52B1E
Seirawan Yasser,USA,2640,2001-01-27,#D52B1E
Shipov Sergei,RUS,2640,2001-01-27,#D52B1E
Korchnoi Viktor,SUI,2639,2001-01-27,#D52B1E
Sakaev Konstantin,RUS,2639,2001-01-27,#D52B1E
Kharlov Andrei,RUS,2639,2001-01-27,#D52B1E
Beliavsky Alexander G,SLO,2638,2001-01-27,#D52B1E
Ehlvest Jaan,EST,2638,2001-01-27,#D52B1E
Crisan Alexandru,ROM,2635,2001-01-27,#D52B1E
Sadler Matthew,ENG,2633,2001-01-27,#D52B1E
Piket Jeroen,NED,2632,2001-01-27,#D52B1E
Lastin Alexander,RUS,2631,2001-01-27,#D52B1E
Dautov Rustem,GER,2631,2001-01-27,#D52B1E
Zvjaginsev Vadim,RUS,2631,2001-01-27,#D52B1E
Avrukh Boris,ISR,2630,2001-01-27,#D52B1E
Rozentalis Eduardas,LTU,2630,2001-01-27,#D52B1E
Timman Jan H,NED,2629,2001-01-27,#D52B1E
Tregubov Pavel V.,RUS,2628,2001-01-27,#D52B1E
Gulko Boris F,USA,2622,2001-01-27,#D52B1E
Rustemov Alexander,RUS,2620,2001-01-27,#D52B1E
Filippov Valerij,RUS,2619,2001-01-27,#D52B1E
Hansen Curt,DEN,2619,2001-01-27,#D52B1E
Bauer Christian,FRA,2618,2001-01-27,#D52B1E
Ftacnik Lubomir,SVK,2618,2001-01-27,#D52B1E
Bacrot Etienne,FRA,2618,2001-01-27,#D52B1E
Najer Evgeniy,RUS,2616,2001-01-27,#D52B1E
Huebner Robert Dr.,GER,2616,2001-01-27,#D52B1E
Malakhov Vladimir,RUS,2613,2001-01-27,#D52B1E
Baklan Vladimir,UKR,2613,2001-01-27,#D52B1E
Smagin Sergey,RUS,2613,2001-01-27,#D52B1E
Khenkin Igor,GER,2612,2001-01-27,#D52B1E
Vladimirov Evgeny,KAZ,2612,2001-01-27,#D52B1E
Aleksandrov Aleksej,BLR,2610,2001-01-27,#D52B1E
Landa Konstantin,RUS,2610,2001-01-27,#D52B1E
Lutz Christopher,GER,2609,2001-01-27,#D52B1E
Shabalov Alexander,USA,2609,2001-01-27,#D52B1E
Milos Gilberto,BRA,2608,2001-01-27,#D52B1E
Magomedov Magaram,RUS,2608,2001-01-27,#D52B1E
Lputian Smbat G,ARM,2607,2001-01-27,#D52B1E
Kaidanov Gregory S,USA,2607,2001-01-27,#D52B1E
Zhang Zhong,CHN,2607,2001-01-27,#D52B1E
Sutovsky Emil,ISR,2605,2001-01-27,#D52B1E
Milov Vadim,SUI,2604,2001-01-27,#D52B1E
Marin Mihail,ROM,2604,2001-01-27,#D52B1E
Speelman Jonathan S.,ENG,2604,2001-01-27,#D52B1E
Dorfman Josif D,FRA,2602,2001-01-27,#D52B1E
Hracek Zbynek,CZE,2602,2001-01-27,#D52B1E
Sasikiran Krishnan,IND,2601,2001-01-27,#D52B1E
Najdoski Toni,MKD,2601,2001-01-27,#D52B1E
Korneev Oleg,RUS,2600,2001-01-27,#D52B1E
Psakhis Lev,ISR,2598,2001-01-27,#D52B1E
Baburin Alexander,IRL,2598,2001-01-27,#D52B1E
Tiviakov Sergei,NED,2597,2001-01-27,#D52B1E
Shariyazdanov Andrey,RUS,2596,2001-01-27,#D52B1E
Hodgson Julian M.,ENG,2596,2001-01-27,#D52B1E
Novikov Igor A,UKR,2596,2001-01-27,#D52B1E
Nisipeanu Liviu-Dieter,ROM,2596,2001-01-27,#D52B1E
Tukmakov Vladimir B,UKR,2595,2001-01-27,#D52B1E
Kasparov Garry,RUS,2827,2001-04-27,#D52B1E
Kramnik Vladimir,RUS,2802,2001-04-27,#D52B1E
Anand Viswanathan,IND,2794,2001-04-27,#D52B1E
Adams Michael,ENG,2750,2001-04-27,#D52B1E
Morozevich Alexander,RUS,2749,2001-04-27,#D52B1E
Leko Peter,HUN,2731,2001-04-27,#D52B1E
Ivanchuk Vassily,UKR,2731,2001-04-27,#D52B1E
Shirov Alexei,ESP,2723,2001-04-27,#D52B1E
Gelfand Boris,ISR,2712,2001-04-27,#D52B1E
Bareev Evgeny,RUS,2709,2001-04-27,#D52B1E
Topalov Veselin,BUL,2707,2001-04-27,#D52B1E
Svidler Peter,RUS,2695,2001-04-27,#D52B1E
Karpov Anatoly,RUS,2693,2001-04-27,#D52B1E
Kasimdzhanov Rustam,UZB,2693,2001-04-27,#D52B1E
Smirin Ilia,ISR,2691,2001-04-27,#D52B1E
Khalifman Alexander,RUS,2690,2001-04-27,#D52B1E
Gurevich Mikhail,BEL,2688,2001-04-27,#D52B1E
Dreev Alexey,RUS,2685,2001-04-27,#D52B1E
Polgar Judit GM,HUN,2679,2001-04-27,#D52B1E
Bologan Viktor,MDA,2676,2001-04-27,#D52B1E
Georgiev Kiril,BUL,2676,2001-04-27,#D52B1E
Short Nigel D.,ENG,2676,2001-04-27,#D52B1E
Ponomariov Ruslan,UKR,2673,2001-04-27,#D52B1E
Tkachiev Vladislav,FRA,2672,2001-04-27,#D52B1E
Ye Jiangchuan,CHN,2671,2001-04-27,#D52B1E
Van Wely Loek,NED,2670,2001-04-27,#D52B1E
Azmaiparashvili Zurab,GEO,2670,2001-04-27,#D52B1E
Grischuk Alexander,RUS,2668,2001-04-27,#D52B1E
Movsesian Sergei,CZE,2661,2001-04-27,#D52B1E
Sokolov Ivan,BIH,2659,2001-04-27,#D52B1E
Lautier Joel,FRA,2658,2001-04-27,#D52B1E
Onischuk Alexander,UKR,2658,2001-04-27,#D52B1E
Rublevsky Sergei,RUS,2657,2001-04-27,#D52B1E
Krasenkow Michal,POL,2655,2001-04-27,#D52B1E
Xu Jun,CHN,2655,2001-04-27,#D52B1E
Akopian Vladimir,ARM,2654,2001-04-27,#D52B1E
Nikolic Predrag,BIH,2652,2001-04-27,#D52B1E
Graf Alexander,GER,2649,2001-04-27,#D52B1E
Peng Xiaomin,CHN,2648,2001-04-27,#D52B1E
Jussupow Artur,GER,2645,2001-04-27,#D52B1E
Korchnoi Viktor,SUI,2643,2001-04-27,#D52B1E
Vaganian Rafael A,ARM,2641,2001-04-27,#D52B1E
Almasi Zoltan,HUN,2640,2001-04-27,#D52B1E
Andersson Ulf,SWE,2640,2001-04-27,#D52B1E
Seirawan Yasser,USA,2640,2001-04-27,#D52B1E
Shipov Sergei,RUS,2640,2001-04-27,#D52B1E
Kharlov Andrei,RUS,2639,2001-04-27,#D52B1E
Beliavsky Alexander G,SLO,2638,2001-04-27,#D52B1E
Sakaev Konstantin,RUS,2637,2001-04-27,#D52B1E
Crisan Alexandru,ROM,2635,2001-04-27,#D52B1E
Sadler Matthew,ENG,2633,2001-04-27,#D52B1E
Zhang Zhong,CHN,2632,2001-04-27,#D52B1E
Filippov Valerij,RUS,2632,2001-04-27,#D52B1E
Dautov Rustem,GER,2631,2001-04-27,#D52B1E
Ehlvest Jaan,EST,2630,2001-04-27,#D52B1E
Piket Jeroen,NED,2628,2001-04-27,#D52B1E
Tregubov Pavel V.,RUS,2628,2001-04-27,#D52B1E
Bacrot Etienne,FRA,2627,2001-04-27,#D52B1E
Zvjaginsev Vadim,RUS,2627,2001-04-27,#D52B1E
Lastin Alexander,RUS,2627,2001-04-27,#D52B1E
Rustemov Alexander,RUS,2625,2001-04-27,#D52B1E
Malakhov Vladimir,RUS,2623,2001-04-27,#D52B1E
Timman Jan H,NED,2620,2001-04-27,#D52B1E
Hansen Curt,DEN,2619,2001-04-27,#D52B1E
Ftacnik Lubomir,SVK,2618,2001-04-27,#D52B1E
Huebner Robert Dr.,GER,2616,2001-04-27,#D52B1E
Lutz Christopher,GER,2614,2001-04-27,#D52B1E
Baklan Vladimir,UKR,2613,2001-04-27,#D52B1E
Smagin Sergey,RUS,2613,2001-04-27,#D52B1E
Bauer Christian,FRA,2612,2001-04-27,#D52B1E
Vladimirov Evgeny,KAZ,2612,2001-04-27,#D52B1E
Sasikiran Krishnan,IND,2611,2001-04-27,#D52B1E
Aleksandrov Aleksej,BLR,2610,2001-04-27,#D52B1E
Landa Konstantin,RUS,2610,2001-04-27,#D52B1E
Khenkin Igor,GER,2609,2001-04-27,#D52B1E
Macieja Bartlomiej,POL,2608,2001-04-27,#D52B1E
Magomedov Magaram,RUS,2608,2001-04-27,#D52B1E
Milos Gilberto,BRA,2608,2001-04-27,#D52B1E
Lputian Smbat G,ARM,2607,2001-04-27,#D52B1E
Gulko Boris F,USA,2606,2001-04-27,#D52B1E
Palac Mladen,CRO,2605,2001-04-27,#D52B1E
Milov Vadim,SUI,2605,2001-04-27,#D52B1E
Tukmakov Vladimir B,UKR,2604,2001-04-27,#D52B1E
Sutovsky Emil,ISR,2604,2001-04-27,#D52B1E
Tiviakov Sergei,NED,2603,2001-04-27,#D52B1E
Hracek Zbynek,CZE,2603,2001-04-27,#D52B1E
Dorfman Josif D,FRA,2602,2001-04-27,#D52B1E
Motylev Alexander,RUS,2601,2001-04-27,#D52B1E
Marin Mihail,ROM,2601,2001-04-27,#D52B1E
Kaidanov Gregory S,USA,2601,2001-04-27,#D52B1E
Najer Evgeniy,RUS,2600,2001-04-27,#D52B1E
Avrukh Boris,ISR,2600,2001-04-27,#D52B1E
Najdoski Toni,MKD,2600,2001-04-27,#D52B1E
Sturua Zurab,GEO,2600,2001-04-27,#D52B1E
Goldin Alexander,ISR,2599,2001-04-27,#D52B1E
Rozentalis Eduardas,LTU,2597,2001-04-27,#D52B1E
Nisipeanu Liviu-Dieter,ROM,2596,2001-04-27,#D52B1E
Novikov Igor A,UKR,2596,2001-04-27,#D52B1E
Kozul Zdenko,CRO,2595,2001-04-27,#D52B1E
Shabalov Alexander,USA,2595,2001-04-27,#D52B1E
Kasparov Garry,RUS,2838,2001-07-27,#D52B1E
Kramnik Vladimir,RUS,2802,2001-07-27,#D52B1E
Anand Viswanathan,IND,2797,2001-07-27,#D52B1E
Adams Michael,ENG,2744,2001-07-27,#D52B1E
Morozevich Alexander,RUS,2739,2001-07-27,#D52B1E
Ivanchuk Vassily,UKR,2731,2001-07-27,#D52B1E
Leko Peter,HUN,2730,2001-07-27,#D52B1E
Bareev Evgeny,RUS,2719,2001-07-27,#D52B1E
Gelfand Boris,ISR,2714,2001-07-27,#D52B1E
Topalov Veselin,BUL,2711,2001-07-27,#D52B1E
Shirov Alexei,ESP,2706,2001-07-27,#D52B1E
Kasimdzhanov Rustam,UZB,2704,2001-07-27,#D52B1E
Khalifman Alexander,RUS,2699,2001-07-27,#D52B1E
Smirin Ilia,ISR,2702,2001-07-27,#D52B1E
Van Wely Loek,NED,2695,2001-07-27,#D52B1E
Georgiev Kiril,BUL,2695,2001-07-27,#D52B1E
Svidler Peter,RUS,2695,2001-07-27,#D52B1E
Karpov Anatoly,RUS,2692,2001-07-27,#D52B1E
Dreev Alexey,RUS,2690,2001-07-27,#D52B1E
Polgar Judit GM,HUN,2686,2001-07-27,#D52B1E
Ponomariov Ruslan,UKR,2684,2001-07-27,#D52B1E
Ye Jiangchuan,CHN,2677,2001-07-27,#D52B1E
Lautier Joel,FRA,2675,2001-07-27,#D52B1E
Azmaiparashvili Zurab,GEO,2674,2001-07-27,#D52B1E
Short Nigel D.,ENG,2670,2001-07-27,#D52B1E
Grischuk Alexander,RUS,2669,2001-07-27,#D52B1E
Zhang Zhong,CHN,2667,2001-07-27,#D52B1E
Onischuk Alexander,UKR,2667,2001-07-27,#D52B1E
Akopian Vladimir,ARM,2660,2001-07-27,#D52B1E
Beliavsky Alexander G,SLO,2659,2001-07-27,#D52B1E
Kharlov Andrei,RUS,2656,2001-07-27,#D52B1E
Bologan Viktor,MDA,2655,2001-07-27,#D52B1E
Bacrot Etienne,FRA,2653,2001-07-27,#D52B1E
Sutovsky Emil,ISR,2651,2001-07-27,#D52B1E
Vaganian Rafael A,ARM,2650,2001-07-27,#D52B1E
Aleksandrov Aleksej,BLR,2646,2001-07-27,#D52B1E
Xu Jun,CHN,2646,2001-07-27,#D52B1E
Seirawan Yasser,USA,2644,2001-07-27,#D52B1E
Lutz Christopher,GER,2643,2001-07-27,#D52B1E
Tkachiev Vladislav,FRA,2642,2001-07-27,#D52B1E
Rublevsky Sergei,RUS,2639,2001-07-27,#D52B1E
Zvjaginsev Vadim,RUS,2638,2001-07-27,#D52B1E
Malakhov Vladimir,RUS,2637,2001-07-27,#D52B1E
Gurevich Mikhail,BEL,2633,2001-07-27,#D52B1E
Jussupow Artur,GER,2633,2001-07-27,#D52B1E
Sadler Matthew,ENG,2631,2001-07-27,#D52B1E
Vallejo Pons Francisco,ESP,2630,2001-07-27,#D52B1E
Dautov Rustem,GER,2630,2001-07-27,#D52B1E
Piket Jeroen,NED,2630,2001-07-27,#D52B1E
Almasi Zoltan,HUN,2630,2001-07-27,#D52B1E
Sakaev Konstantin,RUS,2630,2001-07-27,#D52B1E
Delchev Aleksander,BUL,2629,2001-07-27,#D52B1E
Peng Xiaomin,CHN,2629,2001-07-27,#D52B1E
Lastin Alexander,RUS,2628,2001-07-27,#D52B1E
Motylev Alexander,RUS,2627,2001-07-27,#D52B1E
Movsesian Sergei,CZE,2627,2001-07-27,#D52B1E
Ehlvest Jaan,EST,2627,2001-07-27,#D52B1E
Hansen Curt,DEN,2626,2001-07-27,#D52B1E
Shipov Sergei,RUS,2625,2001-07-27,#D52B1E
Landa Konstantin,RUS,2619,2001-07-27,#D52B1E
Tiviakov Sergei,NED,2618,2001-07-27,#D52B1E
Tregubov Pavel V.,RUS,2617,2001-07-27,#D52B1E
Filippov Valerij,RUS,2617,2001-07-27,#D52B1E
Korchnoi Viktor,SUI,2617,2001-07-27,#D52B1E
Milov Vadim,SUI,2614,2001-07-27,#D52B1E
Milos Gilberto,BRA,2614,2001-07-27,#D52B1E
Pigusov Evgeny,RUS,2613,2001-07-27,#D52B1E
Vladimirov Evgeny,KAZ,2612,2001-07-27,#D52B1E
Huebner Robert Dr.,GER,2612,2001-07-27,#D52B1E
Graf Alexander,GER,2610,2001-07-27,#D52B1E
Hracek Zbynek,CZE,2610,2001-07-27,#D52B1E
Nisipeanu Liviu-Dieter,ROM,2609,2001-07-27,#D52B1E
Lputian Smbat G,ARM,2608,2001-07-27,#D52B1E
Magomedov Magaram,RUS,2608,2001-07-27,#D52B1E
Chuchelov Vladimir,BEL,2607,2001-07-27,#D52B1E
Van Den Doel Erik,NED,2607,2001-07-27,#D52B1E
Rustemov Alexander,RUS,2607,2001-07-27,#D52B1E
Fressinet Laurent,FRA,2606,2001-07-27,#D52B1E
Kaidanov Gregory S,USA,2605,2001-07-27,#D52B1E
Sokolov Andrei,FRA,2604,2001-07-27,#D52B1E
Tukmakov Vladimir B,UKR,2604,2001-07-27,#D52B1E
Luther Thomas,GER,2604,2001-07-27,#D52B1E
Asrian Karen,ARM,2604,2001-07-27,#D52B1E
Speelman Jonathan S.,ENG,2603,2001-07-27,#D52B1E
Degraeve Jean-Marc,FRA,2602,2001-07-27,#D52B1E
Gyimesi Zoltan,HUN,2602,2001-07-27,#D52B1E
Dorfman Josif D,FRA,2602,2001-07-27,#D52B1E
Gulko Boris F,USA,2602,2001-07-27,#D52B1E
Andersson Ulf,SWE,2601,2001-07-27,#D52B1E
Chernin Alexander,HUN,2601,2001-07-27,#D52B1E
Kotsur Pavel,KAZ,2600,2001-07-27,#D52B1E
Hickl Joerg,GER,2600,2001-07-27,#D52B1E
Najdoski Toni,MKD,2600,2001-07-27,#D52B1E
Baklan Vladimir,UKR,2599,2001-07-27,#D52B1E
Najer Evgeniy,RUS,2599,2001-07-27,#D52B1E
Fedorov Alexei,BLR,2599,2001-07-27,#D52B1E
Istratescu Andrei,ROM,2598,2001-07-27,#D52B1E
Avrukh Boris,ISR,2598,2001-07-27,#D52B1E
Eingorn Vereslav S,UKR,2598,2001-07-27,#D52B1E
Adianto Utut,INA,2598,2001-07-27,#D52B1E
Kasparov Garry,RUS,2838,2001-10-27,#D52B1E
Kramnik Vladimir,RUS,2809,2001-10-27,#D52B1E
Anand Viswanathan,IND,2770,2001-10-27,#D52B1E
Morozevich Alexander,RUS,2742,2001-10-27,#D52B1E
Leko Peter,HUN,2739,2001-10-27,#D52B1E
Topalov Veselin,BUL,2733,2001-10-27,#D52B1E
Adams Michael,ENG,2731,2001-10-27,#D52B1E
Ivanchuk Vassily,UKR,2731,2001-10-27,#D52B1E
Bareev Evgeny,RUS,2719,2001-10-27,#D52B1E
Van Wely Loek,NED,2714,2001-10-27,#D52B1E
Kasimdzhanov Rustam,UZB,2706,2001-10-27,#D52B1E
Shirov Alexei,ESP,2706,2001-10-27,#D52B1E
Khalifman Alexander,RUS,2702,2001-10-27,#D52B1E
Gelfand Boris,ISR,2701,2001-10-27,#D52B1E
Smirin Ilia,ISR,2698,2001-10-27,#D52B1E
Karpov Anatoly,RUS,2692,2001-10-27,#D52B1E
Svidler Peter,RUS,2686,2001-10-27,#D52B1E
Georgiev Kiril,BUL,2686,2001-10-27,#D52B1E
Polgar Judit GM,HUN,2686,2001-10-27,#D52B1E
Ponomariov Ruslan,UKR,2684,2001-10-27,#D52B1E
Ye Jiangchuan,CHN,2681,2001-10-27,#D52B1E
Dreev Alexey,RUS,2676,2001-10-27,#D52B1E
Short Nigel D.,ENG,2675,2001-10-27,#D52B1E
Azmaiparashvili Zurab,GEO,2674,2001-10-27,#D52B1E
Bologan Viktor,MDA,2668,2001-10-27,#D52B1E
Beliavsky Alexander G,SLO,2668,2001-10-27,#D52B1E
Grischuk Alexander,RUS,2666,2001-10-27,#D52B1E
Sutovsky Emil,ISR,2664,2001-10-27,#D52B1E
Onischuk Alexander,UKR,2660,2001-10-27,#D52B1E
Akopian Vladimir,ARM,2660,2001-10-27,#D52B1E
Sokolov Ivan,BIH,2658,2001-10-27,#D52B1E
Zhang Zhong,CHN,2657,2001-10-27,#D52B1E
Kharlov Andrei,RUS,2656,2001-10-27,#D52B1E
Xu Jun,CHN,2654,2001-10-27,#D52B1E
Lautier Joel,FRA,2653,2001-10-27,#D52B1E
Bacrot Etienne,FRA,2653,2001-10-27,#D52B1E
Nikolic Predrag,BIH,2652,2001-10-27,#D52B1E
Vaganian Rafael A,ARM,2650,2001-10-27,#D52B1E
Piket Jeroen,NED,2649,2001-10-27,#D52B1E
Aleksandrov Aleksej,BLR,2645,2001-10-27,#D52B1E
Seirawan Yasser,USA,2644,2001-10-27,#D52B1E
Lutz Christopher,GER,2643,2001-10-27,#D52B1E
Motylev Alexander,RUS,2641,2001-10-27,#D52B1E
Zvjaginsev Vadim,RUS,2640,2001-10-27,#D52B1E
Korchnoi Viktor,SUI,2639,2001-10-27,#D52B1E
Sakaev Konstantin,RUS,2639,2001-10-27,#D52B1E
Malakhov Vladimir,RUS,2637,2001-10-27,#D52B1E
Delchev Aleksander,BUL,2634,2001-10-27,#D52B1E
Rublevsky Sergei,RUS,2634,2001-10-27,#D52B1E
Jussupow Artur,GER,2633,2001-10-27,#D52B1E
Tkachiev Vladislav,FRA,2632,2001-10-27,#D52B1E
Movsesian Sergei,CZE,2631,2001-10-27,#D52B1E
Sadler Matthew,ENG,2631,2001-10-27,#D52B1E
Almasi Zoltan,HUN,2630,2001-10-27,#D52B1E
Dautov Rustem,GER,2630,2001-10-27,#D52B1E
Vallejo Pons Francisco,ESP,2630,2001-10-27,#D52B1E
Lastin Alexander,RUS,2628,2001-10-27,#D52B1E
Ehlvest Jaan,EST,2626,2001-10-27,#D52B1E
Shipov Sergei,RUS,2625,2001-10-27,#D52B1E
Nielsen Peter Heine,DEN,2620,2001-10-27,#D52B1E
Landa Konstantin,RUS,2619,2001-10-27,#D52B1E
Lputian Smbat G,ARM,2618,2001-10-27,#D52B1E
Filippov Valerij,RUS,2617,2001-10-27,#D52B1E
Hansen Curt,DEN,2613,2001-10-27,#D52B1E
Pigusov Evgeny,RUS,2613,2001-10-27,#D52B1E
Goldin Alexander,USA,2612,2001-10-27,#D52B1E
Huebner Robert Dr.,GER,2612,2001-10-27,#D52B1E
Rustemov Alexander,RUS,2611,2001-10-27,#D52B1E
Tregubov Pavel V.,RUS,2611,2001-10-27,#D52B1E
Milos Gilberto,BRA,2610,2001-10-27,#D52B1E
Graf Alexander,GER,2610,2001-10-27,#D52B1E
Hracek Zbynek,CZE,2610,2001-10-27,#D52B1E
Nisipeanu Liviu-Dieter,ROM,2609,2001-10-27,#D52B1E
Gulko Boris F,USA,2608,2001-10-27,#D52B1E
Peng Xiaomin,CHN,2607,2001-10-27,#D52B1E
Chuchelov Vladimir,BEL,2607,2001-10-27,#D52B1E
Avrukh Boris,ISR,2606,2001-10-27,#D52B1E
Gurevich Mikhail,BEL,2605,2001-10-27,#D52B1E
Gyimesi Zoltan,HUN,2605,2001-10-27,#D52B1E
Kaidanov Gregory S,USA,2605,2001-10-27,#D52B1E
Asrian Karen,ARM,2604,2001-10-27,#D52B1E
Luther Thomas,GER,2604,2001-10-27,#D52B1E
Kobalija Mihail,RUS,2603,2001-10-27,#D52B1E
Istratescu Andrei,ROM,2603,2001-10-27,#D52B1E
Milov Vadim,SUI,2602,2001-10-27,#D52B1E
Sokolov Andrei,FRA,2602,2001-10-27,#D52B1E
Rozentalis Eduardas,LTU,2601,2001-10-27,#D52B1E
Conquest Stuart,ENG,2601,2001-10-27,#D52B1E
Eingorn Vereslav S,UKR,2601,2001-10-27,#D52B1E
Andersson Ulf,SWE,2601,2001-10-27,#D52B1E
Timman Jan H,NED,2600,2001-10-27,#D52B1E
Hickl Joerg,GER,2600,2001-10-27,#D52B1E
Najdoski Toni,MKD,2600,2001-10-27,#D52B1E
Tiviakov Sergei,NED,2599,2001-10-27,#D52B1E
Dorfman Josif D,FRA,2599,2001-10-27,#D52B1E
Najer Evgeniy,RUS,2599,2001-10-27,#D52B1E
Fedorov Alexei,BLR,2599,2001-10-27,#D52B1E
Speelman Jonathan S.,ENG,2596,2001-10-27,#D52B1E
Dominguez Lenier,CUB,2596,2001-10-27,#D52B1E
Nunn John D.M.,ENG,2595,2001-10-27,#D52B1E
Kasparov Garry,RUS,2838,2002-01-27,#D52B1E
Kramnik Vladimir,RUS,2809,2002-01-27,#D52B1E
Anand Viswanathan,IND,2757,2002-01-27,#D52B1E
Adams Michael,ENG,2742,2002-01-27,#D52B1E
Morozevich Alexander,RUS,2742,2002-01-27,#D52B1E
Topalov Veselin,BUL,2739,2002-01-27,#D52B1E
Ponomariov Ruslan,UKR,2727,2002-01-27,#D52B1E
Ivanchuk Vassily,UKR,2717,2002-01-27,#D52B1E
Shirov Alexei,ESP,2715,2002-01-27,#D52B1E
Leko Peter,HUN,2713,2002-01-27,#D52B1E
Gelfand Boris,ISR,2708,2002-01-27,#D52B1E
Bareev Evgeny,RUS,2707,2002-01-27,#D52B1E
Smirin Ilia,ISR,2702,2002-01-27,#D52B1E
Van Wely Loek,NED,2697,2002-01-27,#D52B1E
Kasimdzhanov Rustam,UZB,2695,2002-01-27,#D52B1E
Karpov Anatoly,RUS,2693,2002-01-27,#D52B1E
Svidler Peter,RUS,2688,2002-01-27,#D52B1E
Khalifman Alexander,RUS,2688,2002-01-27,#D52B1E
Lautier Joel,FRA,2687,2002-01-27,#D52B1E
Dreev Alexey,RUS,2683,2002-01-27,#D52B1E
Akopian Vladimir,ARM,2680,2002-01-27,#D52B1E
Polgar Judit GM,HUN,2677,2002-01-27,#D52B1E
Azmaiparashvili Zurab,GEO,2676,2002-01-27,#D52B1E
Ye Jiangchuan,CHN,2676,2002-01-27,#D52B1E
Grischuk Alexander,RUS,2671,2002-01-27,#D52B1E
Short Nigel D.,ENG,2663,2002-01-27,#D52B1E
Vaganian Rafael A,ARM,2662,2002-01-27,#D52B1E
Sokolov Ivan,BIH,2659,2002-01-27,#D52B1E
Piket Jeroen,NED,2659,2002-01-27,#D52B1E
Sutovsky Emil,ISR,2656,2002-01-27,#D52B1E
Zhang Zhong,CHN,2656,2002-01-27,#D52B1E
Zvjaginsev Vadim,RUS,2656,2002-01-27,#D52B1E
Georgiev Kiril,BUL,2655,2002-01-27,#D52B1E
Onischuk Alexander,UKR,2655,2002-01-27,#D52B1E
Rublevsky Sergei,RUS,2655,2002-01-27,#D52B1E
Xu Jun,CHN,2654,2002-01-27,#D52B1E
Nikolic Predrag,BIH,2653,2002-01-27,#D52B1E
Bologan Viktor,MDA,2651,2002-01-27,#D52B1E
Beliavsky Alexander G,SLO,2649,2002-01-27,#D52B1E
Sakaev Konstantin,RUS,2649,2002-01-27,#D52B1E
Bacrot Etienne,FRA,2649,2002-01-27,#D52B1E
Malakhov Vladimir,RUS,2647,2002-01-27,#D52B1E
Aleksandrov Aleksej,BLR,2645,2002-01-27,#D52B1E
Lutz Christopher,GER,2644,2002-01-27,#D52B1E
Almasi Zoltan,HUN,2644,2002-01-27,#D52B1E
Seirawan Yasser,USA,2644,2002-01-27,#D52B1E
Nielsen Peter Heine,DEN,2642,2002-01-27,#D52B1E
Gurevich Mikhail,BEL,2641,2002-01-27,#D52B1E
Motylev Alexander,RUS,2639,2002-01-27,#D52B1E
Kharlov Andrei,RUS,2638,2002-01-27,#D52B1E
Dautov Rustem,GER,2636,2002-01-27,#D52B1E
Lputian Smbat G,ARM,2634,2002-01-27,#D52B1E
Tkachiev Vladislav,FRA,2634,2002-01-27,#D52B1E
Korchnoi Viktor,SUI,2633,2002-01-27,#D52B1E
Krasenkow Michal,POL,2632,2002-01-27,#D52B1E
Sadler Matthew,ENG,2631,2002-01-27,#D52B1E
Goldin Alexander,USA,2630,2002-01-27,#D52B1E
Lastin Alexander,RUS,2630,2002-01-27,#D52B1E
Shipov Sergei,RUS,2630,2002-01-27,#D52B1E
Vallejo Pons Francisco,ESP,2629,2002-01-27,#D52B1E
Huebner Robert Dr.,GER,2628,2002-01-27,#D52B1E
Tregubov Pavel V.,RUS,2626,2002-01-27,#D52B1E
Filippov Valerij,RUS,2625,2002-01-27,#D52B1E
Movsesian Sergei,CZE,2624,2002-01-27,#D52B1E
Pigusov Evgeny,RUS,2623,2002-01-27,#D52B1E
Kobalia Mikhail,RUS,2620,2002-01-27,#D52B1E
Landa Konstantin,RUS,2619,2002-01-27,#D52B1E
Jussupow Artur,GER,2618,2002-01-27,#D52B1E
Tiviakov Sergei,NED,2614,2002-01-27,#D52B1E
Sokolov Andrei,FRA,2614,2002-01-27,#D52B1E
Hansen Curt,DEN,2613,2002-01-27,#D52B1E
Macieja Bartlomiej,POL,2612,2002-01-27,#D52B1E
Peng Xiaomin,CHN,2611,2002-01-27,#D52B1E
Baklan Vladimir,UKR,2609,2002-01-27,#D52B1E
Nisipeanu Liviu-Dieter,ROM,2608,2002-01-27,#D52B1E
Rustemov Alexander,RUS,2607,2002-01-27,#D52B1E
Kozul Zdenko,CRO,2606,2002-01-27,#D52B1E
Gyimesi Zoltan,HUN,2606,2002-01-27,#D52B1E
Shabalov Alexander,USA,2606,2002-01-27,#D52B1E
Istratescu Andrei,ROM,2605,2002-01-27,#D52B1E
Graf Alexander,GER,2605,2002-01-27,#D52B1E
Timman Jan H,NED,2605,2002-01-27,#D52B1E
Stefansson Hannes,ISL,2604,2002-01-27,#D52B1E
Dorfman Josif D,FRA,2602,2002-01-27,#D52B1E
Papaioannou Ioannis,GRE,2601,2002-01-27,#D52B1E
Glek Igor V.,GER,2601,2002-01-27,#D52B1E
Gulko Boris F,USA,2601,2002-01-27,#D52B1E
Hickl Joerg,GER,2601,2002-01-27,#D52B1E
Chuchelov Vladimir,BEL,2600,2002-01-27,#D52B1E
Najdoski Toni,MKD,2600,2002-01-27,#D52B1E
Epishin Vladimir,RUS,2599,2002-01-27,#D52B1E
Najer Evgeniy,RUS,2599,2002-01-27,#D52B1E
Radjabov Teimour,AZE,2599,2002-01-27,#D52B1E
Asrian Karen,ARM,2599,2002-01-27,#D52B1E
Eingorn Vereslav S,UKR,2598,2002-01-27,#D52B1E
Rozentalis Eduardas,LTU,2598,2002-01-27,#D52B1E
Andersson Ulf,SWE,2598,2002-01-27,#D52B1E
Hodgson Julian M.,ENG,2598,2002-01-27,#D52B1E
Portisch Lajos,HUN,2596,2002-01-27,#D52B1E
Shulman Yuri,BLR,2596,2002-01-27,#D52B1E
Magomedov Magaram,RUS,2596,2002-01-27,#D52B1E
Kaidanov Gregory S,USA,2596,2002-01-27,#D52B1E
Speelman Jonathan S.,ENG,2596,2002-01-27,#D52B1E
Conquest Stuart,ENG,2596,2002-01-27,#D52B1E
Kasparov Garry,RUS,2838,2002-04-27,#D52B1E
Kramnik Vladimir,RUS,2809,2002-04-27,#D52B1E
Anand Viswanathan,IND,2752,2002-04-27,#D52B1E
Topalov Veselin,BUL,2745,2002-04-27,#D52B1E
Adams Michael,ENG,2744,2002-04-27,#D52B1E
Ponomariov Ruslan,UKR,2743,2002-04-27,#D52B1E
Bareev Evgeny,RUS,2724,2002-04-27,#D52B1E
Morozevich Alexander,RUS,2718,2002-04-27,#D52B1E
Ivanchuk Vassily,UKR,2711,2002-04-27,#D52B1E
Gelfand Boris,ISR,2710,2002-04-27,#D52B1E
Leko Peter,HUN,2707,2002-04-27,#D52B1E
Shirov Alexei,ESP,2704,2002-04-27,#D52B1E
Grischuk Alexander,RUS,2702,2002-04-27,#D52B1E
Khalifman Alexander,RUS,2698,2002-04-27,#D52B1E
Karpov Anatoly,RUS,2690,2002-04-27,#D52B1E
Svidler Peter,RUS,2688,2002-04-27,#D52B1E
Smirin Ilia,ISR,2685,2002-04-27,#D52B1E
Akopian Vladimir,ARM,2678,2002-04-27,#D52B1E
Dreev Alexey,RUS,2677,2002-04-27,#D52B1E
Polgar Judit GM,HUN,2677,2002-04-27,#D52B1E
Azmaiparashvili Zurab,GEO,2676,2002-04-27,#D52B1E
Ye Jiangchuan,CHN,2676,2002-04-27,#D52B1E
Lautier Joel,FRA,2675,2002-04-27,#D52B1E
Kasimdzhanov Rustam,UZB,2674,2002-04-27,#D52B1E
Short Nigel D.,ENG,2673,2002-04-27,#D52B1E
Vaganian Rafael A,ARM,2664,2002-04-27,#D52B1E
Malakhov Vladimir,RUS,2663,2002-04-27,#D52B1E
Beliavsky Alexander G,SLO,2661,2002-04-27,#D52B1E
Sutovsky Emil,ISR,2660,2002-04-27,#D52B1E
Piket Jeroen,NED,2659,2002-04-27,#D52B1E
Rublevsky Sergei,RUS,2657,2002-04-27,#D52B1E
Aleksandrov Aleksej,BLR,2654,2002-04-27,#D52B1E
Georgiev Kiril,BUL,2654,2002-04-27,#D52B1E
Xu Jun,CHN,2654,2002-04-27,#D52B1E
Bacrot Etienne,FRA,2653,2002-04-27,#D52B1E
Nikolic Predrag,BIH,2653,2002-04-27,#D52B1E
Bologan Viktor,MDA,2652,2002-04-27,#D52B1E
Almasi Zoltan,HUN,2650,2002-04-27,#D52B1E
Sakaev Konstantin,RUS,2649,2002-04-27,#D52B1E
Sokolov Ivan,BIH,2647,2002-04-27,#D52B1E
Zvjaginsev Vadim,RUS,2645,2002-04-27,#D52B1E
Lutz Christopher,GER,2644,2002-04-27,#D52B1E
Van Wely Loek,NED,2642,2002-04-27,#D52B1E
Onischuk Alexander,USA,2641,2002-04-27,#D52B1E
Gurevich Mikhail,BEL,2641,2002-04-27,#D52B1E
Krasenkow Michal,POL,2641,2002-04-27,#D52B1E
Zhang Zhong,CHN,2639,2002-04-27,#D52B1E
Vallejo Pons Francisco,ESP,2638,2002-04-27,#D52B1E
Nielsen Peter Heine,DEN,2636,2002-04-27,#D52B1E
Dautov Rustem,GER,2636,2002-04-27,#D52B1E
Korchnoi Viktor,SUI,2635,2002-04-27,#D52B1E
Hjartarson Johann,ISL,2634,2002-04-27,#D52B1E
Lputian Smbat G,ARM,2634,2002-04-27,#D52B1E
Sasikiran Krishnan,IND,2633,2002-04-27,#D52B1E
Kharlov Andrei,RUS,2633,2002-04-27,#D52B1E
Tkachiev Vladislav,FRA,2633,2002-04-27,#D52B1E
Seirawan Yasser,USA,2631,2002-04-27,#D52B1E
Sadler Matthew,ENG,2631,2002-04-27,#D52B1E
Huebner Robert Dr.,GER,2628,2002-04-27,#D52B1E
Tregubov Pavel V.,RUS,2627,2002-04-27,#D52B1E
Tiviakov Sergei,NED,2625,2002-04-27,#D52B1E
Movsesian Sergei,CZE,2624,2002-04-27,#D52B1E
Graf Alexander,GER,2623,2002-04-27,#D52B1E
Landa Konstantin,RUS,2623,2002-04-27,#D52B1E
Pigusov Evgeny,RUS,2623,2002-04-27,#D52B1E
Shabalov Alexander,USA,2622,2002-04-27,#D52B1E
Motylev Alexander,RUS,2622,2002-04-27,#D52B1E
Lastin Alexander,RUS,2619,2002-04-27,#D52B1E
Goldin Alexander,USA,2618,2002-04-27,#D52B1E
Baklan Vladimir,UKR,2618,2002-04-27,#D52B1E
Jussupow Artur,GER,2618,2002-04-27,#D52B1E
Kaidanov Gregory S,USA,2616,2002-04-27,#D52B1E
Timman Jan H,NED,2616,2002-04-27,#D52B1E
Shipov Sergei,RUS,2613,2002-04-27,#D52B1E
Dorfman Josif D,FRA,2613,2002-04-27,#D52B1E
Hansen Curt,DEN,2613,2002-04-27,#D52B1E
Filippov Valerij,RUS,2612,2002-04-27,#D52B1E
Vescovi Giovanni,BRA,2611,2002-04-27,#D52B1E
Peng Xiaomin,CHN,2611,2002-04-27,#D52B1E
Nisipeanu Liviu-Dieter,ROU,2610,2002-04-27,#D52B1E
Radjabov Teimour,AZE,2610,2002-04-27,#D52B1E
Volkov Sergey,RUS,2609,2002-04-27,#D52B1E
Epishin Vladimir,RUS,2606,2002-04-27,#D52B1E
Istratescu Andrei,ROU,2606,2002-04-27,#D52B1E
Fressinet Laurent,FRA,2606,2002-04-27,#D52B1E
Milov Vadim,SUI,2606,2002-04-27,#D52B1E
Glek Igor V.,GER,2605,2002-04-27,#D52B1E
Vladimirov Evgeny,KAZ,2605,2002-04-27,#D52B1E
Gyimesi Zoltan,HUN,2605,2002-04-27,#D52B1E
Sokolov Andrei,FRA,2604,2002-04-27,#D52B1E
Andersson Ulf,SWE,2604,2002-04-27,#D52B1E
Novikov Igor A,USA,2603,2002-04-27,#D52B1E
Hickl Joerg,GER,2602,2002-04-27,#D52B1E
Kobalia Mikhail,RUS,2602,2002-04-27,#D52B1E
Bu Xiangzhi,CHN,2601,2002-04-27,#D52B1E
Dominguez Lenier,CUB,2601,2002-04-27,#D52B1E
Sermek Drazen,SLO,2601,2002-04-27,#D52B1E
Korneev Oleg,RUS,2599,2002-04-27,#D52B1E
Stefansson Hannes,ISL,2598,2002-04-27,#D52B1E
Rustemov Alexander,RUS,2598,2002-04-27,#D52B1E
Benjamin Joel,USA,2598,2002-04-27,#D52B1E
Fedorov Alexei,BLR,2598,2002-04-27,#D52B1E
Najer Evgeniy,RUS,2598,2002-04-27,#D52B1E
Eingorn Vereslav S,UKR,2598,2002-04-27,#D52B1E
Hodgson Julian M.,ENG,2598,2002-04-27,#D52B1E
Kasparov Garry,RUS,2838,2002-07-27,#D52B1E
Kramnik Vladimir,RUS,2807,2002-07-27,#D52B1E
Anand Viswanathan,IND,2755,2002-07-27,#D52B1E
Adams Michael,ENG,2752,2002-07-27,#D52B1E
Topalov Veselin,BUL,2745,2002-07-27,#D52B1E
Ponomariov Ruslan,UKR,2743,2002-07-27,#D52B1E
Bareev Evgeny,RUS,2726,2002-07-27,#D52B1E
Leko Peter,HUN,2722,2002-07-27,#D52B1E
Morozevich Alexander,RUS,2716,2002-07-27,#D52B1E
Ivanchuk Vassily,UKR,2711,2002-07-27,#D52B1E
Gelfand Boris,ISR,2710,2002-07-27,#D52B1E
Grischuk Alexander,RUS,2702,2002-07-27,#D52B1E
Shirov Alexei,ESP,2697,2002-07-27,#D52B1E
Svidler Peter,RUS,2690,2002-07-27,#D52B1E
Khalifman Alexander,RUS,2690,2002-07-27,#D52B1E
Akopian Vladimir,ARM,2689,2002-07-27,#D52B1E
Karpov Anatoly,RUS,2687,2002-07-27,#D52B1E
Short Nigel D.,ENG,2682,2002-07-27,#D52B1E
Polgar Judit GM,HUN,2681,2002-07-27,#D52B1E
Sokolov Ivan,NED,2677,2002-07-27,#D52B1E
Smirin Ilia,ISR,2676,2002-07-27,#D52B1E
Dreev Alexey,RUS,2676,2002-07-27,#D52B1E
Azmaiparashvili Zurab,GEO,2676,2002-07-27,#D52B1E
Ye Jiangchuan,CHN,2676,2002-07-27,#D52B1E
Zvjaginsev Vadim,RUS,2673,2002-07-27,#D52B1E
Almasi Zoltan,HUN,2672,2002-07-27,#D52B1E
Malakhov Vladimir,RUS,2668,2002-07-27,#D52B1E
Vaganian Rafael A,ARM,2667,2002-07-27,#D52B1E
Lautier Joel,FRA,2663,2002-07-27,#D52B1E
Krasenkow Michal,POL,2662,2002-07-27,#D52B1E
Nikolic Predrag,BIH,2661,2002-07-27,#D52B1E
Georgiev Kiril,MKD,2658,2002-07-27,#D52B1E
Sutovsky Emil,ISR,2658,2002-07-27,#D52B1E
Rublevsky Sergei,RUS,2658,2002-07-27,#D52B1E
Lutz Christopher,GER,2655,2002-07-27,#D52B1E
Movsesian Sergei,SVK,2654,2002-07-27,#D52B1E
Xu Jun,CHN,2654,2002-07-27,#D52B1E
Bacrot Etienne,FRA,2653,2002-07-27,#D52B1E
Kasimdzhanov Rustam,UZB,2653,2002-07-27,#D52B1E
Beliavsky Alexander G,SLO,2652,2002-07-27,#D52B1E
Vallejo Pons Francisco,ESP,2652,2002-07-27,#D52B1E
Sasikiran Krishnan,IND,2650,2002-07-27,#D52B1E
Gurevich Mikhail,BEL,2649,2002-07-27,#D52B1E
Sakaev Konstantin,RUS,2647,2002-07-27,#D52B1E
Aleksandrov Aleksej,BLR,2646,2002-07-27,#D52B1E
Piket Jeroen,NED,2646,2002-07-27,#D52B1E
Van Wely Loek,NED,2645,2002-07-27,#D52B1E
Onischuk Alexander,USA,2644,2002-07-27,#D52B1E
Epishin Vladimir,RUS,2643,2002-07-27,#D52B1E
Kaidanov Gregory S,USA,2638,2002-07-27,#D52B1E
Zhang Zhong,CHN,2637,2002-07-27,#D52B1E
Volkov Sergey,RUS,2636,2002-07-27,#D52B1E
Motylev Alexander,RUS,2634,2002-07-27,#D52B1E
Huebner Robert Dr.,GER,2634,2002-07-27,#D52B1E
Hjartarson Johann,ISL,2634,2002-07-27,#D52B1E
Bologan Viktor,MDA,2631,2002-07-27,#D52B1E
Tiviakov Sergei,NED,2628,2002-07-27,#D52B1E
Lputian Smbat G,ARM,2627,2002-07-27,#D52B1E
Korchnoi Viktor,SUI,2626,2002-07-27,#D52B1E
Nielsen Peter Heine,DEN,2626,2002-07-27,#D52B1E
Kobalia Mikhail,RUS,2625,2002-07-27,#D52B1E
Hansen Curt,DEN,2625,2002-07-27,#D52B1E
Tkachiev Vladislav,FRA,2625,2002-07-27,#D52B1E
Lastin Alexander,RUS,2625,2002-07-27,#D52B1E
Graf Alexander,GER,2624,2002-07-27,#D52B1E
Shabalov Alexander,USA,2624,2002-07-27,#D52B1E
Sadler Matthew,ENG,2624,2002-07-27,#D52B1E
Timman Jan H,NED,2623,2002-07-27,#D52B1E
Pigusov Evgeny,RUS,2622,2002-07-27,#D52B1E
Istratescu Andrei,ROM,2622,2002-07-27,#D52B1E
Landa Konstantin,RUS,2621,2002-07-27,#D52B1E
Fressinet Laurent,FRA,2619,2002-07-27,#D52B1E
Jussupow Artur,GER,2618,2002-07-27,#D52B1E
Radjabov Teimour,AZE,2618,2002-07-27,#D52B1E
Seirawan Yasser,USA,2618,2002-07-27,#D52B1E
Dautov Rustem,GER,2617,2002-07-27,#D52B1E
Dorfman Josif D,FRA,2617,2002-07-27,#D52B1E
Filippov Valerij,RUS,2615,2002-07-27,#D52B1E
Baklan Vladimir,UKR,2614,2002-07-27,#D52B1E
Dominguez Lenier,CUB,2613,2002-07-27,#D52B1E
Nisipeanu Liviu-Dieter,ROM,2613,2002-07-27,#D52B1E
Shipov Sergei,RUS,2613,2002-07-27,#D52B1E
Nunn John D.M.,ENG,2611,2002-07-27,#D52B1E
Vescovi Giovanni,BRA,2611,2002-07-27,#D52B1E
Kharlov Andrei,RUS,2609,2002-07-27,#D52B1E
Goldin Alexander,USA,2609,2002-07-27,#D52B1E
Hodgson Julian M.,ENG,2608,2002-07-27,#D52B1E
Benjamin Joel,USA,2608,2002-07-27,#D52B1E
Macieja Bartlomiej,POL,2607,2002-07-27,#D52B1E
Eingorn Vereslav S,UKR,2604,2002-07-27,#D52B1E
Kazhgaleyev Murtas,KAZ,2604,2002-07-27,#D52B1E
Sermek Drazen,SLO,2603,2002-07-27,#D52B1E
Ftacnik Lubomir,SVK,2602,2002-07-27,#D52B1E
Van Den Doel Erik,NED,2602,2002-07-27,#D52B1E
Milov Vadim,SUI,2602,2002-07-27,#D52B1E
Hickl Joerg,GER,2602,2002-07-27,#D52B1E
Bu Xiangzhi,CHN,2602,2002-07-27,#D52B1E
Peng Xiaomin,CHN,2602,2002-07-27,#D52B1E
Novikov Igor A,USA,2601,2002-07-27,#D52B1E
Hracek Zbynek,CZE,2600,2002-07-27,#D52B1E
Ehlvest Jaan,EST,2600,2002-07-27,#D52B1E
Kasparov Garry,RUS,2836,2002-10-27,#D52B1E
Kramnik Vladimir,RUS,2809,2002-10-27,#D52B1E
Anand Viswanathan,IND,2755,2002-10-27,#D52B1E
Adams Michael,ENG,2745,2002-10-27,#D52B1E
Topalov Veselin,BUL,2743,2002-10-27,#D52B1E
Leko Peter,HUN,2743,2002-10-27,#D52B1E
Ponomariov Ruslan,UKR,2743,2002-10-27,#D52B1E
Bareev Evgeny,RUS,2737,2002-10-27,#D52B1E
Ivanchuk Vassily,UKR,2709,2002-10-27,#D52B1E
Morozevich Alexander,RUS,2707,2002-10-27,#D52B1E
Gelfand Boris,ISR,2704,2002-10-27,#D52B1E
Grischuk Alexander,RUS,2702,2002-10-27,#D52B1E
Shirov Alexei,ESP,2699,2002-10-27,#D52B1E
Khalifman Alexander,RUS,2690,2002-10-27,#D52B1E
Svidler Peter,RUS,2690,2002-10-27,#D52B1E
Akopian Vladimir,ARM,2689,2002-10-27,#D52B1E
Karpov Anatoly,RUS,2688,2002-10-27,#D52B1E
Polgar Judit GM,HUN,2685,2002-10-27,#D52B1E
Sokolov Ivan,NED,2684,2002-10-27,#D52B1E
Short Nigel D.,ENG,2684,2002-10-27,#D52B1E
Smirin Ilia,ISR,2683,2002-10-27,#D52B1E
Van Wely Loek,NED,2681,2002-10-27,#D52B1E
Zvjaginsev Vadim,RUS,2680,2002-10-27,#D52B1E
Dreev Alexey,RUS,2673,2002-10-27,#D52B1E
Almasi Zoltan,HUN,2672,2002-10-27,#D52B1E
Sasikiran Krishnan,IND,2670,2002-10-27,#D52B1E
Malakhov Vladimir,RUS,2670,2002-10-27,#D52B1E
Vaganian Rafael A,ARM,2667,2002-10-27,#D52B1E
Ye Jiangchuan,CHN,2667,2002-10-27,#D52B1E
Azmaiparashvili Zurab,GEO,2666,2002-10-27,#D52B1E
Lautier Joel,FRA,2665,2002-10-27,#D52B1E
Rublevsky Sergei,RUS,2664,2002-10-27,#D52B1E
Nikolic Predrag,BIH,2661,2002-10-27,#D52B1E
Georgiev Kiril,MKD,2658,2002-10-27,#D52B1E
Sutovsky Emil,ISR,2657,2002-10-27,#D52B1E
Bacrot Etienne,FRA,2653,2002-10-27,#D52B1E
Kasimdzhanov Rustam,UZB,2653,2002-10-27,#D52B1E
Krasenkow Michal,POL,2651,2002-10-27,#D52B1E
Movsesian Sergei,SVK,2651,2002-10-27,#D52B1E
Beliavsky Alexander G,SLO,2650,2002-10-27,#D52B1E
Onischuk Alexander,USA,2649,2002-10-27,#D52B1E
Sakaev Konstantin,RUS,2647,2002-10-27,#D52B1E
Kaidanov Gregory S,USA,2646,2002-10-27,#D52B1E
Piket Jeroen,NED,2646,2002-10-27,#D52B1E
Lutz Christopher,GER,2645,2002-10-27,#D52B1E
Xu Jun,CHN,2643,2002-10-27,#D52B1E
Volkov Sergey,RUS,2642,2002-10-27,#D52B1E
Huebner Robert Dr.,GER,2640,2002-10-27,#D52B1E
Graf Alexander,GER,2635,2002-10-27,#D52B1E
Vallejo Pons Francisco,ESP,2635,2002-10-27,#D52B1E
Gurevich Mikhail,BEL,2634,2002-10-27,#D52B1E
Korchnoi Viktor,SUI,2634,2002-10-27,#D52B1E
Hjartarson Johann,ISL,2634,2002-10-27,#D52B1E
Motylev Alexander,RUS,2634,2002-10-27,#D52B1E
Landa Konstantin,RUS,2632,2002-10-27,#D52B1E
Tkachiev Vladislav,FRA,2632,2002-10-27,#D52B1E
Tiviakov Sergei,NED,2631,2002-10-27,#D52B1E
Goldin Alexander,USA,2630,2002-10-27,#D52B1E
Seirawan Yasser,USA,2629,2002-10-27,#D52B1E
Epishin Vladimir,RUS,2628,2002-10-27,#D52B1E
Radjabov Teimour,AZE,2628,2002-10-27,#D52B1E
Bologan Viktor,MDA,2627,2002-10-27,#D52B1E
Lputian Smbat G,ARM,2627,2002-10-27,#D52B1E
Kobalia Mikhail,RUS,2625,2002-10-27,#D52B1E
Lastin Alexander,RUS,2625,2002-10-27,#D52B1E
Sadler Matthew,ENG,2624,2002-10-27,#D52B1E
Jussupow Artur,GER,2622,2002-10-27,#D52B1E
Pigusov Evgeny,RUS,2622,2002-10-27,#D52B1E
Shabalov Alexander,USA,2621,2002-10-27,#D52B1E
Aleksandrov Aleksej,BLR,2621,2002-10-27,#D52B1E
Milov Vadim,SUI,2620,2002-10-27,#D52B1E
Nielsen Peter Heine,DEN,2620,2002-10-27,#D52B1E
Zhang Zhong,CHN,2620,2002-10-27,#D52B1E
Fressinet Laurent,FRA,2619,2002-10-27,#D52B1E
Dautov Rustem,GER,2617,2002-10-27,#D52B1E
Dorfman Josif D,FRA,2617,2002-10-27,#D52B1E
Macieja Bartlomiej,POL,2615,2002-10-27,#D52B1E
Istratescu Andrei,ROM,2615,2002-10-27,#D52B1E
Filippov Valerij,RUS,2615,2002-10-27,#D52B1E
Vescovi Giovanni,BRA,2614,2002-10-27,#D52B1E
Bruzon Lazaro,CUB,2613,2002-10-27,#D52B1E
Nisipeanu Liviu-Dieter,ROM,2613,2002-10-27,#D52B1E
Nunn John D.M.,ENG,2611,2002-10-27,#D52B1E
Hansen Curt,DEN,2610,2002-10-27,#D52B1E
Benjamin Joel,USA,2609,2002-10-27,#D52B1E
Dominguez Lenier,CUB,2608,2002-10-27,#D52B1E
Hodgson Julian M.,ENG,2608,2002-10-27,#D52B1E
Baklan Vladimir,UKR,2607,2002-10-27,#D52B1E
Agrest Evgenij,SWE,2607,2002-10-27,#D52B1E
Hracek Zbynek,CZE,2607,2002-10-27,#D52B1E
Kharlov Andrei,RUS,2606,2002-10-27,#D52B1E
Hickl Joerg,GER,2605,2002-10-27,#D52B1E
Shipov Sergei,RUS,2604,2002-10-27,#D52B1E
Kazhgaleyev Murtas,KAZ,2604,2002-10-27,#D52B1E
Ftacnik Lubomir,SVK,2603,2002-10-27,#D52B1E
Khenkin Igor,GER,2603,2002-10-27,#D52B1E
Peng Xiaomin,CHN,2602,2002-10-27,#D52B1E
Neverov Valeriy,UKR,2601,2002-10-27,#D52B1E
Giorgadze Giorgi,GEO,2601,2002-10-27,#D52B1E
Bu Xiangzhi,CHN,2601,2002-10-27,#D52B1E
Ehlvest Jaan,EST,2600,2002-10-27,#D52B1E
Eingorn Vereslav S,UKR,2600,2002-10-27,#D52B1E
Kasparov Garry,RUS,2847,2003-01-27,#D52B1E
Kramnik Vladimir,RUS,2809,2003-01-27,#D52B1E
Anand Viswanathan,IND,2753,2003-01-27,#D52B1E
Topalov Veselin,BUL,2743,2003-01-27,#D52B1E
Leko Peter,HUN,2736,2003-01-27,#D52B1E
Adams Michael,ENG,2734,2003-01-27,#D52B1E
Ponomariov Ruslan,UKR,2734,2003-01-27,#D52B1E
Bareev Evgeny,RUS,2729,2003-01-27,#D52B1E
Shirov Alexei,ESP,2723,2003-01-27,#D52B1E
Grischuk Alexander,RUS,2712,2003-01-27,#D52B1E
Akopian Vladimir,ARM,2703,2003-01-27,#D52B1E
Khalifman Alexander,RUS,2702,2003-01-27,#D52B1E
Polgar Judit GM,HUN,2700,2003-01-27,#D52B1E
Gelfand Boris,ISR,2700,2003-01-27,#D52B1E
Ivanchuk Vassily,UKR,2699,2003-01-27,#D52B1E
Svidler Peter,RUS,2693,2003-01-27,#D52B1E
Short Nigel D.,ENG,2690,2003-01-27,#D52B1E
Dreev Alexey,RUS,2690,2003-01-27,#D52B1E
Sokolov Ivan,NED,2688,2003-01-27,#D52B1E
Karpov Anatoly,RUS,2688,2003-01-27,#D52B1E
Ye Jiangchuan,CHN,2682,2003-01-27,#D52B1E
Azmaiparashvili Zurab,GEO,2678,2003-01-27,#D52B1E
Morozevich Alexander,RUS,2678,2003-01-27,#D52B1E
Malakhov Vladimir,RUS,2677,2003-01-27,#D52B1E
Kasimdzhanov Rustam,UZB,2676,2003-01-27,#D52B1E
Almasi Zoltan,HUN,2676,2003-01-27,#D52B1E
Bacrot Etienne,FRA,2671,2003-01-27,#D52B1E
Zvjaginsev Vadim,RUS,2671,2003-01-27,#D52B1E
Lautier Joel,FRA,2670,2003-01-27,#D52B1E
Van Wely Loek,NED,2668,2003-01-27,#D52B1E
Vaganian Rafael A,ARM,2667,2003-01-27,#D52B1E
Sasikiran Krishnan,IND,2664,2003-01-27,#D52B1E
Smirin Ilia,ISR,2664,2003-01-27,#D52B1E
Movsesian Sergei,SVK,2663,2003-01-27,#D52B1E
Onischuk Alexander,USA,2658,2003-01-27,#D52B1E
Georgiev Kiril,MKD,2654,2003-01-27,#D52B1E
Sutovsky Emil,ISR,2651,2003-01-27,#D52B1E
Landa Konstantin,RUS,2649,2003-01-27,#D52B1E
Beliavsky Alexander G,SLO,2649,2003-01-27,#D52B1E
Piket Jeroen,NED,2646,2003-01-27,#D52B1E
Sakaev Konstantin,RUS,2645,2003-01-27,#D52B1E
Rublevsky Sergei,RUS,2644,2003-01-27,#D52B1E
Korchnoi Viktor,SUI,2642,2003-01-27,#D52B1E
Tkachiev Vladislav,FRA,2642,2003-01-27,#D52B1E
Lutz Christopher,GER,2640,2003-01-27,#D52B1E
Motylev Alexander,RUS,2640,2003-01-27,#D52B1E
Nikolic Predrag,BIH,2638,2003-01-27,#D52B1E
Lputian Smbat G,ARM,2638,2003-01-27,#D52B1E
Lastin Alexander,RUS,2636,2003-01-27,#D52B1E
Seirawan Yasser,USA,2636,2003-01-27,#D52B1E
Tiviakov Sergei,NED,2635,2003-01-27,#D52B1E
Kobalia Mikhail,RUS,2635,2003-01-27,#D52B1E
Gurevich Mikhail,BEL,2634,2003-01-27,#D52B1E
Hjartarson Johann,ISL,2634,2003-01-27,#D52B1E
Aleksandrov Aleksej,BLR,2633,2003-01-27,#D52B1E
Krasenkow Michal,POL,2633,2003-01-27,#D52B1E
Bologan Viktor,MDA,2630,2003-01-27,#D52B1E
Graf Alexander,GER,2630,2003-01-27,#D52B1E
Vallejo Pons Francisco,ESP,2629,2003-01-27,#D52B1E
Macieja Bartlomiej,POL,2629,2003-01-27,#D52B1E
Kaidanov Gregory S,USA,2629,2003-01-27,#D52B1E
Xu Jun,CHN,2626,2003-01-27,#D52B1E
Epishin Vladimir,RUS,2626,2003-01-27,#D52B1E
Huebner Robert Dr.,GER,2625,2003-01-27,#D52B1E
Khenkin Igor,GER,2624,2003-01-27,#D52B1E
Zhang Zhong,CHN,2624,2003-01-27,#D52B1E
Volkov Sergey,RUS,2624,2003-01-27,#D52B1E
Radjabov Teimour,AZE,2624,2003-01-27,#D52B1E
Pelletier Yannick,SUI,2624,2003-01-27,#D52B1E
Sadler Matthew,ENG,2624,2003-01-27,#D52B1E
Granda Zuniga Julio E,PER,2623,2003-01-27,#D52B1E
Acs Peter,HUN,2623,2003-01-27,#D52B1E
Goldin Alexander,USA,2621,2003-01-27,#D52B1E
Nielsen Peter Heine,DEN,2620,2003-01-27,#D52B1E
Ftacnik Lubomir,SVK,2616,2003-01-27,#D52B1E
Filippov Valerij,RUS,2616,2003-01-27,#D52B1E
Hamdouchi Hichem,MAR,2615,2003-01-27,#D52B1E
Pigusov Evgeny,RUS,2615,2003-01-27,#D52B1E
Alekseev Evgeny,RUS,2614,2003-01-27,#D52B1E
Korneev Oleg,RUS,2613,2003-01-27,#D52B1E
Bruzon Lazaro,CUB,2613,2003-01-27,#D52B1E
Shabalov Alexander,USA,2613,2003-01-27,#D52B1E
Tregubov Pavel V.,RUS,2612,2003-01-27,#D52B1E
Nunn John D.M.,ENG,2611,2003-01-27,#D52B1E
Aronian Levon,ARM,2610,2003-01-27,#D52B1E
Dorfman Josif D,FRA,2610,2003-01-27,#D52B1E
Hansen Curt,DEN,2610,2003-01-27,#D52B1E
Hodgson Julian M.,ENG,2608,2003-01-27,#D52B1E
Baklan Vladimir,UKR,2605,2003-01-27,#D52B1E
Dautov Rustem,GER,2604,2003-01-27,#D52B1E
Eingorn Vereslav S,UKR,2604,2003-01-27,#D52B1E
Rustemov Alexander,RUS,2604,2003-01-27,#D52B1E
Kazhgaleyev Murtas,KAZ,2604,2003-01-27,#D52B1E
Shipov Sergei,RUS,2604,2003-01-27,#D52B1E
Dominguez Lenier,CUB,2602,2003-01-27,#D52B1E
Hracek Zbynek,CZE,2601,2003-01-27,#D52B1E
Giorgadze Giorgi,GEO,2601,2003-01-27,#D52B1E
Ehlvest Jaan,EST,2600,2003-01-27,#D52B1E
Novikov Igor A,USA,2598,2003-01-27,#D52B1E
Najdoski Toni,MKD,2598,2003-01-27,#D52B1E
Kasparov Garry,RUS,2830,2003-04-27,#D52B1E
Kramnik Vladimir,RUS,2789,2003-04-27,#D52B1E
Anand Viswanathan,IND,2764,2003-04-27,#D52B1E
Leko Peter,HUN,2746,2003-04-27,#D52B1E
Shirov Alexei,ESP,2735,2003-04-27,#D52B1E
Topalov Veselin,BUL,2735,2003-04-27,#D52B1E
Bareev Evgeny,RUS,2734,2003-04-27,#D52B1E
Adams Michael,ENG,2723,2003-04-27,#D52B1E
Ponomariov Ruslan,UKR,2718,2003-04-27,#D52B1E
Polgar Judit GM,HUN,2715,2003-04-27,#D52B1E
Svidler Peter,RUS,2713,2003-04-27,#D52B1E
Ivanchuk Vassily,UKR,2704,2003-04-27,#D52B1E
Akopian Vladimir,ARM,2703,2003-04-27,#D52B1E
Khalifman Alexander,RUS,2702,2003-04-27,#D52B1E
Grischuk Alexander,RUS,2701,2003-04-27,#D52B1E
Gelfand Boris,ISR,2700,2003-04-27,#D52B1E
Dreev Alexey,RUS,2695,2003-04-27,#D52B1E
Short Nigel D.,ENG,2686,2003-04-27,#D52B1E
Karpov Anatoly,RUS,2686,2003-04-27,#D52B1E
Ye Jiangchuan,CHN,2684,2003-04-27,#D52B1E
Kasimdzhanov Rustam,UZB,2680,2003-04-27,#D52B1E
Morozevich Alexander,RUS,2678,2003-04-27,#D52B1E
Azmaiparashvili Zurab,GEO,2678,2003-04-27,#D52B1E
Sokolov Ivan,NED,2677,2003-04-27,#D52B1E
Almasi Zoltan,HUN,2676,2003-04-27,#D52B1E
Van Wely Loek,NED,2675,2003-04-27,#D52B1E
Malakhov Vladimir,RUS,2672,2003-04-27,#D52B1E
Rublevsky Sergei,RUS,2670,2003-04-27,#D52B1E
Zhang Zhong,CHN,2666,2003-04-27,#D52B1E
Lautier Joel,FRA,2666,2003-04-27,#D52B1E
Sakaev Konstantin,RUS,2664,2003-04-27,#D52B1E
Zvjaginsev Vadim,RUS,2664,2003-04-27,#D52B1E
Bologan Viktor,MDA,2663,2003-04-27,#D52B1E
Smirin Ilia,ISR,2662,2003-04-27,#D52B1E
Movsesian Sergei,SVK,2659,2003-04-27,#D52B1E
Sasikiran Krishnan,IND,2658,2003-04-27,#D52B1E
Bacrot Etienne,FRA,2654,2003-04-27,#D52B1E
Vaganian Rafael A,ARM,2653,2003-04-27,#D52B1E
Sutovsky Emil,ISR,2652,2003-04-27,#D52B1E
Aleksandrov Aleksej,BLR,2650,2003-04-27,#D52B1E
Beliavsky Alexander G,SLO,2649,2003-04-27,#D52B1E
Onischuk Alexander,USA,2647,2003-04-27,#D52B1E
Georgiev Kiril,MKD,2647,2003-04-27,#D52B1E
Piket Jeroen,NED,2646,2003-04-27,#D52B1E
Vallejo Pons Francisco,ESP,2645,2003-04-27,#D52B1E
Radjabov Teimour,AZE,2644,2003-04-27,#D52B1E
Khenkin Igor,GER,2644,2003-04-27,#D52B1E
Tkachiev Vladislav,FRA,2643,2003-04-27,#D52B1E
Landa Konstantin,RUS,2643,2003-04-27,#D52B1E
Nikolic Predrag,BIH,2643,2003-04-27,#D52B1E
Kaidanov Gregory S,USA,2640,2003-04-27,#D52B1E
Lutz Christopher,GER,2640,2003-04-27,#D52B1E
Kobalia Mikhail,RUS,2639,2003-04-27,#D52B1E
Lputian Smbat G,ARM,2638,2003-04-27,#D52B1E
Gurevich Mikhail,BEL,2635,2003-04-27,#D52B1E
Macieja Bartlomiej,POL,2634,2003-04-27,#D52B1E
Motylev Alexander,RUS,2634,2003-04-27,#D52B1E
Volkov Sergey,RUS,2634,2003-04-27,#D52B1E
Tregubov Pavel V.,RUS,2632,2003-04-27,#D52B1E
Korchnoi Viktor,SUI,2632,2003-04-27,#D52B1E
Lastin Alexander,RUS,2632,2003-04-27,#D52B1E
Graf Alexander,GER,2630,2003-04-27,#D52B1E
Epishin Vladimir,RUS,2628,2003-04-27,#D52B1E
Xu Jun,CHN,2628,2003-04-27,#D52B1E
Granda Zuniga Julio E,PER,2628,2003-04-27,#D52B1E
Moiseenko Alexander,UKR,2627,2003-04-27,#D52B1E
Filippov Valerij,RUS,2627,2003-04-27,#D52B1E
Seirawan Yasser,USA,2626,2003-04-27,#D52B1E
Nielsen Peter Heine,DEN,2625,2003-04-27,#D52B1E
Huebner Robert Dr.,GER,2625,2003-04-27,#D52B1E
Sadler Matthew,ENG,2624,2003-04-27,#D52B1E
Tiviakov Sergei,NED,2623,2003-04-27,#D52B1E
Pelletier Yannick,SUI,2623,2003-04-27,#D52B1E
Fridman Daniel,LAT,2621,2003-04-27,#D52B1E
Smirnov Pavel,RUS,2615,2003-04-27,#D52B1E
Vescovi Giovanni,BRA,2615,2003-04-27,#D52B1E
Goldin Alexander,USA,2611,2003-04-27,#D52B1E
Dautov Rustem,GER,2611,2003-04-27,#D52B1E
Ftacnik Lubomir,SVK,2611,2003-04-27,#D52B1E
Nunn John D.M.,ENG,2611,2003-04-27,#D52B1E
Bruzon Lazaro,CUB,2610,2003-04-27,#D52B1E
Dorfman Josif D,FRA,2610,2003-04-27,#D52B1E
Hansen Curt,DEN,2610,2003-04-27,#D52B1E
Krasenkow Michal,POL,2609,2003-04-27,#D52B1E
Hodgson Julian M.,ENG,2608,2003-04-27,#D52B1E
Baklan Vladimir,UKR,2607,2003-04-27,#D52B1E
Alekseev Evgeny,RUS,2607,2003-04-27,#D52B1E
Mamedyarov Shakhriyaz,AZE,2607,2003-04-27,#D52B1E
Korneev Oleg,RUS,2606,2003-04-27,#D52B1E
Nisipeanu Liviu-Dieter,ROM,2606,2003-04-27,#D52B1E
Aronian Levon,ARM,2606,2003-04-27,#D52B1E
Dolmatov Sergey,RUS,2606,2003-04-27,#D52B1E
Najer Evgeniy,RUS,2606,2003-04-27,#D52B1E
Hamdouchi Hichem,MAR,2605,2003-04-27,#D52B1E
Jussupow Artur,GER,2604,2003-04-27,#D52B1E
Fedorov Alexei,BLR,2604,2003-04-27,#D52B1E
Eingorn Vereslav S,UKR,2604,2003-04-27,#D52B1E
Dominguez Lenier,CUB,2603,2003-04-27,#D52B1E
Kozul Zdenko,CRO,2601,2003-04-27,#D52B1E
Acs Peter,HUN,2600,2003-04-27,#D52B1E
Kazhgaleyev Murtas,KAZ,2600,2003-04-27,#D52B1E
Kasparov Garry,RUS,2830,2003-07-27,#D52B1E
Kramnik Vladimir,RUS,2785,2003-07-27,#D52B1E
Anand Viswanathan,IND,2774,2003-07-27,#D52B1E
Leko Peter,HUN,2739,2003-07-27,#D52B1E
Topalov Veselin,BUL,2735,2003-07-27,#D52B1E
Grischuk Alexander,RUS,2732,2003-07-27,#D52B1E
Shirov Alexei,ESP,2732,2003-07-27,#D52B1E
Svidler Peter,RUS,2723,2003-07-27,#D52B1E
Bareev Evgeny,RUS,2721,2003-07-27,#D52B1E
Adams Michael,ENG,2719,2003-07-27,#D52B1E
Polgar Judit GM,HUN,2718,2003-07-27,#D52B1E
Ponomariov Ruslan,UKR,2718,2003-07-27,#D52B1E
Ivanchuk Vassily,UKR,2710,2003-07-27,#D52B1E
Akopian Vladimir,ARM,2703,2003-07-27,#D52B1E
Azmaiparashvili Zurab,GEO,2702,2003-07-27,#D52B1E
Short Nigel D.,ENG,2701,2003-07-27,#D52B1E
Dreev Alexey,RUS,2698,2003-07-27,#D52B1E
Malakhov Vladimir,RUS,2696,2003-07-27,#D52B1E
Gelfand Boris,ISR,2695,2003-07-27,#D52B1E
Sokolov Ivan,NED,2693,2003-07-27,#D52B1E
Karpov Anatoly,RUS,2693,2003-07-27,#D52B1E
Ye Jiangchuan,CHN,2683,2003-07-27,#D52B1E
Morozevich Alexander,RUS,2679,2003-07-27,#D52B1E
Khalifman Alexander,RUS,2678,2003-07-27,#D52B1E
Lautier Joel,FRA,2677,2003-07-27,#D52B1E
Rublevsky Sergei,RUS,2672,2003-07-27,#D52B1E
Beliavsky Alexander G,SLO,2668,2003-07-27,#D52B1E
Nisipeanu Liviu-Dieter,ROM,2666,2003-07-27,#D52B1E
Kasimdzhanov Rustam,UZB,2664,2003-07-27,#D52B1E
Vallejo Pons Francisco,ESP,2662,2003-07-27,#D52B1E
Van Wely Loek,NED,2661,2003-07-27,#D52B1E
Aleksandrov Aleksej,BLR,2659,2003-07-27,#D52B1E
Zhang Zhong,CHN,2658,2003-07-27,#D52B1E
Onischuk Alexander,USA,2657,2003-07-27,#D52B1E
Smirin Ilia,ISR,2656,2003-07-27,#D52B1E
Kobalia Mikhail,RUS,2656,2003-07-27,#D52B1E
Almasi Zoltan,HUN,2655,2003-07-27,#D52B1E
Sakaev Konstantin,RUS,2655,2003-07-27,#D52B1E
Tkachiev Vladislav,FRA,2654,2003-07-27,#D52B1E
Sasikiran Krishnan,IND,2654,2003-07-27,#D52B1E
Zvjaginsev Vadim,RUS,2653,2003-07-27,#D52B1E
Bologan Viktor,MDA,2650,2003-07-27,#D52B1E
Nikolic Predrag,BIH,2649,2003-07-27,#D52B1E
Aronian Levon,ARM,2649,2003-07-27,#D52B1E
Radjabov Teimour,AZE,2648,2003-07-27,#D52B1E
Movsesian Sergei,SVK,2647,2003-07-27,#D52B1E
Bacrot Etienne,FRA,2645,2003-07-27,#D52B1E
Gurevich Mikhail,BEL,2644,2003-07-27,#D52B1E
Graf Alexander,GER,2643,2003-07-27,#D52B1E
Epishin Vladimir,RUS,2642,2003-07-27,#D52B1E
Granda Zuniga Julio E,PER,2641,2003-07-27,#D52B1E
Fressinet Laurent,FRA,2640,2003-07-27,#D52B1E
Hjartarson Johann,ISL,2640,2003-07-27,#D52B1E
Sutovsky Emil,ISR,2639,2003-07-27,#D52B1E
Khenkin Igor,GER,2638,2003-07-27,#D52B1E
Kaidanov Gregory S,USA,2638,2003-07-27,#D52B1E
Georgiev Kiril,MKD,2637,2003-07-27,#D52B1E
Nielsen Peter Heine,DEN,2636,2003-07-27,#D52B1E
Tregubov Pavel V.,RUS,2635,2003-07-27,#D52B1E
Motylev Alexander,RUS,2634,2003-07-27,#D52B1E
Lastin Alexander,RUS,2634,2003-07-27,#D52B1E
Piket Jeroen,NED,2632,2003-07-27,#D52B1E
Lutz Christopher,GER,2631,2003-07-27,#D52B1E
Filippov Valerij,RUS,2630,2003-07-27,#D52B1E
Smirnov Pavel,RUS,2629,2003-07-27,#D52B1E
Korchnoi Viktor,SUI,2628,2003-07-27,#D52B1E
Macieja Bartlomiej,POL,2627,2003-07-27,#D52B1E
Sadler Matthew,ENG,2626,2003-07-27,#D52B1E
Xu Jun,CHN,2626,2003-07-27,#D52B1E
Seirawan Yasser,USA,2626,2003-07-27,#D52B1E
Vaganian Rafael A,ARM,2623,2003-07-27,#D52B1E
Lputian Smbat G,ARM,2623,2003-07-27,#D52B1E
Volkov Sergey,RUS,2620,2003-07-27,#D52B1E
McShane Luke J.,ENG,2619,2003-07-27,#D52B1E
Hansen Curt,DEN,2618,2003-07-27,#D52B1E
Moiseenko Alexander,UKR,2618,2003-07-27,#D52B1E
Vescovi Giovanni,BRA,2618,2003-07-27,#D52B1E
Nunn John D.M.,ENG,2617,2003-07-27,#D52B1E
Rozentalis Eduardas,LTU,2616,2003-07-27,#D52B1E
Van Den Doel Erik,NED,2615,2003-07-27,#D52B1E
Landa Konstantin,RUS,2614,2003-07-27,#D52B1E
Bruzon Lazaro,CUB,2614,2003-07-27,#D52B1E
Tiviakov Sergei,NED,2613,2003-07-27,#D52B1E
Alekseev Evgeny,RUS,2613,2003-07-27,#D52B1E
Giorgadze Giorgi,GEO,2612,2003-07-27,#D52B1E
Eingorn Vereslav S,UKR,2611,2003-07-27,#D52B1E
Markowski Tomasz,POL,2610,2003-07-27,#D52B1E
Dautov Rustem,GER,2610,2003-07-27,#D52B1E
Dominguez Lenier,CUB,2610,2003-07-27,#D52B1E
Kazhgaleyev Murtas,KAZ,2610,2003-07-27,#D52B1E
Miladinovic Igor,GRE,2609,2003-07-27,#D52B1E
Hodgson Julian M.,ENG,2609,2003-07-27,#D52B1E
Najer Evgeniy,RUS,2608,2003-07-27,#D52B1E
Chuchelov Vladimir,BEL,2608,2003-07-27,#D52B1E
Navara David,CZE,2608,2003-07-27,#D52B1E
Goldin Alexander,USA,2608,2003-07-27,#D52B1E
Galkin Alexander,RUS,2607,2003-07-27,#D52B1E
Dorfman Josif D,FRA,2607,2003-07-27,#D52B1E
Iordachescu Viorel,MDA,2606,2003-07-27,#D52B1E
Acs Peter,HUN,2606,2003-07-27,#D52B1E
Vladimirov Evgeny,KAZ,2606,2003-07-27,#D52B1E
Kasparov Garry,RUS,2830,2003-10-27,#D52B1E
Kramnik Vladimir,RUS,2777,2003-10-27,#D52B1E
Anand Viswanathan,IND,2766,2003-10-27,#D52B1E
Bareev Evgeny,RUS,2739,2003-10-27,#D52B1E
Shirov Alexei,ESP,2737,2003-10-27,#D52B1E
Topalov Veselin,BUL,2735,2003-10-27,#D52B1E
Grischuk Alexander,RUS,2732,2003-10-27,#D52B1E
Adams Michael,ENG,2725,2003-10-27,#D52B1E
Svidler Peter,RUS,2723,2003-10-27,#D52B1E
Leko Peter,HUN,2722,2003-10-27,#D52B1E
Polgar Judit GM,HUN,2722,2003-10-27,#D52B1E
Ponomariov Ruslan,UKR,2718,2003-10-27,#D52B1E
Ivanchuk Vassily,UKR,2710,2003-10-27,#D52B1E
Dreev Alexey,RUS,2705,2003-10-27,#D52B1E
Gelfand Boris,ISR,2703,2003-10-27,#D52B1E
Morozevich Alexander,RUS,2702,2003-10-27,#D52B1E
Short Nigel D.,ENG,2701,2003-10-27,#D52B1E
Malakhov Vladimir,RUS,2696,2003-10-27,#D52B1E
Sokolov Ivan,NED,2695,2003-10-27,#D52B1E
Azmaiparashvili Zurab,GEO,2693,2003-10-27,#D52B1E
Karpov Anatoly,RUS,2693,2003-10-27,#D52B1E
Akopian Vladimir,GER,2684,2003-10-27,#D52B1E
Ye Jiangchuan,CHN,2681,2003-10-27,#D52B1E
Sasikiran Krishnan,IND,2679,2003-10-27,#D52B1E
Nisipeanu Liviu-Dieter,ROM,2678,2003-10-27,#D52B1E
Khalifman Alexander,RUS,2678,2003-10-27,#D52B1E
Bologan Viktor,MDA,2673,2003-10-27,#D52B1E
Rublevsky Sergei,RUS,2672,2003-10-27,#D52B1E
Smirin Ilia,ISR,2670,2003-10-27,#D52B1E
Kasimdzhanov Rustam,UZB,2669,2003-10-27,#D52B1E
Beliavsky Alexander G,SLO,2667,2003-10-27,#D52B1E
Lautier Joel,FRA,2666,2003-10-27,#D52B1E
Bacrot Etienne,FRA,2664,2003-10-27,#D52B1E
Aleksandrov Aleksej,BLR,2664,2003-10-27,#D52B1E
Vallejo Pons Francisco,ESP,2662,2003-10-27,#D52B1E
Onischuk Alexander,USA,2661,2003-10-27,#D52B1E
Epishin Vladimir,RUS,2658,2003-10-27,#D52B1E
Sakaev Konstantin,RUS,2657,2003-10-27,#D52B1E
Gurevich Mikhail,BEL,2656,2003-10-27,#D52B1E
Kobalia Mikhail,RUS,2656,2003-10-27,#D52B1E
Van Wely Loek,NED,2654,2003-10-27,#D52B1E
Fressinet Laurent,FRA,2654,2003-10-27,#D52B1E
Zvjaginsev Vadim,RUS,2653,2003-10-27,#D52B1E
Georgiev Kiril,MKD,2651,2003-10-27,#D52B1E
Radjabov Teimour,AZE,2650,2003-10-27,#D52B1E
McShane Luke J.,ENG,2649,2003-10-27,#D52B1E
Aronian Levon,ARM,2649,2003-10-27,#D52B1E
Nikolic Predrag,BIH,2647,2003-10-27,#D52B1E
Sutovsky Emil,ISR,2646,2003-10-27,#D52B1E
Graf Alexander,GER,2646,2003-10-27,#D52B1E
Tkachiev Vladislav,FRA,2645,2003-10-27,#D52B1E
Movsesian Sergei,SVK,2645,2003-10-27,#D52B1E
Hjartarson Johann,ISL,2640,2003-10-27,#D52B1E
Zhang Zhong,CHN,2639,2003-10-27,#D52B1E
Macieja Bartlomiej,POL,2635,2003-10-27,#D52B1E
Tregubov Pavel V.,RUS,2635,2003-10-27,#D52B1E
Lastin Alexander,RUS,2634,2003-10-27,#D52B1E
Motylev Alexander,RUS,2634,2003-10-27,#D52B1E
Rozentalis Eduardas,LTU,2633,2003-10-27,#D52B1E
Vescovi Giovanni,BRA,2633,2003-10-27,#D52B1E
Almasi Zoltan,HUN,2631,2003-10-27,#D52B1E
Lputian Smbat G,ARM,2630,2003-10-27,#D52B1E
Filippov Valerij,RUS,2630,2003-10-27,#D52B1E
Goldin Alexander,USA,2629,2003-10-27,#D52B1E
Smirnov Pavel,RUS,2629,2003-10-27,#D52B1E
Khenkin Igor,GER,2627,2003-10-27,#D52B1E
Kotronias Vasilios,CYP,2626,2003-10-27,#D52B1E
Nielsen Peter Heine,DEN,2626,2003-10-27,#D52B1E
Sadler Matthew,ENG,2626,2003-10-27,#D52B1E
Kaidanov Gregory S,USA,2624,2003-10-27,#D52B1E
Piket Jeroen,NED,2624,2003-10-27,#D52B1E
Granda Zuniga Julio E,PER,2623,2003-10-27,#D52B1E
Vaganian Rafael A,ARM,2623,2003-10-27,#D52B1E
Seirawan Yasser,USA,2621,2003-10-27,#D52B1E
Volkov Sergey,RUS,2620,2003-10-27,#D52B1E
Moiseenko Alexander,UKR,2618,2003-10-27,#D52B1E
Nunn John D.M.,ENG,2617,2003-10-27,#D52B1E
Berkes Ferenc,HUN,2616,2003-10-27,#D52B1E
Hansen Curt,DEN,2616,2003-10-27,#D52B1E
Vladimirov Evgeny,KAZ,2614,2003-10-27,#D52B1E
Sargissian Gabriel,ARM,2614,2003-10-27,#D52B1E
Lutz Christopher,GER,2613,2003-10-27,#D52B1E
Alekseev Evgeny,RUS,2613,2003-10-27,#D52B1E
Giorgadze Giorgi,GEO,2612,2003-10-27,#D52B1E
Iordachescu Viorel,MDA,2611,2003-10-27,#D52B1E
Dautov Rustem,GER,2610,2003-10-27,#D52B1E
Kazhgaleyev Murtas,KAZ,2610,2003-10-27,#D52B1E
Markowski Tomasz,POL,2610,2003-10-27,#D52B1E
Avrukh Boris,ISR,2609,2003-10-27,#D52B1E
Van Den Doel Erik,NED,2609,2003-10-27,#D52B1E
Hodgson Julian M.,ENG,2609,2003-10-27,#D52B1E
Dorfman Josif D,FRA,2608,2003-10-27,#D52B1E
Xu Jun,CHN,2608,2003-10-27,#D52B1E
Najer Evgeniy,RUS,2608,2003-10-27,#D52B1E
Navara David,CZE,2607,2003-10-27,#D52B1E
Dominguez Lenier,CUB,2607,2003-10-27,#D52B1E
Eingorn Vereslav S,UKR,2607,2003-10-27,#D52B1E
Galkin Alexander,RUS,2607,2003-10-27,#D52B1E
Bu Xiangzhi,CHN,2606,2003-10-27,#D52B1E
Jobava Baadur,GEO,2605,2003-10-27,#D52B1E
Kasparov Garry,RUS,2831,2004-01-27,#D52B1E
Kramnik Vladimir,RUS,2777,2004-01-27,#D52B1E
Anand Viswanathan,IND,2766,2004-01-27,#D52B1E
Svidler Peter,RUS,2747,2004-01-27,#D52B1E
Shirov Alexei,ESP,2736,2004-01-27,#D52B1E
Topalov Veselin,BUL,2735,2004-01-27,#D52B1E
Morozevich Alexander,RUS,2732,2004-01-27,#D52B1E
Polgar Judit GM,HUN,2728,2004-01-27,#D52B1E
Ponomariov Ruslan,UKR,2722,2004-01-27,#D52B1E
Leko Peter,HUN,2722,2004-01-27,#D52B1E
Adams Michael,ENG,2720,2004-01-27,#D52B1E
Grischuk Alexander,RUS,2719,2004-01-27,#D52B1E
Ivanchuk Vassily,UKR,2716,2004-01-27,#D52B1E
Bareev Evgeny,RUS,2714,2004-01-27,#D52B1E
Gelfand Boris,ISR,2709,2004-01-27,#D52B1E
Sokolov Ivan,NED,2706,2004-01-27,#D52B1E
Short Nigel D.,ENG,2702,2004-01-27,#D52B1E
Malakhov Vladimir,RUS,2700,2004-01-27,#D52B1E
Akopian Vladimir,ARM,2693,2004-01-27,#D52B1E
Dreev Alexey,RUS,2682,2004-01-27,#D52B1E
Karpov Anatoly,RUS,2682,2004-01-27,#D52B1E
Ye Jiangchuan,CHN,2681,2004-01-27,#D52B1E
Bologan Viktor,MDA,2679,2004-01-27,#D52B1E
Aleksandrov Aleksej,BLR,2679,2004-01-27,#D52B1E
Azmaiparashvili Zurab,GEO,2679,2004-01-27,#D52B1E
Nisipeanu Liviu-Dieter,ROM,2678,2004-01-27,#D52B1E
Lautier Joel,FRA,2676,2004-01-27,#D52B1E
Khalifman Alexander,RUS,2674,2004-01-27,#D52B1E
Smirin Ilia,ISR,2670,2004-01-27,#D52B1E
Beliavsky Alexander G,SLO,2667,2004-01-27,#D52B1E
Sutovsky Emil,ISR,2666,2004-01-27,#D52B1E
Bacrot Etienne,FRA,2664,2004-01-27,#D52B1E
Vallejo Pons Francisco,ESP,2663,2004-01-27,#D52B1E
Sakaev Konstantin,RUS,2656,2004-01-27,#D52B1E
Radjabov Teimour,AZE,2656,2004-01-27,#D52B1E
Gurevich Mikhail,BEL,2656,2004-01-27,#D52B1E
Rublevsky Sergei,RUS,2655,2004-01-27,#D52B1E
Zvjaginsev Vadim,RUS,2654,2004-01-27,#D52B1E
Sasikiran Krishnan,IND,2654,2004-01-27,#D52B1E
Macieja Bartlomiej,POL,2653,2004-01-27,#D52B1E
Kasimdzhanov Rustam,UZB,2652,2004-01-27,#D52B1E
Onischuk Alexander,USA,2652,2004-01-27,#D52B1E
McShane Luke J.,ENG,2651,2004-01-27,#D52B1E
Nikolic Predrag,BIH,2648,2004-01-27,#D52B1E
Aronian Levon,GER,2648,2004-01-27,#D52B1E
Mamedyarov Shakhriyaz,AZE,2646,2004-01-27,#D52B1E
Zhang Zhong,CHN,2644,2004-01-27,#D52B1E
Kobalia Mikhail,RUS,2643,2004-01-27,#D52B1E
Tkachiev Vladislav,FRA,2642,2004-01-27,#D52B1E
Motylev Alexander,RUS,2640,2004-01-27,#D52B1E
Hjartarson Johann,ISL,2640,2004-01-27,#D52B1E
Movsesian Sergei,SVK,2639,2004-01-27,#D52B1E
Nielsen Peter Heine,DEN,2638,2004-01-27,#D52B1E
Georgiev Kiril,MKD,2637,2004-01-27,#D52B1E
Fressinet Laurent,FRA,2636,2004-01-27,#D52B1E
Hansen Curt,DEN,2635,2004-01-27,#D52B1E
Iordachescu Viorel,MDA,2634,2004-01-27,#D52B1E
Lputian Smbat G,ARM,2634,2004-01-27,#D52B1E
Epishin Vladimir,RUS,2633,2004-01-27,#D52B1E
Almasi Zoltan,HUN,2633,2004-01-27,#D52B1E
Vescovi Giovanni,BRA,2633,2004-01-27,#D52B1E
Milov Vadim,SUI,2632,2004-01-27,#D52B1E
Volkov Sergey,RUS,2630,2004-01-27,#D52B1E
Graf Alexander,GER,2629,2004-01-27,#D52B1E
Tregubov Pavel V.,RUS,2628,2004-01-27,#D52B1E
Sadler Matthew,ENG,2626,2004-01-27,#D52B1E
Rozentalis Eduardas,LTU,2625,2004-01-27,#D52B1E
Lastin Alexander,RUS,2625,2004-01-27,#D52B1E
Moiseenko Alexander,UKR,2625,2004-01-27,#D52B1E
Delchev Aleksander,BUL,2624,2004-01-27,#D52B1E
Piket Jeroen,NED,2624,2004-01-27,#D52B1E
Shabalov Alexander,USA,2623,2004-01-27,#D52B1E
Kaidanov Gregory S,USA,2623,2004-01-27,#D52B1E
Vaganian Rafael A,ARM,2623,2004-01-27,#D52B1E
Vladimirov Evgeny,KAZ,2621,2004-01-27,#D52B1E
Seirawan Yasser,USA,2621,2004-01-27,#D52B1E
Avrukh Boris,ISR,2620,2004-01-27,#D52B1E
Sargissian Gabriel,ARM,2618,2004-01-27,#D52B1E
Van Wely Loek,NED,2617,2004-01-27,#D52B1E
Nunn John D.M.,ENG,2617,2004-01-27,#D52B1E
Jobava Baadur,GEO,2616,2004-01-27,#D52B1E
Agrest Evgenij,SWE,2616,2004-01-27,#D52B1E
Illescas Cordoba Miguel,ESP,2616,2004-01-27,#D52B1E
Dautov Rustem,GER,2616,2004-01-27,#D52B1E
Goldin Alexander,USA,2616,2004-01-27,#D52B1E
Pavasovic Dusko,SLO,2615,2004-01-27,#D52B1E
Giorgadze Giorgi,GEO,2612,2004-01-27,#D52B1E
Khenkin Igor,GER,2611,2004-01-27,#D52B1E
Sadvakasov Darmen,KAZ,2611,2004-01-27,#D52B1E
Krasenkow Michal,POL,2609,2004-01-27,#D52B1E
Alekseev Evgeny,RUS,2609,2004-01-27,#D52B1E
Filippov Valerij,RUS,2609,2004-01-27,#D52B1E
Smirnov Pavel,RUS,2609,2004-01-27,#D52B1E
Hodgson Julian M.,ENG,2609,2004-01-27,#D52B1E
Xu Jun,CHN,2608,2004-01-27,#D52B1E
Dorfman Josif D,FRA,2608,2004-01-27,#D52B1E
Kharlov Andrei,RUS,2607,2004-01-27,#D52B1E
Galkin Alexander,RUS,2607,2004-01-27,#D52B1E
Baklan Vladimir,UKR,2606,2004-01-27,#D52B1E
Inarkiev Ernesto,RUS,2606,2004-01-27,#D52B1E
Kasparov Garry,RUS,2817,2004-04-27,#D52B1E
Anand Viswanathan,IND,2774,2004-04-27,#D52B1E
Kramnik Vladimir,RUS,2764,2004-04-27,#D52B1E
Leko Peter,HUN,2741,2004-04-27,#D52B1E
Topalov Veselin,BUL,2737,2004-04-27,#D52B1E
Svidler Peter,RUS,2733,2004-04-27,#D52B1E
Morozevich Alexander,RUS,2732,2004-04-27,#D52B1E
Adams Michael,ENG,2731,2004-04-27,#D52B1E
Polgar Judit,HUN,2728,2004-04-27,#D52B1E
Ponomariov Ruslan,UKR,2722,2004-04-27,#D52B1E
Grischuk Alexander,RUS,2719,2004-04-27,#D52B1E
Ivanchuk Vassily,UKR,2716,2004-04-27,#D52B1E
Gelfand Boris,ISR,2714,2004-04-27,#D52B1E
Shirov Alexei,ESP,2713,2004-04-27,#D52B1E
Short Nigel D.,ENG,2712,2004-04-27,#D52B1E
Bareev Evgeny,RUS,2711,2004-04-27,#D52B1E
Malakhov Vladimir,RUS,2695,2004-04-27,#D52B1E
Nisipeanu Liviu-Dieter,ROM,2692,2004-04-27,#D52B1E
Sokolov Ivan,NED,2690,2004-04-27,#D52B1E
Dreev Alexey,RUS,2689,2004-04-27,#D52B1E
Akopian Vladimir,ARM,2689,2004-04-27,#D52B1E
Karpov Anatoly,RUS,2682,2004-04-27,#D52B1E
Ye Jiangchuan,CHN,2681,2004-04-27,#D52B1E
Milov Vadim,SUI,2680,2004-04-27,#D52B1E
Lautier Joel,FRA,2680,2004-04-27,#D52B1E
Azmaiparashvili Zurab,GEO,2679,2004-04-27,#D52B1E
Bacrot Etienne,FRA,2675,2004-04-27,#D52B1E
Smirin Ilia,ISR,2675,2004-04-27,#D52B1E
Gurevich Mikhail,BEL,2672,2004-04-27,#D52B1E
Rublevsky Sergei,RUS,2671,2004-04-27,#D52B1E
Radjabov Teimour,AZE,2670,2004-04-27,#D52B1E
Khalifman Alexander,RUS,2668,2004-04-27,#D52B1E
Aleksandrov Aleksej,BLR,2668,2004-04-27,#D52B1E
Beliavsky Alexander G,SLO,2667,2004-04-27,#D52B1E
Vallejo Pons Francisco,ESP,2666,2004-04-27,#D52B1E
Bologan Viktor,MDA,2665,2004-04-27,#D52B1E
Sakaev Konstantin,RUS,2665,2004-04-27,#D52B1E
Sutovsky Emil,ISR,2661,2004-04-27,#D52B1E
Sasikiran Krishnan,IND,2659,2004-04-27,#D52B1E
Mamedyarov Shakhriyar,AZE,2657,2004-04-27,#D52B1E
Graf Alexander,GER,2656,2004-04-27,#D52B1E
McShane Luke J.,ENG,2656,2004-04-27,#D52B1E
Zvjaginsev Vadim,RUS,2654,2004-04-27,#D52B1E
Kasimdzhanov Rustam,UZB,2652,2004-04-27,#D52B1E
Onischuk Alexander,USA,2652,2004-04-27,#D52B1E
Van Wely Loek,NED,2651,2004-04-27,#D52B1E
Motylev Alexander,RUS,2649,2004-04-27,#D52B1E
Vescovi Giovanni,BRA,2648,2004-04-27,#D52B1E
Nikolic Predrag,BIH,2648,2004-04-27,#D52B1E
Movsesian Sergei,SVK,2647,2004-04-27,#D52B1E
Aronian Levon,GER,2645,2004-04-27,#D52B1E
Hjartarson Johann,ISL,2640,2004-04-27,#D52B1E
Filippov Valerij,RUS,2639,2004-04-27,#D52B1E
Vaganian Rafael A,ARM,2639,2004-04-27,#D52B1E
Fressinet Laurent,FRA,2638,2004-04-27,#D52B1E
Georgiev Kiril,MKD,2637,2004-04-27,#D52B1E
Tregubov Pavel V.,RUS,2636,2004-04-27,#D52B1E
Tkachiev Vladislav,FRA,2635,2004-04-27,#D52B1E
Hansen Curt,DEN,2635,2004-04-27,#D52B1E
Lputian Smbat G,ARM,2634,2004-04-27,#D52B1E
Zhang Zhong,CHN,2633,2004-04-27,#D52B1E
Macieja Bartlomiej,POL,2633,2004-04-27,#D52B1E
Moiseenko Alexander,UKR,2631,2004-04-27,#D52B1E
Almasi Zoltan,HUN,2631,2004-04-27,#D52B1E
Kobalia Mikhail,RUS,2630,2004-04-27,#D52B1E
Volkov Sergey,RUS,2629,2004-04-27,#D52B1E
Nielsen Peter Heine,DEN,2628,2004-04-27,#D52B1E
Iordachescu Viorel,MDA,2627,2004-04-27,#D52B1E
Kozul Zdenko,CRO,2627,2004-04-27,#D52B1E
Sadvakasov Darmen,KAZ,2626,2004-04-27,#D52B1E
Sadler Matthew,ENG,2626,2004-04-27,#D52B1E
Shabalov Alexander,USA,2624,2004-04-27,#D52B1E
Piket Jeroen,NED,2624,2004-04-27,#D52B1E
Illescas Cordoba Miguel,ESP,2623,2004-04-27,#D52B1E
Lastin Alexander,RUS,2622,2004-04-27,#D52B1E
Bu Xiangzhi,CHN,2621,2004-04-27,#D52B1E
Kaidanov Gregory S,USA,2621,2004-04-27,#D52B1E
Seirawan Yasser,USA,2621,2004-04-27,#D52B1E
Vladimirov Evgeny,KAZ,2621,2004-04-27,#D52B1E
Avrukh Boris,ISR,2620,2004-04-27,#D52B1E
Rozentalis Eduardas,LTU,2619,2004-04-27,#D52B1E
Nunn John D.M.,ENG,2617,2004-04-27,#D52B1E
Alekseev Evgeny,RUS,2616,2004-04-27,#D52B1E
Fedorov Alexei,BLR,2616,2004-04-27,#D52B1E
Dautov Rustem,GER,2616,2004-04-27,#D52B1E
Jobava Baadur,GEO,2616,2004-04-27,#D52B1E
Baklan Vladimir,UKR,2615,2004-04-27,#D52B1E
Miladinovic Igor,GRE,2614,2004-04-27,#D52B1E
Sargissian Gabriel,ARM,2614,2004-04-27,#D52B1E
Berkes Ferenc,HUN,2613,2004-04-27,#D52B1E
Dvoirys Semen I.,RUS,2612,2004-04-27,#D52B1E
Dominguez Lenier,CUB,2612,2004-04-27,#D52B1E
Giorgadze Giorgi,GEO,2612,2004-04-27,#D52B1E
Goldin Alexander,USA,2611,2004-04-27,#D52B1E
Epishin Vladimir,RUS,2610,2004-04-27,#D52B1E
Hodgson Julian M.,ENG,2609,2004-04-27,#D52B1E
Krasenkow Michal,POL,2609,2004-04-27,#D52B1E
Xu Jun,CHN,2608,2004-04-27,#D52B1E
Kotronias Vasilios,CYP,2607,2004-04-27,#D52B1E
Najer Evgeniy,RUS,2606,2004-04-27,#D52B1E
Kasparov Garry,RUS,2817,2004-07-27,#D52B1E
Anand Viswanathan,IND,2782,2004-07-27,#D52B1E
Kramnik Vladimir,RUS,2770,2004-07-27,#D52B1E
Morozevich Alexander,RUS,2743,2004-07-27,#D52B1E
Leko Peter,HUN,2741,2004-07-27,#D52B1E
Adams Michael,ENG,2738,2004-07-27,#D52B1E
Topalov Veselin,BUL,2737,2004-07-27,#D52B1E
Polgar Judit,HUN,2728,2004-07-27,#D52B1E
Svidler Peter,RUS,2727,2004-07-27,#D52B1E
Shirov Alexei,ESP,2725,2004-07-27,#D52B1E
Ponomariov Ruslan,UKR,2722,2004-07-27,#D52B1E
Ivanchuk Vassily,UKR,2715,2004-07-27,#D52B1E
Bareev Evgeny,RUS,2715,2004-07-27,#D52B1E
Bacrot Etienne,FRA,2712,2004-07-27,#D52B1E
Gelfand Boris,ISR,2709,2004-07-27,#D52B1E
Grischuk Alexander,RUS,2705,2004-07-27,#D52B1E
Akopian Vladimir,ARM,2692,2004-07-27,#D52B1E
Dreev Alexey,RUS,2690,2004-07-27,#D52B1E
Rublevsky Sergei,RUS,2686,2004-07-27,#D52B1E
Nisipeanu Liviu-Dieter,ROM,2686,2004-07-27,#D52B1E
Short Nigel D.,ENG,2684,2004-07-27,#D52B1E
Milov Vadim,SUI,2683,2004-07-27,#D52B1E
Karpov Anatoly,RUS,2682,2004-07-27,#D52B1E
Ye Jiangchuan,CHN,2681,2004-07-27,#D52B1E
Van Wely Loek,NED,2680,2004-07-27,#D52B1E
Sokolov Ivan,NED,2679,2004-07-27,#D52B1E
Beliavsky Alexander G,SLO,2679,2004-07-27,#D52B1E
Sutovsky Emil,ISR,2679,2004-07-27,#D52B1E
Vallejo Pons Francisco,ESP,2679,2004-07-27,#D52B1E
Azmaiparashvili Zurab,GEO,2679,2004-07-27,#D52B1E
Malakhov Vladimir,RUS,2674,2004-07-27,#D52B1E
Aronian Levon,ARM,2671,2004-07-27,#D52B1E
Nikolic Predrag,BIH,2671,2004-07-27,#D52B1E
Smirin Ilia,ISR,2671,2004-07-27,#D52B1E
Khalifman Alexander,RUS,2669,2004-07-27,#D52B1E
Gurevich Mikhail,BEL,2667,2004-07-27,#D52B1E
Lautier Joel,FRA,2666,2004-07-27,#D52B1E
Aleksandrov Aleksej,BLR,2666,2004-07-27,#D52B1E
Sasikiran Krishnan,IND,2666,2004-07-27,#D52B1E
Sakaev Konstantin,RUS,2664,2004-07-27,#D52B1E
Radjabov Teimour,AZE,2664,2004-07-27,#D52B1E
Bologan Viktor,MDA,2663,2004-07-27,#D52B1E
Mamedyarov Shakhriyar,AZE,2662,2004-07-27,#D52B1E
Graf Alexander,GER,2661,2004-07-27,#D52B1E
Motylev Alexander,RUS,2658,2004-07-27,#D52B1E
Onischuk Alexander,USA,2655,2004-07-27,#D52B1E
Nielsen Peter Heine,DEN,2652,2004-07-27,#D52B1E
Zvjaginsev Vadim,RUS,2650,2004-07-27,#D52B1E
Vescovi Giovanni,BRA,2648,2004-07-27,#D52B1E
Movsesian Sergei,SVK,2646,2004-07-27,#D52B1E
Almasi Zoltan,HUN,2644,2004-07-27,#D52B1E
McShane Luke J.,ENG,2643,2004-07-27,#D52B1E
Vaganian Rafael A,ARM,2642,2004-07-27,#D52B1E
Kasimdzhanov Rustam,UZB,2640,2004-07-27,#D52B1E
Moiseenko Alexander,UKR,2640,2004-07-27,#D52B1E
Volokitin Andrei,UKR,2638,2004-07-27,#D52B1E
Fressinet Laurent,FRA,2637,2004-07-27,#D52B1E
Epishin Vladimir,RUS,2635,2004-07-27,#D52B1E
Hansen Curt,DEN,2635,2004-07-27,#D52B1E
Lputian Smbat G,ARM,2634,2004-07-27,#D52B1E
Macieja Bartlomiej,POL,2633,2004-07-27,#D52B1E
Iordachescu Viorel,MDA,2633,2004-07-27,#D52B1E
Krasenkow Michal,POL,2632,2004-07-27,#D52B1E
Seirawan Yasser,USA,2631,2004-07-27,#D52B1E
Miladinovic Igor,GRE,2630,2004-07-27,#D52B1E
Kozul Zdenko,CRO,2630,2004-07-27,#D52B1E
Dominguez Lenier,CUB,2629,2004-07-27,#D52B1E
Tregubov Pavel V.,RUS,2628,2004-07-27,#D52B1E
Bruzon Lazaro,CUB,2628,2004-07-27,#D52B1E
Hjartarson Johann,ISL,2628,2004-07-27,#D52B1E
Vladimirov Evgeny,KAZ,2628,2004-07-27,#D52B1E
Filippov Valerij,RUS,2627,2004-07-27,#D52B1E
Georgiev Kiril,MKD,2626,2004-07-27,#D52B1E
Sadvakasov Darmen,KAZ,2626,2004-07-27,#D52B1E
Volkov Sergey,RUS,2625,2004-07-27,#D52B1E
Huebner Robert Dr.,GER,2624,2004-07-27,#D52B1E
Dautov Rustem,GER,2624,2004-07-27,#D52B1E
Goldin Alexander,USA,2624,2004-07-27,#D52B1E
Piket Jeroen,NED,2624,2004-07-27,#D52B1E
Kaidanov Gregory S,USA,2621,2004-07-27,#D52B1E
Smirnov Pavel,RUS,2620,2004-07-27,#D52B1E
Bu Xiangzhi,CHN,2620,2004-07-27,#D52B1E
Fedorov Alexei,BLR,2620,2004-07-27,#D52B1E
Rozentalis Eduardas,LTU,2619,2004-07-27,#D52B1E
Gyimesi Zoltan,HUN,2618,2004-07-27,#D52B1E
Kobalia Mikhail,RUS,2618,2004-07-27,#D52B1E
Illescas Cordoba Miguel,ESP,2618,2004-07-27,#D52B1E
Sargissian Gabriel,ARM,2617,2004-07-27,#D52B1E
Sadler Matthew,ENG,2617,2004-07-27,#D52B1E
Xu Jun,CHN,2617,2004-07-27,#D52B1E
Navara David,CZE,2616,2004-07-27,#D52B1E
Miroshnichenko Evgenij,UKR,2615,2004-07-27,#D52B1E
Jobava Baadur,GEO,2615,2004-07-27,#D52B1E
Tkachiev Vladislav,FRA,2615,2004-07-27,#D52B1E
Berkes Ferenc,HUN,2614,2004-07-27,#D52B1E
Eljanov Pavel,UKR,2613,2004-07-27,#D52B1E
Kempinski Robert,POL,2612,2004-07-27,#D52B1E
Gustafsson Jan,GER,2611,2004-07-27,#D52B1E
Timofeev Artyom,RUS,2611,2004-07-27,#D52B1E
Lastin Alexander,RUS,2611,2004-07-27,#D52B1E
Kasparov Garry,RUS,2813,2004-10-27,#D52B1E
Anand Viswanathan,IND,2781,2004-10-27,#D52B1E
Kramnik Vladimir,RUS,2760,2004-10-27,#D52B1E
Morozevich Alexander,RUS,2758,2004-10-27,#D52B1E
Topalov Veselin,BUL,2757,2004-10-27,#D52B1E
Leko Peter,HUN,2743,2004-10-27,#D52B1E
Adams Michael,ENG,2740,2004-10-27,#D52B1E
Svidler Peter,RUS,2735,2004-10-27,#D52B1E
Polgar Judit,HUN,2728,2004-10-27,#D52B1E
Shirov Alexei,ESP,2726,2004-10-27,#D52B1E
Bacrot Etienne,FRA,2718,2004-10-27,#D52B1E
Bareev Evgeny,RUS,2715,2004-10-27,#D52B1E
Ponomariov Ruslan,UKR,2710,2004-10-27,#D52B1E
Ivanchuk Vassily,UKR,2705,2004-10-27,#D52B1E
Grischuk Alexander,RUS,2704,2004-10-27,#D52B1E
Dreev Alexey,RUS,2698,2004-10-27,#D52B1E
Sutovsky Emil,ISR,2697,2004-10-27,#D52B1E
Gelfand Boris,ISR,2693,2004-10-27,#D52B1E
Akopian Vladimir,ARM,2692,2004-10-27,#D52B1E
Nisipeanu Liviu-Dieter,ROM,2687,2004-10-27,#D52B1E
Short Nigel D.,ENG,2687,2004-10-27,#D52B1E
Milov Vadim,SUI,2683,2004-10-27,#D52B1E
Lautier Joel,FRA,2682,2004-10-27,#D52B1E
Karpov Anatoly,RUS,2682,2004-10-27,#D52B1E
Van Wely Loek,NED,2681,2004-10-27,#D52B1E
Vallejo Pons Francisco,ESP,2678,2004-10-27,#D52B1E
Krasenkow Michal,POL,2676,2004-10-27,#D52B1E
Nikolic Predrag,BIH,2676,2004-10-27,#D52B1E
Aronian Levon,ARM,2675,2004-10-27,#D52B1E
Smirin Ilia,ISR,2673,2004-10-27,#D52B1E
Azmaiparashvili Zurab,GEO,2672,2004-10-27,#D52B1E
Bologan Viktor,MDA,2669,2004-10-27,#D52B1E
Sakaev Konstantin,RUS,2669,2004-10-27,#D52B1E
Khalifman Alexander,RUS,2669,2004-10-27,#D52B1E
Sasikiran Krishnan,IND,2668,2004-10-27,#D52B1E
Malakhov Vladimir,RUS,2664,2004-10-27,#D52B1E
Sokolov Ivan,NED,2663,2004-10-27,#D52B1E
Nielsen Peter Heine,DEN,2663,2004-10-27,#D52B1E
Radjabov Teimour,AZE,2663,2004-10-27,#D52B1E
Beliavsky Alexander G,SLO,2660,2004-10-27,#D52B1E
Mamedyarov Shakhriyar,AZE,2660,2004-10-27,#D52B1E
Aleksandrov Aleksej,BLR,2659,2004-10-27,#D52B1E
Moiseenko Alexander,UKR,2653,2004-10-27,#D52B1E
Onischuk Alexander,USA,2653,2004-10-27,#D52B1E
Volokitin Andrei,UKR,2652,2004-10-27,#D52B1E
Motylev Alexander,RUS,2651,2004-10-27,#D52B1E
Kasimdzhanov Rustam,UZB,2650,2004-10-27,#D52B1E
Almasi Zoltan,HUN,2650,2004-10-27,#D52B1E
Zvjaginsev Vadim,RUS,2650,2004-10-27,#D52B1E
Rublevsky Sergei,RUS,2649,2004-10-27,#D52B1E
Ye Jiangchuan,CHN,2649,2004-10-27,#D52B1E
Graf Alexander,GER,2646,2004-10-27,#D52B1E
Dominguez Lenier,CUB,2645,2004-10-27,#D52B1E
Vescovi Giovanni,BRA,2645,2004-10-27,#D52B1E
Gurevich Mikhail,BEL,2644,2004-10-27,#D52B1E
Kozul Zdenko,CRO,2640,2004-10-27,#D52B1E
Fressinet Laurent,FRA,2640,2004-10-27,#D52B1E
Vaganian Rafael A,ARM,2640,2004-10-27,#D52B1E
Bruzon Lazaro,CUB,2637,2004-10-27,#D52B1E
Lputian Smbat G,ARM,2634,2004-10-27,#D52B1E
Hansen Curt,DEN,2633,2004-10-27,#D52B1E
Iordachescu Viorel,MDA,2632,2004-10-27,#D52B1E
Filippov Valerij,RUS,2632,2004-10-27,#D52B1E
Ehlvest Jaan,EST,2631,2004-10-27,#D52B1E
Sadvakasov Darmen,KAZ,2631,2004-10-27,#D52B1E
Seirawan Yasser,USA,2631,2004-10-27,#D52B1E
Berkes Ferenc,HUN,2630,2004-10-27,#D52B1E
Eljanov Pavel,UKR,2629,2004-10-27,#D52B1E
Tregubov Pavel V.,RUS,2629,2004-10-27,#D52B1E
McShane Luke J.,ENG,2629,2004-10-27,#D52B1E
Movsesian Sergei,SVK,2629,2004-10-27,#D52B1E
Volkov Sergey,RUS,2628,2004-10-27,#D52B1E
Hjartarson Johann,ISL,2628,2004-10-27,#D52B1E
Vladimirov Evgeny,KAZ,2627,2004-10-27,#D52B1E
Illescas Cordoba Miguel,ESP,2626,2004-10-27,#D52B1E
Smirnov Pavel,RUS,2626,2004-10-27,#D52B1E
Georgiev Kiril,BUL,2625,2004-10-27,#D52B1E
Najer Evgeniy,RUS,2624,2004-10-27,#D52B1E
Huebner Robert Dr.,GER,2624,2004-10-27,#D52B1E
Dautov Rustem,GER,2623,2004-10-27,#D52B1E
Bauer Christian,FRA,2622,2004-10-27,#D52B1E
Kobalia Mikhail,RUS,2621,2004-10-27,#D52B1E
Nakamura Hikaru,USA,2620,2004-10-27,#D52B1E
Navara David,CZE,2620,2004-10-27,#D52B1E
Goldin Alexander,USA,2620,2004-10-27,#D52B1E
Fedorov Alexei,BLR,2619,2004-10-27,#D52B1E
Tiviakov Sergei,NED,2617,2004-10-27,#D52B1E
Miroshnichenko Evgenij,UKR,2617,2004-10-27,#D52B1E
Sadler Matthew,ENG,2617,2004-10-27,#D52B1E
Bu Xiangzhi,CHN,2615,2004-10-27,#D52B1E
Dvoirys Semen I.,RUS,2615,2004-10-27,#D52B1E
Avrukh Boris,ISR,2614,2004-10-27,#D52B1E
Jobava Baadur,GEO,2614,2004-10-27,#D52B1E
Gyimesi Zoltan,HUN,2613,2004-10-27,#D52B1E
Macieja Bartlomiej,POL,2613,2004-10-27,#D52B1E
Kharlov Andrei,RUS,2613,2004-10-27,#D52B1E
Harikrishna P.,IND,2612,2004-10-27,#D52B1E
Miladinovic Igor,GRE,2611,2004-10-27,#D52B1E
Istratescu Andrei,ROM,2611,2004-10-27,#D52B1E
Ni Hua,CHN,2611,2004-10-27,#D52B1E
Naiditsch Arkadij,GER,2611,2004-10-27,#D52B1E
Sargissian Gabriel,ARM,2611,2004-10-27,#D52B1E
Kaidanov Gregory S,USA,2611,2004-10-27,#D52B1E
Timofeev Artyom,RUS,2611,2004-10-27,#D52B1E
Kasparov Garry,RUS,2804,2005-01-27,#D52B1E
Anand Viswanathan,IND,2786,2005-01-27,#D52B1E
Topalov Veselin,BUL,2757,2005-01-27,#D52B1E
Kramnik Vladimir,RUS,2754,2005-01-27,#D52B1E
Leko Peter,HUN,2749,2005-01-27,#D52B1E
Morozevich Alexander,RUS,2741,2005-01-27,#D52B1E
Adams Michael,ENG,2741,2005-01-27,#D52B1E
Svidler Peter,RUS,2735,2005-01-27,#D52B1E
Bacrot Etienne,FRA,2715,2005-01-27,#D52B1E
Shirov Alexei,ESP,2713,2005-01-27,#D52B1E
Ivanchuk Vassily,UKR,2711,2005-01-27,#D52B1E
Grischuk Alexander,RUS,2710,2005-01-27,#D52B1E
Bareev Evgeny,RUS,2709,2005-01-27,#D52B1E
Dreev Alexey,RUS,2704,2005-01-27,#D52B1E
Ponomariov Ruslan,UKR,2700,2005-01-27,#D52B1E
Gelfand Boris,ISR,2696,2005-01-27,#D52B1E
Akopian Vladimir,ARM,2693,2005-01-27,#D52B1E
Vallejo Pons Francisco,ESP,2686,2005-01-27,#D52B1E
Sokolov Ivan,NED,2685,2005-01-27,#D52B1E
Volokitin Andrei,UKR,2685,2005-01-27,#D52B1E
Aronian Levon,ARM,2684,2005-01-27,#D52B1E
Bologan Viktor,MDA,2683,2005-01-27,#D52B1E
Van Wely Loek,NED,2679,2005-01-27,#D52B1E
Lautier Joel,FRA,2678,2005-01-27,#D52B1E
Kasimdzhanov Rustam,UZB,2678,2005-01-27,#D52B1E
Sakaev Konstantin,RUS,2677,2005-01-27,#D52B1E
Nikolic Predrag,BIH,2676,2005-01-27,#D52B1E
Short Nigel D.,ENG,2674,2005-01-27,#D52B1E
Karpov Anatoly,RUS,2674,2005-01-27,#D52B1E
Nisipeanu Liviu-Dieter,ROM,2673,2005-01-27,#D52B1E
Krasenkow Michal,POL,2672,2005-01-27,#D52B1E
Vaganian Rafael A,ARM,2670,2005-01-27,#D52B1E
Moiseenko Alexander,UKR,2669,2005-01-27,#D52B1E
Sutovsky Emil,ISR,2669,2005-01-27,#D52B1E
Milov Vadim,SUI,2668,2005-01-27,#D52B1E
Radjabov Teimour,AZE,2667,2005-01-27,#D52B1E
Motylev Alexander,RUS,2665,2005-01-27,#D52B1E
Malakhov Vladimir,RUS,2664,2005-01-27,#D52B1E
Azmaiparashvili Zurab,GEO,2662,2005-01-27,#D52B1E
Khalifman Alexander,RUS,2662,2005-01-27,#D52B1E
Dominguez Lenier,CUB,2661,2005-01-27,#D52B1E
Mamedyarov Shakhriyar,AZE,2657,2005-01-27,#D52B1E
Sasikiran Krishnan,IND,2657,2005-01-27,#D52B1E
Georgiev Kiril,BUL,2654,2005-01-27,#D52B1E
Zvjaginsev Vadim,RUS,2653,2005-01-27,#D52B1E
Bruzon Lazaro,CUB,2652,2005-01-27,#D52B1E
Onischuk Alexander,USA,2652,2005-01-27,#D52B1E
Rublevsky Sergei,RUS,2650,2005-01-27,#D52B1E
Nielsen Peter Heine,DEN,2648,2005-01-27,#D52B1E
Ye Jiangchuan,CHN,2648,2005-01-27,#D52B1E
Smirnov Pavel,RUS,2645,2005-01-27,#D52B1E
Vescovi Giovanni,BRA,2645,2005-01-27,#D52B1E
Smirin Ilia,ISR,2644,2005-01-27,#D52B1E
Navara David,CZE,2644,2005-01-27,#D52B1E
Eljanov Pavel,UKR,2643,2005-01-27,#D52B1E
Jobava Baadur,GEO,2640,2005-01-27,#D52B1E
Lputian Smbat G,ARM,2640,2005-01-27,#D52B1E
Fressinet Laurent,FRA,2638,2005-01-27,#D52B1E
Graf Alexander,GER,2637,2005-01-27,#D52B1E
Bauer Christian,FRA,2636,2005-01-27,#D52B1E
Aleksandrov Aleksej,BLR,2635,2005-01-27,#D52B1E
Beliavsky Alexander G,SLO,2635,2005-01-27,#D52B1E
Sadvakasov Darmen,KAZ,2635,2005-01-27,#D52B1E
Gurevich Mikhail,BEL,2634,2005-01-27,#D52B1E
Kobalia Mikhail,RUS,2634,2005-01-27,#D52B1E
Illescas Cordoba Miguel,ESP,2633,2005-01-27,#D52B1E
Hansen Curt,DEN,2633,2005-01-27,#D52B1E
Harikrishna P.,IND,2632,2005-01-27,#D52B1E
Seirawan Yasser,USA,2631,2005-01-27,#D52B1E
Avrukh Boris,ISR,2629,2005-01-27,#D52B1E
Kaidanov Gregory S,USA,2629,2005-01-27,#D52B1E
Tregubov Pavel V.,RUS,2629,2005-01-27,#D52B1E
Goldin Alexander,USA,2628,2005-01-27,#D52B1E
Almasi Zoltan,HUN,2628,2005-01-27,#D52B1E
Hjartarson Johann,ISL,2628,2005-01-27,#D52B1E
Tiviakov Sergei,NED,2627,2005-01-27,#D52B1E
Ni Hua,CHN,2625,2005-01-27,#D52B1E
Movsesian Sergei,SVK,2624,2005-01-27,#D52B1E
Kempinski Robert,POL,2624,2005-01-27,#D52B1E
Huebner Robert Dr.,GER,2624,2005-01-27,#D52B1E
Najer Evgeniy,RUS,2624,2005-01-27,#D52B1E
Ghaem Maghami Ehsan,IRI,2623,2005-01-27,#D52B1E
Vladimirov Evgeny,KAZ,2623,2005-01-27,#D52B1E
Naiditsch Arkadij,GER,2623,2005-01-27,#D52B1E
Ehlvest Jaan,EST,2622,2005-01-27,#D52B1E
Filippov Valerij,RUS,2621,2005-01-27,#D52B1E
Miroshnichenko Evgenij,UKR,2620,2005-01-27,#D52B1E
Timofeev Artyom,RUS,2619,2005-01-27,#D52B1E
Macieja Bartlomiej,POL,2618,2005-01-27,#D52B1E
Korchnoi Viktor,SUI,2617,2005-01-27,#D52B1E
Istratescu Andrei,ROM,2617,2005-01-27,#D52B1E
Sadler Matthew,ENG,2617,2005-01-27,#D52B1E
Gustafsson Jan,GER,2616,2005-01-27,#D52B1E
Iordachescu Viorel,MDA,2615,2005-01-27,#D52B1E
Epishin Vladimir,RUS,2614,2005-01-27,#D52B1E
Lutz Christopher,GER,2614,2005-01-27,#D52B1E
McShane Luke J.,ENG,2614,2005-01-27,#D52B1E
Kharlov Andrei,RUS,2614,2005-01-27,#D52B1E
Nakamura Hikaru,USA,2613,2005-01-27,#D52B1E
Kazhgaleyev Murtas,KAZ,2613,2005-01-27,#D52B1E
Kasparov Garry,RUS,2812,2005-04-27,#D52B1E
Anand Viswanathan,IND,2785,2005-04-27,#D52B1E
Topalov Veselin,BUL,2778,2005-04-27,#D52B1E
Leko Peter,HUN,2763,2005-04-27,#D52B1E
Kramnik Vladimir,RUS,2753,2005-04-27,#D52B1E
Ivanchuk Vassily,UKR,2739,2005-04-27,#D52B1E
Adams Michael,ENG,2737,2005-04-27,#D52B1E
Polgar Judit,HUN,2732,2005-04-27,#D52B1E
Bacrot Etienne,FRA,2731,2005-04-27,#D52B1E
Svidler Peter,RUS,2725,2005-04-27,#D52B1E
Grischuk Alexander,RUS,2724,2005-04-27,#D52B1E
Morozevich Alexander,RUS,2717,2005-04-27,#D52B1E
Shirov Alexei,ESP,2714,2005-04-27,#D52B1E
Gelfand Boris,ISR,2713,2005-04-27,#D52B1E
Bareev Evgeny,RUS,2709,2005-04-27,#D52B1E
Dreev Alexey,RUS,2705,2005-04-27,#D52B1E
Akopian Vladimir,ARM,2703,2005-04-27,#D52B1E
Bologan Viktor,MDA,2700,2005-04-27,#D52B1E
Kamsky Gata,USA,2700,2005-04-27,#D52B1E
Ponomariov Ruslan,UKR,2695,2005-04-27,#D52B1E
Aronian Levon,ARM,2693,2005-04-27,#D52B1E
Van Wely Loek,NED,2687,2005-04-27,#D52B1E
Motylev Alexander,RUS,2680,2005-04-27,#D52B1E
Volokitin Andrei,UKR,2679,2005-04-27,#D52B1E
Lautier Joel,FRA,2678,2005-04-27,#D52B1E
Vallejo Pons Francisco,ESP,2677,2005-04-27,#D52B1E
Karpov Anatoly,RUS,2674,2005-04-27,#D52B1E
Short Nigel D.,ENG,2673,2005-04-27,#D52B1E
Radjabov Teimour,AZE,2673,2005-04-27,#D52B1E
Sakaev Konstantin,RUS,2672,2005-04-27,#D52B1E
Krasenkow Michal,POL,2672,2005-04-27,#D52B1E
Azmaiparashvili Zurab,GEO,2671,2005-04-27,#D52B1E
Kasimdzhanov Rustam,UZB,2670,2005-04-27,#D52B1E
Malakhov Vladimir,RUS,2670,2005-04-27,#D52B1E
Nisipeanu Liviu-Dieter,ROM,2670,2005-04-27,#D52B1E
Bruzon Lazaro,CUB,2669,2005-04-27,#D52B1E
Georgiev Kiril,BUL,2666,2005-04-27,#D52B1E
Sutovsky Emil,ISR,2665,2005-04-27,#D52B1E
Moiseenko Alexander,UKR,2665,2005-04-27,#D52B1E
Sokolov Ivan,NED,2662,2005-04-27,#D52B1E
Dominguez Lenier,CUB,2658,2005-04-27,#D52B1E
Khalifman Alexander,RUS,2658,2005-04-27,#D52B1E
Nakamura Hikaru,USA,2657,2005-04-27,#D52B1E
Nielsen Peter Heine,DEN,2653,2005-04-27,#D52B1E
Milov Vadim,SUI,2653,2005-04-27,#D52B1E
Smirin Ilia,ISR,2649,2005-04-27,#D52B1E
Zvjaginsev Vadim,RUS,2649,2005-04-27,#D52B1E
Ye Jiangchuan,CHN,2648,2005-04-27,#D52B1E
Navara David,CZE,2647,2005-04-27,#D52B1E
Mamedyarov Shakhriyar,AZE,2646,2005-04-27,#D52B1E
Harikrishna P.,IND,2646,2005-04-27,#D52B1E
Rublevsky Sergei,RUS,2645,2005-04-27,#D52B1E
Kobalia Mikhail,RUS,2644,2005-04-27,#D52B1E
Sasikiran Krishnan,IND,2642,2005-04-27,#D52B1E
Avrukh Boris,ISR,2642,2005-04-27,#D52B1E
Eljanov Pavel,UKR,2641,2005-04-27,#D52B1E
Bauer Christian,FRA,2640,2005-04-27,#D52B1E
Vescovi Giovanni,BRA,2640,2005-04-27,#D52B1E
Lputian Smbat G,ARM,2640,2005-04-27,#D52B1E
Onischuk Alexander,USA,2638,2005-04-27,#D52B1E
Ni Hua,CHN,2638,2005-04-27,#D52B1E
Fressinet Laurent,FRA,2638,2005-04-27,#D52B1E
Jobava Baadur,GEO,2637,2005-04-27,#D52B1E
Karjakin Sergey,UKR,2635,2005-04-27,#D52B1E
Aleksandrov Aleksej,BLR,2635,2005-04-27,#D52B1E
Volkov Sergey,RUS,2634,2005-04-27,#D52B1E
Ghaem Maghami Ehsan,IRI,2633,2005-04-27,#D52B1E
Hansen Curt,DEN,2633,2005-04-27,#D52B1E
Illescas Cordoba Miguel,ESP,2633,2005-04-27,#D52B1E
Graf Alexander,GER,2632,2005-04-27,#D52B1E
Vaganian Rafael A,ARM,2631,2005-04-27,#D52B1E
Tiviakov Sergei,NED,2631,2005-04-27,#D52B1E
Seirawan Yasser,USA,2631,2005-04-27,#D52B1E
Bu Xiangzhi,CHN,2630,2005-04-27,#D52B1E
Sargissian Gabriel,ARM,2630,2005-04-27,#D52B1E
Beliavsky Alexander G,SLO,2630,2005-04-27,#D52B1E
Gurevich Mikhail,BEL,2630,2005-04-27,#D52B1E
Miroshnichenko Evgenij,UKR,2628,2005-04-27,#D52B1E
Kharlov Andrei,RUS,2628,2005-04-27,#D52B1E
Movsesian Sergei,SVK,2628,2005-04-27,#D52B1E
Almasi Zoltan,HUN,2628,2005-04-27,#D52B1E
Hjartarson Johann,ISL,2628,2005-04-27,#D52B1E
Nikolic Predrag,BIH,2627,2005-04-27,#D52B1E
Kempinski Robert,POL,2627,2005-04-27,#D52B1E
Gustafsson Jan,GER,2627,2005-04-27,#D52B1E
Naiditsch Arkadij,GER,2626,2005-04-27,#D52B1E
Smirnov Pavel,RUS,2624,2005-04-27,#D52B1E
Istratescu Andrei,ROM,2624,2005-04-27,#D52B1E
Huebner Robert Dr.,GER,2624,2005-04-27,#D52B1E
Vladimirov Evgeny,KAZ,2623,2005-04-27,#D52B1E
Timofeev Artyom,RUS,2622,2005-04-27,#D52B1E
Cheparinov Ivan,BUL,2621,2005-04-27,#D52B1E
Filippov Valerij,RUS,2621,2005-04-27,#D52B1E
Efimenko Zahar,UKR,2620,2005-04-27,#D52B1E
McShane Luke J.,ENG,2620,2005-04-27,#D52B1E
Korchnoi Viktor,SUI,2619,2005-04-27,#D52B1E
Belov Vladimir,RUS,2617,2005-04-27,#D52B1E
Berkes Ferenc,HUN,2617,2005-04-27,#D52B1E
Sadler Matthew,ENG,2617,2005-04-27,#D52B1E
Najer Evgeniy,RUS,2615,2005-04-27,#D52B1E
Goldin Alexander,USA,2615,2005-04-27,#D52B1E
Kasparov Garry,RUS,2812,2005-07-27,#D52B1E
Anand Viswanathan,IND,2788,2005-07-27,#D52B1E
Topalov Veselin,BUL,2788,2005-07-27,#D52B1E
Leko Peter,HUN,2763,2005-07-27,#D52B1E
Ivanchuk Vassily,UKR,2752,2005-07-27,#D52B1E
Kramnik Vladimir,RUS,2744,2005-07-27,#D52B1E
Svidler Peter,RUS,2738,2005-07-27,#D52B1E
Polgar Judit,HUN,2735,2005-07-27,#D52B1E
Bacrot Etienne,FRA,2729,2005-07-27,#D52B1E
Aronian Levon,ARM,2724,2005-07-27,#D52B1E
Gelfand Boris,ISR,2724,2005-07-27,#D52B1E
Grischuk Alexander,RUS,2720,2005-07-27,#D52B1E
Adams Michael,ENG,2719,2005-07-27,#D52B1E
Morozevich Alexander,RUS,2707,2005-07-27,#D52B1E
Shirov Alexei,ESP,2705,2005-07-27,#D52B1E
Akopian Vladimir,ARM,2705,2005-07-27,#D52B1E
Ponomariov Ruslan,UKR,2704,2005-07-27,#D52B1E
Bologan Viktor,MDA,2700,2005-07-27,#D52B1E
Kamsky Gata,USA,2700,2005-07-27,#D52B1E
Dreev Alexey,RUS,2698,2005-07-27,#D52B1E
Sokolov Ivan,NED,2691,2005-07-27,#D52B1E
Bareev Evgeny,RUS,2688,2005-07-27,#D52B1E
Radjabov Teimour,AZE,2682,2005-07-27,#D52B1E
Vallejo Pons Francisco,ESP,2681,2005-07-27,#D52B1E
Nisipeanu Liviu-Dieter,ROM,2679,2005-07-27,#D52B1E
Tiviakov Sergei,NED,2678,2005-07-27,#D52B1E
Motylev Alexander,RUS,2675,2005-07-27,#D52B1E
Sutovsky Emil,ISR,2674,2005-07-27,#D52B1E
Malakhov Vladimir,RUS,2673,2005-07-27,#D52B1E
Short Nigel D.,ENG,2673,2005-07-27,#D52B1E
Lautier Joel,FRA,2672,2005-07-27,#D52B1E
Azmaiparashvili Zurab,GEO,2672,2005-07-27,#D52B1E
Karpov Anatoly,RUS,2672,2005-07-27,#D52B1E
Volokitin Andrei,UKR,2671,2005-07-27,#D52B1E
Kasimdzhanov Rustam,UZB,2670,2005-07-27,#D52B1E
Gurevich Mikhail,BEL,2669,2005-07-27,#D52B1E
Sakaev Konstantin,RUS,2669,2005-07-27,#D52B1E
Nielsen Peter Heine,DEN,2668,2005-07-27,#D52B1E
Georgiev Kiril,BUL,2666,2005-07-27,#D52B1E
Moiseenko Alexander,UKR,2664,2005-07-27,#D52B1E
Navara David,CZE,2663,2005-07-27,#D52B1E
Krasenkow Michal,POL,2663,2005-07-27,#D52B1E
Bruzon Lazaro,CUB,2662,2005-07-27,#D52B1E
Timofeev Artyom,RUS,2661,2005-07-27,#D52B1E
Nakamura Hikaru,USA,2660,2005-07-27,#D52B1E
Zvjaginsev Vadim,RUS,2659,2005-07-27,#D52B1E
Delchev Aleksander,BUL,2656,2005-07-27,#D52B1E
Van Wely Loek,NED,2655,2005-07-27,#D52B1E
Khalifman Alexander,RUS,2653,2005-07-27,#D52B1E
Avrukh Boris,ISR,2652,2005-07-27,#D52B1E
Smirin Ilia,ISR,2652,2005-07-27,#D52B1E
Sasikiran Krishnan,IND,2652,2005-07-27,#D52B1E
Ye Jiangchuan,CHN,2648,2005-07-27,#D52B1E
Mamedyarov Shakhriyar,AZE,2646,2005-07-27,#D52B1E
Movsesian Sergei,SVK,2645,2005-07-27,#D52B1E
Karjakin Sergey,UKR,2645,2005-07-27,#D52B1E
Milov Vadim,SUI,2645,2005-07-27,#D52B1E
Rublevsky Sergei,RUS,2645,2005-07-27,#D52B1E
Harikrishna P.,IND,2645,2005-07-27,#D52B1E
Efimenko Zahar,UKR,2643,2005-07-27,#D52B1E
Bauer Christian,FRA,2641,2005-07-27,#D52B1E
Vescovi Giovanni,BRA,2640,2005-07-27,#D52B1E
Eljanov Pavel,UKR,2639,2005-07-27,#D52B1E
Dominguez Lenier,CUB,2639,2005-07-27,#D52B1E
Huebner Robert Dr.,GER,2636,2005-07-27,#D52B1E
Smirnov Pavel,RUS,2635,2005-07-27,#D52B1E
Seirawan Yasser,USA,2635,2005-07-27,#D52B1E
Miroshnichenko Evgenij,UKR,2634,2005-07-27,#D52B1E
Cheparinov Ivan,BUL,2634,2005-07-27,#D52B1E
Aleksandrov Aleksej,BLR,2633,2005-07-27,#D52B1E
Bu Xiangzhi,CHN,2632,2005-07-27,#D52B1E
Lputian Smbat G,ARM,2629,2005-07-27,#D52B1E
Ni Hua,CHN,2629,2005-07-27,#D52B1E
Gyimesi Zoltan,HUN,2628,2005-07-27,#D52B1E
Onischuk Alexander,USA,2628,2005-07-27,#D52B1E
Fressinet Laurent,FRA,2627,2005-07-27,#D52B1E
Jakovenko Dmitry,RUS,2627,2005-07-27,#D52B1E
Alekseev Evgeny,RUS,2625,2005-07-27,#D52B1E
Areshchenko Alexander,UKR,2625,2005-07-27,#D52B1E
Tkachiev Vladislav,FRA,2625,2005-07-27,#D52B1E
McShane Luke J.,ENG,2625,2005-07-27,#D52B1E
Timman Jan H,NED,2625,2005-07-27,#D52B1E
Illescas Cordoba Miguel,ESP,2624,2005-07-27,#D52B1E
Istratescu Andrei,ROM,2624,2005-07-27,#D52B1E
Volkov Sergey,RUS,2622,2005-07-27,#D52B1E
Jobava Baadur,GEO,2621,2005-07-27,#D52B1E
Filippov Valerij,RUS,2621,2005-07-27,#D52B1E
Hjartarson Johann,ISL,2621,2005-07-27,#D52B1E
Almasi Zoltan,HUN,2619,2005-07-27,#D52B1E
Kempinski Robert,POL,2619,2005-07-27,#D52B1E
Berkes Ferenc,HUN,2619,2005-07-27,#D52B1E
Kazhgaleyev Murtas,KAZ,2619,2005-07-27,#D52B1E
Kharlov Andrei,RUS,2619,2005-07-27,#D52B1E
Felgaer Ruben,ARG,2618,2005-07-27,#D52B1E
Inarkiev Ernesto,RUS,2618,2005-07-27,#D52B1E
Lutz Christopher,GER,2616,2005-07-27,#D52B1E
Zhang Pengxiang,CHN,2616,2005-07-27,#D52B1E
Vladimirov Evgeny,KAZ,2616,2005-07-27,#D52B1E
Socko Bartosz,POL,2615,2005-07-27,#D52B1E
Korchnoi Viktor,SUI,2615,2005-07-27,#D52B1E
Goldin Alexander,USA,2615,2005-07-27,#D52B1E
Kasparov Garry,RUS,2812,2005-10-27,#D52B1E
Anand Viswanathan,IND,2788,2005-10-27,#D52B1E
Topalov Veselin,BUL,2782,2005-10-27,#D52B1E
Leko Peter,HUN,2751,2005-10-27,#D52B1E
Ivanchuk Vassily,UKR,2748,2005-10-27,#D52B1E
Svidler Peter,RUS,2740,2005-10-27,#D52B1E
Kramnik Vladimir,RUS,2739,2005-10-27,#D52B1E
Polgar Judit,HUN,2735,2005-10-27,#D52B1E
Bacrot Etienne,FRA,2725,2005-10-27,#D52B1E
Aronian Levon,ARM,2724,2005-10-27,#D52B1E
Grischuk Alexander,RUS,2720,2005-10-27,#D52B1E
Adams Michael,ENG,2718,2005-10-27,#D52B1E
Gelfand Boris,ISR,2717,2005-10-27,#D52B1E
Shirov Alexei,ESP,2710,2005-10-27,#D52B1E
Nisipeanu Liviu-Dieter,ROM,2707,2005-10-27,#D52B1E
Akopian Vladimir,ARM,2707,2005-10-27,#D52B1E
Morozevich Alexander,RUS,2707,2005-10-27,#D52B1E
Radjabov Teimour,AZE,2704,2005-10-27,#D52B1E
Ponomariov Ruslan,UKR,2704,2005-10-27,#D52B1E
Tiviakov Sergei,NED,2699,2005-10-27,#D52B1E
Sokolov Ivan,NED,2696,2005-10-27,#D52B1E
Dreev Alexey,RUS,2694,2005-10-27,#D52B1E
Kamsky Gata,USA,2690,2005-10-27,#D52B1E
Bologan Viktor,MDA,2682,2005-10-27,#D52B1E
Lautier Joel,FRA,2679,2005-10-27,#D52B1E
Bruzon Lazaro,CUB,2677,2005-10-27,#D52B1E
Bareev Evgeny,RUS,2675,2005-10-27,#D52B1E
Mamedyarov Shakhriyar,AZE,2674,2005-10-27,#D52B1E
Vallejo Pons Francisco,ESP,2674,2005-10-27,#D52B1E
Smirin Ilia,ISR,2673,2005-10-27,#D52B1E
Harikrishna P.,IND,2673,2005-10-27,#D52B1E
Short Nigel D.,ENG,2673,2005-10-27,#D52B1E
Karpov Anatoly,RUS,2672,2005-10-27,#D52B1E
Malakhov Vladimir,RUS,2670,2005-10-27,#D52B1E
Kasimdzhanov Rustam,UZB,2670,2005-10-27,#D52B1E
Delchev Aleksander,BUL,2669,2005-10-27,#D52B1E
Sakaev Konstantin,RUS,2668,2005-10-27,#D52B1E
Volokitin Andrei,UKR,2666,2005-10-27,#D52B1E
Moiseenko Alexander,UKR,2663,2005-10-27,#D52B1E
Sasikiran Krishnan,IND,2663,2005-10-27,#D52B1E
Eljanov Pavel,UKR,2663,2005-10-27,#D52B1E
Nakamura Hikaru,USA,2662,2005-10-27,#D52B1E
Zvjaginsev Vadim,RUS,2659,2005-10-27,#D52B1E
Karjakin Sergey,UKR,2658,2005-10-27,#D52B1E
Timofeev Artyom,RUS,2658,2005-10-27,#D52B1E
Azmaiparashvili Zurab,GEO,2658,2005-10-27,#D52B1E
Krasenkow Michal,POL,2655,2005-10-27,#D52B1E
Sutovsky Emil,ISR,2654,2005-10-27,#D52B1E
Areshchenko Alexander,UKR,2653,2005-10-27,#D52B1E
Khalifman Alexander,RUS,2653,2005-10-27,#D52B1E
Milov Vadim,SUI,2652,2005-10-27,#D52B1E
Avrukh Boris,ISR,2652,2005-10-27,#D52B1E
Gurevich Mikhail,BEL,2652,2005-10-27,#D52B1E
Rublevsky Sergei,RUS,2652,2005-10-27,#D52B1E
Van Wely Loek,NED,2648,2005-10-27,#D52B1E
Georgiev Kiril,BUL,2648,2005-10-27,#D52B1E
Izoria Zviad,GEO,2646,2005-10-27,#D52B1E
Navara David,CZE,2646,2005-10-27,#D52B1E
Nielsen Peter Heine,DEN,2646,2005-10-27,#D52B1E
Vescovi Giovanni,BRA,2646,2005-10-27,#D52B1E
Asrian Karen,ARM,2645,2005-10-27,#D52B1E
Jakovenko Dmitry,RUS,2644,2005-10-27,#D52B1E
Najer Evgeniy,RUS,2641,2005-10-27,#D52B1E
Naiditsch Arkadij,GER,2641,2005-10-27,#D52B1E
Onischuk Alexander,USA,2640,2005-10-27,#D52B1E
Almasi Zoltan,HUN,2640,2005-10-27,#D52B1E
Granda Zuniga Julio E,PER,2637,2005-10-27,#D52B1E
Efimenko Zahar,UKR,2637,2005-10-27,#D52B1E
Smirnov Pavel,RUS,2637,2005-10-27,#D52B1E
Bu Xiangzhi,CHN,2637,2005-10-27,#D52B1E
Huebner Robert Dr.,GER,2637,2005-10-27,#D52B1E
Aleksandrov Aleksej,BLR,2636,2005-10-27,#D52B1E
Miton Kamil,POL,2635,2005-10-27,#D52B1E
Movsesian Sergei,SVK,2635,2005-10-27,#D52B1E
Dominguez Lenier,CUB,2635,2005-10-27,#D52B1E
Seirawan Yasser,USA,2635,2005-10-27,#D52B1E
Kobalia Mikhail,RUS,2634,2005-10-27,#D52B1E
Miroshnichenko Evgenij,UKR,2634,2005-10-27,#D52B1E
Motylev Alexander,RUS,2632,2005-10-27,#D52B1E
Alekseev Evgeny,RUS,2632,2005-10-27,#D52B1E
Beliavsky Alexander G,SLO,2631,2005-10-27,#D52B1E
Timman Jan H,NED,2630,2005-10-27,#D52B1E
Tkachiev Vladislav,FRA,2629,2005-10-27,#D52B1E
Kotronias Vasilios,GRE,2626,2005-10-27,#D52B1E
Bauer Christian,FRA,2625,2005-10-27,#D52B1E
Felgaer Ruben,ARG,2624,2005-10-27,#D52B1E
Gyimesi Zoltan,HUN,2624,2005-10-27,#D52B1E
Fressinet Laurent,FRA,2623,2005-10-27,#D52B1E
Sokolov Andrei,FRA,2622,2005-10-27,#D52B1E
Istratescu Andrei,ROM,2622,2005-10-27,#D52B1E
Atalik Suat,TUR,2620,2005-10-27,#D52B1E
Korchnoi Viktor,SUI,2620,2005-10-27,#D52B1E
Belov Vladimir,RUS,2620,2005-10-27,#D52B1E
Milos Gilberto,BRA,2620,2005-10-27,#D52B1E
Kempinski Robert,POL,2619,2005-10-27,#D52B1E
Hjartarson Johann,ISL,2619,2005-10-27,#D52B1E
Ehlvest Jaan,EST,2618,2005-10-27,#D52B1E
Cheparinov Ivan,BUL,2618,2005-10-27,#D52B1E
Ibragimov Ildar,USA,2617,2005-10-27,#D52B1E
Fedorov Alexei,BLR,2616,2005-10-27,#D52B1E
Vladimirov Evgeny,KAZ,2616,2005-10-27,#D52B1E
Kasparov Garry,RUS,2812,2006-01-27,#D52B1E
Topalov Veselin,BUL,2801,2006-01-27,#D52B1E
Anand Viswanathan,IND,2792,2006-01-27,#D52B1E
Svidler Peter,RUS,2765,2006-01-27,#D52B1E
Aronian Levon,ARM,2752,2006-01-27,#D52B1E
Kramnik Vladimir,RUS,2741,2006-01-27,#D52B1E
Leko Peter,HUN,2740,2006-01-27,#D52B1E
Ivanchuk Vassily,UKR,2729,2006-01-27,#D52B1E
Gelfand Boris,ISR,2723,2006-01-27,#D52B1E
Ponomariov Ruslan,UKR,2723,2006-01-27,#D52B1E
Morozevich Alexander,RUS,2721,2006-01-27,#D52B1E
Grischuk Alexander,RUS,2717,2006-01-27,#D52B1E
Bacrot Etienne,FRA,2717,2006-01-27,#D52B1E
Polgar Judit,HUN,2711,2006-01-27,#D52B1E
Mamedyarov Shakhriyar,AZE,2709,2006-01-27,#D52B1E
Shirov Alexei,ESP,2709,2006-01-27,#D52B1E
Adams Michael,ENG,2707,2006-01-27,#D52B1E
Akopian Vladimir,ARM,2704,2006-01-27,#D52B1E
Radjabov Teimour,AZE,2700,2006-01-27,#D52B1E
Bareev Evgeny,RUS,2698,2006-01-27,#D52B1E
Dreev Alexey,RUS,2697,2006-01-27,#D52B1E
Malakhov Vladimir,RUS,2694,2006-01-27,#D52B1E
Nisipeanu Liviu-Dieter,ROM,2693,2006-01-27,#D52B1E
Sokolov Ivan,NED,2689,2006-01-27,#D52B1E
Kamsky Gata,USA,2686,2006-01-27,#D52B1E
Lautier Joel,FRA,2682,2006-01-27,#D52B1E
Short Nigel D.,ENG,2676,2006-01-27,#D52B1E
Harikrishna P.,IND,2673,2006-01-27,#D52B1E
Karpov Anatoly,RUS,2672,2006-01-27,#D52B1E
Sasikiran Krishnan,IND,2670,2006-01-27,#D52B1E
Areshchenko Alexander,UKR,2670,2006-01-27,#D52B1E
Kasimdzhanov Rustam,UZB,2670,2006-01-27,#D52B1E
Tiviakov Sergei,NED,2669,2006-01-27,#D52B1E
Efimenko Zahar,UKR,2666,2006-01-27,#D52B1E
Rublevsky Sergei,RUS,2665,2006-01-27,#D52B1E
Volokitin Andrei,UKR,2665,2006-01-27,#D52B1E
Zvjaginsev Vadim,RUS,2664,2006-01-27,#D52B1E
Smirin Ilia,ISR,2662,2006-01-27,#D52B1E
Jakovenko Dmitry,RUS,2662,2006-01-27,#D52B1E
Delchev Aleksander,BUL,2661,2006-01-27,#D52B1E
Bologan Viktor,MDA,2661,2006-01-27,#D52B1E
Karjakin Sergey,UKR,2660,2006-01-27,#D52B1E
Khalifman Alexander,RUS,2660,2006-01-27,#D52B1E
Navara David,CZE,2660,2006-01-27,#D52B1E
Azmaiparashvili Zurab,GEO,2658,2006-01-27,#D52B1E
Naiditsch Arkadij,GER,2657,2006-01-27,#D52B1E
Moiseenko Alexander,UKR,2657,2006-01-27,#D52B1E
Eljanov Pavel,UKR,2655,2006-01-27,#D52B1E
Kobalia Mikhail,RUS,2654,2006-01-27,#D52B1E
Timofeev Artyom,RUS,2653,2006-01-27,#D52B1E
Aleksandrov Aleksej,BLR,2653,2006-01-27,#D52B1E
Izoria Zviad,GEO,2652,2006-01-27,#D52B1E
Najer Evgeniy,RUS,2652,2006-01-27,#D52B1E
Vallejo Pons Francisco,ESP,2650,2006-01-27,#D52B1E
Bruzon Lazaro,CUB,2650,2006-01-27,#D52B1E
Onischuk Alexander,USA,2650,2006-01-27,#D52B1E
Korneev Oleg,RUS,2649,2006-01-27,#D52B1E
Sakaev Konstantin,RUS,2649,2006-01-27,#D52B1E
Van Wely Loek,NED,2647,2006-01-27,#D52B1E
Miton Kamil,POL,2646,2006-01-27,#D52B1E
Asrian Karen,ARM,2646,2006-01-27,#D52B1E
Almasi Zoltan,HUN,2646,2006-01-27,#D52B1E
Georgiev Kiril,BUL,2645,2006-01-27,#D52B1E
Bu Xiangzhi,CHN,2645,2006-01-27,#D52B1E
Nakamura Hikaru,USA,2644,2006-01-27,#D52B1E
Nielsen Peter Heine,DEN,2644,2006-01-27,#D52B1E
Tkachiev Vladislav,FRA,2642,2006-01-27,#D52B1E
Motylev Alexander,RUS,2638,2006-01-27,#D52B1E
Zhang Pengxiang,CHN,2638,2006-01-27,#D52B1E
Milov Vadim,SUI,2638,2006-01-27,#D52B1E
Dominguez Lenier,CUB,2638,2006-01-27,#D52B1E
Krasenkow Michal,POL,2636,2006-01-27,#D52B1E
Ibragimov Ildar,USA,2635,2006-01-27,#D52B1E
Seirawan Yasser,USA,2635,2006-01-27,#D52B1E
Alekseev Evgeny,RUS,2634,2006-01-27,#D52B1E
Vescovi Giovanni,BRA,2633,2006-01-27,#D52B1E
Gurevich Mikhail,TUR,2633,2006-01-27,#D52B1E
Avrukh Boris,ISR,2633,2006-01-27,#D52B1E
Sokolov Andrei,FRA,2632,2006-01-27,#D52B1E
Movsesian Sergei,SVK,2632,2006-01-27,#D52B1E
Huebner Robert Dr.,GER,2632,2006-01-27,#D52B1E
Granda Zuniga Julio E,PER,2631,2006-01-27,#D52B1E
Timman Jan H,NED,2630,2006-01-27,#D52B1E
Volkov Sergey,RUS,2629,2006-01-27,#D52B1E
Zhang Zhong,CHN,2629,2006-01-27,#D52B1E
Sadvakasov Darmen,KAZ,2629,2006-01-27,#D52B1E
Bauer Christian,FRA,2627,2006-01-27,#D52B1E
Beliavsky Alexander G,SLO,2626,2006-01-27,#D52B1E
Carlsen Magnus,NOR,2625,2006-01-27,#D52B1E
Gashimov Vugar,AZE,2625,2006-01-27,#D52B1E
Fressinet Laurent,FRA,2625,2006-01-27,#D52B1E
Cheparinov Ivan,BUL,2625,2006-01-27,#D52B1E
Sutovsky Emil,ISR,2624,2006-01-27,#D52B1E
Kotronias Vasilios,GRE,2622,2006-01-27,#D52B1E
Ehlvest Jaan,EST,2619,2006-01-27,#D52B1E
Miroshnichenko Evgenij,UKR,2619,2006-01-27,#D52B1E
Kempinski Robert,POL,2619,2006-01-27,#D52B1E
Hjartarson Johann,ISL,2619,2006-01-27,#D52B1E
Atalik Suat,TUR,2618,2006-01-27,#D52B1E
Istratescu Andrei,ROM,2618,2006-01-27,#D52B1E
Paragua Mark,PHI,2618,2006-01-27,#D52B1E
Topalov Veselin,BUL,2804,2006-04-27,#D52B1E
Anand Viswanathan,IND,2803,2006-04-27,#D52B1E
Aronian Levon,ARM,2756,2006-04-27,#D52B1E
Svidler Peter,RUS,2743,2006-04-27,#D52B1E
Leko Peter,HUN,2738,2006-04-27,#D52B1E
Ponomariov Ruslan,UKR,2738,2006-04-27,#D52B1E
Ivanchuk Vassily,UKR,2731,2006-04-27,#D52B1E
Morozevich Alexander,RUS,2730,2006-04-27,#D52B1E
Kramnik Vladimir,RUS,2729,2006-04-27,#D52B1E
Gelfand Boris,ISR,2727,2006-04-27,#D52B1E
Adams Michael,ENG,2720,2006-04-27,#D52B1E
Grischuk Alexander,RUS,2719,2006-04-27,#D52B1E
Radjabov Teimour,AZE,2717,2006-04-27,#D52B1E
Polgar Judit,HUN,2711,2006-04-27,#D52B1E
Bacrot Etienne,FRA,2708,2006-04-27,#D52B1E
Akopian Vladimir,ARM,2706,2006-04-27,#D52B1E
Bareev Evgeny,RUS,2701,2006-04-27,#D52B1E
Shirov Alexei,ESP,2699,2006-04-27,#D52B1E
Mamedyarov Shakhriyar,AZE,2699,2006-04-27,#D52B1E
Nisipeanu Liviu-Dieter,ROM,2695,2006-04-27,#D52B1E
Sasikiran Krishnan,IND,2692,2006-04-27,#D52B1E
Malakhov Vladimir,RUS,2691,2006-04-27,#D52B1E
Rublevsky Sergei,RUS,2687,2006-04-27,#D52B1E
Lautier Joel,FRA,2682,2006-04-27,#D52B1E
Harikrishna P.,IND,2680,2006-04-27,#D52B1E
Georgiev Kiril,BUL,2677,2006-04-27,#D52B1E
Short Nigel D.,ENG,2677,2006-04-27,#D52B1E
Sokolov Ivan,NED,2676,2006-04-27,#D52B1E
Jakovenko Dmitry,RUS,2675,2006-04-27,#D52B1E
Kasimdzhanov Rustam,UZB,2673,2006-04-27,#D52B1E
Dreev Alexey,RUS,2673,2006-04-27,#D52B1E
Karpov Anatoly,RUS,2672,2006-04-27,#D52B1E
Kamsky Gata,USA,2671,2006-04-27,#D52B1E
Korneev Oleg,RUS,2671,2006-04-27,#D52B1E
Zvjaginsev Vadim,RUS,2670,2006-04-27,#D52B1E
Azmaiparashvili Zurab,GEO,2669,2006-04-27,#D52B1E
Tiviakov Sergei,NED,2669,2006-04-27,#D52B1E
Bologan Viktor,MDA,2666,2006-04-27,#D52B1E
Vallejo Pons Francisco,ESP,2666,2006-04-27,#D52B1E
Eljanov Pavel,UKR,2665,2006-04-27,#D52B1E
Naiditsch Arkadij,GER,2664,2006-04-27,#D52B1E
Nakamura Hikaru,USA,2664,2006-04-27,#D52B1E
Smirin Ilia,ISR,2662,2006-04-27,#D52B1E
Moiseenko Alexander,UKR,2662,2006-04-27,#D52B1E
Karjakin Sergey,UKR,2661,2006-04-27,#D52B1E
Areshchenko Alexander,UKR,2660,2006-04-27,#D52B1E
Motylev Alexander,RUS,2660,2006-04-27,#D52B1E
Volokitin Andrei,UKR,2660,2006-04-27,#D52B1E
Gashimov Vugar,AZE,2659,2006-04-27,#D52B1E
Navara David,CZE,2658,2006-04-27,#D52B1E
Almasi Zoltan,HUN,2657,2006-04-27,#D52B1E
Van Wely Loek,NED,2655,2006-04-27,#D52B1E
Kobalia Mikhail,RUS,2654,2006-04-27,#D52B1E
Najer Evgeniy,RUS,2653,2006-04-27,#D52B1E
Bruzon Lazaro,CUB,2652,2006-04-27,#D52B1E
Krasenkow Michal,POL,2650,2006-04-27,#D52B1E
Onischuk Alexander,USA,2650,2006-04-27,#D52B1E
Efimenko Zahar,UKR,2648,2006-04-27,#D52B1E
Izoria Zviad,GEO,2647,2006-04-27,#D52B1E
Dominguez Lenier,CUB,2647,2006-04-27,#D52B1E
Nielsen Peter Heine,DEN,2646,2006-04-27,#D52B1E
Asrian Karen,ARM,2646,2006-04-27,#D52B1E
Carlsen Magnus,NOR,2646,2006-04-27,#D52B1E
Timofeev Artyom,RUS,2646,2006-04-27,#D52B1E
Miton Kamil,POL,2646,2006-04-27,#D52B1E
Jobava Baadur,GEO,2646,2006-04-27,#D52B1E
Gurevich Mikhail,TUR,2643,2006-04-27,#D52B1E
Tkachiev Vladislav,FRA,2643,2006-04-27,#D52B1E
Khalifman Alexander,RUS,2640,2006-04-27,#D52B1E
Delchev Aleksander,BUL,2640,2006-04-27,#D52B1E
Alekseev Evgeny,RUS,2640,2006-04-27,#D52B1E
Bu Xiangzhi,CHN,2640,2006-04-27,#D52B1E
Zhang Zhong,CHN,2640,2006-04-27,#D52B1E
Bauer Christian,FRA,2638,2006-04-27,#D52B1E
Ibragimov Ildar,USA,2637,2006-04-27,#D52B1E
Sakaev Konstantin,RUS,2637,2006-04-27,#D52B1E
Seirawan Yasser,USA,2635,2006-04-27,#D52B1E
Cheparinov Ivan,BUL,2635,2006-04-27,#D52B1E
Aleksandrov Aleksej,BLR,2634,2006-04-27,#D52B1E
Fressinet Laurent,FRA,2633,2006-04-27,#D52B1E
Avrukh Boris,ISR,2633,2006-04-27,#D52B1E
Atalik Suat,TUR,2632,2006-04-27,#D52B1E
Huebner Robert Dr.,GER,2632,2006-04-27,#D52B1E
Granda Zuniga Julio E,PER,2631,2006-04-27,#D52B1E
Sutovsky Emil,ISR,2628,2006-04-27,#D52B1E
Sokolov Andrei,FRA,2628,2006-04-27,#D52B1E
Milov Vadim,SUI,2625,2006-04-27,#D52B1E
Zhang Pengxiang,CHN,2623,2006-04-27,#D52B1E
Beliavsky Alexander G,SLO,2622,2006-04-27,#D52B1E
Vescovi Giovanni,BRA,2622,2006-04-27,#D52B1E
Istratescu Andrei,ROM,2621,2006-04-27,#D52B1E
Volkov Sergey,RUS,2620,2006-04-27,#D52B1E
Sadvakasov Darmen,KAZ,2619,2006-04-27,#D52B1E
Lputian Smbat G,ARM,2619,2006-04-27,#D52B1E
Hjartarson Johann,ISL,2619,2006-04-27,#D52B1E
Galkin Alexander,RUS,2618,2006-04-27,#D52B1E
Korotylev Alexey,RUS,2618,2006-04-27,#D52B1E
Movsesian Sergei,SVK,2618,2006-04-27,#D52B1E
Paragua Mark,PHI,2617,2006-04-27,#D52B1E
Timman Jan H,NED,2616,2006-04-27,#D52B1E
Vladimirov Evgeny,KAZ,2616,2006-04-27,#D52B1E
Topalov Veselin,BUL,2813,2006-07-27,#D52B1E
Anand Viswanathan,IND,2779,2006-07-27,#D52B1E
Aronian Levon,ARM,2761,2006-07-27,#D52B1E
Kramnik Vladimir,RUS,2743,2006-07-27,#D52B1E
Svidler Peter,RUS,2742,2006-07-27,#D52B1E
Leko Peter,HUN,2738,2006-07-27,#D52B1E
Ivanchuk Vassily,UKR,2734,2006-07-27,#D52B1E
Adams Michael,ENG,2732,2006-07-27,#D52B1E
Morozevich Alexander,RUS,2731,2006-07-27,#D52B1E
Gelfand Boris,ISR,2729,2006-07-27,#D52B1E
Radjabov Teimour,AZE,2728,2006-07-27,#D52B1E
Mamedyarov Shakhriyar,AZE,2722,2006-07-27,#D52B1E
Ponomariov Ruslan,UKR,2721,2006-07-27,#D52B1E
Navara David,CZE,2719,2006-07-27,#D52B1E
Shirov Alexei,ESP,2716,2006-07-27,#D52B1E
Akopian Vladimir,ARM,2713,2006-07-27,#D52B1E
Polgar Judit,HUN,2710,2006-07-27,#D52B1E
Grischuk Alexander,RUS,2709,2006-07-27,#D52B1E
Bacrot Etienne,FRA,2707,2006-07-27,#D52B1E
Kamsky Gata,USA,2697,2006-07-27,#D52B1E
Nisipeanu Liviu-Dieter,ROM,2696,2006-07-27,#D52B1E
Malakhov Vladimir,RUS,2690,2006-07-27,#D52B1E
Georgiev Kiril,BUL,2685,2006-07-27,#D52B1E
Bareev Evgeny,RUS,2683,2006-07-27,#D52B1E
Harikrishna P.,IND,2682,2006-07-27,#D52B1E
Karjakin Sergey,UKR,2679,2006-07-27,#D52B1E
Najer Evgeniy,RUS,2677,2006-07-27,#D52B1E
Short Nigel D.,ENG,2676,2006-07-27,#D52B1E
Sasikiran Krishnan,IND,2675,2006-07-27,#D52B1E
Van Wely Loek,NED,2675,2006-07-27,#D52B1E
Carlsen Magnus,NOR,2675,2006-07-27,#D52B1E
Lautier Joel,FRA,2675,2006-07-27,#D52B1E
Zvjaginsev Vadim,RUS,2675,2006-07-27,#D52B1E
Vallejo Pons Francisco,ESP,2674,2006-07-27,#D52B1E
Almasi Zoltan,HUN,2672,2006-07-27,#D52B1E
Kasimdzhanov Rustam,UZB,2672,2006-07-27,#D52B1E
Azmaiparashvili Zurab,GEO,2669,2006-07-27,#D52B1E
Onischuk Alexander,USA,2668,2006-07-27,#D52B1E
Tiviakov Sergei,NED,2668,2006-07-27,#D52B1E
Karpov Anatoly,RUS,2668,2006-07-27,#D52B1E
Sargissian Gabriel,ARM,2667,2006-07-27,#D52B1E
Jakovenko Dmitry,RUS,2667,2006-07-27,#D52B1E
Rublevsky Sergei,RUS,2667,2006-07-27,#D52B1E
Bruzon Lazaro,CUB,2667,2006-07-27,#D52B1E
Dreev Alexey,RUS,2666,2006-07-27,#D52B1E
Naiditsch Arkadij,GER,2664,2006-07-27,#D52B1E
Bu Xiangzhi,CHN,2664,2006-07-27,#D52B1E
Motylev Alexander,RUS,2662,2006-07-27,#D52B1E
Volokitin Andrei,UKR,2662,2006-07-27,#D52B1E
Izoria Zviad,GEO,2660,2006-07-27,#D52B1E
Smirin Ilia,ISR,2659,2006-07-27,#D52B1E
Dominguez Lenier,CUB,2658,2006-07-27,#D52B1E
Timofeev Artyom,RUS,2657,2006-07-27,#D52B1E
Sokolov Ivan,NED,2652,2006-07-27,#D52B1E
Eljanov Pavel,UKR,2651,2006-07-27,#D52B1E
Jobava Baadur,GEO,2651,2006-07-27,#D52B1E
Moiseenko Alexander,UKR,2649,2006-07-27,#D52B1E
Kobalia Mikhail,RUS,2647,2006-07-27,#D52B1E
Tkachiev Vladislav,FRA,2645,2006-07-27,#D52B1E
Bologan Viktor,MDA,2645,2006-07-27,#D52B1E
Gashimov Vugar,AZE,2644,2006-07-27,#D52B1E
Alekseev Evgeny,RUS,2644,2006-07-27,#D52B1E
Gurevich Mikhail,TUR,2643,2006-07-27,#D52B1E
Sakaev Konstantin,RUS,2642,2006-07-27,#D52B1E
Areshchenko Alexander,UKR,2641,2006-07-27,#D52B1E
Avrukh Boris,ISR,2641,2006-07-27,#D52B1E
Nielsen Peter Heine,DEN,2640,2006-07-27,#D52B1E
Zhang Zhong,CHN,2639,2006-07-27,#D52B1E
Miton Kamil,POL,2638,2006-07-27,#D52B1E
Korneev Oleg,RUS,2638,2006-07-27,#D52B1E
Seirawan Yasser,USA,2638,2006-07-27,#D52B1E
Delchev Aleksander,BUL,2637,2006-07-27,#D52B1E
Movsesian Sergei,SVK,2637,2006-07-27,#D52B1E
Krasenkow Michal,POL,2635,2006-07-27,#D52B1E
Asrian Karen,ARM,2635,2006-07-27,#D52B1E
Granda Zuniga Julio E,PER,2634,2006-07-27,#D52B1E
Lputian Smbat G,ARM,2634,2006-07-27,#D52B1E
Nakamura Hikaru,USA,2632,2006-07-27,#D52B1E
Efimenko Zahar,UKR,2632,2006-07-27,#D52B1E
Cheparinov Ivan,BUL,2632,2006-07-27,#D52B1E
Volkov Sergey,RUS,2628,2006-07-27,#D52B1E
Aleksandrov Aleksej,BLR,2627,2006-07-27,#D52B1E
Fressinet Laurent,FRA,2626,2006-07-27,#D52B1E
Wang Yue,CHN,2626,2006-07-27,#D52B1E
Nikolic Predrag,BIH,2626,2006-07-27,#D52B1E
Beliavsky Alexander G,SLO,2625,2006-07-27,#D52B1E
Damljanovic Branko,SCG,2625,2006-07-27,#D52B1E
Hansen Curt,DEN,2625,2006-07-27,#D52B1E
Inarkiev Ernesto,RUS,2625,2006-07-27,#D52B1E
Ibragimov Ildar,USA,2624,2006-07-27,#D52B1E
Riazantsev Alexander,RUS,2622,2006-07-27,#D52B1E
Wojtaszek Radoslaw,POL,2622,2006-07-27,#D52B1E
Zhang Pengxiang,CHN,2622,2006-07-27,#D52B1E
Khalifman Alexander,RUS,2622,2006-07-27,#D52B1E
Socko Bartosz,POL,2621,2006-07-27,#D52B1E
Baklan Vladimir,UKR,2621,2006-07-27,#D52B1E
Afromeev Vladimir,RUS,2620,2006-07-27,#D52B1E
Milov Vadim,SUI,2620,2006-07-27,#D52B1E
Illescas Cordoba Miguel,ESP,2620,2006-07-27,#D52B1E
Vescovi Giovanni,BRA,2619,2006-07-27,#D52B1E
Atalik Suat,TUR,2619,2006-07-27,#D52B1E
Topalov Veselin,BUL,2813,2006-10-27,#D52B1E
Anand Viswanathan,IND,2779,2006-10-27,#D52B1E
Kramnik Vladimir,RUS,2750,2006-10-27,#D52B1E
Svidler Peter,RUS,2750,2006-10-27,#D52B1E
Morozevich Alexander,RUS,2747,2006-10-27,#D52B1E
Ivanchuk Vassily,UKR,2741,2006-10-27,#D52B1E
Aronian Levon,ARM,2741,2006-10-27,#D52B1E
Leko Peter,HUN,2741,2006-10-27,#D52B1E
Adams Michael,ENG,2735,2006-10-27,#D52B1E
Gelfand Boris,ISR,2733,2006-10-27,#D52B1E
Radjabov Teimour,AZE,2729,2006-10-27,#D52B1E
Mamedyarov Shakhriyar,AZE,2728,2006-10-27,#D52B1E
Navara David,CZE,2725,2006-10-27,#D52B1E
Shirov Alexei,ESP,2720,2006-10-27,#D52B1E
Akopian Vladimir,ARM,2713,2006-10-27,#D52B1E
Polgar Judit,HUN,2710,2006-10-27,#D52B1E
Grischuk Alexander,RUS,2710,2006-10-27,#D52B1E
Bacrot Etienne,FRA,2705,2006-10-27,#D52B1E
Kamsky Gata,USA,2705,2006-10-27,#D52B1E
Ponomariov Ruslan,UKR,2703,2006-10-27,#D52B1E
Carlsen Magnus,NOR,2698,2006-10-27,#D52B1E
Nisipeanu Liviu-Dieter,ROM,2690,2006-10-27,#D52B1E
Rublevsky Sergei,RUS,2688,2006-10-27,#D52B1E
Bareev Evgeny,RUS,2683,2006-10-27,#D52B1E
Malakhov Vladimir,RUS,2682,2006-10-27,#D52B1E
Georgiev Kiril,BUL,2680,2006-10-27,#D52B1E
Tiviakov Sergei,NED,2680,2006-10-27,#D52B1E
Short Nigel D.,ENG,2677,2006-10-27,#D52B1E
Van Wely Loek,NED,2676,2006-10-27,#D52B1E
Naiditsch Arkadij,GER,2676,2006-10-27,#D52B1E
Sasikiran Krishnan,IND,2675,2006-10-27,#D52B1E
Harikrishna P.,IND,2674,2006-10-27,#D52B1E
Zvjaginsev Vadim,RUS,2674,2006-10-27,#D52B1E
Vallejo Pons Francisco,ESP,2674,2006-10-27,#D52B1E
Karjakin Sergey,UKR,2672,2006-10-27,#D52B1E
Kasimdzhanov Rustam,UZB,2672,2006-10-27,#D52B1E
Bu Xiangzhi,CHN,2671,2006-10-27,#D52B1E
Jakovenko Dmitry,RUS,2671,2006-10-27,#D52B1E
Sokolov Ivan,NED,2670,2006-10-27,#D52B1E
Onischuk Alexander,USA,2668,2006-10-27,#D52B1E
Sargissian Gabriel,ARM,2667,2006-10-27,#D52B1E
Almasi Zoltan,HUN,2664,2006-10-27,#D52B1E
Timofeev Artyom,RUS,2662,2006-10-27,#D52B1E
Motylev Alexander,RUS,2662,2006-10-27,#D52B1E
Bologan Viktor,MDA,2659,2006-10-27,#D52B1E
Smirin Ilia,ISR,2659,2006-10-27,#D52B1E
Eljanov Pavel,UKR,2658,2006-10-27,#D52B1E
Izoria Zviad,GEO,2657,2006-10-27,#D52B1E
Korneev Oleg,RUS,2657,2006-10-27,#D52B1E
Milov Vadim,SUI,2657,2006-10-27,#D52B1E
Lautier Joel,FRA,2656,2006-10-27,#D52B1E
Dominguez Lenier,CUB,2655,2006-10-27,#D52B1E
Dreev Alexey,RUS,2655,2006-10-27,#D52B1E
Tkachiev Vladislav,FRA,2653,2006-10-27,#D52B1E
Jobava Baadur,GEO,2650,2006-10-27,#D52B1E
Gurevich Mikhail,TUR,2648,2006-10-27,#D52B1E
Najer Evgeniy,RUS,2648,2006-10-27,#D52B1E
Bruzon Lazaro,CUB,2648,2006-10-27,#D52B1E
Krasenkow Michal,POL,2647,2006-10-27,#D52B1E
Granda Zuniga Julio E,PER,2646,2006-10-27,#D52B1E
Volokitin Andrei,UKR,2645,2006-10-27,#D52B1E
Wang Yue,CHN,2644,2006-10-27,#D52B1E
Avrukh Boris,ISR,2644,2006-10-27,#D52B1E
Gashimov Vugar,AZE,2643,2006-10-27,#D52B1E
Kobalia Mikhail,RUS,2643,2006-10-27,#D52B1E
Sakaev Konstantin,RUS,2641,2006-10-27,#D52B1E
Nijboer Friso,NED,2641,2006-10-27,#D52B1E
Nielsen Peter Heine,DEN,2640,2006-10-27,#D52B1E
Areshchenko Alexander,UKR,2640,2006-10-27,#D52B1E
Nakamura Hikaru,USA,2640,2006-10-27,#D52B1E
Fressinet Laurent,FRA,2640,2006-10-27,#D52B1E
Alekseev Evgeny,RUS,2639,2006-10-27,#D52B1E
Beliavsky Alexander G,SLO,2639,2006-10-27,#D52B1E
Azmaiparashvili Zurab,GEO,2638,2006-10-27,#D52B1E
Miton Kamil,POL,2638,2006-10-27,#D52B1E
Seirawan Yasser,USA,2638,2006-10-27,#D52B1E
Movsesian Sergei,SVK,2637,2006-10-27,#D52B1E
Zhang Pengxiang,CHN,2636,2006-10-27,#D52B1E
Lputian Smbat G,ARM,2634,2006-10-27,#D52B1E
Asrian Karen,ARM,2634,2006-10-27,#D52B1E
Moiseenko Alexander,UKR,2632,2006-10-27,#D52B1E
Riazantsev Alexander,RUS,2632,2006-10-27,#D52B1E
Cheparinov Ivan,BUL,2632,2006-10-27,#D52B1E
Wojtaszek Radoslaw,POL,2630,2006-10-27,#D52B1E
Socko Bartosz,POL,2630,2006-10-27,#D52B1E
Delchev Aleksander,BUL,2628,2006-10-27,#D52B1E
Inarkiev Ernesto,RUS,2628,2006-10-27,#D52B1E
Volkov Sergey,RUS,2628,2006-10-27,#D52B1E
Afromeev Vladimir,RUS,2628,2006-10-27,#D52B1E
Miroshnichenko Evgenij,UKR,2627,2006-10-27,#D52B1E
Nikolic Predrag,BIH,2626,2006-10-27,#D52B1E
Smirnov Pavel,RUS,2623,2006-10-27,#D52B1E
Wang Hao,CHN,2622,2006-10-27,#D52B1E
Baklan Vladimir,UKR,2622,2006-10-27,#D52B1E
Khalifman Alexander,RUS,2622,2006-10-27,#D52B1E
Macieja Bartlomiej,POL,2622,2006-10-27,#D52B1E
Ni Hua,CHN,2621,2006-10-27,#D52B1E
Hansen Curt,DEN,2621,2006-10-27,#D52B1E
Illescas Cordoba Miguel,ESP,2620,2006-10-27,#D52B1E
Khenkin Igor,GER,2620,2006-10-27,#D52B1E
Topalov Veselin,BUL,2783,2007-01-27,#D52B1E
Anand Viswanathan,IND,2779,2007-01-27,#D52B1E
Kramnik Vladimir,RUS,2766,2007-01-27,#D52B1E
Mamedyarov Shakhriyar,AZE,2754,2007-01-27,#D52B1E
Ivanchuk Vassily,UKR,2750,2007-01-27,#D52B1E
Leko Peter,HUN,2749,2007-01-27,#D52B1E
Aronian Levon,ARM,2744,2007-01-27,#D52B1E
Morozevich Alexander,RUS,2741,2007-01-27,#D52B1E
Adams Michael,ENG,2735,2007-01-27,#D52B1E
Gelfand Boris,ISR,2733,2007-01-27,#D52B1E
Radjabov Teimour,AZE,2729,2007-01-27,#D52B1E
Svidler Peter,RUS,2728,2007-01-27,#D52B1E
Polgar Judit,HUN,2727,2007-01-27,#D52B1E
Ponomariov Ruslan,UKR,2723,2007-01-27,#D52B1E
Navara David,CZE,2719,2007-01-27,#D52B1E
Grischuk Alexander,RUS,2717,2007-01-27,#D52B1E
Shirov Alexei,ESP,2715,2007-01-27,#D52B1E
Bacrot Etienne,FRA,2705,2007-01-27,#D52B1E
Kamsky Gata,USA,2705,2007-01-27,#D52B1E
Akopian Vladimir,ARM,2700,2007-01-27,#D52B1E
Sasikiran Krishnan,IND,2700,2007-01-27,#D52B1E
Jakovenko Dmitry,RUS,2691,2007-01-27,#D52B1E
Short Nigel D.,ENG,2691,2007-01-27,#D52B1E
Carlsen Magnus,NOR,2690,2007-01-27,#D52B1E
Nisipeanu Liviu-Dieter,ROM,2689,2007-01-27,#D52B1E
Van Wely Loek,NED,2683,2007-01-27,#D52B1E
Tiviakov Sergei,NED,2682,2007-01-27,#D52B1E
Kasimdzhanov Rustam,UZB,2682,2007-01-27,#D52B1E
Vallejo Pons Francisco,ESP,2679,2007-01-27,#D52B1E
Karjakin Sergey,UKR,2678,2007-01-27,#D52B1E
Dominguez Lenier,CUB,2677,2007-01-27,#D52B1E
Rublevsky Sergei,RUS,2677,2007-01-27,#D52B1E
Eljanov Pavel,UKR,2675,2007-01-27,#D52B1E
Harikrishna P.,IND,2673,2007-01-27,#D52B1E
Inarkiev Ernesto,RUS,2669,2007-01-27,#D52B1E
Almasi Zoltan,HUN,2669,2007-01-27,#D52B1E
Milov Vadim,SUI,2665,2007-01-27,#D52B1E
Timofeev Artyom,RUS,2663,2007-01-27,#D52B1E
Malakhov Vladimir,RUS,2663,2007-01-27,#D52B1E
Onischuk Alexander,USA,2663,2007-01-27,#D52B1E
Naiditsch Arkadij,GER,2663,2007-01-27,#D52B1E
Alekseev Evgeny,RUS,2661,2007-01-27,#D52B1E
Georgiev Kiril,BUL,2661,2007-01-27,#D52B1E
Dreev Alexey,RUS,2658,2007-01-27,#D52B1E
Bologan Viktor,MDA,2658,2007-01-27,#D52B1E
Zvjaginsev Vadim,RUS,2658,2007-01-27,#D52B1E
Gashimov Vugar,AZE,2658,2007-01-27,#D52B1E
Sargissian Gabriel,ARM,2658,2007-01-27,#D52B1E
Lautier Joel,FRA,2656,2007-01-27,#D52B1E
Miton Kamil,POL,2655,2007-01-27,#D52B1E
Smirin Ilia,ISR,2654,2007-01-27,#D52B1E
Sokolov Ivan,NED,2652,2007-01-27,#D52B1E
Krasenkow Michal,POL,2651,2007-01-27,#D52B1E
Nielsen Peter Heine,DEN,2651,2007-01-27,#D52B1E
Nakamura Hikaru,USA,2651,2007-01-27,#D52B1E
Jobava Baadur,GEO,2650,2007-01-27,#D52B1E
Tkachiev Vladislav,FRA,2649,2007-01-27,#D52B1E
Motylev Alexander,RUS,2647,2007-01-27,#D52B1E
Fressinet Laurent,FRA,2646,2007-01-27,#D52B1E
Volokitin Andrei,UKR,2645,2007-01-27,#D52B1E
Wang Yue,CHN,2644,2007-01-27,#D52B1E
Areshchenko Alexander,UKR,2644,2007-01-27,#D52B1E
Bu Xiangzhi,CHN,2644,2007-01-27,#D52B1E
Izoria Zviad,GEO,2644,2007-01-27,#D52B1E
Avrukh Boris,ISR,2644,2007-01-27,#D52B1E
Bareev Evgeny,RUS,2643,2007-01-27,#D52B1E
Zhang Pengxiang,CHN,2643,2007-01-27,#D52B1E
Sakaev Konstantin,RUS,2641,2007-01-27,#D52B1E
Cheparinov Ivan,BUL,2640,2007-01-27,#D52B1E
Kobalia Mikhail,RUS,2639,2007-01-27,#D52B1E
Beliavsky Alexander G,SLO,2639,2007-01-27,#D52B1E
Nijboer Friso,NED,2638,2007-01-27,#D52B1E
Seirawan Yasser,USA,2638,2007-01-27,#D52B1E
Movsesian Sergei,SVK,2637,2007-01-27,#D52B1E
Wojtaszek Radoslaw,POL,2637,2007-01-27,#D52B1E
Volkov Sergey,RUS,2636,2007-01-27,#D52B1E
Gurevich Mikhail,TUR,2635,2007-01-27,#D52B1E
Asrian Karen,ARM,2634,2007-01-27,#D52B1E
Lputian Smbat G,ARM,2634,2007-01-27,#D52B1E
Spraggett Kevin,CAN,2633,2007-01-27,#D52B1E
Miroshnichenko Evgenij,UKR,2632,2007-01-27,#D52B1E
Ni Hua,CHN,2632,2007-01-27,#D52B1E
Azmaiparashvili Zurab,GEO,2632,2007-01-27,#D52B1E
Sutovsky Emil,ISR,2629,2007-01-27,#D52B1E
Korchnoi Viktor,SUI,2629,2007-01-27,#D52B1E
Riazantsev Alexander,RUS,2629,2007-01-27,#D52B1E
Macieja Bartlomiej,POL,2629,2007-01-27,#D52B1E
Socko Bartosz,POL,2629,2007-01-27,#D52B1E
Afromeev Vladimir,RUS,2628,2007-01-27,#D52B1E
Moiseenko Alexander,UKR,2627,2007-01-27,#D52B1E
Fridman Daniel,LAT,2626,2007-01-27,#D52B1E
Nikolic Predrag,BIH,2626,2007-01-27,#D52B1E
Tomashevsky Evgeny,RUS,2624,2007-01-27,#D52B1E
Fedorov Alexei,BLR,2624,2007-01-27,#D52B1E
Smirnov Pavel,RUS,2621,2007-01-27,#D52B1E
Hansen Curt,DEN,2621,2007-01-27,#D52B1E
Wang Hao,CHN,2619,2007-01-27,#D52B1E
Hracek Zbynek,CZE,2619,2007-01-27,#D52B1E
Istratescu Andrei,ROM,2619,2007-01-27,#D52B1E
Khalifman Alexander,RUS,2619,2007-01-27,#D52B1E
Anand Viswanathan,IND,2786,2007-04-27,#D52B1E
Topalov Veselin,BUL,2772,2007-04-27,#D52B1E
Kramnik Vladimir,RUS,2772,2007-04-27,#D52B1E
Morozevich Alexander,RUS,2762,2007-04-27,#D52B1E
Aronian Levon,ARM,2759,2007-04-27,#D52B1E
Mamedyarov Shakhriyar,AZE,2757,2007-04-27,#D52B1E
Radjabov Teimour,AZE,2747,2007-04-27,#D52B1E
Leko Peter,HUN,2738,2007-04-27,#D52B1E
Svidler Peter,RUS,2736,2007-04-27,#D52B1E
Adams Michael,ENG,2734,2007-04-27,#D52B1E
Gelfand Boris,ISR,2733,2007-04-27,#D52B1E
Ivanchuk Vassily,UKR,2729,2007-04-27,#D52B1E
Polgar Judit,HUN,2727,2007-04-27,#D52B1E
Navara David,CZE,2720,2007-04-27,#D52B1E
Ponomariov Ruslan,UKR,2717,2007-04-27,#D52B1E
Grischuk Alexander,RUS,2717,2007-04-27,#D52B1E
Bacrot Etienne,FRA,2709,2007-04-27,#D52B1E
Jakovenko Dmitry,RUS,2708,2007-04-27,#D52B1E
Kamsky Gata,USA,2705,2007-04-27,#D52B1E
Akopian Vladimir,ARM,2703,2007-04-27,#D52B1E
Shirov Alexei,ESP,2699,2007-04-27,#D52B1E
Carlsen Magnus,NOR,2693,2007-04-27,#D52B1E
Nisipeanu Liviu-Dieter,ROM,2693,2007-04-27,#D52B1E
Short Nigel D,ENG,2691,2007-04-27,#D52B1E
Sasikiran Krishnan,IND,2690,2007-04-27,#D52B1E
Eljanov Pavel,UKR,2686,2007-04-27,#D52B1E
Karjakin Sergey,UKR,2686,2007-04-27,#D52B1E
Rublevsky Sergei,RUS,2680,2007-04-27,#D52B1E
Malakhov Vladimir,RUS,2679,2007-04-27,#D52B1E
Alekseev Evgeny,RUS,2679,2007-04-27,#D52B1E
Dominguez Perez Lenier,CUB,2678,2007-04-27,#D52B1E
Kasimdzhanov Rustam,UZB,2677,2007-04-27,#D52B1E
Vallejo Pons Francisco,ESP,2676,2007-04-27,#D52B1E
Milov Vadim,SUI,2675,2007-04-27,#D52B1E
Almasi Zoltan,HUN,2675,2007-04-27,#D52B1E
Van Wely Loek,NED,2674,2007-04-27,#D52B1E
Inarkiev Ernesto,RUS,2669,2007-04-27,#D52B1E
Tiviakov Sergei,NED,2663,2007-04-27,#D52B1E
Nakamura Hikaru,USA,2663,2007-04-27,#D52B1E
Sokolov Ivan,NED,2663,2007-04-27,#D52B1E
Onischuk Alexander,USA,2663,2007-04-27,#D52B1E
Krasenkow Michal,POL,2661,2007-04-27,#D52B1E
Lautier Joel,FRA,2661,2007-04-27,#D52B1E
Zvjaginsev Vadim,RUS,2659,2007-04-27,#D52B1E
Jobava Baadur,GEO,2658,2007-04-27,#D52B1E
Timofeev Artyom,RUS,2658,2007-04-27,#D52B1E
Zhang Pengxiang,CHN,2657,2007-04-27,#D52B1E
Bu Xiangzhi,CHN,2656,2007-04-27,#D52B1E
Areshchenko Alexander,UKR,2656,2007-04-27,#D52B1E
Wang Yue,CHN,2656,2007-04-27,#D52B1E
Ni Hua,CHN,2654,2007-04-27,#D52B1E
Naiditsch Arkadij,GER,2654,2007-04-27,#D52B1E
Volokitin Andrei,UKR,2654,2007-04-27,#D52B1E
Georgiev Kiril,BUL,2653,2007-04-27,#D52B1E
Miton Kamil,POL,2653,2007-04-27,#D52B1E
Tkachiev Vladislav,FRA,2652,2007-04-27,#D52B1E
Sargissian Gabriel,ARM,2651,2007-04-27,#D52B1E
Harikrishna P.,IND,2650,2007-04-27,#D52B1E
Smirin Ilia,ISR,2650,2007-04-27,#D52B1E
Nielsen Peter Heine,DEN,2649,2007-04-27,#D52B1E
Sutovsky Emil,ISR,2648,2007-04-27,#D52B1E
Beliavsky Alexander G,SLO,2648,2007-04-27,#D52B1E
Miroshnichenko Evgenij,UKR,2646,2007-04-27,#D52B1E
Cheparinov Ivan,BUL,2646,2007-04-27,#D52B1E
Gashimov Vugar,AZE,2644,2007-04-27,#D52B1E
Fressinet Laurent,FRA,2644,2007-04-27,#D52B1E
Avrukh Boris,ISR,2644,2007-04-27,#D52B1E
Ehlvest Jaan,USA,2643,2007-04-27,#D52B1E
Bareev Evgeny,RUS,2643,2007-04-27,#D52B1E
Movsesian Sergei,SVK,2642,2007-04-27,#D52B1E
Motylev Alexander,RUS,2642,2007-04-27,#D52B1E
Seirawan Yasser,USA,2642,2007-04-27,#D52B1E
Izoria Zviad,GEO,2641,2007-04-27,#D52B1E
Socko Bartosz,POL,2641,2007-04-27,#D52B1E
Tomashevsky Evgeny,RUS,2641,2007-04-27,#D52B1E
Volkov Sergey,RUS,2640,2007-04-27,#D52B1E
Gurevich Mikhail,TUR,2639,2007-04-27,#D52B1E
Kobalia Mikhail,RUS,2639,2007-04-27,#D52B1E
Wang Hao,CHN,2638,2007-04-27,#D52B1E
Bologan Viktor,MDA,2636,2007-04-27,#D52B1E
Asrian Karen,ARM,2635,2007-04-27,#D52B1E
Efimenko Zahar,UKR,2635,2007-04-27,#D52B1E
Fridman Daniel,LAT,2635,2007-04-27,#D52B1E
Lputian Smbat G,ARM,2634,2007-04-27,#D52B1E
Dreev Alexey,RUS,2633,2007-04-27,#D52B1E
Sakaev Konstantin,RUS,2633,2007-04-27,#D52B1E
Azmaiparashvili Zurab,GEO,2632,2007-04-27,#D52B1E
Ye Jiangchuan,CHN,2632,2007-04-27,#D52B1E
Smirnov Pavel,RUS,2631,2007-04-27,#D52B1E
Nikolic Predrag,BIH,2631,2007-04-27,#D52B1E
Moiseenko Alexander,UKR,2630,2007-04-27,#D52B1E
Bauer Christian,FRA,2629,2007-04-27,#D52B1E
Khenkin Igor,GER,2629,2007-04-27,#D52B1E
Afromeev Vladimir,RUS,2628,2007-04-27,#D52B1E
Vladimirov Evgeny,KAZ,2627,2007-04-27,#D52B1E
Gagunashvili Merab,GEO,2625,2007-04-27,#D52B1E
Istratescu Andrei,ROM,2625,2007-04-27,#D52B1E
Najer Evgeniy,RUS,2624,2007-04-27,#D52B1E
Khalifman Alexander,RUS,2624,2007-04-27,#D52B1E
Postny Evgeny,ISR,2622,2007-04-27,#D52B1E
Anand Viswanathan,IND,2792,2007-07-27,#D52B1E
Topalov Veselin,BUL,2769,2007-07-27,#D52B1E
Kramnik Vladimir,RUS,2769,2007-07-27,#D52B1E
Ivanchuk Vassily,UKR,2762,2007-07-27,#D52B1E
Morozevich Alexander,RUS,2758,2007-07-27,#D52B1E
Mamedyarov Shakhriyar,AZE,2757,2007-07-27,#D52B1E
Leko Peter,HUN,2751,2007-07-27,#D52B1E
Aronian Levon,ARM,2750,2007-07-27,#D52B1E
Radjabov Teimour,AZE,2746,2007-07-27,#D52B1E
Jakovenko Dmitry,RUS,2735,2007-07-27,#D52B1E
Shirov Alexei,ESP,2735,2007-07-27,#D52B1E
Svidler Peter,RUS,2735,2007-07-27,#D52B1E
Gelfand Boris,ISR,2733,2007-07-27,#D52B1E
Grischuk Alexander,RUS,2726,2007-07-27,#D52B1E
Adams Michael,ENG,2724,2007-07-27,#D52B1E
Kamsky Gata,USA,2718,2007-07-27,#D52B1E
Carlsen Magnus,NOR,2710,2007-07-27,#D52B1E
Akopian Vladimir,ARM,2708,2007-07-27,#D52B1E
Polgar Judit,HUN,2707,2007-07-27,#D52B1E
Ponomariov Ruslan,UKR,2706,2007-07-27,#D52B1E
Eljanov Pavel,UKR,2701,2007-07-27,#D52B1E
Wang Yue,CHN,2696,2007-07-27,#D52B1E
Bacrot Etienne,FRA,2695,2007-07-27,#D52B1E
Alekseev Evgeny,RUS,2689,2007-07-27,#D52B1E
Bu Xiangzhi,CHN,2685,2007-07-27,#D52B1E
Nisipeanu Liviu-Dieter,ROM,2683,2007-07-27,#D52B1E
Kasimdzhanov Rustam,UZB,2683,2007-07-27,#D52B1E
Short Nigel D,ENG,2683,2007-07-27,#D52B1E
Almasi Zoltan,HUN,2682,2007-07-27,#D52B1E
Volokitin Andrei,UKR,2681,2007-07-27,#D52B1E
Ni Hua,CHN,2681,2007-07-27,#D52B1E
Dominguez Perez Lenier,CUB,2680,2007-07-27,#D52B1E
Rublevsky Sergei,RUS,2679,2007-07-27,#D52B1E
Van Wely Loek,NED,2679,2007-07-27,#D52B1E
Karjakin Sergey,UKR,2678,2007-07-27,#D52B1E
Malakhov Vladimir,RUS,2676,2007-07-27,#D52B1E
Sasikiran Krishnan,IND,2676,2007-07-27,#D52B1E
Milov Vadim,SUI,2675,2007-07-27,#D52B1E
Miroshnichenko Evgenij,UKR,2671,2007-07-27,#D52B1E
Landa Konstantin,RUS,2669,2007-07-27,#D52B1E
Movsesian Sergei,SVK,2667,2007-07-27,#D52B1E
Sargissian Gabriel,ARM,2667,2007-07-27,#D52B1E
Vallejo Pons Francisco,ESP,2666,2007-07-27,#D52B1E
Sokolov Ivan,NED,2666,2007-07-27,#D52B1E
Harikrishna P.,IND,2664,2007-07-27,#D52B1E
Georgiev Kiril,BUL,2663,2007-07-27,#D52B1E
Inarkiev Ernesto,RUS,2663,2007-07-27,#D52B1E
Krasenkow Michal,POL,2660,2007-07-27,#D52B1E
Socko Bartosz,POL,2660,2007-07-27,#D52B1E
Volkov Sergey,RUS,2659,2007-07-27,#D52B1E
Zvjaginsev Vadim,RUS,2658,2007-07-27,#D52B1E
Cheparinov Ivan,BUL,2657,2007-07-27,#D52B1E
Sutovsky Emil,ISR,2656,2007-07-27,#D52B1E
Navara David,CZE,2656,2007-07-27,#D52B1E
Tkachiev Vladislav,FRA,2655,2007-07-27,#D52B1E
Gashimov Vugar,AZE,2655,2007-07-27,#D52B1E
Tomashevsky Evgeny,RUS,2654,2007-07-27,#D52B1E
Lautier Joel,FRA,2654,2007-07-27,#D52B1E
Beliavsky Alexander G,SLO,2653,2007-07-27,#D52B1E
Bareev Evgeny,RUS,2653,2007-07-27,#D52B1E
Onischuk Alexander,USA,2650,2007-07-27,#D52B1E
Bologan Viktor,MDA,2650,2007-07-27,#D52B1E
Timofeev Artyom,RUS,2650,2007-07-27,#D52B1E
Smirin Ilia,ISR,2649,2007-07-27,#D52B1E
Zhang Pengxiang,CHN,2649,2007-07-27,#D52B1E
Baklan Vladimir,UKR,2648,2007-07-27,#D52B1E
Tiviakov Sergei,NED,2648,2007-07-27,#D52B1E
Motylev Alexander,RUS,2648,2007-07-27,#D52B1E
Miton Kamil,POL,2648,2007-07-27,#D52B1E
Nakamura Hikaru,USA,2647,2007-07-27,#D52B1E
Nikolic Predrag,BIH,2646,2007-07-27,#D52B1E
Fressinet Laurent,FRA,2646,2007-07-27,#D52B1E
Areshchenko Alexander,UKR,2645,2007-07-27,#D52B1E
Avrukh Boris,ISR,2645,2007-07-27,#D52B1E
Izoria Zviad,GEO,2645,2007-07-27,#D52B1E
Jobava Baadur,GEO,2644,2007-07-27,#D52B1E
Naiditsch Arkadij,GER,2644,2007-07-27,#D52B1E
Afromeev Vladimir,RUS,2642,2007-07-27,#D52B1E
Moiseenko Alexander,UKR,2641,2007-07-27,#D52B1E
Nielsen Peter Heine,DEN,2638,2007-07-27,#D52B1E
Shabalov Alexander,USA,2637,2007-07-27,#D52B1E
Wojtaszek Radoslaw,POL,2637,2007-07-27,#D52B1E
Smirnov Pavel,RUS,2636,2007-07-27,#D52B1E
Sadvakasov Darmen,KAZ,2635,2007-07-27,#D52B1E
Sakaev Konstantin,RUS,2634,2007-07-27,#D52B1E
Kobalia Mikhail,RUS,2634,2007-07-27,#D52B1E
Zhang Zhong,CHN,2634,2007-07-27,#D52B1E
Gurevich Mikhail,TUR,2633,2007-07-27,#D52B1E
Lputian Smbat G,ARM,2633,2007-07-27,#D52B1E
Khalifman Alexander,RUS,2632,2007-07-27,#D52B1E
Ye Jiangchuan,CHN,2632,2007-07-27,#D52B1E
Stellwagen Daniel,NED,2631,2007-07-27,#D52B1E
Roiz Michael,ISR,2630,2007-07-27,#D52B1E
Ehlvest Jaan,USA,2629,2007-07-27,#D52B1E
Istratescu Andrei,ROM,2629,2007-07-27,#D52B1E
Predojevic Borki,BIH,2628,2007-07-27,#D52B1E
Fridman Daniel,GER,2628,2007-07-27,#D52B1E
Vladimirov Evgeny,KAZ,2627,2007-07-27,#D52B1E
Bauer Christian,FRA,2626,2007-07-27,#D52B1E
Mchedlishvili Mikheil,GEO,2624,2007-07-27,#D52B1E
Efimenko Zahar,UKR,2624,2007-07-27,#D52B1E
Wang Hao,CHN,2624,2007-07-27,#D52B1E
Anand Viswanathan,IND,2801,2007-10-27,#D52B1E
Ivanchuk Vassily,UKR,2787,2007-10-27,#D52B1E
Kramnik Vladimir,RUS,2785,2007-10-27,#D52B1E
Topalov Veselin,BUL,2769,2007-10-27,#D52B1E
Leko Peter,HUN,2755,2007-10-27,#D52B1E
Morozevich Alexander,RUS,2755,2007-10-27,#D52B1E
Mamedyarov Shakhriyar,AZE,2752,2007-10-27,#D52B1E
Radjabov Teimour,AZE,2742,2007-10-27,#D52B1E
Aronian Levon,ARM,2741,2007-10-27,#D52B1E
Shirov Alexei,ESP,2739,2007-10-27,#D52B1E
Gelfand Boris,ISR,2736,2007-10-27,#D52B1E
Svidler Peter,RUS,2732,2007-10-27,#D52B1E
Adams Michael,ENG,2729,2007-10-27,#D52B1E
Alekseev Evgeny,RUS,2716,2007-10-27,#D52B1E
Grischuk Alexander,RUS,2715,2007-10-27,#D52B1E
Carlsen Magnus,NOR,2714,2007-10-27,#D52B1E
Kamsky Gata,USA,2714,2007-10-27,#D52B1E
Akopian Vladimir,ARM,2713,2007-10-27,#D52B1E
Jakovenko Dmitry,RUS,2710,2007-10-27,#D52B1E
Polgar Judit,HUN,2708,2007-10-27,#D52B1E
Ponomariov Ruslan,UKR,2705,2007-10-27,#D52B1E
Wang Yue,CHN,2703,2007-10-27,#D52B1E
Bacrot Etienne,FRA,2695,2007-10-27,#D52B1E
Karjakin Sergey,UKR,2694,2007-10-27,#D52B1E
Bu Xiangzhi,CHN,2692,2007-10-27,#D52B1E
Eljanov Pavel,UKR,2691,2007-10-27,#D52B1E
Almasi Zoltan,HUN,2691,2007-10-27,#D52B1E
Malakhov Vladimir,RUS,2690,2007-10-27,#D52B1E
Kasimdzhanov Rustam,UZB,2690,2007-10-27,#D52B1E
Dominguez Perez Lenier,CUB,2683,2007-10-27,#D52B1E
Van Wely Loek,NED,2679,2007-10-27,#D52B1E
Landa Konstantin,RUS,2678,2007-10-27,#D52B1E
Volokitin Andrei,UKR,2678,2007-10-27,#D52B1E
Milov Vadim,SUI,2676,2007-10-27,#D52B1E
Rublevsky Sergei,RUS,2676,2007-10-27,#D52B1E
Onischuk Alexander,USA,2674,2007-10-27,#D52B1E
Inarkiev Ernesto,RUS,2674,2007-10-27,#D52B1E
Zvjaginsev Vadim,RUS,2674,2007-10-27,#D52B1E
Sokolov Ivan,NED,2673,2007-10-27,#D52B1E
Sargissian Gabriel,ARM,2673,2007-10-27,#D52B1E
Movsesian Sergei,SVK,2670,2007-10-27,#D52B1E
Cheparinov Ivan,BUL,2670,2007-10-27,#D52B1E
Karpov Anatoly,RUS,2670,2007-10-27,#D52B1E
Krasenkow Michal,POL,2668,2007-10-27,#D52B1E
Harikrishna P.,IND,2668,2007-10-27,#D52B1E
Nisipeanu Liviu-Dieter,ROU,2668,2007-10-27,#D52B1E
Gashimov Vugar,AZE,2663,2007-10-27,#D52B1E
Tkachiev Vladislav,FRA,2661,2007-10-27,#D52B1E
Sasikiran Krishnan,IND,2661,2007-10-27,#D52B1E
Vallejo Pons Francisco,ESP,2660,2007-10-27,#D52B1E
Nikolic Predrag,BIH,2657,2007-10-27,#D52B1E
Bologan Viktor,MDA,2657,2007-10-27,#D52B1E
Lautier Joel,FRA,2657,2007-10-27,#D52B1E
Navara David,CZE,2656,2007-10-27,#D52B1E
Sutovsky Emil,ISR,2655,2007-10-27,#D52B1E
Fressinet Laurent,FRA,2654,2007-10-27,#D52B1E
Bareev Evgeny,RUS,2653,2007-10-27,#D52B1E
Miroshnichenko Evgenij,UKR,2651,2007-10-27,#D52B1E
Short Nigel D,ENG,2649,2007-10-27,#D52B1E
Georgiev Kiril,BUL,2649,2007-10-27,#D52B1E
Nakamura Hikaru,USA,2648,2007-10-27,#D52B1E
Volkov Sergey,RUS,2648,2007-10-27,#D52B1E
Socko Bartosz,POL,2646,2007-10-27,#D52B1E
Tomashevsky Evgeny,RUS,2646,2007-10-27,#D52B1E
Moiseenko Alexander,UKR,2646,2007-10-27,#D52B1E
Afromeev Vladimir,RUS,2646,2007-10-27,#D52B1E
Beliavsky Alexander G,SLO,2646,2007-10-27,#D52B1E
Fedorchuk Sergey A.,UKR,2645,2007-10-27,#D52B1E
Predojevic Borki,BIH,2645,2007-10-27,#D52B1E
Motylev Alexander,RUS,2645,2007-10-27,#D52B1E
Zhang Pengxiang,CHN,2644,2007-10-27,#D52B1E
Jobava Baadur,GEO,2644,2007-10-27,#D52B1E
Roiz Michael,ISR,2644,2007-10-27,#D52B1E
Tiviakov Sergei,NED,2643,2007-10-27,#D52B1E
Wang Hao,CHN,2643,2007-10-27,#D52B1E
Khalifman Alexander,RUS,2643,2007-10-27,#D52B1E
Izoria Zviad,GEO,2643,2007-10-27,#D52B1E
Ni Hua,CHN,2641,2007-10-27,#D52B1E
Avrukh Boris,ISR,2641,2007-10-27,#D52B1E
Baklan Vladimir,UKR,2639,2007-10-27,#D52B1E
Stellwagen Daniel,NED,2639,2007-10-27,#D52B1E
Smirin Ilia,ISR,2639,2007-10-27,#D52B1E
Naiditsch Arkadij,GER,2639,2007-10-27,#D52B1E
Areshchenko Alexander,UKR,2638,2007-10-27,#D52B1E
Amonatov Farrukh,TJK,2637,2007-10-27,#D52B1E
Timofeev Artyom,RUS,2637,2007-10-27,#D52B1E
Smirnov Pavel,RUS,2636,2007-10-27,#D52B1E
Wojtaszek Radoslaw,POL,2635,2007-10-27,#D52B1E
Najer Evgeniy,RUS,2635,2007-10-27,#D52B1E
Bauer Christian,FRA,2634,2007-10-27,#D52B1E
Vachier-Lagrave Maxime,FRA,2634,2007-10-27,#D52B1E
Sakaev Konstantin,RUS,2634,2007-10-27,#D52B1E
Zhang Zhong,SIN,2634,2007-10-27,#D52B1E
Lputian Smbat G,ARM,2633,2007-10-27,#D52B1E
Ye Jiangchuan,CHN,2632,2007-10-27,#D52B1E
Istratescu Andrei,ROU,2631,2007-10-27,#D52B1E
Mchedlishvili Mikheil,GEO,2631,2007-10-27,#D52B1E
Kobalia Mikhail,RUS,2631,2007-10-27,#D52B1E
Miton Kamil,POL,2628,2007-10-27,#D52B1E
Gurevich Mikhail,TUR,2627,2007-10-27,#D52B1E
Vladimirov Evgeny,KAZ,2627,2007-10-27,#D52B1E
Kramnik Vladimir,RUS,2799,2008-01-27,#D52B1E
Anand Viswanathan,IND,2799,2008-01-27,#D52B1E
Topalov Veselin,BUL,2780,2008-01-27,#D52B1E
Morozevich Alexander,RUS,2765,2008-01-27,#D52B1E
Svidler Peter,RUS,2763,2008-01-27,#D52B1E
Mamedyarov Shakhriyar,AZE,2760,2008-01-27,#D52B1E
Shirov Alexei,ESP,2755,2008-01-27,#D52B1E
Leko Peter,HUN,2753,2008-01-27,#D52B1E
Ivanchuk Vassily,UKR,2751,2008-01-27,#D52B1E
Aronian Levon,ARM,2739,2008-01-27,#D52B1E
Gelfand Boris,ISR,2737,2008-01-27,#D52B1E
Radjabov Teimour,AZE,2735,2008-01-27,#D52B1E
Carlsen Magnus,NOR,2733,2008-01-27,#D52B1E
Karjakin Sergey,UKR,2732,2008-01-27,#D52B1E
Kamsky Gata,USA,2726,2008-01-27,#D52B1E
Adams Michael,ENG,2726,2008-01-27,#D52B1E
Jakovenko Dmitry,RUS,2720,2008-01-27,#D52B1E
Ponomariov Ruslan,UKR,2719,2008-01-27,#D52B1E
Cheparinov Ivan,BUL,2713,2008-01-27,#D52B1E
Alekseev Evgeny,RUS,2711,2008-01-27,#D52B1E
Grischuk Alexander,RUS,2711,2008-01-27,#D52B1E
Polgar Judit,HUN,2707,2008-01-27,#D52B1E
Akopian Vladimir,ARM,2700,2008-01-27,#D52B1E
Bacrot Etienne,FRA,2700,2008-01-27,#D52B1E
Wang Yue,CHN,2698,2008-01-27,#D52B1E
Rublevsky Sergei,RUS,2695,2008-01-27,#D52B1E
Eljanov Pavel,UKR,2692,2008-01-27,#D52B1E
Bu Xiangzhi,CHN,2691,2008-01-27,#D52B1E
Dominguez Perez Lenier,CUB,2691,2008-01-27,#D52B1E
Milov Vadim,SUI,2690,2008-01-27,#D52B1E
Malakhov Vladimir,RUS,2689,2008-01-27,#D52B1E
Sokolov Ivan,NED,2686,2008-01-27,#D52B1E
Nisipeanu Liviu-Dieter,ROU,2684,2008-01-27,#D52B1E
Kasimdzhanov Rustam,UZB,2681,2008-01-27,#D52B1E
Van Wely Loek,NED,2681,2008-01-27,#D52B1E
Inarkiev Ernesto,RUS,2681,2008-01-27,#D52B1E
Ni Hua,CHN,2680,2008-01-27,#D52B1E
Navara David,CZE,2680,2008-01-27,#D52B1E
Sasikiran Krishnan,IND,2677,2008-01-27,#D52B1E
Zvjaginsev Vadim,RUS,2677,2008-01-27,#D52B1E
Bareev Evgeny,RUS,2677,2008-01-27,#D52B1E
Movsesian Sergei,SVK,2677,2008-01-27,#D52B1E
Sargissian Gabriel,ARM,2676,2008-01-27,#D52B1E
Vallejo Pons Francisco,ESP,2675,2008-01-27,#D52B1E
Volokitin Andrei,UKR,2674,2008-01-27,#D52B1E
Nakamura Hikaru,USA,2670,2008-01-27,#D52B1E
Almasi Zoltan,HUN,2667,2008-01-27,#D52B1E
Wang Hao,CHN,2665,2008-01-27,#D52B1E
Gashimov Vugar,AZE,2665,2008-01-27,#D52B1E
Nikolic Predrag,BIH,2665,2008-01-27,#D52B1E
Timofeev Artyom,RUS,2664,2008-01-27,#D52B1E
Onischuk Alexander,USA,2664,2008-01-27,#D52B1E
Harikrishna P.,IND,2664,2008-01-27,#D52B1E
Bologan Viktor,MDA,2663,2008-01-27,#D52B1E
Georgiev Kiril,BUL,2662,2008-01-27,#D52B1E
Roiz Michael,ISR,2659,2008-01-27,#D52B1E
Tkachiev Vladislav,FRA,2657,2008-01-27,#D52B1E
Lautier Joel,FRA,2657,2008-01-27,#D52B1E
Fressinet Laurent,FRA,2656,2008-01-27,#D52B1E
Karpov Anatoly,RUS,2655,2008-01-27,#D52B1E
Fedorchuk Sergey A.,UKR,2652,2008-01-27,#D52B1E
Ivanisevic Ivan,SRB,2649,2008-01-27,#D52B1E
Tiviakov Sergei,NED,2649,2008-01-27,#D52B1E
Amonatov Farrukh,TJK,2649,2008-01-27,#D52B1E
Baklan Vladimir,UKR,2647,2008-01-27,#D52B1E
Miroshnichenko Evgenij,UKR,2647,2008-01-27,#D52B1E
Sakaev Konstantin,RUS,2646,2008-01-27,#D52B1E
Tomashevsky Evgeny,RUS,2646,2008-01-27,#D52B1E
Afromeev Vladimir,RUS,2646,2008-01-27,#D52B1E
Korneev Oleg,RUS,2645,2008-01-27,#D52B1E
Areshchenko Alexander,UKR,2645,2008-01-27,#D52B1E
Short Nigel D,ENG,2645,2008-01-27,#D52B1E
Motylev Alexander,RUS,2644,2008-01-27,#D52B1E
Jobava Baadur,GEO,2643,2008-01-27,#D52B1E
Moiseenko Alexander,UKR,2643,2008-01-27,#D52B1E
Sutovsky Emil,ISR,2642,2008-01-27,#D52B1E
Predojevic Borki,BIH,2641,2008-01-27,#D52B1E
Landa Konstantin,RUS,2641,2008-01-27,#D52B1E
Zhang Pengxiang,CHN,2640,2008-01-27,#D52B1E
Naiditsch Arkadij,GER,2638,2008-01-27,#D52B1E
Beliavsky Alexander G,SLO,2638,2008-01-27,#D52B1E
Efimenko Zahar,UKR,2638,2008-01-27,#D52B1E
Khalifman Alexander,RUS,2638,2008-01-27,#D52B1E
Izoria Zviad,GEO,2637,2008-01-27,#D52B1E
Vachier-Lagrave Maxime,FRA,2637,2008-01-27,#D52B1E
Krasenkow Michal,POL,2636,2008-01-27,#D52B1E
Tregubov Pavel V.,RUS,2636,2008-01-27,#D52B1E
Socko Bartosz,POL,2635,2008-01-27,#D52B1E
Mchedlishvili Mikheil,GEO,2635,2008-01-27,#D52B1E
Najer Evgeniy,RUS,2634,2008-01-27,#D52B1E
Dreev Alexey,RUS,2633,2008-01-27,#D52B1E
Mikhalevski Victor,ISR,2632,2008-01-27,#D52B1E
Delchev Aleksander,BUL,2630,2008-01-27,#D52B1E
Pantsulaia Levan,GEO,2629,2008-01-27,#D52B1E
Kotronias Vasilios,GRE,2628,2008-01-27,#D52B1E
Avrukh Boris,ISR,2628,2008-01-27,#D52B1E
Riazantsev Alexander,RUS,2628,2008-01-27,#D52B1E
Seirawan Yasser,USA,2628,2008-01-27,#D52B1E
Postny Evgeny,ISR,2627,2008-01-27,#D52B1E
Fridman Daniel,GER,2627,2008-01-27,#D52B1E
Vladimirov Evgeny,KAZ,2627,2008-01-27,#D52B1E
Anand Viswanathan,IND,2803,2008-04-27,#D52B1E
Kramnik Vladimir,RUS,2788,2008-04-27,#D52B1E
Morozevich Alexander,RUS,2774,2008-04-27,#D52B1E
Topalov Veselin,BUL,2767,2008-04-27,#D52B1E
Carlsen Magnus,NOR,2765,2008-04-27,#D52B1E
Aronian Levon,ARM,2763,2008-04-27,#D52B1E
Mamedyarov Shakhriyar,AZE,2752,2008-04-27,#D52B1E
Radjabov Teimour,AZE,2751,2008-04-27,#D52B1E
Svidler Peter,RUS,2746,2008-04-27,#D52B1E
Leko Peter,HUN,2741,2008-04-27,#D52B1E
Ivanchuk Vassily,UKR,2740,2008-04-27,#D52B1E
Shirov Alexei,ESP,2740,2008-04-27,#D52B1E
Karjakin Sergey,UKR,2732,2008-04-27,#D52B1E
Adams Michael,ENG,2729,2008-04-27,#D52B1E
Kamsky Gata,USA,2726,2008-04-27,#D52B1E
Gelfand Boris,ISR,2723,2008-04-27,#D52B1E
Ponomariov Ruslan,UKR,2719,2008-04-27,#D52B1E
Grischuk Alexander,RUS,2716,2008-04-27,#D52B1E
Jakovenko Dmitry,RUS,2711,2008-04-27,#D52B1E
Alekseev Evgeny,RUS,2711,2008-04-27,#D52B1E
Polgar Judit,HUN,2709,2008-04-27,#D52B1E
Bu Xiangzhi,CHN,2708,2008-04-27,#D52B1E
Bacrot Etienne,FRA,2705,2008-04-27,#D52B1E
Ni Hua,CHN,2703,2008-04-27,#D52B1E
Movsesian Sergei,SVK,2695,2008-04-27,#D52B1E
Dominguez Perez Lenier,CUB,2695,2008-04-27,#D52B1E
Cheparinov Ivan,BUL,2695,2008-04-27,#D52B1E
Rublevsky Sergei,RUS,2695,2008-04-27,#D52B1E
Sokolov Ivan,NED,2690,2008-04-27,#D52B1E
Milov Vadim,SUI,2690,2008-04-27,#D52B1E
Wang Yue,CHN,2689,2008-04-27,#D52B1E
Malakhov Vladimir,RUS,2689,2008-04-27,#D52B1E
Eljanov Pavel,UKR,2687,2008-04-27,#D52B1E
Nakamura Hikaru,USA,2686,2008-04-27,#D52B1E
Wang Hao,CHN,2684,2008-04-27,#D52B1E
Inarkiev Ernesto,RUS,2684,2008-04-27,#D52B1E
Volokitin Andrei,UKR,2684,2008-04-27,#D52B1E
Vallejo Pons Francisco,ESP,2684,2008-04-27,#D52B1E
Nisipeanu Liviu-Dieter,ROU,2684,2008-04-27,#D52B1E
Kasimdzhanov Rustam,UZB,2681,2008-04-27,#D52B1E
Harikrishna P.,IND,2679,2008-04-27,#D52B1E
Gashimov Vugar,AZE,2679,2008-04-27,#D52B1E
Sasikiran Krishnan,IND,2679,2008-04-27,#D52B1E
Bareev Evgeny,RUS,2677,2008-04-27,#D52B1E
Van Wely Loek,NED,2676,2008-04-27,#D52B1E
Nikolic Predrag,BIH,2674,2008-04-27,#D52B1E
Almasi Zoltan,HUN,2674,2008-04-27,#D52B1E
Zvjaginsev Vadim,RUS,2674,2008-04-27,#D52B1E
Akopian Vladimir,ARM,2673,2008-04-27,#D52B1E
Navara David,CZE,2672,2008-04-27,#D52B1E
Fedorchuk Sergey A.,UKR,2671,2008-04-27,#D52B1E
Motylev Alexander,RUS,2666,2008-04-27,#D52B1E
Bologan Viktor,MDA,2665,2008-04-27,#D52B1E
Georgiev Kiril,BUL,2665,2008-04-27,#D52B1E
Timofeev Artyom,RUS,2664,2008-04-27,#D52B1E
Onischuk Alexander,USA,2664,2008-04-27,#D52B1E
Efimenko Zahar,UKR,2660,2008-04-27,#D52B1E
Short Nigel D,ENG,2660,2008-04-27,#D52B1E
Roiz Michael,ISR,2659,2008-04-27,#D52B1E
Jobava Baadur,GEO,2658,2008-04-27,#D52B1E
Tomashevsky Evgeny,RUS,2658,2008-04-27,#D52B1E
Dreev Alexey,RUS,2657,2008-04-27,#D52B1E
Lautier Joel,FRA,2657,2008-04-27,#D52B1E
Tkachiev Vladislav,FRA,2657,2008-04-27,#D52B1E
Fressinet Laurent,FRA,2656,2008-04-27,#D52B1E
Karpov Anatoly,RUS,2655,2008-04-27,#D52B1E
Korneev Oleg,RUS,2651,2008-04-27,#D52B1E
Predojevic Borki,BIH,2651,2008-04-27,#D52B1E
Moiseenko Alexander,UKR,2650,2008-04-27,#D52B1E
Areshchenko Alexander,UKR,2650,2008-04-27,#D52B1E
Postny Evgeny,ISR,2649,2008-04-27,#D52B1E
Sakaev Konstantin,RUS,2649,2008-04-27,#D52B1E
Ivanisevic Ivan,SRB,2649,2008-04-27,#D52B1E
Baklan Vladimir,UKR,2647,2008-04-27,#D52B1E
Afromeev Vladimir,RUS,2646,2008-04-27,#D52B1E
Socko Bartosz,POL,2644,2008-04-27,#D52B1E
Sargissian Gabriel,ARM,2643,2008-04-27,#D52B1E
Miroshnichenko Evgenij,UKR,2642,2008-04-27,#D52B1E
Beliavsky Alexander G,SLO,2641,2008-04-27,#D52B1E
Fridman Daniel,GER,2640,2008-04-27,#D52B1E
Zhang Pengxiang,CHN,2640,2008-04-27,#D52B1E
Delchev Aleksander,BUL,2639,2008-04-27,#D52B1E
Riazantsev Alexander,RUS,2638,2008-04-27,#D52B1E
Mchedlishvili Mikheil,GEO,2635,2008-04-27,#D52B1E
Tiviakov Sergei,NED,2634,2008-04-27,#D52B1E
Nepomniachtchi Ian,RUS,2634,2008-04-27,#D52B1E
Shabalov Alexander,USA,2633,2008-04-27,#D52B1E
Landa Konstantin,RUS,2633,2008-04-27,#D52B1E
Volkov Sergey,RUS,2633,2008-04-27,#D52B1E
Avrukh Boris,ISR,2632,2008-04-27,#D52B1E
Vachier-Lagrave Maxime,FRA,2632,2008-04-27,#D52B1E
Asrian Karen,ARM,2630,2008-04-27,#D52B1E
Sutovsky Emil,ISR,2630,2008-04-27,#D52B1E
Smirin Ilia,ISR,2630,2008-04-27,#D52B1E
Solak Dragan,SRB,2630,2008-04-27,#D52B1E
Seirawan Yasser,USA,2630,2008-04-27,#D52B1E
Tregubov Pavel V.,RUS,2629,2008-04-27,#D52B1E
Nielsen Peter Heine,DEN,2629,2008-04-27,#D52B1E
Sadvakasov Darmen,KAZ,2629,2008-04-27,#D52B1E
Khalifman Alexander,RUS,2628,2008-04-27,#D52B1E
Istratescu Andrei,ROU,2628,2008-04-27,#D52B1E
Anand Viswanathan,IND,2798,2008-07-27,#D52B1E
Morozevich Alexander,RUS,2788,2008-07-27,#D52B1E
Kramnik Vladimir,RUS,2788,2008-07-27,#D52B1E
Ivanchuk Vassily,UKR,2781,2008-07-27,#D52B1E
Topalov Veselin,BUL,2777,2008-07-27,#D52B1E
Carlsen Magnus,NOR,2775,2008-07-27,#D52B1E
Radjabov Teimour,AZE,2744,2008-07-27,#D52B1E
Mamedyarov Shakhriyar,AZE,2742,2008-07-27,#D52B1E
Shirov Alexei,ESP,2741,2008-07-27,#D52B1E
Leko Peter,HUN,2741,2008-07-27,#D52B1E
Svidler Peter,RUS,2738,2008-07-27,#D52B1E
Aronian Levon,ARM,2737,2008-07-27,#D52B1E
Adams Michael,ENG,2735,2008-07-27,#D52B1E
Grischuk Alexander,RUS,2728,2008-07-27,#D52B1E
Karjakin Sergey,UKR,2727,2008-07-27,#D52B1E
Movsesian Sergei,SVK,2723,2008-07-27,#D52B1E
Kamsky Gata,USA,2723,2008-07-27,#D52B1E
Gelfand Boris,ISR,2720,2008-07-27,#D52B1E
Ponomariov Ruslan,UKR,2718,2008-07-27,#D52B1E
Gashimov Vugar,AZE,2717,2008-07-27,#D52B1E
Eljanov Pavel,UKR,2716,2008-07-27,#D52B1E
Polgar Judit,HUN,2711,2008-07-27,#D52B1E
Bu Xiangzhi,CHN,2710,2008-07-27,#D52B1E
Jakovenko Dmitry,RUS,2709,2008-07-27,#D52B1E
Dominguez Perez Leinier,CUB,2708,2008-07-27,#D52B1E
Alekseev Evgeny,RUS,2708,2008-07-27,#D52B1E
Ni Hua,CHN,2705,2008-07-27,#D52B1E
Milov Vadim,SUI,2705,2008-07-27,#D52B1E
Wang Yue,CHN,2704,2008-07-27,#D52B1E
Rublevsky Sergei,RUS,2699,2008-07-27,#D52B1E
Nakamura Hikaru,USA,2697,2008-07-27,#D52B1E
Nisipeanu Liviu-Dieter,ROU,2692,2008-07-27,#D52B1E
Bacrot Etienne,FRA,2691,2008-07-27,#D52B1E
Wang Hao,CHN,2691,2008-07-27,#D52B1E
Malakhov Vladimir,RUS,2689,2008-07-27,#D52B1E
Cheparinov Ivan,BUL,2687,2008-07-27,#D52B1E
Bologan Viktor,MDA,2686,2008-07-27,#D52B1E
Sasikiran Krishnan,IND,2684,2008-07-27,#D52B1E
Vachier-Lagrave Maxime,FRA,2681,2008-07-27,#D52B1E
Roiz Michael,ISR,2680,2008-07-27,#D52B1E
Kasimdzhanov Rustam,UZB,2679,2008-07-27,#D52B1E
Inarkiev Ernesto,RUS,2675,2008-07-27,#D52B1E
Motylev Alexander,RUS,2674,2008-07-27,#D52B1E
Fressinet Laurent,FRA,2673,2008-07-27,#D52B1E
Akopian Vladimir,ARM,2673,2008-07-27,#D52B1E
Georgiev Kiril,BUL,2671,2008-07-27,#D52B1E
Volokitin Andrei,UKR,2671,2008-07-27,#D52B1E
Efimenko Zahar,UKR,2670,2008-07-27,#D52B1E
Najer Evgeniy,RUS,2670,2008-07-27,#D52B1E
Onischuk Alexander,USA,2670,2008-07-27,#D52B1E
Nikolic Predrag,BIH,2669,2008-07-27,#D52B1E
Almasi Zoltan,HUN,2668,2008-07-27,#D52B1E
Harikrishna P.,IND,2668,2008-07-27,#D52B1E
Naiditsch Arkadij,GER,2665,2008-07-27,#D52B1E
Jobava Baadur,GEO,2665,2008-07-27,#D52B1E
Areshchenko Alexander,UKR,2664,2008-07-27,#D52B1E
Ivanisevic Ivan,SRB,2664,2008-07-27,#D52B1E
Tkachiev Vladislav,FRA,2664,2008-07-27,#D52B1E
Zvjaginsev Vadim,RUS,2663,2008-07-27,#D52B1E
Postny Evgeny,ISR,2661,2008-07-27,#D52B1E
Sargissian Gabriel,ARM,2660,2008-07-27,#D52B1E
Tregubov Pavel V.,RUS,2658,2008-07-27,#D52B1E
Sokolov Ivan,NED,2658,2008-07-27,#D52B1E
Dreev Alexey,RUS,2657,2008-07-27,#D52B1E
Lautier Joel,FRA,2657,2008-07-27,#D52B1E
Avrukh Boris,ISR,2656,2008-07-27,#D52B1E
Khenkin Igor,GER,2655,2008-07-27,#D52B1E
Short Nigel D,ENG,2655,2008-07-27,#D52B1E
Bareev Evgeny,RUS,2655,2008-07-27,#D52B1E
Sutovsky Emil,ISR,2654,2008-07-27,#D52B1E
Nielsen Peter Heine,DEN,2652,2008-07-27,#D52B1E
Karpov Anatoly,RUS,2651,2008-07-27,#D52B1E
Timofeev Artyom,RUS,2650,2008-07-27,#D52B1E
Amonatov Farrukh,TJK,2650,2008-07-27,#D52B1E
Vallejo Pons Francisco,ESP,2650,2008-07-27,#D52B1E
Navara David,CZE,2646,2008-07-27,#D52B1E
Tomashevsky Evgeny,RUS,2646,2008-07-27,#D52B1E
Afromeev Vladimir,RUS,2646,2008-07-27,#D52B1E
Tiviakov Sergei,NED,2645,2008-07-27,#D52B1E
Berkes Ferenc,HUN,2645,2008-07-27,#D52B1E
Van Wely Loek,NED,2644,2008-07-27,#D52B1E
Guseinov Gadir,AZE,2643,2008-07-27,#D52B1E
Zhang Pengxiang,CHN,2643,2008-07-27,#D52B1E
Kazhgaleyev Murtas,KAZ,2641,2008-07-27,#D52B1E
Grachev Boris,RUS,2640,2008-07-27,#D52B1E
Nyback Tomi,FIN,2639,2008-07-27,#D52B1E
Lastin Alexander,RUS,2639,2008-07-27,#D52B1E
Krasenkow Michal,POL,2639,2008-07-27,#D52B1E
Fridman Daniel,GER,2637,2008-07-27,#D52B1E
Smirin Ilia,ISR,2637,2008-07-27,#D52B1E
Istratescu Andrei,ROU,2636,2008-07-27,#D52B1E
Volkov Sergey,RUS,2636,2008-07-27,#D52B1E
Predojevic Borki,BIH,2634,2008-07-27,#D52B1E
Khalifman Alexander,RUS,2634,2008-07-27,#D52B1E
Sakaev Konstantin,RUS,2634,2008-07-27,#D52B1E
Seirawan Yasser,USA,2634,2008-07-27,#D52B1E
Moiseenko Alexander,UKR,2632,2008-07-27,#D52B1E
Zhang Zhong,SIN,2632,2008-07-27,#D52B1E
Sadvakasov Darmen,KAZ,2632,2008-07-27,#D52B1E
Korneev Oleg,RUS,2631,2008-07-27,#D52B1E
Gurevich Mikhail,TUR,2631,2008-07-27,#D52B1E
Vescovi Giovanni,BRA,2631,2008-07-27,#D52B1E
Ganguly Surya Shekhar,IND,2631,2008-07-27,#D52B1E
Topalov Veselin,BUL,2791,2008-10-27,#D52B1E
Morozevich Alexander,RUS,2787,2008-10-27,#D52B1E
Ivanchuk Vassily,UKR,2786,2008-10-27,#D52B1E
Carlsen Magnus,NOR,2786,2008-10-27,#D52B1E
Anand Viswanathan,IND,2783,2008-10-27,#D52B1E
Kramnik Vladimir,RUS,2772,2008-10-27,#D52B1E
Aronian Levon,ARM,2757,2008-10-27,#D52B1E
Radjabov Teimour,AZE,2752,2008-10-27,#D52B1E
Leko Peter,HUN,2747,2008-10-27,#D52B1E
Jakovenko Dmitry,RUS,2737,2008-10-27,#D52B1E
Wang Yue,CHN,2736,2008-10-27,#D52B1E
Adams Michael,ENG,2734,2008-10-27,#D52B1E
Movsesian Sergei,SVK,2732,2008-10-27,#D52B1E
Mamedyarov Shakhriyar,AZE,2731,2008-10-27,#D52B1E
Karjakin Sergey,UKR,2730,2008-10-27,#D52B1E
Kamsky Gata,USA,2729,2008-10-27,#D52B1E
Svidler Peter,RUS,2727,2008-10-27,#D52B1E
Shirov Alexei,ESP,2726,2008-10-27,#D52B1E
Eljanov Pavel,UKR,2720,2008-10-27,#D52B1E
Gelfand Boris,ISR,2719,2008-10-27,#D52B1E
Dominguez Perez Leinier,CUB,2719,2008-10-27,#D52B1E
Ponomariov Ruslan,UKR,2719,2008-10-27,#D52B1E
Grischuk Alexander,RUS,2719,2008-10-27,#D52B1E
Vachier-Lagrave Maxime,FRA,2716,2008-10-27,#D52B1E
Alekseev Evgeny,RUS,2715,2008-10-27,#D52B1E
Bu Xiangzhi,CHN,2714,2008-10-27,#D52B1E
Polgar Judit,HUN,2711,2008-10-27,#D52B1E
Ni Hua,CHN,2710,2008-10-27,#D52B1E
Bacrot Etienne,FRA,2705,2008-10-27,#D52B1E
Nakamura Hikaru,USA,2704,2008-10-27,#D52B1E
Gashimov Vugar,AZE,2703,2008-10-27,#D52B1E
Rublevsky Sergei,RUS,2702,2008-10-27,#D52B1E
Cheparinov Ivan,BUL,2696,2008-10-27,#D52B1E
Wang Hao,CHN,2696,2008-10-27,#D52B1E
Sasikiran Krishnan,IND,2694,2008-10-27,#D52B1E
Tiviakov Sergei,NED,2686,2008-10-27,#D52B1E
Nisipeanu Liviu-Dieter,ROU,2684,2008-10-27,#D52B1E
Najer Evgeniy,RUS,2682,2008-10-27,#D52B1E
Bologan Viktor,MDA,2682,2008-10-27,#D52B1E
Milov Vadim,SUI,2681,2008-10-27,#D52B1E
Efimenko Zahar,UKR,2680,2008-10-27,#D52B1E
Akopian Vladimir,ARM,2679,2008-10-27,#D52B1E
Moiseenko Alexander,UKR,2678,2008-10-27,#D52B1E
Naiditsch Arkadij,GER,2678,2008-10-27,#D52B1E
Roiz Michael,ISR,2677,2008-10-27,#D52B1E
Fressinet Laurent,FRA,2676,2008-10-27,#D52B1E
Malakhov Vladimir,RUS,2675,2008-10-27,#D52B1E
Postny Evgeny,ISR,2674,2008-10-27,#D52B1E
Motylev Alexander,RUS,2672,2008-10-27,#D52B1E
Kasimdzhanov Rustam,UZB,2672,2008-10-27,#D52B1E
Timofeev Artyom,RUS,2670,2008-10-27,#D52B1E
Dreev Alexey,RUS,2670,2008-10-27,#D52B1E
Inarkiev Ernesto,RUS,2669,2008-10-27,#D52B1E
Nikolic Predrag,BIH,2669,2008-10-27,#D52B1E
Vallejo Pons Francisco,ESP,2664,2008-10-27,#D52B1E
Jobava Baadur,GEO,2664,2008-10-27,#D52B1E
Areshchenko Alexander,UKR,2664,2008-10-27,#D52B1E
Tkachiev Vladislav,FRA,2664,2008-10-27,#D52B1E
Almasi Zoltan,HUN,2663,2008-10-27,#D52B1E
Nielsen Peter Heine,DEN,2662,2008-10-27,#D52B1E
Volokitin Andrei,UKR,2659,2008-10-27,#D52B1E
Harikrishna P.,IND,2659,2008-10-27,#D52B1E
Ivanisevic Ivan,SRB,2658,2008-10-27,#D52B1E
Avrukh Boris,ISR,2657,2008-10-27,#D52B1E
Riazantsev Alexander,RUS,2656,2008-10-27,#D52B1E
Grachev Boris,RUS,2653,2008-10-27,#D52B1E
Lastin Alexander,RUS,2651,2008-10-27,#D52B1E
Sutovsky Emil,ISR,2651,2008-10-27,#D52B1E
Karpov Anatoly,RUS,2651,2008-10-27,#D52B1E
Guseinov Gadir,AZE,2650,2008-10-27,#D52B1E
Sokolov Ivan,NED,2650,2008-10-27,#D52B1E
Smirin Ilia,ISR,2649,2008-10-27,#D52B1E
Zhang Zhong,SIN,2649,2008-10-27,#D52B1E
Savchenko Boris,RUS,2648,2008-10-27,#D52B1E
Khenkin Igor,GER,2647,2008-10-27,#D52B1E
Bareev Evgeny,RUS,2647,2008-10-27,#D52B1E
Tregubov Pavel V.,RUS,2646,2008-10-27,#D52B1E
Zvjaginsev Vadim,RUS,2646,2008-10-27,#D52B1E
Tomashevsky Evgeny,RUS,2646,2008-10-27,#D52B1E
Berkes Ferenc,HUN,2645,2008-10-27,#D52B1E
Georgiev Kiril,BUL,2645,2008-10-27,#D52B1E
Onischuk Alexander,USA,2644,2008-10-27,#D52B1E
Sadvakasov Darmen,KAZ,2643,2008-10-27,#D52B1E
Sargissian Gabriel,ARM,2642,2008-10-27,#D52B1E
Short Nigel D,ENG,2642,2008-10-27,#D52B1E
Sakaev Konstantin,RUS,2640,2008-10-27,#D52B1E
Caruana Fabiano,ITA,2640,2008-10-27,#D52B1E
Kazhgaleyev Murtas,KAZ,2640,2008-10-27,#D52B1E
Nyback Tomi,FIN,2639,2008-10-27,#D52B1E
Vitiugov Nikita,RUS,2638,2008-10-27,#D52B1E
Graf Alexander,GER,2636,2008-10-27,#D52B1E
Zhang Pengxiang,CHN,2636,2008-10-27,#D52B1E
Vescovi Giovanni,BRA,2635,2008-10-27,#D52B1E
Amonatov Farrukh,TJK,2634,2008-10-27,#D52B1E
Gurevich Mikhail,TUR,2634,2008-10-27,#D52B1E
Gustafsson Jan,GER,2634,2008-10-27,#D52B1E
Seirawan Yasser,USA,2634,2008-10-27,#D52B1E
Malakhatko Vadim,BEL,2633,2008-10-27,#D52B1E
Navara David,CZE,2633,2008-10-27,#D52B1E
Istratescu Andrei,ROU,2633,2008-10-27,#D52B1E
Topalov Veselin,BUL,2796,2009-01-27,#D52B1E
Anand Viswanathan,IND,2791,2009-01-27,#D52B1E
Ivanchuk Vassily,UKR,2779,2009-01-27,#D52B1E
Carlsen Magnus,NOR,2776,2009-01-27,#D52B1E
Morozevich Alexander,RUS,2771,2009-01-27,#D52B1E
Radjabov Teimour,AZE,2761,2009-01-27,#D52B1E
Jakovenko Dmitry,RUS,2760,2009-01-27,#D52B1E
Kramnik Vladimir,RUS,2759,2009-01-27,#D52B1E
Leko Peter,HUN,2751,2009-01-27,#D52B1E
Movsesian Sergei,SVK,2751,2009-01-27,#D52B1E
Aronian Levon,ARM,2750,2009-01-27,#D52B1E
Shirov Alexei,ESP,2745,2009-01-27,#D52B1E
Wang Yue,CHN,2739,2009-01-27,#D52B1E
Grischuk Alexander,RUS,2733,2009-01-27,#D52B1E
Gelfand Boris,ISR,2733,2009-01-27,#D52B1E
Ponomariov Ruslan,UKR,2726,2009-01-27,#D52B1E
Kamsky Gata,USA,2725,2009-01-27,#D52B1E
Mamedyarov Shakhriyar,AZE,2724,2009-01-27,#D52B1E
Gashimov Vugar,AZE,2723,2009-01-27,#D52B1E
Svidler Peter,RUS,2723,2009-01-27,#D52B1E
Bacrot Etienne,FRA,2722,2009-01-27,#D52B1E
Alekseev Evgeny,RUS,2718,2009-01-27,#D52B1E
Dominguez Perez Leinier,CUB,2717,2009-01-27,#D52B1E
Adams Michael,ENG,2712,2009-01-27,#D52B1E
Sasikiran Krishnan,IND,2711,2009-01-27,#D52B1E
Ni Hua,CHN,2709,2009-01-27,#D52B1E
Karjakin Sergey,UKR,2706,2009-01-27,#D52B1E
Vallejo Pons Francisco,ESP,2702,2009-01-27,#D52B1E
Bu Xiangzhi,CHN,2702,2009-01-27,#D52B1E
Rublevsky Sergei,RUS,2702,2009-01-27,#D52B1E
Akopian Vladimir,ARM,2700,2009-01-27,#D52B1E
Nakamura Hikaru,USA,2699,2009-01-27,#D52B1E
Vachier-Lagrave Maxime,FRA,2696,2009-01-27,#D52B1E
Eljanov Pavel,UKR,2693,2009-01-27,#D52B1E
Naiditsch Arkadij,GER,2693,2009-01-27,#D52B1E
Polgar Judit,HUN,2693,2009-01-27,#D52B1E
Malakhov Vladimir,RUS,2692,2009-01-27,#D52B1E
Wang Hao,CHN,2691,2009-01-27,#D52B1E
Dreev Alexey,RUS,2688,2009-01-27,#D52B1E
Efimenko Zahar,UKR,2688,2009-01-27,#D52B1E
Vitiugov Nikita,RUS,2687,2009-01-27,#D52B1E
Kasimdzhanov Rustam,UZB,2687,2009-01-27,#D52B1E
Bologan Viktor,MDA,2687,2009-01-27,#D52B1E
Tiviakov Sergei,NED,2685,2009-01-27,#D52B1E
Almasi Zoltan,HUN,2681,2009-01-27,#D52B1E
Cheparinov Ivan,BUL,2679,2009-01-27,#D52B1E
Sargissian Gabriel,ARM,2677,2009-01-27,#D52B1E
Moiseenko Alexander,UKR,2676,2009-01-27,#D52B1E
Motylev Alexander,RUS,2676,2009-01-27,#D52B1E
Nisipeanu Liviu-Dieter,ROU,2675,2009-01-27,#D52B1E
Harikrishna P.,IND,2673,2009-01-27,#D52B1E
Areshchenko Alexander,UKR,2673,2009-01-27,#D52B1E
Timofeev Artyom,RUS,2671,2009-01-27,#D52B1E
Volokitin Andrei,UKR,2671,2009-01-27,#D52B1E
Jobava Baadur,GEO,2669,2009-01-27,#D52B1E
Najer Evgeniy,RUS,2669,2009-01-27,#D52B1E
Milov Vadim,SUI,2669,2009-01-27,#D52B1E
Miroshnichenko Evgenij,UKR,2667,2009-01-27,#D52B1E
Fressinet Laurent,FRA,2666,2009-01-27,#D52B1E
Tomashevsky Evgeny,RUS,2664,2009-01-27,#D52B1E
Short Nigel D,ENG,2663,2009-01-27,#D52B1E
Guseinov Gadir,AZE,2661,2009-01-27,#D52B1E
Nielsen Peter Heine,DEN,2660,2009-01-27,#D52B1E
Sutovsky Emil,ISR,2660,2009-01-27,#D52B1E
Onischuk Alexander,USA,2659,2009-01-27,#D52B1E
Sokolov Ivan,NED,2657,2009-01-27,#D52B1E
Tkachiev Vladislav,FRA,2657,2009-01-27,#D52B1E
Inarkiev Ernesto,RUS,2656,2009-01-27,#D52B1E
Zhang Zhong,SIN,2656,2009-01-27,#D52B1E
Grachev Boris,RUS,2655,2009-01-27,#D52B1E
Savchenko Boris,RUS,2654,2009-01-27,#D52B1E
Postny Evgeny,ISR,2652,2009-01-27,#D52B1E
Berkes Ferenc,HUN,2651,2009-01-27,#D52B1E
Predojevic Borki,BIH,2650,2009-01-27,#D52B1E
Fridman Daniel,GER,2650,2009-01-27,#D52B1E
Rodshtein Maxim,ISR,2650,2009-01-27,#D52B1E
Bocharov Dmitry,RUS,2647,2009-01-27,#D52B1E
Amonatov Farrukh,TJK,2647,2009-01-27,#D52B1E
Roiz Michael,ISR,2647,2009-01-27,#D52B1E
Smirin Ilia,ISR,2647,2009-01-27,#D52B1E
Delchev Aleksander,BUL,2647,2009-01-27,#D52B1E
Tregubov Pavel V.,RUS,2647,2009-01-27,#D52B1E
Beliavsky Alexander G,SLO,2646,2009-01-27,#D52B1E
Caruana Fabiano,ITA,2646,2009-01-27,#D52B1E
Avrukh Boris,ISR,2645,2009-01-27,#D52B1E
Bareev Evgeny,RUS,2645,2009-01-27,#D52B1E
Nyback Tomi,FIN,2644,2009-01-27,#D52B1E
Khenkin Igor,GER,2644,2009-01-27,#D52B1E
Graf Alexander,GER,2644,2009-01-27,#D52B1E
Karpov Anatoly,RUS,2644,2009-01-27,#D52B1E
Zhang Pengxiang,CHN,2644,2009-01-27,#D52B1E
Lastin Alexander,RUS,2643,2009-01-27,#D52B1E
Shulman Yuri,USA,2639,2009-01-27,#D52B1E
Mamedov Rauf,AZE,2638,2009-01-27,#D52B1E
Navara David,CZE,2638,2009-01-27,#D52B1E
Aleksandrov Aleksej,BLR,2636,2009-01-27,#D52B1E
Zvjaginsev Vadim,RUS,2636,2009-01-27,#D52B1E
Vescovi Giovanni,BRA,2635,2009-01-27,#D52B1E
Georgiev Kiril,BUL,2634,2009-01-27,#D52B1E
Riazantsev Alexander,RUS,2634,2009-01-27,#D52B1E
Gustafsson Jan,GER,2634,2009-01-27,#D52B1E
Kobalia Mikhail,RUS,2634,2009-01-27,#D52B1E
Topalov Veselin,BUL,2812,2009-04-27,#D52B1E
Anand Viswanathan,IND,2783,2009-04-27,#D52B1E
Carlsen Magnus,NOR,2770,2009-04-27,#D52B1E
Kramnik Vladimir,RUS,2759,2009-04-27,#D52B1E
Radjabov Teimour,AZE,2756,2009-04-27,#D52B1E
Aronian Levon,ARM,2754,2009-04-27,#D52B1E
Jakovenko Dmitry,RUS,2753,2009-04-27,#D52B1E
Morozevich Alexander,RUS,2751,2009-04-27,#D52B1E
Leko Peter,HUN,2751,2009-04-27,#D52B1E
Grischuk Alexander,RUS,2748,2009-04-27,#D52B1E
Movsesian Sergei,SVK,2747,2009-04-27,#D52B1E
Ivanchuk Vassily,UKR,2746,2009-04-27,#D52B1E
Shirov Alexei,ESP,2745,2009-04-27,#D52B1E
Wang Yue,CHN,2738,2009-04-27,#D52B1E
Gelfand Boris,ISR,2733,2009-04-27,#D52B1E
Gashimov Vugar,AZE,2730,2009-04-27,#D52B1E
Bacrot Etienne,FRA,2728,2009-04-27,#D52B1E
Svidler Peter,RUS,2726,2009-04-27,#D52B1E
Ponomariov Ruslan,UKR,2726,2009-04-27,#D52B1E
Mamedyarov Shakhriyar,AZE,2725,2009-04-27,#D52B1E
Ni Hua,CHN,2724,2009-04-27,#D52B1E
Dominguez Perez Leinier,CUB,2721,2009-04-27,#D52B1E
Karjakin Sergey,UKR,2721,2009-04-27,#D52B1E
Kamsky Gata,USA,2720,2009-04-27,#D52B1E
Alekseev Evgeny,RUS,2716,2009-04-27,#D52B1E
Malakhov Vladimir,RUS,2709,2009-04-27,#D52B1E
Bu Xiangzhi,CHN,2704,2009-04-27,#D52B1E
Adams Michael,ENG,2703,2009-04-27,#D52B1E
Rublevsky Sergei,RUS,2702,2009-04-27,#D52B1E
Nakamura Hikaru,USA,2701,2009-04-27,#D52B1E
Naiditsch Arkadij,GER,2700,2009-04-27,#D52B1E
Tiviakov Sergei,NED,2697,2009-04-27,#D52B1E
Wang Hao,CHN,2696,2009-04-27,#D52B1E
Akopian Vladimir,ARM,2696,2009-04-27,#D52B1E
Kasimdzhanov Rustam,UZB,2695,2009-04-27,#D52B1E
Eljanov Pavel,UKR,2693,2009-04-27,#D52B1E
Polgar Judit,HUN,2693,2009-04-27,#D52B1E
Moiseenko Alexander,UKR,2690,2009-04-27,#D52B1E
Bologan Viktor,MDA,2690,2009-04-27,#D52B1E
Vallejo Pons Francisco,ESP,2688,2009-04-27,#D52B1E
Vitiugov Nikita,RUS,2688,2009-04-27,#D52B1E
Jobava Baadur,GEO,2687,2009-04-27,#D52B1E
Harikrishna P.,IND,2686,2009-04-27,#D52B1E
Almasi Zoltan,HUN,2685,2009-04-27,#D52B1E
Onischuk Alexander,USA,2684,2009-04-27,#D52B1E
Tomashevsky Evgeny,RUS,2684,2009-04-27,#D52B1E
Vachier-Lagrave Maxime,FRA,2684,2009-04-27,#D52B1E
Sasikiran Krishnan,IND,2682,2009-04-27,#D52B1E
Efimenko Zahar,UKR,2682,2009-04-27,#D52B1E
Miroshnichenko Evgenij,UKR,2680,2009-04-27,#D52B1E
Cheparinov Ivan,BUL,2678,2009-04-27,#D52B1E
Motylev Alexander,RUS,2677,2009-04-27,#D52B1E
Timofeev Artyom,RUS,2677,2009-04-27,#D52B1E
Inarkiev Ernesto,RUS,2676,2009-04-27,#D52B1E
Nisipeanu Liviu-Dieter,ROU,2675,2009-04-27,#D52B1E
Short Nigel D,ENG,2674,2009-04-27,#D52B1E
Volokitin Andrei,UKR,2671,2009-04-27,#D52B1E
Sokolov Ivan,NED,2669,2009-04-27,#D52B1E
Najer Evgeniy,RUS,2669,2009-04-27,#D52B1E
Dreev Alexey,RUS,2668,2009-04-27,#D52B1E
Nielsen Peter Heine,DEN,2668,2009-04-27,#D52B1E
Fressinet Laurent,FRA,2664,2009-04-27,#D52B1E
Sargissian Gabriel,ARM,2660,2009-04-27,#D52B1E
Sutovsky Emil,ISR,2660,2009-04-27,#D52B1E
Guseinov Gadir,AZE,2659,2009-04-27,#D52B1E
Milov Vadim,SUI,2659,2009-04-27,#D52B1E
Kurnosov Igor,RUS,2658,2009-04-27,#D52B1E
Areshchenko Alexander,UKR,2657,2009-04-27,#D52B1E
Tkachiev Vladislav,FRA,2657,2009-04-27,#D52B1E
Fedorchuk Sergey A.,UKR,2656,2009-04-27,#D52B1E
Pashikian Arman,ARM,2655,2009-04-27,#D52B1E
Savchenko Boris,RUS,2655,2009-04-27,#D52B1E
Nyback Tomi,FIN,2655,2009-04-27,#D52B1E
Navara David,CZE,2654,2009-04-27,#D52B1E
Grachev Boris,RUS,2652,2009-04-27,#D52B1E
Predojevic Borki,BIH,2652,2009-04-27,#D52B1E
Lastin Alexander,RUS,2650,2009-04-27,#D52B1E
Caruana Fabiano,ITA,2649,2009-04-27,#D52B1E
Amonatov Farrukh,TJK,2648,2009-04-27,#D52B1E
Postny Evgeny,ISR,2648,2009-04-27,#D52B1E
Delchev Aleksander,BUL,2648,2009-04-27,#D52B1E
Avrukh Boris,ISR,2647,2009-04-27,#D52B1E
Fridman Daniel,GER,2646,2009-04-27,#D52B1E
Kobalia Mikhail,RUS,2645,2009-04-27,#D52B1E
Mamedov Rauf,AZE,2645,2009-04-27,#D52B1E
Karpov Anatoly,RUS,2644,2009-04-27,#D52B1E
Li Chao b,CHN,2643,2009-04-27,#D52B1E
Meier Georg,GER,2641,2009-04-27,#D52B1E
So Wesley,PHI,2641,2009-04-27,#D52B1E
Smirin Ilia,ISR,2641,2009-04-27,#D52B1E
Beliavsky Alexander G,SLO,2640,2009-04-27,#D52B1E
Berkes Ferenc,HUN,2638,2009-04-27,#D52B1E
Zhang Pengxiang,CHN,2638,2009-04-27,#D52B1E
Georgiev Kiril,BUL,2637,2009-04-27,#D52B1E
Socko Bartosz,POL,2637,2009-04-27,#D52B1E
Bareev Evgeny,RUS,2636,2009-04-27,#D52B1E
Zhou Jianchao,CHN,2635,2009-04-27,#D52B1E
Riazantsev Alexander,RUS,2635,2009-04-27,#D52B1E
Zvjaginsev Vadim,RUS,2635,2009-04-27,#D52B1E
Roiz Michael,ISR,2635,2009-04-27,#D52B1E
Topalov Veselin,BUL,2813,2009-07-27,#D52B1E
Anand Viswanathan,IND,2788,2009-07-27,#D52B1E
Carlsen Magnus,NOR,2772,2009-07-27,#D52B1E
Aronian Levon,ARM,2768,2009-07-27,#D52B1E
Jakovenko Dmitry,RUS,2760,2009-07-27,#D52B1E
Kramnik Vladimir,RUS,2759,2009-07-27,#D52B1E
Leko Peter,HUN,2756,2009-07-27,#D52B1E
Radjabov Teimour,AZE,2756,2009-07-27,#D52B1E
Gelfand Boris,ISR,2755,2009-07-27,#D52B1E
Morozevich Alexander,RUS,2751,2009-07-27,#D52B1E
Gashimov Vugar,AZE,2740,2009-07-27,#D52B1E
Svidler Peter,RUS,2739,2009-07-27,#D52B1E
Wang Yue,CHN,2736,2009-07-27,#D52B1E
Grischuk Alexander,RUS,2733,2009-07-27,#D52B1E
Shirov Alexei,ESP,2732,2009-07-27,#D52B1E
Ponomariov Ruslan,UKR,2727,2009-07-27,#D52B1E
Bacrot Etienne,FRA,2721,2009-07-27,#D52B1E
Kamsky Gata,USA,2717,2009-07-27,#D52B1E
Mamedyarov Shakhriyar,AZE,2717,2009-07-27,#D52B1E
Karjakin Sergey,UKR,2717,2009-07-27,#D52B1E
Eljanov Pavel,UKR,2716,2009-07-27,#D52B1E
Movsesian Sergei,SVK,2716,2009-07-27,#D52B1E
Dominguez Perez Leinier,CUB,2716,2009-07-27,#D52B1E
Alekseev Evgeny,RUS,2714,2009-07-27,#D52B1E
Akopian Vladimir,ARM,2712,2009-07-27,#D52B1E
Nakamura Hikaru,USA,2710,2009-07-27,#D52B1E
Motylev Alexander,RUS,2710,2009-07-27,#D52B1E
Malakhov Vladimir,RUS,2707,2009-07-27,#D52B1E
Vachier-Lagrave Maxime,FRA,2703,2009-07-27,#D52B1E
Ivanchuk Vassily,UKR,2703,2009-07-27,#D52B1E
Rublevsky Sergei,RUS,2703,2009-07-27,#D52B1E
Bu Xiangzhi,CHN,2702,2009-07-27,#D52B1E
Ni Hua,CHN,2701,2009-07-27,#D52B1E
Onischuk Alexander,USA,2699,2009-07-27,#D52B1E
Adams Michael,ENG,2699,2009-07-27,#D52B1E
Naiditsch Arkadij,GER,2697,2009-07-27,#D52B1E
Miroshnichenko Evgenij,UKR,2696,2009-07-27,#D52B1E
Vallejo Pons Francisco,ESP,2693,2009-07-27,#D52B1E
Wang Hao,CHN,2690,2009-07-27,#D52B1E
Bologan Viktor,MDA,2689,2009-07-27,#D52B1E
Tomashevsky Evgeny,RUS,2689,2009-07-27,#D52B1E
Navara David,CZE,2687,2009-07-27,#D52B1E
Polgar Judit,HUN,2687,2009-07-27,#D52B1E
Short Nigel D,ENG,2684,2009-07-27,#D52B1E
Jobava Baadur,GEO,2684,2009-07-27,#D52B1E
Almasi Zoltan,HUN,2684,2009-07-27,#D52B1E
Moiseenko Alexander,UKR,2682,2009-07-27,#D52B1E
Timofeev Artyom,RUS,2681,2009-07-27,#D52B1E
Vitiugov Nikita,RUS,2681,2009-07-27,#D52B1E
Nielsen Peter Heine,DEN,2680,2009-07-27,#D52B1E
Harikrishna P.,IND,2679,2009-07-27,#D52B1E
Volokitin Andrei,UKR,2678,2009-07-27,#D52B1E
Cheparinov Ivan,BUL,2678,2009-07-27,#D52B1E
Sutovsky Emil,ISR,2675,2009-07-27,#D52B1E
Inarkiev Ernesto,RUS,2675,2009-07-27,#D52B1E
Nisipeanu Liviu-Dieter,ROU,2675,2009-07-27,#D52B1E
Tiviakov Sergei,NED,2674,2009-07-27,#D52B1E
Kasimdzhanov Rustam,UZB,2672,2009-07-27,#D52B1E
Caruana Fabiano,ITA,2670,2009-07-27,#D52B1E
Grachev Boris,RUS,2669,2009-07-27,#D52B1E
Sasikiran Krishnan,IND,2669,2009-07-27,#D52B1E
Kurnosov Igor,RUS,2669,2009-07-27,#D52B1E
Fressinet Laurent,FRA,2667,2009-07-27,#D52B1E
Sargissian Gabriel,ARM,2667,2009-07-27,#D52B1E
Fridman Daniel,GER,2665,2009-07-27,#D52B1E
Guseinov Gadir,AZE,2664,2009-07-27,#D52B1E
Najer Evgeniy,RUS,2663,2009-07-27,#D52B1E
Beliavsky Alexander G,SLO,2662,2009-07-27,#D52B1E
Dreev Alexey,RUS,2660,2009-07-27,#D52B1E
Milov Vadim,SUI,2659,2009-07-27,#D52B1E
Roiz Michael,ISR,2658,2009-07-27,#D52B1E
Meier Georg,GER,2658,2009-07-27,#D52B1E
Socko Bartosz,POL,2656,2009-07-27,#D52B1E
Fedorchuk Sergey A.,UKR,2655,2009-07-27,#D52B1E
Landa Konstantin,RUS,2655,2009-07-27,#D52B1E
Van Wely Loek,NED,2655,2009-07-27,#D52B1E
Sokolov Ivan,BIH,2655,2009-07-27,#D52B1E
Efimenko Zahar,UKR,2654,2009-07-27,#D52B1E
Tregubov Pavel V.,RUS,2652,2009-07-27,#D52B1E
Areshchenko Alexander,UKR,2651,2009-07-27,#D52B1E
Tkachiev Vladislav,FRA,2650,2009-07-27,#D52B1E
Smirin Ilia,ISR,2650,2009-07-27,#D52B1E
Savchenko Boris,RUS,2650,2009-07-27,#D52B1E
Pashikian Arman,ARM,2650,2009-07-27,#D52B1E
Shulman Yuri,USA,2648,2009-07-27,#D52B1E
Andreikin Dmitry,RUS,2648,2009-07-27,#D52B1E
Lastin Alexander,RUS,2648,2009-07-27,#D52B1E
Postny Evgeny,ISR,2647,2009-07-27,#D52B1E
Granda Zuniga Julio E,PER,2647,2009-07-27,#D52B1E
Berkes Ferenc,HUN,2647,2009-07-27,#D52B1E
Riazantsev Alexander,RUS,2647,2009-07-27,#D52B1E
So Wesley,PHI,2646,2009-07-27,#D52B1E
Seirawan Yasser,USA,2646,2009-07-27,#D52B1E
Georgiev Kiril,BUL,2645,2009-07-27,#D52B1E
Kobalia Mikhail,RUS,2645,2009-07-27,#D52B1E
Mamedov Rauf,AZE,2645,2009-07-27,#D52B1E
Predojevic Borki,BIH,2644,2009-07-27,#D52B1E
Karpov Anatoly,RUS,2644,2009-07-27,#D52B1E
Amonatov Farrukh,TJK,2641,2009-07-27,#D52B1E
Avrukh Boris,ISR,2641,2009-07-27,#D52B1E
Topalov Veselin,BUL,2813,2009-09-27,#D52B1E
Anand Viswanathan,IND,2788,2009-09-27,#D52B1E
Aronian Levon,ARM,2773,2009-09-27,#D52B1E
Carlsen Magnus,NOR,2772,2009-09-27,#D52B1E
Kramnik Vladimir,RUS,2772,2009-09-27,#D52B1E
Leko Peter,HUN,2762,2009-09-27,#D52B1E
Radjabov Teimour,AZE,2757,2009-09-27,#D52B1E
Ivanchuk Vassily,UKR,2756,2009-09-27,#D52B1E
Gelfand Boris,ISR,2756,2009-09-27,#D52B1E
Morozevich Alexander,RUS,2750,2009-09-27,#D52B1E
Jakovenko Dmitry,RUS,2742,2009-09-27,#D52B1E
Svidler Peter,RUS,2741,2009-09-27,#D52B1E
Ponomariov Ruslan,UKR,2741,2009-09-27,#D52B1E
Gashimov Vugar,AZE,2740,2009-09-27,#D52B1E
Wang Yue,CHN,2736,2009-09-27,#D52B1E
Nakamura Hikaru,USA,2735,2009-09-27,#D52B1E
Grischuk Alexander,RUS,2733,2009-09-27,#D52B1E
Shirov Alexei,ESP,2730,2009-09-27,#D52B1E
Alekseev Evgeny,RUS,2725,2009-09-27,#D52B1E
Karjakin Sergey,UKR,2722,2009-09-27,#D52B1E
Mamedyarov Shakhriyar,AZE,2721,2009-09-27,#D52B1E
Dominguez Perez Leinier,CUB,2719,2009-09-27,#D52B1E
Vachier-Lagrave Maxime,FRA,2718,2009-09-27,#D52B1E
Eljanov Pavel,UKR,2717,2009-09-27,#D52B1E
Malakhov Vladimir,RUS,2715,2009-09-27,#D52B1E
Movsesian Sergei,SVK,2711,2009-09-27,#D52B1E
Motylev Alexander,RUS,2710,2009-09-27,#D52B1E
Bacrot Etienne,FRA,2709,2009-09-27,#D52B1E
Short Nigel D,ENG,2706,2009-09-27,#D52B1E
Rublevsky Sergei,RUS,2703,2009-09-27,#D52B1E
Kasimdzhanov Rustam,UZB,2702,2009-09-27,#D52B1E
Bu Xiangzhi,CHN,2702,2009-09-27,#D52B1E
Onischuk Alexander,USA,2699,2009-09-27,#D52B1E
Akopian Vladimir,ARM,2698,2009-09-27,#D52B1E
Jobava Baadur,GEO,2696,2009-09-27,#D52B1E
Vallejo Pons Francisco,ESP,2696,2009-09-27,#D52B1E
Moiseenko Alexander,UKR,2694,2009-09-27,#D52B1E
Kamsky Gata,USA,2692,2009-09-27,#D52B1E
Navara David,CZE,2692,2009-09-27,#D52B1E
Ni Hua,CHN,2692,2009-09-27,#D52B1E
Miroshnichenko Evgenij,UKR,2690,2009-09-27,#D52B1E
Wang Hao,CHN,2690,2009-09-27,#D52B1E
Bologan Viktor,MDA,2688,2009-09-27,#D52B1E
Tomashevsky Evgeny,RUS,2688,2009-09-27,#D52B1E
Nielsen Peter Heine,DEN,2687,2009-09-27,#D52B1E
Polgar Judit,HUN,2687,2009-09-27,#D52B1E
Naiditsch Arkadij,GER,2685,2009-09-27,#D52B1E
Almasi Zoltan,HUN,2685,2009-09-27,#D52B1E
Grachev Boris,RUS,2684,2009-09-27,#D52B1E
Adams Michael,ENG,2682,2009-09-27,#D52B1E
Najer Evgeniy,RUS,2681,2009-09-27,#D52B1E
Volokitin Andrei,UKR,2681,2009-09-27,#D52B1E
Vitiugov Nikita,RUS,2681,2009-09-27,#D52B1E
Sargissian Gabriel,ARM,2678,2009-09-27,#D52B1E
Sutovsky Emil,ISR,2676,2009-09-27,#D52B1E
Harikrishna P.,IND,2673,2009-09-27,#D52B1E
Tiviakov Sergei,NED,2670,2009-09-27,#D52B1E
Tkachiev Vladislav,FRA,2669,2009-09-27,#D52B1E
Kurnosov Igor,RUS,2669,2009-09-27,#D52B1E
Avrukh Boris,ISR,2668,2009-09-27,#D52B1E
Timofeev Artyom,RUS,2668,2009-09-27,#D52B1E
Cheparinov Ivan,BUL,2667,2009-09-27,#D52B1E
Areshchenko Alexander,UKR,2667,2009-09-27,#D52B1E
Guseinov Gadir,AZE,2667,2009-09-27,#D52B1E
Meier Georg,GER,2664,2009-09-27,#D52B1E
Inarkiev Ernesto,RUS,2664,2009-09-27,#D52B1E
Nisipeanu Liviu-Dieter,ROU,2664,2009-09-27,#D52B1E
Georgiev Kiril,BUL,2663,2009-09-27,#D52B1E
Berkes Ferenc,HUN,2663,2009-09-27,#D52B1E
Pashikian Arman,ARM,2663,2009-09-27,#D52B1E
Caruana Fabiano,ITA,2662,2009-09-27,#D52B1E
Fridman Daniel,GER,2661,2009-09-27,#D52B1E
Sasikiran Krishnan,IND,2661,2009-09-27,#D52B1E
Dreev Alexey,RUS,2659,2009-09-27,#D52B1E
Andreikin Dmitry,RUS,2659,2009-09-27,#D52B1E
Milov Vadim,SUI,2659,2009-09-27,#D52B1E
Fressinet Laurent,FRA,2658,2009-09-27,#D52B1E
Roiz Michael,ISR,2658,2009-09-27,#D52B1E
Sokolov Ivan,BIH,2657,2009-09-27,#D52B1E
Beliavsky Alexander G,SLO,2656,2009-09-27,#D52B1E
Landa Konstantin,RUS,2655,2009-09-27,#D52B1E
Predojevic Borki,BIH,2654,2009-09-27,#D52B1E
Efimenko Zahar,UKR,2654,2009-09-27,#D52B1E
Postny Evgeny,ISR,2651,2009-09-27,#D52B1E
Krasenkow Michal,POL,2651,2009-09-27,#D52B1E
Van Wely Loek,NED,2650,2009-09-27,#D52B1E
Tregubov Pavel V.,RUS,2649,2009-09-27,#D52B1E
Smirin Ilia,ISR,2648,2009-09-27,#D52B1E
Kobalia Mikhail,RUS,2648,2009-09-27,#D52B1E
Lastin Alexander,RUS,2648,2009-09-27,#D52B1E
Zhigalko Sergei,BLR,2646,2009-09-27,#D52B1E
Baklan Vladimir,UKR,2646,2009-09-27,#D52B1E
Riazantsev Alexander,RUS,2646,2009-09-27,#D52B1E
Seirawan Yasser,USA,2646,2009-09-27,#D52B1E
Fier Alexandr,BRA,2644,2009-09-27,#D52B1E
Granda Zuniga Julio E,PER,2644,2009-09-27,#D52B1E
So Wesley,PHI,2644,2009-09-27,#D52B1E
Fedorchuk Sergey A.,UKR,2643,2009-09-27,#D52B1E
Amonatov Farrukh,TJK,2643,2009-09-27,#D52B1E
Kazhgaleyev Murtas,KAZ,2643,2009-09-27,#D52B1E
Topalov Veselin,BUL,2810,2009-11-27,#D52B1E
Carlsen Magnus,NOR,2801,2009-11-27,#D52B1E
Anand Viswanathan,IND,2788,2009-11-27,#D52B1E
Aronian Levon,ARM,2786,2009-11-27,#D52B1E
Kramnik Vladimir,RUS,2772,2009-11-27,#D52B1E
Gashimov Vugar,AZE,2758,2009-11-27,#D52B1E
Gelfand Boris,ISR,2758,2009-11-27,#D52B1E
Svidler Peter,RUS,2754,2009-11-27,#D52B1E
Leko Peter,HUN,2752,2009-11-27,#D52B1E
Morozevich Alexander,RUS,2750,2009-11-27,#D52B1E
Radjabov Teimour,AZE,2748,2009-11-27,#D52B1E
Ivanchuk Vassily,UKR,2739,2009-11-27,#D52B1E
Ponomariov Ruslan,UKR,2739,2009-11-27,#D52B1E
Grischuk Alexander,RUS,2736,2009-11-27,#D52B1E
Jakovenko Dmitry,RUS,2736,2009-11-27,#D52B1E
Wang Yue,CHN,2734,2009-11-27,#D52B1E
Eljanov Pavel,UKR,2729,2009-11-27,#D52B1E
Karjakin Sergey,UKR,2723,2009-11-27,#D52B1E
Mamedyarov Shakhriyar,AZE,2719,2009-11-27,#D52B1E
Shirov Alexei,ESP,2719,2009-11-27,#D52B1E
Dominguez Perez Leinier,CUB,2719,2009-11-27,#D52B1E
Movsesian Sergei,SVK,2718,2009-11-27,#D52B1E
Vachier-Lagrave Maxime,FRA,2718,2009-11-27,#D52B1E
Nakamura Hikaru,USA,2715,2009-11-27,#D52B1E
Alekseev Evgeny,RUS,2715,2009-11-27,#D52B1E
Vallejo Pons Francisco,ESP,2711,2009-11-27,#D52B1E
Tomashevsky Evgeny,RUS,2708,2009-11-27,#D52B1E
Wang Hao,CHN,2708,2009-11-27,#D52B1E
Short Nigel D,ENG,2707,2009-11-27,#D52B1E
Navara David,CZE,2707,2009-11-27,#D52B1E
Malakhov Vladimir,RUS,2706,2009-11-27,#D52B1E
Kasimdzhanov Rustam,UZB,2705,2009-11-27,#D52B1E
Almasi Zoltan,HUN,2704,2009-11-27,#D52B1E
Bacrot Etienne,FRA,2700,2009-11-27,#D52B1E
Akopian Vladimir,ARM,2700,2009-11-27,#D52B1E
Adams Michael,ENG,2698,2009-11-27,#D52B1E
Rublevsky Sergei,RUS,2697,2009-11-27,#D52B1E
Nielsen Peter Heine,DEN,2697,2009-11-27,#D52B1E
Jobava Baadur,GEO,2696,2009-11-27,#D52B1E
Motylev Alexander,RUS,2695,2009-11-27,#D52B1E
Kamsky Gata,USA,2695,2009-11-27,#D52B1E
Vitiugov Nikita,RUS,2694,2009-11-27,#D52B1E
Bologan Viktor,MDA,2692,2009-11-27,#D52B1E
Volokitin Andrei,UKR,2691,2009-11-27,#D52B1E
Naiditsch Arkadij,GER,2689,2009-11-27,#D52B1E
Miroshnichenko Evgenij,UKR,2686,2009-11-27,#D52B1E
Bu Xiangzhi,CHN,2682,2009-11-27,#D52B1E
Polgar Judit,HUN,2680,2009-11-27,#D52B1E
Moiseenko Alexander,UKR,2677,2009-11-27,#D52B1E
Nisipeanu Liviu-Dieter,ROU,2677,2009-11-27,#D52B1E
Sargissian Gabriel,ARM,2676,2009-11-27,#D52B1E
Onischuk Alexander,USA,2672,2009-11-27,#D52B1E
Harikrishna P.,IND,2672,2009-11-27,#D52B1E
Georgiev Kiril,BUL,2672,2009-11-27,#D52B1E
Cheparinov Ivan,BUL,2671,2009-11-27,#D52B1E
Efimenko Zahar,UKR,2668,2009-11-27,#D52B1E
Sutovsky Emil,ISR,2666,2009-11-27,#D52B1E
Kurnosov Igor,RUS,2666,2009-11-27,#D52B1E
Najer Evgeniy,RUS,2666,2009-11-27,#D52B1E
Ni Hua,CHN,2665,2009-11-27,#D52B1E
Tiviakov Sergei,NED,2664,2009-11-27,#D52B1E
Areshchenko Alexander,UKR,2664,2009-11-27,#D52B1E
Landa Konstantin,RUS,2664,2009-11-27,#D52B1E
Sasikiran Krishnan,IND,2664,2009-11-27,#D52B1E
Smirin Ilia,ISR,2662,2009-11-27,#D52B1E
Berkes Ferenc,HUN,2661,2009-11-27,#D52B1E
Riazantsev Alexander,RUS,2661,2009-11-27,#D52B1E
Roiz Michael,ISR,2659,2009-11-27,#D52B1E
Krasenkow Michal,POL,2656,2009-11-27,#D52B1E
Lastin Alexander,RUS,2656,2009-11-27,#D52B1E
Pashikian Arman,ARM,2656,2009-11-27,#D52B1E
Dreev Alexey,RUS,2655,2009-11-27,#D52B1E
Baklan Vladimir,UKR,2655,2009-11-27,#D52B1E
Avrukh Boris,ISR,2655,2009-11-27,#D52B1E
Ganguly Surya Shekhar,IND,2654,2009-11-27,#D52B1E
Fier Alexandr,BRA,2653,2009-11-27,#D52B1E
Kazhgaleyev Murtas,KAZ,2653,2009-11-27,#D52B1E
Fressinet Laurent,FRA,2653,2009-11-27,#D52B1E
Meier Georg,GER,2653,2009-11-27,#D52B1E
Grachev Boris,RUS,2652,2009-11-27,#D52B1E
Caruana Fabiano,ITA,2652,2009-11-27,#D52B1E
Predojevic Borki,BIH,2652,2009-11-27,#D52B1E
Van Wely Loek,NED,2652,2009-11-27,#D52B1E
Sokolov Ivan,BIH,2652,2009-11-27,#D52B1E
Milov Vadim,SUI,2652,2009-11-27,#D52B1E
Timofeev Artyom,RUS,2651,2009-11-27,#D52B1E
Postny Evgeny,ISR,2650,2009-11-27,#D52B1E
Smeets Jan,NED,2650,2009-11-27,#D52B1E
Fridman Daniel,GER,2649,2009-11-27,#D52B1E
Seirawan Yasser,USA,2649,2009-11-27,#D52B1E
Vescovi Giovanni,BRA,2648,2009-11-27,#D52B1E
Beliavsky Alexander G,SLO,2648,2009-11-27,#D52B1E
Zhigalko Sergei,BLR,2646,2009-11-27,#D52B1E
Inarkiev Ernesto,RUS,2645,2009-11-27,#D52B1E
Savchenko Boris,RUS,2644,2009-11-27,#D52B1E
Khismatullin Denis,RUS,2643,2009-11-27,#D52B1E
Socko Bartosz,POL,2643,2009-11-27,#D52B1E
Kobalia Mikhail,RUS,2643,2009-11-27,#D52B1E
Korobov Anton,UKR,2642,2009-11-27,#D52B1E
Tkachiev Vladislav,FRA,2642,2009-11-27,#D52B1E
Tregubov Pavel V.,RUS,2642,2009-11-27,#D52B1E
Carlsen Magnus,NOR,2810,2010-01-27,#D52B1E
Topalov Veselin,BUL,2805,2010-01-27,#D52B1E
Anand Viswanathan,IND,2790,2010-01-27,#D52B1E
Kramnik Vladimir,RUS,2788,2010-01-27,#D52B1E
Aronian Levon,ARM,2781,2010-01-27,#D52B1E
Gelfand Boris,ISR,2761,2010-01-27,#D52B1E
Gashimov Vugar,AZE,2759,2010-01-27,#D52B1E
Ivanchuk Vassily,UKR,2749,2010-01-27,#D52B1E
Wang Yue,CHN,2749,2010-01-27,#D52B1E
Svidler Peter,RUS,2744,2010-01-27,#D52B1E
Mamedyarov Shakhriyar,AZE,2741,2010-01-27,#D52B1E
Leko Peter,HUN,2739,2010-01-27,#D52B1E
Ponomariov Ruslan,UKR,2737,2010-01-27,#D52B1E
Eljanov Pavel,UKR,2736,2010-01-27,#D52B1E
Grischuk Alexander,RUS,2736,2010-01-27,#D52B1E
Radjabov Teimour,AZE,2733,2010-01-27,#D52B1E
Morozevich Alexander,RUS,2732,2010-01-27,#D52B1E
Vachier-Lagrave Maxime,FRA,2730,2010-01-27,#D52B1E
Jakovenko Dmitry,RUS,2730,2010-01-27,#D52B1E
Shirov Alexei,ESP,2723,2010-01-27,#D52B1E
Karjakin Sergey,RUS,2720,2010-01-27,#D52B1E
Malakhov Vladimir,RUS,2716,2010-01-27,#D52B1E
Wang Hao,CHN,2715,2010-01-27,#D52B1E
Bacrot Etienne,FRA,2713,2010-01-27,#D52B1E
Dominguez Perez Leinier,CUB,2712,2010-01-27,#D52B1E
Almasi Zoltan,HUN,2710,2010-01-27,#D52B1E
Navara David,CZE,2708,2010-01-27,#D52B1E
Nakamura Hikaru,USA,2708,2010-01-27,#D52B1E
Movsesian Sergei,SVK,2708,2010-01-27,#D52B1E
Tomashevsky Evgeny,RUS,2705,2010-01-27,#D52B1E
Vallejo Pons Francisco,ESP,2705,2010-01-27,#D52B1E
Jobava Baadur,GEO,2704,2010-01-27,#D52B1E
Alekseev Evgeny,RUS,2703,2010-01-27,#D52B1E
Kasimdzhanov Rustam,UZB,2702,2010-01-27,#D52B1E
Motylev Alexander,RUS,2697,2010-01-27,#D52B1E
Rublevsky Sergei,RUS,2697,2010-01-27,#D52B1E
Nielsen Peter Heine,DEN,2697,2010-01-27,#D52B1E
Short Nigel D,ENG,2696,2010-01-27,#D52B1E
Adams Michael,ENG,2694,2010-01-27,#D52B1E
Kamsky Gata,USA,2693,2010-01-27,#D52B1E
Vitiugov Nikita,RUS,2692,2010-01-27,#D52B1E
Volokitin Andrei,UKR,2692,2010-01-27,#D52B1E
Bologan Viktor,MDA,2692,2010-01-27,#D52B1E
Naiditsch Arkadij,GER,2687,2010-01-27,#D52B1E
Miroshnichenko Evgenij,UKR,2686,2010-01-27,#D52B1E
Polgar Judit,HUN,2682,2010-01-27,#D52B1E
Nisipeanu Liviu-Dieter,ROU,2681,2010-01-27,#D52B1E
Sargissian Gabriel,ARM,2680,2010-01-27,#D52B1E
Akopian Vladimir,ARM,2678,2010-01-27,#D52B1E
Moiseenko Alexander,UKR,2677,2010-01-27,#D52B1E
Caruana Fabiano,ITA,2675,2010-01-27,#D52B1E
Bu Xiangzhi,CHN,2673,2010-01-27,#D52B1E
Georgiev Kiril,BUL,2672,2010-01-27,#D52B1E
Harikrishna P.,IND,2672,2010-01-27,#D52B1E
Fressinet Laurent,FRA,2670,2010-01-27,#D52B1E
Areshchenko Alexander,UKR,2670,2010-01-27,#D52B1E
Onischuk Alexander,USA,2670,2010-01-27,#D52B1E
Zhigalko Sergei,BLR,2668,2010-01-27,#D52B1E
Smirin Ilia,ISR,2668,2010-01-27,#D52B1E
Kurnosov Igor,RUS,2668,2010-01-27,#D52B1E
Najer Evgeniy,RUS,2665,2010-01-27,#D52B1E
Tiviakov Sergei,NED,2662,2010-01-27,#D52B1E
Riazantsev Alexander,RUS,2661,2010-01-27,#D52B1E
Vescovi Giovanni,BRA,2660,2010-01-27,#D52B1E
Cheparinov Ivan,BUL,2660,2010-01-27,#D52B1E
Berkes Ferenc,HUN,2659,2010-01-27,#D52B1E
Lastin Alexander,RUS,2659,2010-01-27,#D52B1E
Meier Georg,GER,2658,2010-01-27,#D52B1E
Nepomniachtchi Ian,RUS,2658,2010-01-27,#D52B1E
Beliavsky Alexander G,SLO,2657,2010-01-27,#D52B1E
Efimenko Zahar,UKR,2657,2010-01-27,#D52B1E
Ni Hua,CHN,2657,2010-01-27,#D52B1E
Smeets Jan,NED,2657,2010-01-27,#D52B1E
Sutovsky Emil,ISR,2657,2010-01-27,#D52B1E
Roiz Michael,ISR,2657,2010-01-27,#D52B1E
Avrukh Boris,ISR,2656,2010-01-27,#D52B1E
So Wesley,PHI,2656,2010-01-27,#D52B1E
Krasenkow Michal,POL,2656,2010-01-27,#D52B1E
Fridman Daniel,GER,2654,2010-01-27,#D52B1E
Ganguly Surya Shekhar,IND,2654,2010-01-27,#D52B1E
Baklan Vladimir,UKR,2654,2010-01-27,#D52B1E
Grachev Boris,RUS,2653,2010-01-27,#D52B1E
Sasikiran Krishnan,IND,2653,2010-01-27,#D52B1E
Laznicka Viktor,CZE,2652,2010-01-27,#D52B1E
Timofeev Artyom,RUS,2652,2010-01-27,#D52B1E
Khismatullin Denis,RUS,2651,2010-01-27,#D52B1E
Dreev Alexey,RUS,2650,2010-01-27,#D52B1E
Sokolov Ivan,BIH,2649,2010-01-27,#D52B1E
Inarkiev Ernesto,RUS,2649,2010-01-27,#D52B1E
Seirawan Yasser,USA,2649,2010-01-27,#D52B1E
Korobov Anton,UKR,2648,2010-01-27,#D52B1E
Postny Evgeny,ISR,2648,2010-01-27,#D52B1E
Le Quang Liem,VIE,2647,2010-01-27,#D52B1E
Pashikian Arman,ARM,2647,2010-01-27,#D52B1E
Landa Konstantin,RUS,2645,2010-01-27,#D52B1E
Milov Vadim,SUI,2644,2010-01-27,#D52B1E
Nyback Tomi,FIN,2643,2010-01-27,#D52B1E
Bareev Evgeny,RUS,2643,2010-01-27,#D52B1E
Kazhgaleyev Murtas,KAZ,2643,2010-01-27,#D52B1E
Socko Bartosz,POL,2643,2010-01-27,#D52B1E
Carlsen Magnus,NOR,2813,2010-03-27,#D52B1E
Topalov Veselin,BUL,2805,2010-03-27,#D52B1E
Kramnik Vladimir,RUS,2790,2010-03-27,#D52B1E
Anand Viswanathan,IND,2787,2010-03-27,#D52B1E
Aronian Levon,ARM,2782,2010-03-27,#D52B1E
Mamedyarov Shakhriyar,AZE,2760,2010-03-27,#D52B1E
Grischuk Alexander,RUS,2756,2010-03-27,#D52B1E
Svidler Peter,RUS,2750,2010-03-27,#D52B1E
Gelfand Boris,ISR,2750,2010-03-27,#D52B1E
Wang Yue,CHN,2749,2010-03-27,#D52B1E
Ivanchuk Vassily,UKR,2748,2010-03-27,#D52B1E
Gashimov Vugar,AZE,2740,2010-03-27,#D52B1E
Radjabov Teimour,AZE,2740,2010-03-27,#D52B1E
Shirov Alexei,ESP,2737,2010-03-27,#D52B1E
Ponomariov Ruslan,UKR,2737,2010-03-27,#D52B1E
Eljanov Pavel,UKR,2736,2010-03-27,#D52B1E
Nakamura Hikaru,USA,2735,2010-03-27,#D52B1E
Leko Peter,HUN,2735,2010-03-27,#D52B1E
Vachier-Lagrave Maxime,FRA,2727,2010-03-27,#D52B1E
Jakovenko Dmitry,RUS,2725,2010-03-27,#D52B1E
Karjakin Sergey,RUS,2725,2010-03-27,#D52B1E
Malakhov Vladimir,RUS,2721,2010-03-27,#D52B1E
Almasi Zoltan,HUN,2720,2010-03-27,#D52B1E
Morozevich Alexander,RUS,2715,2010-03-27,#D52B1E
Wang Hao,CHN,2715,2010-03-27,#D52B1E
Bacrot Etienne,FRA,2714,2010-03-27,#D52B1E
Dominguez Perez Leinier,CUB,2713,2010-03-27,#D52B1E
Vitiugov Nikita,RUS,2710,2010-03-27,#D52B1E
Movsesian Sergei,SVK,2709,2010-03-27,#D52B1E
Vallejo Pons Francisco,ESP,2708,2010-03-27,#D52B1E
Navara David,CZE,2708,2010-03-27,#D52B1E
Motylev Alexander,RUS,2705,2010-03-27,#D52B1E
Adams Michael,ENG,2704,2010-03-27,#D52B1E
Kamsky Gata,USA,2702,2010-03-27,#D52B1E
Kasimdzhanov Rustam,UZB,2702,2010-03-27,#D52B1E
Tomashevsky Evgeny,RUS,2701,2010-03-27,#D52B1E
Alekseev Evgeny,RUS,2700,2010-03-27,#D52B1E
Rublevsky Sergei,RUS,2697,2010-03-27,#D52B1E
Nielsen Peter Heine,DEN,2697,2010-03-27,#D52B1E
Jobava Baadur,GEO,2695,2010-03-27,#D52B1E
Naiditsch Arkadij,GER,2691,2010-03-27,#D52B1E
Le Quang Liem,VIE,2689,2010-03-27,#D52B1E
Akopian Vladimir,ARM,2688,2010-03-27,#D52B1E
Onischuk Alexander,USA,2687,2010-03-27,#D52B1E
Volokitin Andrei,UKR,2687,2010-03-27,#D52B1E
Sasikiran Krishnan,IND,2686,2010-03-27,#D52B1E
Short Nigel D,ENG,2686,2010-03-27,#D52B1E
Miroshnichenko Evgenij,UKR,2686,2010-03-27,#D52B1E
Bologan Viktor,MDA,2684,2010-03-27,#D52B1E
Bu Xiangzhi,CHN,2682,2010-03-27,#D52B1E
Polgar Judit,HUN,2682,2010-03-27,#D52B1E
Caruana Fabiano,ITA,2680,2010-03-27,#D52B1E
Sargissian Gabriel,ARM,2675,2010-03-27,#D52B1E
Kurnosov Igor,RUS,2674,2010-03-27,#D52B1E
Ganguly Surya Shekhar,IND,2672,2010-03-27,#D52B1E
Fressinet Laurent,FRA,2670,2010-03-27,#D52B1E
Areshchenko Alexander,UKR,2670,2010-03-27,#D52B1E
Georgiev Kiril,BUL,2669,2010-03-27,#D52B1E
Moiseenko Alexander,UKR,2668,2010-03-27,#D52B1E
Grachev Boris,RUS,2667,2010-03-27,#D52B1E
Bareev Evgeny,RUS,2667,2010-03-27,#D52B1E
Ni Hua,CHN,2667,2010-03-27,#D52B1E
Inarkiev Ernesto,RUS,2667,2010-03-27,#D52B1E
So Wesley,PHI,2665,2010-03-27,#D52B1E
Najer Evgeniy,RUS,2665,2010-03-27,#D52B1E
Korobov Anton,UKR,2663,2010-03-27,#D52B1E
Meier Georg,GER,2663,2010-03-27,#D52B1E
Nisipeanu Liviu-Dieter,ROU,2661,2010-03-27,#D52B1E
Harikrishna P.,IND,2660,2010-03-27,#D52B1E
Wojtaszek Radoslaw,POL,2660,2010-03-27,#D52B1E
Riazantsev Alexander,RUS,2660,2010-03-27,#D52B1E
Laznicka Viktor,CZE,2659,2010-03-27,#D52B1E
Berkes Ferenc,HUN,2659,2010-03-27,#D52B1E
Lautier Joel,FRA,2658,2010-03-27,#D52B1E
Cheparinov Ivan,BUL,2657,2010-03-27,#D52B1E
Khismatullin Denis,RUS,2657,2010-03-27,#D52B1E
Beliavsky Alexander G,SLO,2657,2010-03-27,#D52B1E
Nepomniachtchi Ian,RUS,2656,2010-03-27,#D52B1E
Avrukh Boris,ISR,2656,2010-03-27,#D52B1E
Timofeev Artyom,RUS,2655,2010-03-27,#D52B1E
Tiviakov Sergei,NED,2653,2010-03-27,#D52B1E
Dreev Alexey,RUS,2653,2010-03-27,#D52B1E
Savchenko Boris,RUS,2652,2010-03-27,#D52B1E
Pashikian Arman,ARM,2652,2010-03-27,#D52B1E
Krasenkow Michal,POL,2652,2010-03-27,#D52B1E
Roiz Michael,ISR,2652,2010-03-27,#D52B1E
Smeets Jan,NED,2651,2010-03-27,#D52B1E
Seirawan Yasser,USA,2651,2010-03-27,#D52B1E
Sutovsky Emil,ISR,2650,2010-03-27,#D52B1E
Fridman Daniel,GER,2650,2010-03-27,#D52B1E
Zhou Jianchao,CHN,2650,2010-03-27,#D52B1E
Fedorchuk Sergey A.,UKR,2649,2010-03-27,#D52B1E
Zhigalko Sergei,BLR,2648,2010-03-27,#D52B1E
Smirin Ilia,ISR,2647,2010-03-27,#D52B1E
Gustafsson Jan,GER,2646,2010-03-27,#D52B1E
Andreikin Dmitry,RUS,2645,2010-03-27,#D52B1E
Baklan Vladimir,UKR,2644,2010-03-27,#D52B1E
Milov Vadim,SUI,2644,2010-03-27,#D52B1E
Granda Zuniga Julio E,PER,2643,2010-03-27,#D52B1E
Lastin Alexander,RUS,2643,2010-03-27,#D52B1E
Zvjaginsev Vadim,RUS,2643,2010-03-27,#D52B1E
Carlsen Magnus,NOR,2813,2010-05-27,#D52B1E
Topalov Veselin,BUL,2812,2010-05-27,#D52B1E
Kramnik Vladimir,RUS,2790,2010-05-27,#D52B1E
Anand Viswanathan,IND,2789,2010-05-27,#D52B1E
Aronian Levon,ARM,2783,2010-05-27,#D52B1E
Mamedyarov Shakhriyar,AZE,2763,2010-05-27,#D52B1E
Grischuk Alexander,RUS,2760,2010-05-27,#D52B1E
Wang Yue,CHN,2752,2010-05-27,#D52B1E
Eljanov Pavel,UKR,2751,2010-05-27,#D52B1E
Shirov Alexei,ESP,2742,2010-05-27,#D52B1E
Gelfand Boris,ISR,2741,2010-05-27,#D52B1E
Ivanchuk Vassily,UKR,2741,2010-05-27,#D52B1E
Radjabov Teimour,AZE,2740,2010-05-27,#D52B1E
Karjakin Sergey,RUS,2739,2010-05-27,#D52B1E
Svidler Peter,RUS,2735,2010-05-27,#D52B1E
Leko Peter,HUN,2735,2010-05-27,#D52B1E
Gashimov Vugar,AZE,2734,2010-05-27,#D52B1E
Ponomariov Ruslan,UKR,2733,2010-05-27,#D52B1E
Nakamura Hikaru,USA,2733,2010-05-27,#D52B1E
Almasi Zoltan,HUN,2725,2010-05-27,#D52B1E
Jakovenko Dmitry,RUS,2725,2010-05-27,#D52B1E
Malakhov Vladimir,RUS,2722,2010-05-27,#D52B1E
Wang Hao,CHN,2722,2010-05-27,#D52B1E
Navara David,CZE,2718,2010-05-27,#D52B1E
Movsesian Sergei,SVK,2717,2010-05-27,#D52B1E
Jobava Baadur,GEO,2715,2010-05-27,#D52B1E
Morozevich Alexander,RUS,2715,2010-05-27,#D52B1E
Dominguez Perez Leinier,CUB,2713,2010-05-27,#D52B1E
Bacrot Etienne,FRA,2710,2010-05-27,#D52B1E
Vachier-Lagrave Maxime,FRA,2710,2010-05-27,#D52B1E
Tomashevsky Evgeny,RUS,2708,2010-05-27,#D52B1E
Vitiugov Nikita,RUS,2707,2010-05-27,#D52B1E
Motylev Alexander,RUS,2704,2010-05-27,#D52B1E
Rublevsky Sergei,RUS,2704,2010-05-27,#D52B1E
Vallejo Pons Francisco,ESP,2703,2010-05-27,#D52B1E
Kamsky Gata,USA,2702,2010-05-27,#D52B1E
Alekseev Evgeny,RUS,2700,2010-05-27,#D52B1E
Onischuk Alexander,USA,2699,2010-05-27,#D52B1E
Kasimdzhanov Rustam,UZB,2699,2010-05-27,#D52B1E
Nielsen Peter Heine,DEN,2698,2010-05-27,#D52B1E
Adams Michael,ENG,2697,2010-05-27,#D52B1E
Nepomniachtchi Ian,RUS,2695,2010-05-27,#D52B1E
Akopian Vladimir,ARM,2694,2010-05-27,#D52B1E
Sasikiran Krishnan,IND,2690,2010-05-27,#D52B1E
Fressinet Laurent,FRA,2689,2010-05-27,#D52B1E
Le Quang Liem,VIE,2687,2010-05-27,#D52B1E
Naiditsch Arkadij,GER,2686,2010-05-27,#D52B1E
Short Nigel D,ENG,2685,2010-05-27,#D52B1E
Miroshnichenko Evgenij,UKR,2684,2010-05-27,#D52B1E
Polgar Judit,HUN,2682,2010-05-27,#D52B1E
Bu Xiangzhi,CHN,2681,2010-05-27,#D52B1E
Kurnosov Igor,RUS,2680,2010-05-27,#D52B1E
Efimenko Zahar,UKR,2677,2010-05-27,#D52B1E
Timofeev Artyom,RUS,2677,2010-05-27,#D52B1E
Sargissian Gabriel,ARM,2677,2010-05-27,#D52B1E
Berkes Ferenc,HUN,2676,2010-05-27,#D52B1E
Caruana Fabiano,ITA,2675,2010-05-27,#D52B1E
Riazantsev Alexander,RUS,2674,2010-05-27,#D52B1E
Nisipeanu Liviu-Dieter,ROU,2672,2010-05-27,#D52B1E
Ganguly Surya Shekhar,IND,2672,2010-05-27,#D52B1E
Inarkiev Ernesto,RUS,2669,2010-05-27,#D52B1E
Moiseenko Alexander,UKR,2669,2010-05-27,#D52B1E
Bruzon Batista Lazaro,CUB,2668,2010-05-27,#D52B1E
Bologan Viktor,MDA,2668,2010-05-27,#D52B1E
Grachev Boris,RUS,2667,2010-05-27,#D52B1E
Ni Hua,CHN,2667,2010-05-27,#D52B1E
So Wesley,PHI,2665,2010-05-27,#D52B1E
Roiz Michael,ISR,2664,2010-05-27,#D52B1E
Volokitin Andrei,UKR,2664,2010-05-27,#D52B1E
Najer Evgeniy,RUS,2663,2010-05-27,#D52B1E
Areshchenko Alexander,UKR,2663,2010-05-27,#D52B1E
Bareev Evgeny,RUS,2663,2010-05-27,#D52B1E
Wojtaszek Radoslaw,POL,2663,2010-05-27,#D52B1E
Georgiev Kiril,BUL,2662,2010-05-27,#D52B1E
Sutovsky Emil,ISR,2661,2010-05-27,#D52B1E
Harikrishna P.,IND,2660,2010-05-27,#D52B1E
Smeets Jan,NED,2659,2010-05-27,#D52B1E
Khismatullin Denis,RUS,2657,2010-05-27,#D52B1E
Zvjaginsev Vadim,RUS,2656,2010-05-27,#D52B1E
Avrukh Boris,ISR,2656,2010-05-27,#D52B1E
Dreev Alexey,RUS,2655,2010-05-27,#D52B1E
Fridman Daniel,GER,2654,2010-05-27,#D52B1E
Sokolov Ivan,BIH,2654,2010-05-27,#D52B1E
Van Wely Loek,NED,2653,2010-05-27,#D52B1E
Mamedov Rauf,AZE,2653,2010-05-27,#D52B1E
Zhou Jianchao,CHN,2652,2010-05-27,#D52B1E
Korobov Anton,UKR,2649,2010-05-27,#D52B1E
Kobalia Mikhail,RUS,2648,2010-05-27,#D52B1E
Zhigalko Sergei,BLR,2647,2010-05-27,#D52B1E
Fedorchuk Sergey A.,UKR,2646,2010-05-27,#D52B1E
Beliavsky Alexander G,SLO,2645,2010-05-27,#D52B1E
Socko Bartosz,POL,2644,2010-05-27,#D52B1E
Seirawan Yasser,USA,2644,2010-05-27,#D52B1E
Milov Vadim,SUI,2644,2010-05-27,#D52B1E
Andreikin Dmitry,RUS,2643,2010-05-27,#D52B1E
Lastin Alexander,RUS,2643,2010-05-27,#D52B1E
Giri Anish,NED,2642,2010-05-27,#D52B1E
Savchenko Boris,RUS,2642,2010-05-27,#D52B1E
Nguyen Ngoc Truong Son,VIE,2642,2010-05-27,#D52B1E
Gustafsson Jan,GER,2640,2010-05-27,#D52B1E
Cheparinov Ivan,BUL,2640,2010-05-27,#D52B1E
Vuckovic Bojan,SRB,2640,2010-05-27,#D52B1E
Sandipan Chanda,IND,2640,2010-05-27,#D52B1E
Carlsen Magnus,NOR,2826,2010-07-27,#D52B1E
Topalov Veselin,BUL,2803,2010-07-27,#D52B1E
Anand Viswanathan,IND,2800,2010-07-27,#D52B1E
Kramnik Vladimir,RUS,2790,2010-07-27,#D52B1E
Aronian Levon,ARM,2783,2010-07-27,#D52B1E
Mamedyarov Shakhriyar,AZE,2761,2010-07-27,#D52B1E
Grischuk Alexander,RUS,2760,2010-07-27,#D52B1E
Eljanov Pavel,UKR,2755,2010-07-27,#D52B1E
Shirov Alexei,ESP,2749,2010-07-27,#D52B1E
Radjabov Teimour,AZE,2748,2010-07-27,#D52B1E
Karjakin Sergey,RUS,2747,2010-07-27,#D52B1E
Ivanchuk Vassily,UKR,2739,2010-07-27,#D52B1E
Gelfand Boris,ISR,2739,2010-07-27,#D52B1E
Ponomariov Ruslan,UKR,2734,2010-07-27,#D52B1E
Svidler Peter,RUS,2734,2010-07-27,#D52B1E
Leko Peter,HUN,2734,2010-07-27,#D52B1E
Malakhov Vladimir,RUS,2732,2010-07-27,#D52B1E
Navara David,CZE,2731,2010-07-27,#D52B1E
Nakamura Hikaru,USA,2729,2010-07-27,#D52B1E
Jakovenko Dmitry,RUS,2726,2010-07-27,#D52B1E
Wang Hao,CHN,2724,2010-07-27,#D52B1E
Vachier-Lagrave Maxime,FRA,2723,2010-07-27,#D52B1E
Movsesian Sergei,SVK,2723,2010-07-27,#D52B1E
Vitiugov Nikita,RUS,2722,2010-07-27,#D52B1E
Bacrot Etienne,FRA,2720,2010-07-27,#D52B1E
Gashimov Vugar,AZE,2719,2010-07-27,#D52B1E
Almasi Zoltan,HUN,2717,2010-07-27,#D52B1E
Wang Yue,CHN,2716,2010-07-27,#D52B1E
Dominguez Perez Leinier,CUB,2716,2010-07-27,#D52B1E
Morozevich Alexander,RUS,2715,2010-07-27,#D52B1E
Kamsky Gata,USA,2713,2010-07-27,#D52B1E
Jobava Baadur,GEO,2710,2010-07-27,#D52B1E
Tomashevsky Evgeny,RUS,2708,2010-07-27,#D52B1E
Nepomniachtchi Ian,RUS,2706,2010-07-27,#D52B1E
Adams Michael,ENG,2706,2010-07-27,#D52B1E
Onischuk Alexander,USA,2701,2010-07-27,#D52B1E
Nielsen Peter Heine,DEN,2700,2010-07-27,#D52B1E
Kasimdzhanov Rustam,UZB,2699,2010-07-27,#D52B1E
Caruana Fabiano,ITA,2697,2010-07-27,#D52B1E
Fressinet Laurent,FRA,2697,2010-07-27,#D52B1E
Vallejo Pons Francisco,ESP,2697,2010-07-27,#D52B1E
Bologan Viktor,MDA,2695,2010-07-27,#D52B1E
Alekseev Evgeny,RUS,2691,2010-07-27,#D52B1E
Akopian Vladimir,ARM,2691,2010-07-27,#D52B1E
Timofeev Artyom,RUS,2690,2010-07-27,#D52B1E
Short Nigel D,ENG,2690,2010-07-27,#D52B1E
Efimenko Zahar,UKR,2689,2010-07-27,#D52B1E
Rublevsky Sergei,RUS,2688,2010-07-27,#D52B1E
Miroshnichenko Evgenij,UKR,2686,2010-07-27,#D52B1E
Motylev Alexander,RUS,2685,2010-07-27,#D52B1E
Naiditsch Arkadij,GER,2684,2010-07-27,#D52B1E
Nisipeanu Liviu-Dieter,ROU,2683,2010-07-27,#D52B1E
Riazantsev Alexander,RUS,2682,2010-07-27,#D52B1E
Polgar Judit,HUN,2682,2010-07-27,#D52B1E
Le Quang Liem,VIE,2681,2010-07-27,#D52B1E
Sasikiran Krishnan,IND,2679,2010-07-27,#D52B1E
Van Wely Loek,NED,2677,2010-07-27,#D52B1E
Bu Xiangzhi,CHN,2676,2010-07-27,#D52B1E
Georgiev Kiril,BUL,2675,2010-07-27,#D52B1E
So Wesley,PHI,2674,2010-07-27,#D52B1E
Sargissian Gabriel,ARM,2673,2010-07-27,#D52B1E
Giri Anish,NED,2672,2010-07-27,#D52B1E
Najer Evgeniy,RUS,2672,2010-07-27,#D52B1E
Inarkiev Ernesto,RUS,2671,2010-07-27,#D52B1E
Berkes Ferenc,HUN,2670,2010-07-27,#D52B1E
Smeets Jan,NED,2669,2010-07-27,#D52B1E
Zhou Jianchao,CHN,2668,2010-07-27,#D52B1E
Grachev Boris,RUS,2668,2010-07-27,#D52B1E
Khismatullin Denis,RUS,2667,2010-07-27,#D52B1E
Moiseenko Alexander,UKR,2667,2010-07-27,#D52B1E
Fedorchuk Sergey A.,UKR,2665,2010-07-27,#D52B1E
Sutovsky Emil,ISR,2665,2010-07-27,#D52B1E
Areshchenko Alexander,UKR,2664,2010-07-27,#D52B1E
Bareev Evgeny,RUS,2663,2010-07-27,#D52B1E
Wojtaszek Radoslaw,POL,2663,2010-07-27,#D52B1E
Kurnosov Igor,RUS,2662,2010-07-27,#D52B1E
Cheparinov Ivan,BUL,2661,2010-07-27,#D52B1E
Volokitin Andrei,UKR,2661,2010-07-27,#D52B1E
Dreev Alexey,RUS,2660,2010-07-27,#D52B1E
Mamedov Rauf,AZE,2660,2010-07-27,#D52B1E
Korobov Anton,UKR,2657,2010-07-27,#D52B1E
Zhigalko Sergei,BLR,2656,2010-07-27,#D52B1E
Zvjaginsev Vadim,RUS,2656,2010-07-27,#D52B1E
Ganguly Surya Shekhar,IND,2655,2010-07-27,#D52B1E
Bruzon Batista Lazaro,CUB,2653,2010-07-27,#D52B1E
Andreikin Dmitry,RUS,2650,2010-07-27,#D52B1E
Gharamian Tigran,FRA,2650,2010-07-27,#D52B1E
Meier Georg,GER,2648,2010-07-27,#D52B1E
Kobalia Mikhail,RUS,2648,2010-07-27,#D52B1E
Harikrishna P.,IND,2646,2010-07-27,#D52B1E
Smirin Ilia,ISR,2646,2010-07-27,#D52B1E
Socko Bartosz,POL,2646,2010-07-27,#D52B1E
Ni Hua,CHN,2645,2010-07-27,#D52B1E
Fridman Daniel,GER,2645,2010-07-27,#D52B1E
Roiz Michael,ISR,2645,2010-07-27,#D52B1E
Milov Vadim,SUI,2644,2010-07-27,#D52B1E
Gustafsson Jan,GER,2643,2010-07-27,#D52B1E
Aleksandrov Aleksej,BLR,2642,2010-07-27,#D52B1E
Sokolov Ivan,BIH,2641,2010-07-27,#D52B1E
Macieja Bartlomiej,POL,2639,2010-07-27,#D52B1E
Carlsen Magnus,NOR,2826,2010-09-27,#D52B1E
Topalov Veselin,BUL,2803,2010-09-27,#D52B1E
Anand Viswanathan,IND,2800,2010-09-27,#D52B1E
Aronian Levon,ARM,2783,2010-09-27,#D52B1E
Kramnik Vladimir,RUS,2780,2010-09-27,#D52B1E
Eljanov Pavel,UKR,2761,2010-09-27,#D52B1E
Grischuk Alexander,RUS,2760,2010-09-27,#D52B1E
Mamedyarov Shakhriyar,AZE,2756,2010-09-27,#D52B1E
Ivanchuk Vassily,UKR,2754,2010-09-27,#D52B1E
Gelfand Boris,ISR,2751,2010-09-27,#D52B1E
Ponomariov Ruslan,UKR,2749,2010-09-27,#D52B1E
Shirov Alexei,ESP,2749,2010-09-27,#D52B1E
Radjabov Teimour,AZE,2748,2010-09-27,#D52B1E
Karjakin Sergey,RUS,2747,2010-09-27,#D52B1E
Nakamura Hikaru,USA,2733,2010-09-27,#D52B1E
Wang Yue,CHN,2732,2010-09-27,#D52B1E
Svidler Peter,RUS,2731,2010-09-27,#D52B1E
Adams Michael,ENG,2728,2010-09-27,#D52B1E
Jakovenko Dmitry,RUS,2726,2010-09-27,#D52B1E
Malakhov Vladimir,RUS,2725,2010-09-27,#D52B1E
Leko Peter,HUN,2724,2010-09-27,#D52B1E
Wang Hao,CHN,2724,2010-09-27,#D52B1E
Movsesian Sergei,SVK,2723,2010-09-27,#D52B1E
Navara David,CZE,2722,2010-09-27,#D52B1E
Vachier-Lagrave Maxime,FRA,2721,2010-09-27,#D52B1E
Gashimov Vugar,AZE,2719,2010-09-27,#D52B1E
Fressinet Laurent,FRA,2718,2010-09-27,#D52B1E
Bacrot Etienne,FRA,2716,2010-09-27,#D52B1E
Dominguez Perez Leinier,CUB,2716,2010-09-27,#D52B1E
Wojtaszek Radoslaw,POL,2711,2010-09-27,#D52B1E
Jobava Baadur,GEO,2710,2010-09-27,#D52B1E
Vitiugov Nikita,RUS,2709,2010-09-27,#D52B1E
Almasi Zoltan,HUN,2707,2010-09-27,#D52B1E
Nepomniachtchi Ian,RUS,2706,2010-09-27,#D52B1E
Kamsky Gata,USA,2705,2010-09-27,#D52B1E
Tomashevsky Evgeny,RUS,2701,2010-09-27,#D52B1E
Caruana Fabiano,ITA,2700,2010-09-27,#D52B1E
Morozevich Alexander,RUS,2700,2010-09-27,#D52B1E
Vallejo Pons Francisco,ESP,2697,2010-09-27,#D52B1E
Bu Xiangzhi,CHN,2695,2010-09-27,#D52B1E
Le Quang Liem,VIE,2694,2010-09-27,#D52B1E
Motylev Alexander,RUS,2694,2010-09-27,#D52B1E
Akopian Vladimir,ARM,2691,2010-09-27,#D52B1E
Alekseev Evgeny,RUS,2691,2010-09-27,#D52B1E
Laznicka Viktor,CZE,2690,2010-09-27,#D52B1E
Bologan Viktor,MDA,2690,2010-09-27,#D52B1E
Timofeev Artyom,RUS,2690,2010-09-27,#D52B1E
Short Nigel D,ENG,2690,2010-09-27,#D52B1E
Onischuk Alexander,USA,2688,2010-09-27,#D52B1E
Riazantsev Alexander,RUS,2686,2010-09-27,#D52B1E
Georgiev Kiril,BUL,2685,2010-09-27,#D52B1E
Kasimdzhanov Rustam,UZB,2685,2010-09-27,#D52B1E
Efimenko Zahar,UKR,2683,2010-09-27,#D52B1E
Rublevsky Sergei,RUS,2683,2010-09-27,#D52B1E
Nisipeanu Liviu-Dieter,ROU,2683,2010-09-27,#D52B1E
Polgar Judit,HUN,2682,2010-09-27,#D52B1E
Sasikiran Krishnan,IND,2681,2010-09-27,#D52B1E
Bruzon Batista Lazaro,CUB,2679,2010-09-27,#D52B1E
Van Wely Loek,NED,2679,2010-09-27,#D52B1E
Berkes Ferenc,HUN,2678,2010-09-27,#D52B1E
Giri Anish,NED,2677,2010-09-27,#D52B1E
Sargissian Gabriel,ARM,2677,2010-09-27,#D52B1E
Miroshnichenko Evgenij,UKR,2677,2010-09-27,#D52B1E
Naiditsch Arkadij,GER,2674,2010-09-27,#D52B1E
Fedorchuk Sergey A.,UKR,2671,2010-09-27,#D52B1E
Inarkiev Ernesto,RUS,2671,2010-09-27,#D52B1E
Nielsen Peter Heine,DEN,2670,2010-09-27,#D52B1E
Korobov Anton,UKR,2670,2010-09-27,#D52B1E
Andreikin Dmitry,RUS,2669,2010-09-27,#D52B1E
Smeets Jan,NED,2669,2010-09-27,#D52B1E
So Wesley,PHI,2668,2010-09-27,#D52B1E
Grachev Boris,RUS,2668,2010-09-27,#D52B1E
Sutovsky Emil,ISR,2665,2010-09-27,#D52B1E
Zvjaginsev Vadim,RUS,2664,2010-09-27,#D52B1E
Areshchenko Alexander,UKR,2664,2010-09-27,#D52B1E
Bareev Evgeny,RUS,2663,2010-09-27,#D52B1E
Cheparinov Ivan,BUL,2661,2010-09-27,#D52B1E
Volokitin Andrei,UKR,2661,2010-09-27,#D52B1E
Zhou Jianchao,CHN,2660,2010-09-27,#D52B1E
Mamedov Rauf,AZE,2660,2010-09-27,#D52B1E
Meier Georg,GER,2659,2010-09-27,#D52B1E
Kurnosov Igor,RUS,2659,2010-09-27,#D52B1E
Moiseenko Alexander,UKR,2658,2010-09-27,#D52B1E
Gharamian Tigran,FRA,2658,2010-09-27,#D52B1E
McShane Luke J,ENG,2657,2010-09-27,#D52B1E
Najer Evgeniy,RUS,2657,2010-09-27,#D52B1E
Smirin Ilia,ISR,2657,2010-09-27,#D52B1E
Socko Bartosz,POL,2657,2010-09-27,#D52B1E
Kobalia Mikhail,RUS,2656,2010-09-27,#D52B1E
Khismatullin Denis,RUS,2654,2010-09-27,#D52B1E
Macieja Bartlomiej,POL,2651,2010-09-27,#D52B1E
Ganguly Surya Shekhar,IND,2650,2010-09-27,#D52B1E
Feller Sebastien,FRA,2649,2010-09-27,#D52B1E
Dreev Alexey,RUS,2649,2010-09-27,#D52B1E
Aleksandrov Aleksej,BLR,2647,2010-09-27,#D52B1E
Gustafsson Jan,GER,2646,2010-09-27,#D52B1E
Harikrishna P.,IND,2645,2010-09-27,#D52B1E
Fridman Daniel,GER,2645,2010-09-27,#D52B1E
Milov Vadim,SUI,2644,2010-09-27,#D52B1E
Ni Hua,CHN,2643,2010-09-27,#D52B1E
Anand Viswanathan,IND,2804,2010-11-27,#D52B1E
Carlsen Magnus,NOR,2802,2010-11-27,#D52B1E
Aronian Levon,ARM,2801,2010-11-27,#D52B1E
Kramnik Vladimir,RUS,2791,2010-11-27,#D52B1E
Topalov Veselin,BUL,2786,2010-11-27,#D52B1E
Grischuk Alexander,RUS,2771,2010-11-27,#D52B1E
Ivanchuk Vassily,UKR,2764,2010-11-27,#D52B1E
Mamedyarov Shakhriyar,AZE,2763,2010-11-27,#D52B1E
Karjakin Sergey,RUS,2760,2010-11-27,#D52B1E
Wang Yue,CHN,2756,2010-11-27,#D52B1E
Ponomariov Ruslan,UKR,2744,2010-11-27,#D52B1E
Radjabov Teimour,AZE,2744,2010-11-27,#D52B1E
Eljanov Pavel,UKR,2742,2010-11-27,#D52B1E
Gelfand Boris,ISR,2741,2010-11-27,#D52B1E
Nakamura Hikaru,USA,2741,2010-11-27,#D52B1E
Shirov Alexei,ESP,2735,2010-11-27,#D52B1E
Gashimov Vugar,AZE,2733,2010-11-27,#D52B1E
Wang Hao,CHN,2727,2010-11-27,#D52B1E
Kamsky Gata,USA,2726,2010-11-27,#D52B1E
Wojtaszek Radoslaw,POL,2726,2010-11-27,#D52B1E
Jakovenko Dmitry,RUS,2726,2010-11-27,#D52B1E
Adams Michael,ENG,2723,2010-11-27,#D52B1E
Svidler Peter,RUS,2722,2010-11-27,#D52B1E
Movsesian Sergei,SVK,2721,2010-11-27,#D52B1E
Almasi Zoltan,HUN,2721,2010-11-27,#D52B1E
Nepomniachtchi Ian,RUS,2720,2010-11-27,#D52B1E
Leko Peter,HUN,2717,2010-11-27,#D52B1E
Dominguez Perez Leinier,CUB,2716,2010-11-27,#D52B1E
Bacrot Etienne,FRA,2715,2010-11-27,#D52B1E
Malakhov Vladimir,RUS,2712,2010-11-27,#D52B1E
Caruana Fabiano,ITA,2709,2010-11-27,#D52B1E
Fressinet Laurent,FRA,2709,2010-11-27,#D52B1E
Vitiugov Nikita,RUS,2709,2010-11-27,#D52B1E
Navara David,CZE,2708,2010-11-27,#D52B1E
Jobava Baadur,GEO,2707,2010-11-27,#D52B1E
Vachier-Lagrave Maxime,FRA,2703,2010-11-27,#D52B1E
Efimenko Zahar,UKR,2701,2010-11-27,#D52B1E
Alekseev Evgeny,RUS,2701,2010-11-27,#D52B1E
Morozevich Alexander,RUS,2700,2010-11-27,#D52B1E
Tomashevsky Evgeny,RUS,2699,2010-11-27,#D52B1E
Vallejo Pons Francisco,ESP,2698,2010-11-27,#D52B1E
Sutovsky Emil,ISR,2695,2010-11-27,#D52B1E
Motylev Alexander,RUS,2692,2010-11-27,#D52B1E
Le Quang Liem,VIE,2689,2010-11-27,#D52B1E
Riazantsev Alexander,RUS,2689,2010-11-27,#D52B1E
Laznicka Viktor,CZE,2688,2010-11-27,#D52B1E
Sasikiran Krishnan,IND,2688,2010-11-27,#D52B1E
Bologan Viktor,MDA,2686,2010-11-27,#D52B1E
Polgar Judit,HUN,2686,2010-11-27,#D52B1E
Kasimdzhanov Rustam,UZB,2685,2010-11-27,#D52B1E
Naiditsch Arkadij,GER,2685,2010-11-27,#D52B1E
Korobov Anton,UKR,2684,2010-11-27,#D52B1E
Onischuk Alexander,USA,2683,2010-11-27,#D52B1E
Andreikin Dmitry,RUS,2683,2010-11-27,#D52B1E
Giri Anish,NED,2682,2010-11-27,#D52B1E
Timofeev Artyom,RUS,2681,2010-11-27,#D52B1E
Bu Xiangzhi,CHN,2680,2010-11-27,#D52B1E
Short Nigel D,ENG,2680,2010-11-27,#D52B1E
Berkes Ferenc,HUN,2680,2010-11-27,#D52B1E
Rublevsky Sergei,RUS,2678,2010-11-27,#D52B1E
Nisipeanu Liviu-Dieter,ROU,2678,2010-11-27,#D52B1E
Kurnosov Igor,RUS,2676,2010-11-27,#D52B1E
Volokitin Andrei,UKR,2676,2010-11-27,#D52B1E
Zvjaginsev Vadim,RUS,2676,2010-11-27,#D52B1E
Akopian Vladimir,ARM,2675,2010-11-27,#D52B1E
Dreev Alexey,RUS,2674,2010-11-27,#D52B1E
Fedorchuk Sergey A.,UKR,2674,2010-11-27,#D52B1E
Miroshnichenko Evgenij,UKR,2670,2010-11-27,#D52B1E
Moiseenko Alexander,UKR,2670,2010-11-27,#D52B1E
Nielsen Peter Heine,DEN,2670,2010-11-27,#D52B1E
Georgiev Kiril,BUL,2669,2010-11-27,#D52B1E
Zhou Jianchao,CHN,2669,2010-11-27,#D52B1E
So Wesley,PHI,2669,2010-11-27,#D52B1E
Cheparinov Ivan,BUL,2668,2010-11-27,#D52B1E
Bruzon Batista Lazaro,CUB,2668,2010-11-27,#D52B1E
Sargissian Gabriel,ARM,2667,2010-11-27,#D52B1E
Inarkiev Ernesto,RUS,2667,2010-11-27,#D52B1E
Van Wely Loek,NED,2666,2010-11-27,#D52B1E
Kobalia Mikhail,RUS,2666,2010-11-27,#D52B1E
Zhigalko Sergei,BLR,2665,2010-11-27,#D52B1E
Bareev Evgeny,RUS,2663,2010-11-27,#D52B1E
Areshchenko Alexander,UKR,2661,2010-11-27,#D52B1E
Mamedov Rauf,AZE,2660,2010-11-27,#D52B1E
Socko Bartosz,POL,2660,2010-11-27,#D52B1E
Smeets Jan,NED,2660,2010-11-27,#D52B1E
Khismatullin Denis,RUS,2659,2010-11-27,#D52B1E
Harikrishna P.,IND,2657,2010-11-27,#D52B1E
Feller Sebastien,FRA,2657,2010-11-27,#D52B1E
Meier Georg,GER,2656,2010-11-27,#D52B1E
Smirin Ilia,ISR,2654,2010-11-27,#D52B1E
Grachev Boris,RUS,2654,2010-11-27,#D52B1E
Gustafsson Jan,GER,2652,2010-11-27,#D52B1E
Nyback Tomi,FIN,2650,2010-11-27,#D52B1E
Gharamian Tigran,FRA,2650,2010-11-27,#D52B1E
Rodshtein Maxim,ISR,2649,2010-11-27,#D52B1E
Roiz Michael,ISR,2649,2010-11-27,#D52B1E
Aleksandrov Aleksej,BLR,2649,2010-11-27,#D52B1E
Hammer Jon Ludvig,NOR,2647,2010-11-27,#D52B1E
Potkin Vladimir,RUS,2646,2010-11-27,#D52B1E
McShane Luke J,ENG,2645,2010-11-27,#D52B1E
Turov Maxim,RUS,2645,2010-11-27,#D52B1E
Fridman Daniel,GER,2645,2010-11-27,#D52B1E
Carlsen Magnus,NOR,2814,2011-01-27,#D52B1E
Anand Viswanathan,IND,2810,2011-01-27,#D52B1E
Aronian Levon,ARM,2805,2011-01-27,#D52B1E
Kramnik Vladimir,RUS,2784,2011-01-27,#D52B1E
Karjakin Sergey,RUS,2776,2011-01-27,#D52B1E
Topalov Veselin,BUL,2775,2011-01-27,#D52B1E
Grischuk Alexander,RUS,2773,2011-01-27,#D52B1E
Mamedyarov Shakhriyar,AZE,2772,2011-01-27,#D52B1E
Ivanchuk Vassily,UKR,2764,2011-01-27,#D52B1E
Nakamura Hikaru,USA,2751,2011-01-27,#D52B1E
Ponomariov Ruslan,UKR,2744,2011-01-27,#D52B1E
Radjabov Teimour,AZE,2744,2011-01-27,#D52B1E
Gashimov Vugar,AZE,2736,2011-01-27,#D52B1E
Wang Yue,CHN,2734,2011-01-27,#D52B1E
Nepomniachtchi Ian,RUS,2733,2011-01-27,#D52B1E
Gelfand Boris,ISR,2733,2011-01-27,#D52B1E
Wang Hao,CHN,2731,2011-01-27,#D52B1E
Svidler Peter,RUS,2730,2011-01-27,#D52B1E
Kamsky Gata,USA,2730,2011-01-27,#D52B1E
Wojtaszek Radoslaw,POL,2726,2011-01-27,#D52B1E
Eljanov Pavel,UKR,2724,2011-01-27,#D52B1E
Bacrot Etienne,FRA,2723,2011-01-27,#D52B1E
Adams Michael,ENG,2723,2011-01-27,#D52B1E
Shirov Alexei,ESP,2722,2011-01-27,#D52B1E
Caruana Fabiano,ITA,2721,2011-01-27,#D52B1E
Movsesian Sergei,ARM,2721,2011-01-27,#D52B1E
Almasi Zoltan,HUN,2719,2011-01-27,#D52B1E
Jakovenko Dmitry,RUS,2718,2011-01-27,#D52B1E
Leko Peter,HUN,2717,2011-01-27,#D52B1E
Dominguez Perez Leinier,CUB,2716,2011-01-27,#D52B1E
Vachier-Lagrave Maxime,FRA,2715,2011-01-27,#D52B1E
Malakhov Vladimir,RUS,2714,2011-01-27,#D52B1E
Vitiugov Nikita,RUS,2709,2011-01-27,#D52B1E
Navara David,CZE,2708,2011-01-27,#D52B1E
Fressinet Laurent,FRA,2707,2011-01-27,#D52B1E
Jobava Baadur,GEO,2707,2011-01-27,#D52B1E
Alekseev Evgeny,RUS,2701,2011-01-27,#D52B1E
Efimenko Zahar,UKR,2701,2011-01-27,#D52B1E
Morozevich Alexander,RUS,2700,2011-01-27,#D52B1E
Vallejo Pons Francisco,ESP,2698,2011-01-27,#D52B1E
Tomashevsky Evgeny,RUS,2695,2011-01-27,#D52B1E
Sutovsky Emil,ISR,2695,2011-01-27,#D52B1E
Dreev Aleksey,RUS,2694,2011-01-27,#D52B1E
Bologan Viktor,MDA,2693,2011-01-27,#D52B1E
Sasikiran Krishnan,IND,2690,2011-01-27,#D52B1E
Onischuk Alexander,USA,2689,2011-01-27,#D52B1E
Andreikin Dmitry,RUS,2689,2011-01-27,#D52B1E
Riazantsev Alexander,RUS,2689,2011-01-27,#D52B1E
Laznicka Viktor,CZE,2688,2011-01-27,#D52B1E
Motylev Alexander,RUS,2687,2011-01-27,#D52B1E
Bruzon Batista Lazaro,CUB,2686,2011-01-27,#D52B1E
Giri Anish,NED,2686,2011-01-27,#D52B1E
Polgar Judit,HUN,2686,2011-01-27,#D52B1E
Naiditsch Arkadij,GER,2685,2011-01-27,#D52B1E
Kasimdzhanov Rustam,UZB,2681,2011-01-27,#D52B1E
Timofeev Artyom,RUS,2681,2011-01-27,#D52B1E
Berkes Ferenc,HUN,2678,2011-01-27,#D52B1E
Volokitin Andrei,UKR,2678,2011-01-27,#D52B1E
Nisipeanu Liviu-Dieter,ROU,2678,2011-01-27,#D52B1E
Rublevsky Sergei,RUS,2678,2011-01-27,#D52B1E
Bu Xiangzhi,CHN,2677,2011-01-27,#D52B1E
Van Wely Loek,NED,2676,2011-01-27,#D52B1E
Akopian Vladimir,ARM,2675,2011-01-27,#D52B1E
So Wesley,PHI,2673,2011-01-27,#D52B1E
Inarkiev Ernesto,RUS,2672,2011-01-27,#D52B1E
Areshchenko Alexander,UKR,2671,2011-01-27,#D52B1E
Zhigalko Sergei,BLR,2671,2011-01-27,#D52B1E
Korobov Anton,UKR,2670,2011-01-27,#D52B1E
Miroshnichenko Evgenij,UKR,2670,2011-01-27,#D52B1E
Moiseenko Alexander,UKR,2670,2011-01-27,#D52B1E
Nielsen Peter Heine,DEN,2670,2011-01-27,#D52B1E
Georgiev Kiril,BUL,2669,2011-01-27,#D52B1E
Meier Georg,GER,2667,2011-01-27,#D52B1E
Harikrishna P.,IND,2667,2011-01-27,#D52B1E
Sargissian Gabriel,ARM,2667,2011-01-27,#D52B1E
Kobalia Mikhail,RUS,2666,2011-01-27,#D52B1E
Cheparinov Ivan,BUL,2665,2011-01-27,#D52B1E
McShane Luke J,ENG,2664,2011-01-27,#D52B1E
Le Quang Liem,VIE,2664,2011-01-27,#D52B1E
Bareev Evgeny,RUS,2663,2011-01-27,#D52B1E
Kurnosov Igor,RUS,2662,2011-01-27,#D52B1E
Smeets Jan,NED,2662,2011-01-27,#D52B1E
Zvjaginsev Vadim,RUS,2660,2011-01-27,#D52B1E
Grachev Boris,RUS,2660,2011-01-27,#D52B1E
Smirin Ilia,ISR,2660,2011-01-27,#D52B1E
Mamedov Rauf,AZE,2660,2011-01-27,#D52B1E
Socko Bartosz,POL,2660,2011-01-27,#D52B1E
Gharamian Tigran,FRA,2658,2011-01-27,#D52B1E
Short Nigel D,ENG,2658,2011-01-27,#D52B1E
Sokolov Ivan,NED,2657,2011-01-27,#D52B1E
Feller Sebastien,FRA,2657,2011-01-27,#D52B1E
Nyback Tomi,FIN,2656,2011-01-27,#D52B1E
Zhou Jianchao,CHN,2655,2011-01-27,#D52B1E
Fridman Daniel,GER,2655,2011-01-27,#D52B1E
Milov Vadim,SUI,2653,2011-01-27,#D52B1E
Gustafsson Jan,GER,2652,2011-01-27,#D52B1E
Potkin Vladimir,RUS,2651,2011-01-27,#D52B1E
Ganguly Surya Shekhar,IND,2651,2011-01-27,#D52B1E
Fedorchuk Sergey A.,UKR,2650,2011-01-27,#D52B1E
Khismatullin Denis,RUS,2649,2011-01-27,#D52B1E
Li Chao b,CHN,2649,2011-01-27,#D52B1E
Roiz Michael,ISR,2649,2011-01-27,#D52B1E
Anand Viswanathan,IND,2817,2011-03-27,#D52B1E
Carlsen Magnus,NOR,2815,2011-03-27,#D52B1E
Aronian Levon,ARM,2808,2011-03-27,#D52B1E
Kramnik Vladimir,RUS,2785,2011-03-27,#D52B1E
Ivanchuk Vassily,UKR,2779,2011-03-27,#D52B1E
Karjakin Sergey,RUS,2776,2011-03-27,#D52B1E
Topalov Veselin,BUL,2775,2011-03-27,#D52B1E
Nakamura Hikaru,USA,2774,2011-03-27,#D52B1E
Mamedyarov Shakhriyar,AZE,2772,2011-03-27,#D52B1E
Grischuk Alexander,RUS,2747,2011-03-27,#D52B1E
Gashimov Vugar,AZE,2746,2011-03-27,#D52B1E
Radjabov Teimour,AZE,2744,2011-03-27,#D52B1E
Ponomariov Ruslan,UKR,2743,2011-03-27,#D52B1E
Wang Yue,CHN,2734,2011-03-27,#D52B1E
Kamsky Gata,USA,2733,2011-03-27,#D52B1E
Gelfand Boris,ISR,2733,2011-03-27,#D52B1E
Svidler Peter,RUS,2730,2011-03-27,#D52B1E
Nepomniachtchi Ian,RUS,2729,2011-03-27,#D52B1E
Vachier-Lagrave Maxime,FRA,2728,2011-03-27,#D52B1E
Wang Hao,CHN,2728,2011-03-27,#D52B1E
Eljanov Pavel,UKR,2724,2011-03-27,#D52B1E
Navara David,CZE,2722,2011-03-27,#D52B1E
Vitiugov Nikita,RUS,2720,2011-03-27,#D52B1E
Almasi Zoltan,HUN,2719,2011-03-27,#D52B1E
Bacrot Etienne,FRA,2718,2011-03-27,#D52B1E
Jakovenko Dmitry,RUS,2718,2011-03-27,#D52B1E
Leko Peter,HUN,2717,2011-03-27,#D52B1E
Caruana Fabiano,ITA,2716,2011-03-27,#D52B1E
Movsesian Sergei,ARM,2716,2011-03-27,#D52B1E
Adams Michael,ENG,2716,2011-03-27,#D52B1E
Dominguez Perez Leinier,CUB,2716,2011-03-27,#D52B1E
Malakhov Vladimir,RUS,2714,2011-03-27,#D52B1E
Wojtaszek Radoslaw,POL,2711,2011-03-27,#D52B1E
Efimenko Zahar,UKR,2708,2011-03-27,#D52B1E
Vallejo Pons Francisco,ESP,2707,2011-03-27,#D52B1E
Tomashevsky Evgeny,RUS,2707,2011-03-27,#D52B1E
Jobava Baadur,GEO,2707,2011-03-27,#D52B1E
Shirov Alexei,ESP,2701,2011-03-27,#D52B1E
Dreev Aleksey,RUS,2697,2011-03-27,#D52B1E
Morozevich Alexander,RUS,2694,2011-03-27,#D52B1E
Fressinet Laurent,FRA,2693,2011-03-27,#D52B1E
Sutovsky Emil,ISR,2692,2011-03-27,#D52B1E
Giri Anish,NED,2690,2011-03-27,#D52B1E
Le Quang Liem,VIE,2689,2011-03-27,#D52B1E
Alekseev Evgeny,RUS,2688,2011-03-27,#D52B1E
Laznicka Viktor,CZE,2688,2011-03-27,#D52B1E
Areshchenko Alexander,UKR,2687,2011-03-27,#D52B1E
Kasimdzhanov Rustam,UZB,2687,2011-03-27,#D52B1E
Andreikin Dmitry,RUS,2686,2011-03-27,#D52B1E
Bruzon Batista Lazaro,CUB,2686,2011-03-27,#D52B1E
Polgar Judit,HUN,2686,2011-03-27,#D52B1E
Naiditsch Arkadij,GER,2684,2011-03-27,#D52B1E
McShane Luke J,ENG,2683,2011-03-27,#D52B1E
Sasikiran Krishnan,IND,2682,2011-03-27,#D52B1E
Zhigalko Sergei,BLR,2680,2011-03-27,#D52B1E
Riazantsev Alexander,RUS,2679,2011-03-27,#D52B1E
Onischuk Alexander,USA,2678,2011-03-27,#D52B1E
Berkes Ferenc,HUN,2678,2011-03-27,#D52B1E
Rublevsky Sergei,RUS,2678,2011-03-27,#D52B1E
Van Wely Loek,NED,2677,2011-03-27,#D52B1E
Motylev Alexander,RUS,2677,2011-03-27,#D52B1E
Volokitin Andrei,UKR,2677,2011-03-27,#D52B1E
Bu Xiangzhi,CHN,2677,2011-03-27,#D52B1E
Short Nigel D,ENG,2676,2011-03-27,#D52B1E
Sargissian Gabriel,ARM,2676,2011-03-27,#D52B1E
Grachev Boris,RUS,2675,2011-03-27,#D52B1E
Akopian Vladimir,ARM,2675,2011-03-27,#D52B1E
Inarkiev Ernesto,RUS,2674,2011-03-27,#D52B1E
Nisipeanu Liviu-Dieter,ROU,2673,2011-03-27,#D52B1E
Moiseenko Alexander,UKR,2673,2011-03-27,#D52B1E
Kobalia Mikhail,RUS,2672,2011-03-27,#D52B1E
Bologan Viktor,MDA,2671,2011-03-27,#D52B1E
Miroshnichenko Evgenij,UKR,2670,2011-03-27,#D52B1E
Nielsen Peter Heine,DEN,2670,2011-03-27,#D52B1E
Meier Georg,GER,2669,2011-03-27,#D52B1E
So Wesley,PHI,2667,2011-03-27,#D52B1E
Mamedov Rauf,AZE,2667,2011-03-27,#D52B1E
Georgiev Kiril,BUL,2666,2011-03-27,#D52B1E
Timofeev Artyom,RUS,2665,2011-03-27,#D52B1E
Harikrishna P.,IND,2665,2011-03-27,#D52B1E
Cheparinov Ivan,BUL,2664,2011-03-27,#D52B1E
Zvjaginsev Vadim,RUS,2663,2011-03-27,#D52B1E
Bareev Evgeny,RUS,2663,2011-03-27,#D52B1E
Khismatullin Denis,RUS,2662,2011-03-27,#D52B1E
Fedorchuk Sergey A.,UKR,2662,2011-03-27,#D52B1E
Fridman Daniel,GER,2661,2011-03-27,#D52B1E
Roiz Michael,ISR,2661,2011-03-27,#D52B1E
Socko Bartosz,POL,2660,2011-03-27,#D52B1E
Smeets Jan,NED,2660,2011-03-27,#D52B1E
Zhou Jianchao,CHN,2660,2011-03-27,#D52B1E
Smirin Ilia,ISR,2658,2011-03-27,#D52B1E
Feller Sebastien,FRA,2657,2011-03-27,#D52B1E
Nyback Tomi,FIN,2656,2011-03-27,#D52B1E
Kurnosov Igor,RUS,2653,2011-03-27,#D52B1E
Potkin Vladimir,RUS,2653,2011-03-27,#D52B1E
Milov Vadim,SUI,2653,2011-03-27,#D52B1E
Yu Yangyi,CHN,2652,2011-03-27,#D52B1E
Gharamian Tigran,FRA,2650,2011-03-27,#D52B1E
Korobov Anton,UKR,2647,2011-03-27,#D52B1E
Gustafsson Jan,GER,2647,2011-03-27,#D52B1E
Anand Viswanathan,IND,2817,2011-05-27,#D52B1E
Carlsen Magnus,NOR,2815,2011-05-27,#D52B1E
Aronian Levon,ARM,2808,2011-05-27,#D52B1E
Kramnik Vladimir,RUS,2785,2011-05-27,#D52B1E
Ivanchuk Vassily,UKR,2776,2011-05-27,#D52B1E
Karjakin Sergey,RUS,2776,2011-05-27,#D52B1E
Topalov Veselin,BUL,2775,2011-05-27,#D52B1E
Nakamura Hikaru,USA,2774,2011-05-27,#D52B1E
Mamedyarov Shakhriyar,AZE,2772,2011-05-27,#D52B1E
Gashimov Vugar,AZE,2760,2011-05-27,#D52B1E
Ponomariov Ruslan,UKR,2754,2011-05-27,#D52B1E
Grischuk Alexander,RUS,2747,2011-05-27,#D52B1E
Radjabov Teimour,AZE,2744,2011-05-27,#D52B1E
Svidler Peter,RUS,2739,2011-05-27,#D52B1E
Vitiugov Nikita,RUS,2733,2011-05-27,#D52B1E
Gelfand Boris,ISR,2733,2011-05-27,#D52B1E
Jakovenko Dmitry,RUS,2732,2011-05-27,#D52B1E
Kamsky Gata,USA,2732,2011-05-27,#D52B1E
Wang Hao,CHN,2732,2011-05-27,#D52B1E
Vachier-Lagrave Maxime,FRA,2731,2011-05-27,#D52B1E
Dominguez Perez Leinier,CUB,2726,2011-05-27,#D52B1E
Adams Michael,ENG,2726,2011-05-27,#D52B1E
Vallejo Pons Francisco,ESP,2722,2011-05-27,#D52B1E
Wojtaszek Radoslaw,POL,2721,2011-05-27,#D52B1E
Almasi Zoltan,HUN,2719,2011-05-27,#D52B1E
Leko Peter,HUN,2717,2011-05-27,#D52B1E
Naiditsch Arkadij,GER,2716,2011-05-27,#D52B1E
Caruana Fabiano,ITA,2714,2011-05-27,#D52B1E
Wang Yue,CHN,2714,2011-05-27,#D52B1E
Eljanov Pavel,UKR,2712,2011-05-27,#D52B1E
Nepomniachtchi Ian,RUS,2711,2011-05-27,#D52B1E
Shirov Alexei,ESP,2709,2011-05-27,#D52B1E
Tomashevsky Evgeny,RUS,2707,2011-05-27,#D52B1E
Bacrot Etienne,FRA,2705,2011-05-27,#D52B1E
Movsesian Sergei,ARM,2705,2011-05-27,#D52B1E
Jobava Baadur,GEO,2704,2011-05-27,#D52B1E
Malakhov Vladimir,RUS,2704,2011-05-27,#D52B1E
Dreev Aleksey,RUS,2703,2011-05-27,#D52B1E
Navara David,CZE,2702,2011-05-27,#D52B1E
Efimenko Zahar,UKR,2701,2011-05-27,#D52B1E
Polgar Judit,HUN,2699,2011-05-27,#D52B1E
Motylev Alexander,RUS,2696,2011-05-27,#D52B1E
Areshchenko Alexander,UKR,2694,2011-05-27,#D52B1E
Morozevich Alexander,RUS,2694,2011-05-27,#D52B1E
Bruzon Batista Lazaro,CUB,2693,2011-05-27,#D52B1E
Berkes Ferenc,HUN,2693,2011-05-27,#D52B1E
Giri Anish,NED,2687,2011-05-27,#D52B1E
Andreikin Dmitry,RUS,2687,2011-05-27,#D52B1E
Le Quang Liem,VIE,2687,2011-05-27,#D52B1E
Sutovsky Emil,ISR,2686,2011-05-27,#D52B1E
Kasimdzhanov Rustam,UZB,2685,2011-05-27,#D52B1E
Potkin Vladimir,RUS,2682,2011-05-27,#D52B1E
Rublevsky Sergei,RUS,2682,2011-05-27,#D52B1E
Short Nigel D,ENG,2682,2011-05-27,#D52B1E
Nielsen Peter Heine,DEN,2681,2011-05-27,#D52B1E
Laznicka Viktor,CZE,2681,2011-05-27,#D52B1E
Moiseenko Alexander,UKR,2679,2011-05-27,#D52B1E
Zhigalko Sergei,BLR,2679,2011-05-27,#D52B1E
Riazantsev Alexander,RUS,2679,2011-05-27,#D52B1E
Inarkiev Ernesto,RUS,2679,2011-05-27,#D52B1E
Kobalia Mikhail,RUS,2679,2011-05-27,#D52B1E
Mamedov Rauf,AZE,2679,2011-05-27,#D52B1E
Bologan Viktor,MDA,2678,2011-05-27,#D52B1E
Volokitin Andrei,UKR,2677,2011-05-27,#D52B1E
Fressinet Laurent,FRA,2677,2011-05-27,#D52B1E
Sasikiran Krishnan,IND,2676,2011-05-27,#D52B1E
Onischuk Alexander,USA,2675,2011-05-27,#D52B1E
Van Wely Loek,NED,2675,2011-05-27,#D52B1E
Ragger Markus,AUT,2674,2011-05-27,#D52B1E
Alekseev Evgeny,RUS,2673,2011-05-27,#D52B1E
Akopian Vladimir,ARM,2670,2011-05-27,#D52B1E
Grachev Boris,RUS,2669,2011-05-27,#D52B1E
Cheparinov Ivan,BUL,2669,2011-05-27,#D52B1E
McShane Luke J,ENG,2667,2011-05-27,#D52B1E
So Wesley,PHI,2667,2011-05-27,#D52B1E
Harikrishna P.,IND,2666,2011-05-27,#D52B1E
Timofeev Artyom,RUS,2665,2011-05-27,#D52B1E
Ding Liren,CHN,2664,2011-05-27,#D52B1E
Sargissian Gabriel,ARM,2663,2011-05-27,#D52B1E
Bu Xiangzhi,CHN,2662,2011-05-27,#D52B1E
Nisipeanu Liviu-Dieter,ROU,2662,2011-05-27,#D52B1E
Fridman Daniel,GER,2661,2011-05-27,#D52B1E
Gharamian Tigran,FRA,2661,2011-05-27,#D52B1E
Ni Hua,CHN,2661,2011-05-27,#D52B1E
Smirin Ilia,ISR,2661,2011-05-27,#D52B1E
Roiz Michael,ISR,2660,2011-05-27,#D52B1E
Feller Sebastien,FRA,2660,2011-05-27,#D52B1E
Korobov Anton,UKR,2660,2011-05-27,#D52B1E
Zvjaginsev Vadim,RUS,2659,2011-05-27,#D52B1E
Li Chao b,CHN,2656,2011-05-27,#D52B1E
Khismatullin Denis,RUS,2656,2011-05-27,#D52B1E
Georgiev Kiril,BUL,2656,2011-05-27,#D52B1E
Sandipan Chanda,IND,2656,2011-05-27,#D52B1E
Fedorchuk Sergey A.,UKR,2654,2011-05-27,#D52B1E
Socko Bartosz,POL,2654,2011-05-27,#D52B1E
Miroshnichenko Evgenij,UKR,2651,2011-05-27,#D52B1E
Meier Georg,GER,2650,2011-05-27,#D52B1E
Khairullin Ildar,RUS,2649,2011-05-27,#D52B1E
Ivanisevic Ivan,SRB,2648,2011-05-27,#D52B1E
Milov Vadim,SUI,2648,2011-05-27,#D52B1E
Carlsen Magnus,NOR,2821,2011-07-27,#D52B1E
Anand Viswanathan,IND,2817,2011-07-27,#D52B1E
Aronian Levon,ARM,2805,2011-07-27,#D52B1E
Karjakin Sergey,RUS,2788,2011-07-27,#D52B1E
Kramnik Vladimir,RUS,2781,2011-07-27,#D52B1E
Nakamura Hikaru,USA,2770,2011-07-27,#D52B1E
Ivanchuk Vassily,UKR,2768,2011-07-27,#D52B1E
Topalov Veselin,BUL,2768,2011-07-27,#D52B1E
Mamedyarov Shakhriyar,AZE,2765,2011-07-27,#D52B1E
Ponomariov Ruslan,UKR,2764,2011-07-27,#D52B1E
Gashimov Vugar,AZE,2760,2011-07-27,#D52B1E
Gelfand Boris,ISR,2746,2011-07-27,#D52B1E
Grischuk Alexander,RUS,2746,2011-07-27,#D52B1E
Radjabov Teimour,AZE,2744,2011-07-27,#D52B1E
Kamsky Gata,USA,2741,2011-07-27,#D52B1E
Svidler Peter,RUS,2739,2011-07-27,#D52B1E
Jakovenko Dmitry,RUS,2736,2011-07-27,#D52B1E
Vitiugov Nikita,RUS,2733,2011-07-27,#D52B1E
Almasi Zoltan,HUN,2726,2011-07-27,#D52B1E
Vallejo Pons Francisco,ESP,2724,2011-07-27,#D52B1E
Navara David,CZE,2722,2011-07-27,#D52B1E
Vachier-Lagrave Maxime,FRA,2722,2011-07-27,#D52B1E
Dominguez Perez Leinier,CUB,2719,2011-07-27,#D52B1E
Wang Hao,CHN,2718,2011-07-27,#D52B1E
Leko Peter,HUN,2717,2011-07-27,#D52B1E
Moiseenko Alexander,UKR,2715,2011-07-27,#D52B1E
Le Quang Liem,VIE,2715,2011-07-27,#D52B1E
Adams Michael,ENG,2715,2011-07-27,#D52B1E
Shirov Alexei,ESP,2714,2011-07-27,#D52B1E
Jobava Baadur,GEO,2713,2011-07-27,#D52B1E
Dreev Aleksey,RUS,2711,2011-07-27,#D52B1E
Caruana Fabiano,ITA,2711,2011-07-27,#D52B1E
Nepomniachtchi Ian,RUS,2711,2011-07-27,#D52B1E
Bacrot Etienne,FRA,2710,2011-07-27,#D52B1E
Wang Yue,CHN,2709,2011-07-27,#D52B1E
Tomashevsky Evgeny,RUS,2707,2011-07-27,#D52B1E
Naiditsch Arkadij,GER,2706,2011-07-27,#D52B1E
Efimenko Zahar,UKR,2706,2011-07-27,#D52B1E
Malakhov Vladimir,RUS,2706,2011-07-27,#D52B1E
Giri Anish,NED,2701,2011-07-27,#D52B1E
Sutovsky Emil,ISR,2700,2011-07-27,#D52B1E
Movsesian Sergei,ARM,2700,2011-07-27,#D52B1E
Polgar Judit,HUN,2699,2011-07-27,#D52B1E
Fressinet Laurent,FRA,2698,2011-07-27,#D52B1E
Eljanov Pavel,UKR,2697,2011-07-27,#D52B1E
Berkes Ferenc,HUN,2696,2011-07-27,#D52B1E
Andreikin Dmitry,RUS,2696,2011-07-27,#D52B1E
Morozevich Alexander,RUS,2694,2011-07-27,#D52B1E
Zhigalko Sergei,BLR,2689,2011-07-27,#D52B1E
Riazantsev Alexander,RUS,2688,2011-07-27,#D52B1E
Short Nigel D,ENG,2687,2011-07-27,#D52B1E
Motylev Alexander,RUS,2685,2011-07-27,#D52B1E
Rublevsky Sergei,RUS,2684,2011-07-27,#D52B1E
Van Wely Loek,NED,2683,2011-07-27,#D52B1E
Wojtaszek Radoslaw,POL,2683,2011-07-27,#D52B1E
Volokitin Andrei,UKR,2683,2011-07-27,#D52B1E
Areshchenko Alexander,UKR,2682,2011-07-27,#D52B1E
Potkin Vladimir,RUS,2682,2011-07-27,#D52B1E
Sasikiran Krishnan,IND,2681,2011-07-27,#D52B1E
Laznicka Viktor,CZE,2681,2011-07-27,#D52B1E
Nielsen Peter Heine,DEN,2681,2011-07-27,#D52B1E
Grachev Boris,RUS,2680,2011-07-27,#D52B1E
Inarkiev Ernesto,RUS,2679,2011-07-27,#D52B1E
Kobalia Mikhail,RUS,2679,2011-07-27,#D52B1E
Mamedov Rauf,AZE,2679,2011-07-27,#D52B1E
Bologan Viktor,MDA,2678,2011-07-27,#D52B1E
Smirin Ilia,ISR,2676,2011-07-27,#D52B1E
Bu Xiangzhi,CHN,2675,2011-07-27,#D52B1E
Onischuk Alexander,USA,2675,2011-07-27,#D52B1E
Bruzon Batista Lazaro,CUB,2673,2011-07-27,#D52B1E
Yu Yangyi,CHN,2672,2011-07-27,#D52B1E
Sokolov Ivan,NED,2672,2011-07-27,#D52B1E
Korobov Anton,UKR,2671,2011-07-27,#D52B1E
McShane Luke J,ENG,2671,2011-07-27,#D52B1E
Gharamian Tigran,FRA,2670,2011-07-27,#D52B1E
Harikrishna P.,IND,2669,2011-07-27,#D52B1E
Li Chao b,CHN,2669,2011-07-27,#D52B1E
Roiz Michael,ISR,2669,2011-07-27,#D52B1E
Kasimdzhanov Rustam,UZB,2669,2011-07-27,#D52B1E
Cheparinov Ivan,BUL,2669,2011-07-27,#D52B1E
Akopian Vladimir,ARM,2667,2011-07-27,#D52B1E
Feller Sebastien,FRA,2666,2011-07-27,#D52B1E
Timofeev Artyom,RUS,2665,2011-07-27,#D52B1E
Sargissian Gabriel,ARM,2663,2011-07-27,#D52B1E
Ni Hua,CHN,2662,2011-07-27,#D52B1E
Fridman Daniel,GER,2659,2011-07-27,#D52B1E
Alekseev Evgeny,RUS,2659,2011-07-27,#D52B1E
Zvjaginsev Vadim,RUS,2659,2011-07-27,#D52B1E
So Wesley,PHI,2658,2011-07-27,#D52B1E
Meier Georg,GER,2656,2011-07-27,#D52B1E
Khismatullin Denis,RUS,2656,2011-07-27,#D52B1E
Sandipan Chanda,IND,2656,2011-07-27,#D52B1E
Georgiev Kiril,BUL,2654,2011-07-27,#D52B1E
Ding Liren,CHN,2654,2011-07-27,#D52B1E
Markus Robert,SRB,2652,2011-07-27,#D52B1E
Kryvoruchko Yuriy,UKR,2652,2011-07-27,#D52B1E
Ragger Markus,AUT,2651,2011-07-27,#D52B1E
Milov Vadim,SUI,2651,2011-07-27,#D52B1E
Lupulescu Constantin,ROU,2650,2011-07-27,#D52B1E
Khairullin Ildar,RUS,2649,2011-07-27,#D52B1E
Carlsen Magnus,NOR,2823,2011-09-27,#D52B1E
Anand Viswanathan,IND,2817,2011-09-27,#D52B1E
Aronian Levon,ARM,2807,2011-09-27,#D52B1E
Kramnik Vladimir,RUS,2791,2011-09-27,#D52B1E
Karjakin Sergey,RUS,2772,2011-09-27,#D52B1E
Topalov Veselin,BUL,2768,2011-09-27,#D52B1E
Ivanchuk Vassily,UKR,2765,2011-09-27,#D52B1E
Ponomariov Ruslan,UKR,2758,2011-09-27,#D52B1E
Grischuk Alexander,RUS,2757,2011-09-27,#D52B1E
Kamsky Gata,USA,2756,2011-09-27,#D52B1E
Gashimov Vugar,AZE,2756,2011-09-27,#D52B1E
Nakamura Hikaru,USA,2753,2011-09-27,#D52B1E
Radjabov Teimour,AZE,2752,2011-09-27,#D52B1E
Mamedyarov Shakhriyar,AZE,2746,2011-09-27,#D52B1E
Gelfand Boris,ISR,2746,2011-09-27,#D52B1E
Svidler Peter,RUS,2740,2011-09-27,#D52B1E
Morozevich Alexander,RUS,2737,2011-09-27,#D52B1E
Adams Michael,ENG,2733,2011-09-27,#D52B1E
Wang Hao,CHN,2733,2011-09-27,#D52B1E
Leko Peter,HUN,2728,2011-09-27,#D52B1E
Vitiugov Nikita,RUS,2726,2011-09-27,#D52B1E
Moiseenko Alexander,UKR,2726,2011-09-27,#D52B1E
Giri Anish,NED,2722,2011-09-27,#D52B1E
Nepomniachtchi Ian,RUS,2718,2011-09-27,#D52B1E
Le Quang Liem,VIE,2717,2011-09-27,#D52B1E
Wang Yue,CHN,2716,2011-09-27,#D52B1E
Jakovenko Dmitry,RUS,2716,2011-09-27,#D52B1E
Vallejo Pons Francisco,ESP,2716,2011-09-27,#D52B1E
Vachier-Lagrave Maxime,FRA,2715,2011-09-27,#D52B1E
Movsesian Sergei,ARM,2715,2011-09-27,#D52B1E
Shirov Alexei,ESP,2713,2011-09-27,#D52B1E
Caruana Fabiano,ITA,2712,2011-09-27,#D52B1E
Jobava Baadur,GEO,2712,2011-09-27,#D52B1E
Dreev Aleksey,RUS,2711,2011-09-27,#D52B1E
Li Chao b,CHN,2710,2011-09-27,#D52B1E
Tomashevsky Evgeny,RUS,2710,2011-09-27,#D52B1E
Almasi Zoltan,HUN,2710,2011-09-27,#D52B1E
Dominguez Perez Leinier,CUB,2710,2011-09-27,#D52B1E
Malakhov Vladimir,RUS,2710,2011-09-27,#D52B1E
Naiditsch Arkadij,GER,2707,2011-09-27,#D52B1E
Berkes Ferenc,HUN,2706,2011-09-27,#D52B1E
Navara David,CZE,2705,2011-09-27,#D52B1E
Bacrot Etienne,FRA,2705,2011-09-27,#D52B1E
Andreikin Dmitry,RUS,2705,2011-09-27,#D52B1E
Wojtaszek Radoslaw,POL,2704,2011-09-27,#D52B1E
Efimenko Zahar,UKR,2703,2011-09-27,#D52B1E
Laznicka Viktor,CZE,2701,2011-09-27,#D52B1E
Polgar Judit,HUN,2701,2011-09-27,#D52B1E
Short Nigel D,ENG,2698,2011-09-27,#D52B1E
Zhigalko Sergei,BLR,2696,2011-09-27,#D52B1E
Fressinet Laurent,FRA,2696,2011-09-27,#D52B1E
Inarkiev Ernesto,RUS,2692,2011-09-27,#D52B1E
Sutovsky Emil,ISR,2690,2011-09-27,#D52B1E
Motylev Alexander,RUS,2690,2011-09-27,#D52B1E
Van Wely Loek,NED,2689,2011-09-27,#D52B1E
Sasikiran Krishnan,IND,2689,2011-09-27,#D52B1E
Riazantsev Alexander,RUS,2688,2011-09-27,#D52B1E
Nielsen Peter Heine,DEN,2687,2011-09-27,#D52B1E
Volokitin Andrei,UKR,2686,2011-09-27,#D52B1E
Eljanov Pavel,UKR,2683,2011-09-27,#D52B1E
Grachev Boris,RUS,2682,2011-09-27,#D52B1E
Bruzon Batista Lazaro,CUB,2682,2011-09-27,#D52B1E
Rublevsky Sergei,RUS,2681,2011-09-27,#D52B1E
Akopian Vladimir,ARM,2681,2011-09-27,#D52B1E
Smirin Ilia,ISR,2678,2011-09-27,#D52B1E
Kasimdzhanov Rustam,UZB,2678,2011-09-27,#D52B1E
Gharamian Tigran,FRA,2676,2011-09-27,#D52B1E
Kobalia Mikhail,RUS,2674,2011-09-27,#D52B1E
Sokolov Ivan,NED,2673,2011-09-27,#D52B1E
Harikrishna P.,IND,2672,2011-09-27,#D52B1E
Areshchenko Alexander,UKR,2672,2011-09-27,#D52B1E
Potkin Vladimir,RUS,2671,2011-09-27,#D52B1E
Korobov Anton,UKR,2671,2011-09-27,#D52B1E
McShane Luke J,ENG,2671,2011-09-27,#D52B1E
Ni Hua,CHN,2670,2011-09-27,#D52B1E
Onischuk Alexander,USA,2669,2011-09-27,#D52B1E
Feller Sebastien,FRA,2668,2011-09-27,#D52B1E
Roiz Michael,ISR,2668,2011-09-27,#D52B1E
Bu Xiangzhi,CHN,2666,2011-09-27,#D52B1E
Kryvoruchko Yuriy,UKR,2666,2011-09-27,#D52B1E
Zvjaginsev Vadim,RUS,2666,2011-09-27,#D52B1E
Georgiev Kiril,BUL,2664,2011-09-27,#D52B1E
Timofeev Artyom,RUS,2664,2011-09-27,#D52B1E
Balogh Csaba,HUN,2662,2011-09-27,#D52B1E
Alekseev Evgeny,RUS,2662,2011-09-27,#D52B1E
Mamedov Rauf,AZE,2660,2011-09-27,#D52B1E
Ding Liren,CHN,2659,2011-09-27,#D52B1E
Sargissian Gabriel,ARM,2658,2011-09-27,#D52B1E
Bologan Viktor,MDA,2656,2011-09-27,#D52B1E
So Wesley,PHI,2655,2011-09-27,#D52B1E
Lupulescu Constantin,ROU,2655,2011-09-27,#D52B1E
Ragger Markus,AUT,2655,2011-09-27,#D52B1E
Seirawan Yasser,USA,2652,2011-09-27,#D52B1E
Fridman Daniel,GER,2652,2011-09-27,#D52B1E
Milov Vadim,SUI,2651,2011-09-27,#D52B1E
Istratescu Andrei,FRA,2650,2011-09-27,#D52B1E
Cheparinov Ivan,BUL,2650,2011-09-27,#D52B1E
Petrosian Tigran L.,ARM,2649,2011-09-27,#D52B1E
Kurnosov Igor,RUS,2648,2011-09-27,#D52B1E
Meier Georg,GER,2648,2011-09-27,#D52B1E
Azarov Sergei,BLR,2648,2011-09-27,#D52B1E
Carlsen Magnus,NOR,2826,2011-11-27,#D52B1E
Anand Viswanathan,IND,2811,2011-11-27,#D52B1E
Aronian Levon,ARM,2802,2011-11-27,#D52B1E
Kramnik Vladimir,RUS,2800,2011-11-27,#D52B1E
Radjabov Teimour,AZE,2781,2011-11-27,#D52B1E
Ivanchuk Vassily,UKR,2775,2011-11-27,#D52B1E
Topalov Veselin,BUL,2768,2011-11-27,#D52B1E
Karjakin Sergey,RUS,2763,2011-11-27,#D52B1E
Morozevich Alexander,RUS,2762,2011-11-27,#D52B1E
Nakamura Hikaru,USA,2758,2011-11-27,#D52B1E
Gashimov Vugar,AZE,2757,2011-11-27,#D52B1E
Svidler Peter,RUS,2755,2011-11-27,#D52B1E
Grischuk Alexander,RUS,2752,2011-11-27,#D52B1E
Gelfand Boris,ISR,2744,2011-11-27,#D52B1E
Tomashevsky Evgeny,RUS,2740,2011-11-27,#D52B1E
Wang Hao,CHN,2736,2011-11-27,#D52B1E
Adams Michael,ENG,2734,2011-11-27,#D52B1E
Mamedyarov Shakhriyar,AZE,2733,2011-11-27,#D52B1E
Kamsky Gata,USA,2732,2011-11-27,#D52B1E
Nepomniachtchi Ian,RUS,2730,2011-11-27,#D52B1E
Jakovenko Dmitry,RUS,2729,2011-11-27,#D52B1E
Vitiugov Nikita,RUS,2729,2011-11-27,#D52B1E
Caruana Fabiano,ITA,2727,2011-11-27,#D52B1E
Navara David,CZE,2724,2011-11-27,#D52B1E
Ponomariov Ruslan,UKR,2723,2011-11-27,#D52B1E
Leko Peter,HUN,2720,2011-11-27,#D52B1E
Moiseenko Alexander,UKR,2715,2011-11-27,#D52B1E
Le Quang Liem,VIE,2714,2011-11-27,#D52B1E
Bacrot Etienne,FRA,2714,2011-11-27,#D52B1E
Giri Anish,NED,2714,2011-11-27,#D52B1E
Naiditsch Arkadij,GER,2712,2011-11-27,#D52B1E
Dominguez Perez Leinier,CUB,2712,2011-11-27,#D52B1E
Dreev Aleksey,RUS,2710,2011-11-27,#D52B1E
Movsesian Sergei,ARM,2710,2011-11-27,#D52B1E
Polgar Judit,HUN,2710,2011-11-27,#D52B1E
Riazantsev Alexander,RUS,2710,2011-11-27,#D52B1E
Vachier-Lagrave Maxime,FRA,2710,2011-11-27,#D52B1E
Almasi Zoltan,HUN,2707,2011-11-27,#D52B1E
Shirov Alexei,ESP,2705,2011-11-27,#D52B1E
Vallejo Pons Francisco,ESP,2705,2011-11-27,#D52B1E
Wojtaszek Radoslaw,POL,2705,2011-11-27,#D52B1E
Berkes Ferenc,HUN,2705,2011-11-27,#D52B1E
Malakhov Vladimir,RUS,2705,2011-11-27,#D52B1E
Laznicka Viktor,CZE,2703,2011-11-27,#D52B1E
Efimenko Zahar,UKR,2702,2011-11-27,#D52B1E
Li Chao b,CHN,2700,2011-11-27,#D52B1E
Fressinet Laurent,FRA,2700,2011-11-27,#D52B1E
Short Nigel D,ENG,2698,2011-11-27,#D52B1E
Wang Yue,CHN,2697,2011-11-27,#D52B1E
Sutovsky Emil,ISR,2696,2011-11-27,#D52B1E
Volokitin Andrei,UKR,2695,2011-11-27,#D52B1E
Grachev Boris,RUS,2693,2011-11-27,#D52B1E
Nielsen Peter Heine,DEN,2693,2011-11-27,#D52B1E
Eljanov Pavel,UKR,2691,2011-11-27,#D52B1E
Bruzon Batista Lazaro,CUB,2689,2011-11-27,#D52B1E
Sasikiran Krishnan,IND,2689,2011-11-27,#D52B1E
Andreikin Dmitry,RUS,2688,2011-11-27,#D52B1E
Areshchenko Alexander,UKR,2688,2011-11-27,#D52B1E
Rublevsky Sergei,RUS,2686,2011-11-27,#D52B1E
Inarkiev Ernesto,RUS,2686,2011-11-27,#D52B1E
Van Wely Loek,NED,2686,2011-11-27,#D52B1E
Potkin Vladimir,RUS,2684,2011-11-27,#D52B1E
Akopian Vladimir,ARM,2681,2011-11-27,#D52B1E
Zvjaginsev Vadim,RUS,2680,2011-11-27,#D52B1E
Jobava Baadur,GEO,2678,2011-11-27,#D52B1E
Motylev Alexander,RUS,2678,2011-11-27,#D52B1E
Gharamian Tigran,FRA,2676,2011-11-27,#D52B1E
Kasimdzhanov Rustam,UZB,2675,2011-11-27,#D52B1E
Onischuk Alexander,USA,2674,2011-11-27,#D52B1E
Bu Xiangzhi,CHN,2673,2011-11-27,#D52B1E
Harikrishna P.,IND,2673,2011-11-27,#D52B1E
Kobalia Mikhail,RUS,2673,2011-11-27,#D52B1E
Sargissian Gabriel,ARM,2671,2011-11-27,#D52B1E
McShane Luke J,ENG,2671,2011-11-27,#D52B1E
Alekseev Evgeny,RUS,2670,2011-11-27,#D52B1E
Smirin Ilia,ISR,2670,2011-11-27,#D52B1E
Azarov Sergei,BLR,2667,2011-11-27,#D52B1E
Kryvoruchko Yuriy,UKR,2666,2011-11-27,#D52B1E
Georgiev Kiril,BUL,2666,2011-11-27,#D52B1E
Bologan Viktor,MDA,2665,2011-11-27,#D52B1E
Sadler Matthew D,ENG,2662,2011-11-27,#D52B1E
Ragger Markus,AUT,2662,2011-11-27,#D52B1E
Nguyen Ngoc Truong Son,VIE,2662,2011-11-27,#D52B1E
Balogh Csaba,HUN,2662,2011-11-27,#D52B1E
Fridman Daniel,GER,2661,2011-11-27,#D52B1E
Khismatullin Denis,RUS,2660,2011-11-27,#D52B1E
Korobov Anton,UKR,2660,2011-11-27,#D52B1E
Ding Liren,CHN,2660,2011-11-27,#D52B1E
So Wesley,PHI,2659,2011-11-27,#D52B1E
Meier Georg,GER,2659,2011-11-27,#D52B1E
Timofeev Artyom,RUS,2659,2011-11-27,#D52B1E
Feller Sebastien,FRA,2658,2011-11-27,#D52B1E
Seirawan Yasser,USA,2658,2011-11-27,#D52B1E
Lupulescu Constantin,ROU,2657,2011-11-27,#D52B1E
Ni Hua,CHN,2656,2011-11-27,#D52B1E
Iturrizaga Eduardo,VEN,2656,2011-11-27,#D52B1E
Bartel Mateusz,POL,2653,2011-11-27,#D52B1E
Milov Vadim,SUI,2653,2011-11-27,#D52B1E
Gyimesi Zoltan,HUN,2652,2011-11-27,#D52B1E
Roiz Michael,ISR,2651,2011-11-27,#D52B1E
Zhigalko Sergei,BLR,2651,2011-11-27,#D52B1E
Carlsen Magnus,NOR,2835,2012-01-27,#D52B1E
Aronian Levon,ARM,2805,2012-01-27,#D52B1E
Kramnik Vladimir,RUS,2801,2012-01-27,#D52B1E
Anand Viswanathan,IND,2799,2012-01-27,#D52B1E
Radjabov Teimour,AZE,2773,2012-01-27,#D52B1E
Topalov Veselin,BUL,2770,2012-01-27,#D52B1E
Karjakin Sergey,RUS,2769,2012-01-27,#D52B1E
Ivanchuk Vassily,UKR,2766,2012-01-27,#D52B1E
Morozevich Alexander,RUS,2763,2012-01-27,#D52B1E
Gashimov Vugar,AZE,2761,2012-01-27,#D52B1E
Grischuk Alexander,RUS,2761,2012-01-27,#D52B1E
Nakamura Hikaru,USA,2759,2012-01-27,#D52B1E
Svidler Peter,RUS,2749,2012-01-27,#D52B1E
Mamedyarov Shakhriyar,AZE,2747,2012-01-27,#D52B1E
Tomashevsky Evgeny,RUS,2740,2012-01-27,#D52B1E
Gelfand Boris,ISR,2739,2012-01-27,#D52B1E
Caruana Fabiano,ITA,2736,2012-01-27,#D52B1E
Nepomniachtchi Ian,RUS,2735,2012-01-27,#D52B1E
Wang Hao,CHN,2733,2012-01-27,#D52B1E
Kamsky Gata,USA,2732,2012-01-27,#D52B1E
Dominguez Perez Leinier,CUB,2730,2012-01-27,#D52B1E
Jakovenko Dmitry,RUS,2729,2012-01-27,#D52B1E
Ponomariov Ruslan,UKR,2727,2012-01-27,#D52B1E
Vitiugov Nikita,RUS,2726,2012-01-27,#D52B1E
Adams Michael,ENG,2724,2012-01-27,#D52B1E
Leko Peter,HUN,2720,2012-01-27,#D52B1E
Almasi Zoltan,HUN,2717,2012-01-27,#D52B1E
Giri Anish,NED,2714,2012-01-27,#D52B1E
Le Quang Liem,VIE,2714,2012-01-27,#D52B1E
Navara David,CZE,2712,2012-01-27,#D52B1E
Shirov Alexei,LAT,2710,2012-01-27,#D52B1E
Polgar Judit,HUN,2710,2012-01-27,#D52B1E
Riazantsev Alexander,RUS,2710,2012-01-27,#D52B1E
Wojtaszek Radoslaw,POL,2706,2012-01-27,#D52B1E
Moiseenko Alexander,UKR,2706,2012-01-27,#D52B1E
Vallejo Pons Francisco,ESP,2705,2012-01-27,#D52B1E
Malakhov Vladimir,RUS,2705,2012-01-27,#D52B1E
Jobava Baadur,GEO,2704,2012-01-27,#D52B1E
Bacrot Etienne,FRA,2704,2012-01-27,#D52B1E
Laznicka Viktor,CZE,2704,2012-01-27,#D52B1E
Sutovsky Emil,ISR,2703,2012-01-27,#D52B1E
Naiditsch Arkadij,GER,2702,2012-01-27,#D52B1E
Movsesian Sergei,ARM,2700,2012-01-27,#D52B1E
Sasikiran Krishnan,IND,2700,2012-01-27,#D52B1E
Vachier-Lagrave Maxime,FRA,2699,2012-01-27,#D52B1E
Dreev Aleksey,RUS,2698,2012-01-27,#D52B1E
Efimenko Zahar,UKR,2695,2012-01-27,#D52B1E
Volokitin Andrei,UKR,2695,2012-01-27,#D52B1E
Wang Yue,CHN,2694,2012-01-27,#D52B1E
Fressinet Laurent,FRA,2693,2012-01-27,#D52B1E
Li Chao b,CHN,2693,2012-01-27,#D52B1E
Grachev Boris,RUS,2693,2012-01-27,#D52B1E
Nielsen Peter Heine,DEN,2693,2012-01-27,#D52B1E
Van Wely Loek,NED,2692,2012-01-27,#D52B1E
Bruzon Batista Lazaro,CUB,2691,2012-01-27,#D52B1E
McShane Luke J,ENG,2691,2012-01-27,#D52B1E
Eljanov Pavel,UKR,2690,2012-01-27,#D52B1E
Kasimdzhanov Rustam,UZB,2689,2012-01-27,#D52B1E
Inarkiev Ernesto,RUS,2689,2012-01-27,#D52B1E
Zvjaginsev Vadim,RUS,2688,2012-01-27,#D52B1E
Andreikin Dmitry,RUS,2688,2012-01-27,#D52B1E
Areshchenko Alexander,UKR,2688,2012-01-27,#D52B1E
Rublevsky Sergei,RUS,2686,2012-01-27,#D52B1E
Akopian Vladimir,ARM,2685,2012-01-27,#D52B1E
Potkin Vladimir,RUS,2684,2012-01-27,#D52B1E
Sargissian Gabriel,ARM,2683,2012-01-27,#D52B1E
Berkes Ferenc,HUN,2682,2012-01-27,#D52B1E
Bologan Viktor,MDA,2680,2012-01-27,#D52B1E
Bauer Christian,FRA,2679,2012-01-27,#D52B1E
Tiviakov Sergei,NED,2677,2012-01-27,#D52B1E
Short Nigel D,ENG,2677,2012-01-27,#D52B1E
Motylev Alexander,RUS,2677,2012-01-27,#D52B1E
Gharamian Tigran,FRA,2676,2012-01-27,#D52B1E
Kobalia Mikhail,RUS,2673,2012-01-27,#D52B1E
Meier Georg,GER,2671,2012-01-27,#D52B1E
Onischuk Alexander,USA,2670,2012-01-27,#D52B1E
Bu Xiangzhi,CHN,2670,2012-01-27,#D52B1E
Alekseev Evgeny,RUS,2670,2012-01-27,#D52B1E
Azarov Sergei,BLR,2667,2012-01-27,#D52B1E
Kryvoruchko Yuriy,UKR,2666,2012-01-27,#D52B1E
Balogh Csaba,HUN,2665,2012-01-27,#D52B1E
Harikrishna P.,IND,2665,2012-01-27,#D52B1E
Khismatullin Denis,RUS,2664,2012-01-27,#D52B1E
Nguyen Ngoc Truong Son,VIE,2662,2012-01-27,#D52B1E
Fridman Daniel,GER,2660,2012-01-27,#D52B1E
Smirin Ilia,ISR,2660,2012-01-27,#D52B1E
Ding Liren,CHN,2660,2012-01-27,#D52B1E
Sadler Matthew D,ENG,2660,2012-01-27,#D52B1E
Korobov Anton,UKR,2660,2012-01-27,#D52B1E
Cheparinov Ivan,BUL,2659,2012-01-27,#D52B1E
Timofeev Artyom,RUS,2659,2012-01-27,#D52B1E
Georgiev Kiril,BUL,2658,2012-01-27,#D52B1E
Bartel Mateusz,POL,2658,2012-01-27,#D52B1E
Zhigalko Sergei,BLR,2658,2012-01-27,#D52B1E
Feller Sebastien,FRA,2658,2012-01-27,#D52B1E
Ragger Markus,AUT,2655,2012-01-27,#D52B1E
Jones Gawain C B,ENG,2653,2012-01-27,#D52B1E
So Wesley,PHI,2653,2012-01-27,#D52B1E
Milov Vadim,SUI,2653,2012-01-27,#D52B1E
Gupta Abhijeet,IND,2652,2012-01-27,#D52B1E
Postny Evgeny,ISR,2652,2012-01-27,#D52B1E
Roiz Michael,ISR,2652,2012-01-27,#D52B1E
Gyimesi Zoltan,HUN,2652,2012-01-27,#D52B1E
Nikolic Predrag,BIH,2652,2012-01-27,#D52B1E
Carlsen Magnus,NOR,2835,2012-03-27,#D52B1E
Aronian Levon,ARM,2820,2012-03-27,#D52B1E
Kramnik Vladimir,RUS,2801,2012-03-27,#D52B1E
Anand Viswanathan,IND,2799,2012-03-27,#D52B1E
Radjabov Teimour,AZE,2784,2012-03-27,#D52B1E
Nakamura Hikaru,USA,2771,2012-03-27,#D52B1E
Caruana Fabiano,ITA,2767,2012-03-27,#D52B1E
Karjakin Sergey,RUS,2766,2012-03-27,#D52B1E
Morozevich Alexander,RUS,2765,2012-03-27,#D52B1E
Ivanchuk Vassily,UKR,2764,2012-03-27,#D52B1E
Grischuk Alexander,RUS,2761,2012-03-27,#D52B1E
Topalov Veselin,BUL,2752,2012-03-27,#D52B1E
Mamedyarov Shakhriyar,AZE,2752,2012-03-27,#D52B1E
Gashimov Vugar,AZE,2745,2012-03-27,#D52B1E
Svidler Peter,RUS,2744,2012-03-27,#D52B1E
Kamsky Gata,USA,2741,2012-03-27,#D52B1E
Tomashevsky Evgeny,RUS,2736,2012-03-27,#D52B1E
Adams Michael,ENG,2735,2012-03-27,#D52B1E
Wang Hao,CHN,2733,2012-03-27,#D52B1E
Dominguez Perez Leinier,CUB,2730,2012-03-27,#D52B1E
Jakovenko Dmitry,RUS,2729,2012-03-27,#D52B1E
Gelfand Boris,ISR,2727,2012-03-27,#D52B1E
Ponomariov Ruslan,UKR,2727,2012-03-27,#D52B1E
Leko Peter,HUN,2720,2012-03-27,#D52B1E
Almasi Zoltan,HUN,2719,2012-03-27,#D52B1E
Nepomniachtchi Ian,RUS,2718,2012-03-27,#D52B1E
Giri Anish,NED,2717,2012-03-27,#D52B1E
Riazantsev Alexander,RUS,2710,2012-03-27,#D52B1E
Polgar Judit,HUN,2709,2012-03-27,#D52B1E
Vitiugov Nikita,RUS,2709,2012-03-27,#D52B1E
Jobava Baadur,GEO,2706,2012-03-27,#D52B1E
Bacrot Etienne,FRA,2706,2012-03-27,#D52B1E
Moiseenko Alexander,UKR,2706,2012-03-27,#D52B1E
Wojtaszek Radoslaw,POL,2706,2012-03-27,#D52B1E
Grachev Boris,RUS,2705,2012-03-27,#D52B1E
Malakhov Vladimir,RUS,2705,2012-03-27,#D52B1E
Eljanov Pavel,UKR,2704,2012-03-27,#D52B1E
Sasikiran Krishnan,IND,2703,2012-03-27,#D52B1E
Li Chao b,CHN,2703,2012-03-27,#D52B1E
Laznicka Viktor,CZE,2702,2012-03-27,#D52B1E
Movsesian Sergei,ARM,2702,2012-03-27,#D52B1E
Wang Yue,CHN,2702,2012-03-27,#D52B1E
Naiditsch Arkadij,GER,2702,2012-03-27,#D52B1E
Shirov Alexei,LAT,2701,2012-03-27,#D52B1E
Navara David,CZE,2700,2012-03-27,#D52B1E
Sutovsky Emil,ISR,2700,2012-03-27,#D52B1E
Le Quang Liem,VIE,2698,2012-03-27,#D52B1E
Dreev Aleksey,RUS,2698,2012-03-27,#D52B1E
Short Nigel D,ENG,2697,2012-03-27,#D52B1E
Inarkiev Ernesto,RUS,2695,2012-03-27,#D52B1E
Efimenko Zahar,UKR,2695,2012-03-27,#D52B1E
Volokitin Andrei,UKR,2695,2012-03-27,#D52B1E
Bruzon Batista Lazaro,CUB,2694,2012-03-27,#D52B1E
Vallejo Pons Francisco,ESP,2693,2012-03-27,#D52B1E
Fressinet Laurent,FRA,2693,2012-03-27,#D52B1E
Nielsen Peter Heine,DEN,2693,2012-03-27,#D52B1E
Van Wely Loek,NED,2691,2012-03-27,#D52B1E
McShane Luke J,ENG,2691,2012-03-27,#D52B1E
Andreikin Dmitry,RUS,2689,2012-03-27,#D52B1E
Kasimdzhanov Rustam,UZB,2689,2012-03-27,#D52B1E
Areshchenko Alexander,UKR,2688,2012-03-27,#D52B1E
Bologan Viktor,MDA,2687,2012-03-27,#D52B1E
Rublevsky Sergei,RUS,2686,2012-03-27,#D52B1E
Akopian Vladimir,ARM,2684,2012-03-27,#D52B1E
Motylev Alexander,RUS,2683,2012-03-27,#D52B1E
Zvjaginsev Vadim,RUS,2683,2012-03-27,#D52B1E
Vachier-Lagrave Maxime,FRA,2682,2012-03-27,#D52B1E
Berkes Ferenc,HUN,2682,2012-03-27,#D52B1E
Korobov Anton,UKR,2679,2012-03-27,#D52B1E
Bauer Christian,FRA,2679,2012-03-27,#D52B1E
Harikrishna P.,IND,2678,2012-03-27,#D52B1E
Sargissian Gabriel,ARM,2674,2012-03-27,#D52B1E
Tiviakov Sergei,NED,2673,2012-03-27,#D52B1E
Alekseev Evgeny,RUS,2673,2012-03-27,#D52B1E
Georgiev Kiril,BUL,2671,2012-03-27,#D52B1E
Gharamian Tigran,FRA,2671,2012-03-27,#D52B1E
Onischuk Alexander,USA,2670,2012-03-27,#D52B1E
Potkin Vladimir,RUS,2669,2012-03-27,#D52B1E
Bu Xiangzhi,CHN,2668,2012-03-27,#D52B1E
Azarov Sergei,BLR,2667,2012-03-27,#D52B1E
Kobalia Mikhail,RUS,2666,2012-03-27,#D52B1E
Kryvoruchko Yuriy,UKR,2666,2012-03-27,#D52B1E
Bartel Mateusz,POL,2665,2012-03-27,#D52B1E
Balogh Csaba,HUN,2664,2012-03-27,#D52B1E
Cheparinov Ivan,BUL,2664,2012-03-27,#D52B1E
Postny Evgeny,ISR,2662,2012-03-27,#D52B1E
Nguyen Ngoc Truong Son,VIE,2662,2012-03-27,#D52B1E
Ding Liren,CHN,2660,2012-03-27,#D52B1E
Turov Maxim,RUS,2658,2012-03-27,#D52B1E
Kurnosov Igor,RUS,2657,2012-03-27,#D52B1E
Smirin Ilia,ISR,2657,2012-03-27,#D52B1E
Khismatullin Denis,RUS,2656,2012-03-27,#D52B1E
Lysyj Igor,RUS,2656,2012-03-27,#D52B1E
Gareev Timur,UZB,2654,2012-03-27,#D52B1E
Ragger Markus,AUT,2654,2012-03-27,#D52B1E
Fridman Daniel,GER,2653,2012-03-27,#D52B1E
Sokolov Ivan,NED,2653,2012-03-27,#D52B1E
Milov Vadim,SUI,2653,2012-03-27,#D52B1E
So Wesley,PHI,2653,2012-03-27,#D52B1E
Rodshtein Maxim,ISR,2652,2012-03-27,#D52B1E
Gyimesi Zoltan,HUN,2652,2012-03-27,#D52B1E
Nikolic Predrag,BIH,2652,2012-03-27,#D52B1E
Roiz Michael,ISR,2652,2012-03-27,#D52B1E
Carlsen Magnus,NOR,2835,2012-05-27,#D52B1E
Aronian Levon,ARM,2825,2012-05-27,#D52B1E
Kramnik Vladimir,RUS,2801,2012-05-27,#D52B1E
Anand Viswanathan,IND,2791,2012-05-27,#D52B1E
Radjabov Teimour,AZE,2784,2012-05-27,#D52B1E
Karjakin Sergey,RUS,2779,2012-05-27,#D52B1E
Nakamura Hikaru,USA,2775,2012-05-27,#D52B1E
Caruana Fabiano,ITA,2770,2012-05-27,#D52B1E
Morozevich Alexander,RUS,2769,2012-05-27,#D52B1E
Ivanchuk Vassily,UKR,2764,2012-05-27,#D52B1E
Grischuk Alexander,RUS,2761,2012-05-27,#D52B1E
Topalov Veselin,BUL,2752,2012-05-27,#D52B1E
Svidler Peter,RUS,2741,2012-05-27,#D52B1E
Kamsky Gata,USA,2741,2012-05-27,#D52B1E
Tomashevsky Evgeny,RUS,2738,2012-05-27,#D52B1E
Wang Hao,CHN,2738,2012-05-27,#D52B1E
Gashimov Vugar,AZE,2737,2012-05-27,#D52B1E
Jakovenko Dmitry,RUS,2736,2012-05-27,#D52B1E
Adams Michael,ENG,2728,2012-05-27,#D52B1E
Gelfand Boris,ISR,2727,2012-05-27,#D52B1E
Ponomariov Ruslan,UKR,2726,2012-05-27,#D52B1E
Mamedyarov Shakhriyar,AZE,2726,2012-05-27,#D52B1E
Dominguez Perez Leinier,CUB,2725,2012-05-27,#D52B1E
Leko Peter,HUN,2723,2012-05-27,#D52B1E
Jobava Baadur,GEO,2721,2012-05-27,#D52B1E
Sasikiran Krishnan,IND,2720,2012-05-27,#D52B1E
Wojtaszek Radoslaw,POL,2717,2012-05-27,#D52B1E
Bologan Viktor,MDA,2716,2012-05-27,#D52B1E
Nepomniachtchi Ian,RUS,2716,2012-05-27,#D52B1E
Fressinet Laurent,FRA,2715,2012-05-27,#D52B1E
Riazantsev Alexander,RUS,2714,2012-05-27,#D52B1E
Almasi Zoltan,HUN,2713,2012-05-27,#D52B1E
Malakhov Vladimir,RUS,2712,2012-05-27,#D52B1E
Bruzon Batista Lazaro,CUB,2711,2012-05-27,#D52B1E
Moiseenko Alexander,UKR,2711,2012-05-27,#D52B1E
Polgar Judit,HUN,2709,2012-05-27,#D52B1E
Inarkiev Ernesto,RUS,2707,2012-05-27,#D52B1E
Navara David,CZE,2706,2012-05-27,#D52B1E
McShane Luke J,ENG,2706,2012-05-27,#D52B1E
Short Nigel D,ENG,2705,2012-05-27,#D52B1E
Volokitin Andrei,UKR,2704,2012-05-27,#D52B1E
Vitiugov Nikita,RUS,2703,2012-05-27,#D52B1E
Le Quang Liem,VIE,2703,2012-05-27,#D52B1E
Li Chao b,CHN,2703,2012-05-27,#D52B1E
Andreikin Dmitry,RUS,2700,2012-05-27,#D52B1E
Naiditsch Arkadij,GER,2698,2012-05-27,#D52B1E
Movsesian Sergei,ARM,2698,2012-05-27,#D52B1E
Shirov Alexei,LAT,2698,2012-05-27,#D52B1E
Akopian Vladimir,ARM,2697,2012-05-27,#D52B1E
Vallejo Pons Francisco,ESP,2697,2012-05-27,#D52B1E
Berkes Ferenc,HUN,2696,2012-05-27,#D52B1E
Bacrot Etienne,FRA,2695,2012-05-27,#D52B1E
Dreev Aleksey,RUS,2694,2012-05-27,#D52B1E
Giri Anish,NED,2693,2012-05-27,#D52B1E
Laznicka Viktor,CZE,2693,2012-05-27,#D52B1E
Harikrishna P.,IND,2693,2012-05-27,#D52B1E
Eljanov Pavel,UKR,2693,2012-05-27,#D52B1E
Rublevsky Sergei,RUS,2693,2012-05-27,#D52B1E
Areshchenko Alexander,UKR,2691,2012-05-27,#D52B1E
Wang Yue,CHN,2690,2012-05-27,#D52B1E
Kasimdzhanov Rustam,UZB,2690,2012-05-27,#D52B1E
Efimenko Zahar,UKR,2689,2012-05-27,#D52B1E
Georgiev Kiril,BUL,2689,2012-05-27,#D52B1E
Sutovsky Emil,ISR,2687,2012-05-27,#D52B1E
Zvjaginsev Vadim,RUS,2683,2012-05-27,#D52B1E
Van Wely Loek,NED,2682,2012-05-27,#D52B1E
Sokolov Ivan,NED,2680,2012-05-27,#D52B1E
Grachev Boris,RUS,2680,2012-05-27,#D52B1E
Vachier-Lagrave Maxime,FRA,2680,2012-05-27,#D52B1E
Ding Liren,CHN,2679,2012-05-27,#D52B1E
Sargissian Gabriel,ARM,2679,2012-05-27,#D52B1E
Korobov Anton,UKR,2678,2012-05-27,#D52B1E
Bartel Mateusz,POL,2677,2012-05-27,#D52B1E
Kobalia Mikhail,RUS,2677,2012-05-27,#D52B1E
Alekseev Evgeny,RUS,2677,2012-05-27,#D52B1E
Kryvoruchko Yuriy,UKR,2676,2012-05-27,#D52B1E
Ni Hua,CHN,2673,2012-05-27,#D52B1E
Cheparinov Ivan,BUL,2673,2012-05-27,#D52B1E
Motylev Alexander,RUS,2673,2012-05-27,#D52B1E
Balogh Csaba,HUN,2672,2012-05-27,#D52B1E
Gharamian Tigran,FRA,2672,2012-05-27,#D52B1E
Bauer Christian,FRA,2672,2012-05-27,#D52B1E
Ragger Markus,AUT,2670,2012-05-27,#D52B1E
Khenkin Igor,GER,2670,2012-05-27,#D52B1E
Matlakov Maxim,RUS,2668,2012-05-27,#D52B1E
Turov Maxim,RUS,2667,2012-05-27,#D52B1E
Nielsen Peter Heine,DEN,2665,2012-05-27,#D52B1E
Najer Evgeniy,RUS,2664,2012-05-27,#D52B1E
Khismatullin Denis,RUS,2664,2012-05-27,#D52B1E
Kurnosov Igor,RUS,2663,2012-05-27,#D52B1E
Onischuk Alexander,USA,2660,2012-05-27,#D52B1E
Azarov Sergei,BLR,2658,2012-05-27,#D52B1E
Jones Gawain C B,ENG,2657,2012-05-27,#D52B1E
Petrosian Tigran L.,ARM,2657,2012-05-27,#D52B1E
Granda Zuniga Julio E,PER,2657,2012-05-27,#D52B1E
Mchedlishvili Mikheil,GEO,2656,2012-05-27,#D52B1E
Tiviakov Sergei,NED,2656,2012-05-27,#D52B1E
Bu Xiangzhi,CHN,2656,2012-05-27,#D52B1E
Zhigalko Sergei,BLR,2656,2012-05-27,#D52B1E
Nguyen Ngoc Truong Son,VIE,2656,2012-05-27,#D52B1E
Carlsen Magnus,NOR,2837,2012-07-27,#D52B1E
Aronian Levon,ARM,2816,2012-07-27,#D52B1E
Kramnik Vladimir,RUS,2799,2012-07-27,#D52B1E
Radjabov Teimour,AZE,2788,2012-07-27,#D52B1E
Anand Viswanathan,IND,2780,2012-07-27,#D52B1E
Karjakin Sergey,RUS,2779,2012-07-27,#D52B1E
Nakamura Hikaru,USA,2778,2012-07-27,#D52B1E
Caruana Fabiano,ITA,2775,2012-07-27,#D52B1E
Morozevich Alexander,RUS,2770,2012-07-27,#D52B1E
Ivanchuk Vassily,UKR,2769,2012-07-27,#D52B1E
Grischuk Alexander,RUS,2763,2012-07-27,#D52B1E
Topalov Veselin,BUL,2752,2012-07-27,#D52B1E
Svidler Peter,RUS,2749,2012-07-27,#D52B1E
Kamsky Gata,USA,2744,2012-07-27,#D52B1E
Wang Hao,CHN,2739,2012-07-27,#D52B1E
Gelfand Boris,ISR,2738,2012-07-27,#D52B1E
Gashimov Vugar,AZE,2737,2012-07-27,#D52B1E
Jakovenko Dmitry,RUS,2736,2012-07-27,#D52B1E
Tomashevsky Evgeny,RUS,2733,2012-07-27,#D52B1E
Bologan Viktor,MDA,2732,2012-07-27,#D52B1E
Jobava Baadur,GEO,2730,2012-07-27,#D52B1E
Leko Peter,HUN,2730,2012-07-27,#D52B1E
Mamedyarov Shakhriyar,AZE,2726,2012-07-27,#D52B1E
Ponomariov Ruslan,UKR,2726,2012-07-27,#D52B1E
Dominguez Perez Leinier,CUB,2725,2012-07-27,#D52B1E
Adams Michael,ENG,2723,2012-07-27,#D52B1E
Riazantsev Alexander,RUS,2720,2012-07-27,#D52B1E
Nepomniachtchi Ian,RUS,2718,2012-07-27,#D52B1E
Wojtaszek Radoslaw,POL,2717,2012-07-27,#D52B1E
Fressinet Laurent,FRA,2714,2012-07-27,#D52B1E
Bacrot Etienne,FRA,2713,2012-07-27,#D52B1E
McShane Luke J,ENG,2713,2012-07-27,#D52B1E
Almasi Zoltan,HUN,2713,2012-07-27,#D52B1E
Malakhov Vladimir,RUS,2712,2012-07-27,#D52B1E
Bruzon Batista Lazaro,CUB,2711,2012-07-27,#D52B1E
Polgar Judit,HUN,2709,2012-07-27,#D52B1E
Sasikiran Krishnan,IND,2707,2012-07-27,#D52B1E
Inarkiev Ernesto,RUS,2707,2012-07-27,#D52B1E
Shirov Alexei,LAT,2706,2012-07-27,#D52B1E
Moiseenko Alexander,UKR,2706,2012-07-27,#D52B1E
Short Nigel D,ENG,2704,2012-07-27,#D52B1E
Volokitin Andrei,UKR,2704,2012-07-27,#D52B1E
Vitiugov Nikita,RUS,2703,2012-07-27,#D52B1E
Naiditsch Arkadij,GER,2700,2012-07-27,#D52B1E
Andreikin Dmitry,RUS,2700,2012-07-27,#D52B1E
Movsesian Sergei,ARM,2698,2012-07-27,#D52B1E
Wang Yue,CHN,2697,2012-07-27,#D52B1E
Vallejo Pons Francisco,ESP,2697,2012-07-27,#D52B1E
Giri Anish,NED,2696,2012-07-27,#D52B1E
Efimenko Zahar,UKR,2694,2012-07-27,#D52B1E
Le Quang Liem,VIE,2693,2012-07-27,#D52B1E
Eljanov Pavel,UKR,2693,2012-07-27,#D52B1E
Rublevsky Sergei,RUS,2693,2012-07-27,#D52B1E
Van Wely Loek,NED,2691,2012-07-27,#D52B1E
Areshchenko Alexander,UKR,2691,2012-07-27,#D52B1E
Kasimdzhanov Rustam,UZB,2690,2012-07-27,#D52B1E
Akopian Vladimir,ARM,2688,2012-07-27,#D52B1E
Li Chao b,CHN,2687,2012-07-27,#D52B1E
Sutovsky Emil,ISR,2687,2012-07-27,#D52B1E
Vachier-Lagrave Maxime,FRA,2686,2012-07-27,#D52B1E
Berkes Ferenc,HUN,2685,2012-07-27,#D52B1E
Sargissian Gabriel,ARM,2685,2012-07-27,#D52B1E
Harikrishna P.,IND,2684,2012-07-27,#D52B1E
Korobov Anton,UKR,2683,2012-07-27,#D52B1E
Laznicka Viktor,CZE,2683,2012-07-27,#D52B1E
Zvjaginsev Vadim,RUS,2683,2012-07-27,#D52B1E
Bauer Christian,FRA,2681,2012-07-27,#D52B1E
Ding Liren,CHN,2680,2012-07-27,#D52B1E
Georgiev Kiril,BUL,2680,2012-07-27,#D52B1E
Navara David,CZE,2679,2012-07-27,#D52B1E
Cheparinov Ivan,BUL,2677,2012-07-27,#D52B1E
Dreev Aleksey,RUS,2677,2012-07-27,#D52B1E
Alekseev Evgeny,RUS,2677,2012-07-27,#D52B1E
Kobalia Mikhail,RUS,2677,2012-07-27,#D52B1E
Sokolov Ivan,NED,2676,2012-07-27,#D52B1E
Tiviakov Sergei,NED,2675,2012-07-27,#D52B1E
Gyimesi Zoltan,HUN,2674,2012-07-27,#D52B1E
Grachev Boris,RUS,2674,2012-07-27,#D52B1E
Bartel Mateusz,POL,2674,2012-07-27,#D52B1E
Kryvoruchko Yuriy,UKR,2672,2012-07-27,#D52B1E
Ragger Markus,AUT,2671,2012-07-27,#D52B1E
Khenkin Igor,GER,2669,2012-07-27,#D52B1E
Balogh Csaba,HUN,2668,2012-07-27,#D52B1E
Matlakov Maxim,RUS,2668,2012-07-27,#D52B1E
Motylev Alexander,RUS,2667,2012-07-27,#D52B1E
Onischuk Alexander,USA,2666,2012-07-27,#D52B1E
Zhigalko Sergei,BLR,2666,2012-07-27,#D52B1E
Nielsen Peter Heine,DEN,2665,2012-07-27,#D52B1E
Khismatullin Denis,RUS,2664,2012-07-27,#D52B1E
Najer Evgeniy,RUS,2664,2012-07-27,#D52B1E
Gharamian Tigran,FRA,2663,2012-07-27,#D52B1E
Kurnosov Igor,RUS,2663,2012-07-27,#D52B1E
Petrosian Tigran L.,ARM,2661,2012-07-27,#D52B1E
Negi Parimarjan,IND,2661,2012-07-27,#D52B1E
Ni Hua,CHN,2660,2012-07-27,#D52B1E
Gareev Timur,UZB,2658,2012-07-27,#D52B1E
Bu Xiangzhi,CHN,2658,2012-07-27,#D52B1E
Azarov Sergei,BLR,2658,2012-07-27,#D52B1E
Granda Zuniga Julio E,PER,2657,2012-07-27,#D52B1E
Yu Yangyi,CHN,2656,2012-07-27,#D52B1E
Mchedlishvili Mikheil,GEO,2656,2012-07-27,#D52B1E
Carlsen Magnus,NOR,2837,2012-08-27,#D52B1E
Aronian Levon,ARM,2816,2012-08-27,#D52B1E
Kramnik Vladimir,RUS,2797,2012-08-27,#D52B1E
Radjabov Teimour,AZE,2788,2012-08-27,#D52B1E
Karjakin Sergey,RUS,2785,2012-08-27,#D52B1E
Anand Viswanathan,IND,2780,2012-08-27,#D52B1E
Nakamura Hikaru,USA,2778,2012-08-27,#D52B1E
Caruana Fabiano,ITA,2773,2012-08-27,#D52B1E
Morozevich Alexander,RUS,2770,2012-08-27,#D52B1E
Ivanchuk Vassily,UKR,2769,2012-08-27,#D52B1E
Grischuk Alexander,RUS,2763,2012-08-27,#D52B1E
Topalov Veselin,BUL,2752,2012-08-27,#D52B1E
Svidler Peter,RUS,2749,2012-08-27,#D52B1E
Kamsky Gata,USA,2746,2012-08-27,#D52B1E
Gelfand Boris,ISR,2738,2012-08-27,#D52B1E
Leko Peter,HUN,2737,2012-08-27,#D52B1E
Gashimov Vugar,AZE,2737,2012-08-27,#D52B1E
Bologan Viktor,MDA,2734,2012-08-27,#D52B1E
Ponomariov Ruslan,UKR,2734,2012-08-27,#D52B1E
Tomashevsky Evgeny,RUS,2730,2012-08-27,#D52B1E
Jobava Baadur,GEO,2730,2012-08-27,#D52B1E
Mamedyarov Shakhriyar,AZE,2729,2012-08-27,#D52B1E
Wang Hao,CHN,2726,2012-08-27,#D52B1E
Dominguez Perez Leinier,CUB,2725,2012-08-27,#D52B1E
Jakovenko Dmitry,RUS,2722,2012-08-27,#D52B1E
Adams Michael,ENG,2722,2012-08-27,#D52B1E
Wojtaszek Radoslaw,POL,2717,2012-08-27,#D52B1E
Andreikin Dmitry,RUS,2715,2012-08-27,#D52B1E
Fressinet Laurent,FRA,2714,2012-08-27,#D52B1E
Almasi Zoltan,HUN,2713,2012-08-27,#D52B1E
Bacrot Etienne,FRA,2713,2012-08-27,#D52B1E
McShane Luke J,ENG,2713,2012-08-27,#D52B1E
Naiditsch Arkadij,GER,2712,2012-08-27,#D52B1E
Riazantsev Alexander,RUS,2712,2012-08-27,#D52B1E
Giri Anish,NED,2711,2012-08-27,#D52B1E
Bruzon Batista Lazaro,CUB,2711,2012-08-27,#D52B1E
Volokitin Andrei,UKR,2709,2012-08-27,#D52B1E
Malakhov Vladimir,RUS,2708,2012-08-27,#D52B1E
Sasikiran Krishnan,IND,2707,2012-08-27,#D52B1E
Moiseenko Alexander,UKR,2706,2012-08-27,#D52B1E
Shirov Alexei,LAT,2706,2012-08-27,#D52B1E
Vitiugov Nikita,RUS,2705,2012-08-27,#D52B1E
Nepomniachtchi Ian,RUS,2704,2012-08-27,#D52B1E
Polgar Judit,HUN,2698,2012-08-27,#D52B1E
Short Nigel D,ENG,2698,2012-08-27,#D52B1E
Movsesian Sergei,ARM,2698,2012-08-27,#D52B1E
Vallejo Pons Francisco,ESP,2697,2012-08-27,#D52B1E
Sokolov Ivan,NED,2696,2012-08-27,#D52B1E
Ding Liren,CHN,2695,2012-08-27,#D52B1E
Efimenko Zahar,UKR,2694,2012-08-27,#D52B1E
Sargissian Gabriel,ARM,2693,2012-08-27,#D52B1E
Eljanov Pavel,UKR,2693,2012-08-27,#D52B1E
Le Quang Liem,VIE,2693,2012-08-27,#D52B1E
Rublevsky Sergei,RUS,2693,2012-08-27,#D52B1E
Navara David,CZE,2691,2012-08-27,#D52B1E
Areshchenko Alexander,UKR,2691,2012-08-27,#D52B1E
Van Wely Loek,NED,2691,2012-08-27,#D52B1E
Akopian Vladimir,ARM,2687,2012-08-27,#D52B1E
Sutovsky Emil,ISR,2687,2012-08-27,#D52B1E
Kryvoruchko Yuriy,UKR,2686,2012-08-27,#D52B1E
Vachier-Lagrave Maxime,FRA,2686,2012-08-27,#D52B1E
Wang Yue,CHN,2685,2012-08-27,#D52B1E
Harikrishna P.,IND,2685,2012-08-27,#D52B1E
Berkes Ferenc,HUN,2685,2012-08-27,#D52B1E
Kasimdzhanov Rustam,UZB,2684,2012-08-27,#D52B1E
Inarkiev Ernesto,RUS,2683,2012-08-27,#D52B1E
Korobov Anton,UKR,2683,2012-08-27,#D52B1E
Laznicka Viktor,CZE,2683,2012-08-27,#D52B1E
Bauer Christian,FRA,2682,2012-08-27,#D52B1E
Georgiev Kiril,BUL,2682,2012-08-27,#D52B1E
Cheparinov Ivan,BUL,2681,2012-08-27,#D52B1E
Dreev Aleksey,RUS,2677,2012-08-27,#D52B1E
Grachev Boris,RUS,2675,2012-08-27,#D52B1E
Tiviakov Sergei,NED,2674,2012-08-27,#D52B1E
Gyimesi Zoltan,HUN,2674,2012-08-27,#D52B1E
Alekseev Evgeny,RUS,2673,2012-08-27,#D52B1E
Ni Hua,CHN,2671,2012-08-27,#D52B1E
Zvjaginsev Vadim,RUS,2671,2012-08-27,#D52B1E
Bu Xiangzhi,CHN,2670,2012-08-27,#D52B1E
Ragger Markus,AUT,2670,2012-08-27,#D52B1E
Balogh Csaba,HUN,2668,2012-08-27,#D52B1E
Zhigalko Sergei,BLR,2667,2012-08-27,#D52B1E
Onischuk Alexander,USA,2666,2012-08-27,#D52B1E
Li Chao b,CHN,2665,2012-08-27,#D52B1E
Negi Parimarjan,IND,2664,2012-08-27,#D52B1E
Najer Evgeniy,RUS,2664,2012-08-27,#D52B1E
Matlakov Maxim,RUS,2663,2012-08-27,#D52B1E
Gharamian Tigran,FRA,2663,2012-08-27,#D52B1E
Nielsen Peter Heine,DEN,2662,2012-08-27,#D52B1E
Petrosian Tigran L.,ARM,2661,2012-08-27,#D52B1E
Mchedlishvili Mikheil,GEO,2659,2012-08-27,#D52B1E
Motylev Alexander,RUS,2658,2012-08-27,#D52B1E
Gareev Timur,USA,2658,2012-08-27,#D52B1E
Khenkin Igor,GER,2656,2012-08-27,#D52B1E
Bartel Mateusz,POL,2654,2012-08-27,#D52B1E
Jones Gawain C B,ENG,2653,2012-08-27,#D52B1E
Fridman Daniel,GER,2653,2012-08-27,#D52B1E
Granda Zuniga Julio E,PER,2653,2012-08-27,#D52B1E
So Wesley,PHI,2652,2012-08-27,#D52B1E
Edouard Romain,FRA,2652,2012-08-27,#D52B1E
Kobalia Mikhail,RUS,2652,2012-08-27,#D52B1E
Kurnosov Igor,RUS,2652,2012-08-27,#D52B1E
Milov Vadim,SUI,2652,2012-08-27,#D52B1E
Carlsen Magnus,NOR,2843,2012-09-27,#D52B1E
Aronian Levon,ARM,2816,2012-09-27,#D52B1E
Kramnik Vladimir,RUS,2797,2012-09-27,#D52B1E
Radjabov Teimour,AZE,2788,2012-09-27,#D52B1E
Nakamura Hikaru,USA,2783,2012-09-27,#D52B1E
Anand Viswanathan,IND,2780,2012-09-27,#D52B1E
Karjakin Sergey,RUS,2778,2012-09-27,#D52B1E
Caruana Fabiano,ITA,2773,2012-09-27,#D52B1E
Ivanchuk Vassily,UKR,2769,2012-09-27,#D52B1E
Morozevich Alexander,RUS,2758,2012-09-27,#D52B1E
Grischuk Alexander,RUS,2754,2012-09-27,#D52B1E
Topalov Veselin,BUL,2752,2012-09-27,#D52B1E
Svidler Peter,RUS,2747,2012-09-27,#D52B1E
Kamsky Gata,USA,2746,2012-09-27,#D52B1E
Wang Hao,CHN,2742,2012-09-27,#D52B1E
Gelfand Boris,ISR,2738,2012-09-27,#D52B1E
Gashimov Vugar,AZE,2737,2012-09-27,#D52B1E
Leko Peter,HUN,2737,2012-09-27,#D52B1E
Jobava Baadur,GEO,2734,2012-09-27,#D52B1E
Giri Anish,NED,2730,2012-09-27,#D52B1E
Tomashevsky Evgeny,RUS,2730,2012-09-27,#D52B1E
Ponomariov Ruslan,UKR,2729,2012-09-27,#D52B1E
Mamedyarov Shakhriyar,AZE,2729,2012-09-27,#D52B1E
Dominguez Perez Leinier,CUB,2725,2012-09-27,#D52B1E
Jakovenko Dmitry,RUS,2724,2012-09-27,#D52B1E
Adams Michael,ENG,2722,2012-09-27,#D52B1E
Volokitin Andrei,UKR,2718,2012-09-27,#D52B1E
Andreikin Dmitry,RUS,2718,2012-09-27,#D52B1E
Fressinet Laurent,FRA,2714,2012-09-27,#D52B1E
Shirov Alexei,LAT,2714,2012-09-27,#D52B1E
Bruzon Batista Lazaro,CUB,2713,2012-09-27,#D52B1E
Wojtaszek Radoslaw,POL,2713,2012-09-27,#D52B1E
Almasi Zoltan,HUN,2713,2012-09-27,#D52B1E
McShane Luke J,ENG,2713,2012-09-27,#D52B1E
Bologan Viktor,MDA,2712,2012-09-27,#D52B1E
Naiditsch Arkadij,GER,2712,2012-09-27,#D52B1E
Riazantsev Alexander,RUS,2712,2012-09-27,#D52B1E
Sasikiran Krishnan,IND,2707,2012-09-27,#D52B1E
Bacrot Etienne,FRA,2705,2012-09-27,#D52B1E
Korobov Anton,UKR,2705,2012-09-27,#D52B1E
Movsesian Sergei,ARM,2705,2012-09-27,#D52B1E
Nepomniachtchi Ian,RUS,2704,2012-09-27,#D52B1E
Areshchenko Alexander,UKR,2702,2012-09-27,#D52B1E
Malakhov Vladimir,RUS,2700,2012-09-27,#D52B1E
Moiseenko Alexander,UKR,2699,2012-09-27,#D52B1E
Sokolov Ivan,NED,2699,2012-09-27,#D52B1E
Vitiugov Nikita,RUS,2699,2012-09-27,#D52B1E
Polgar Judit,HUN,2698,2012-09-27,#D52B1E
Short Nigel D,ENG,2698,2012-09-27,#D52B1E
Vachier-Lagrave Maxime,FRA,2697,2012-09-27,#D52B1E
Vallejo Pons Francisco,ESP,2697,2012-09-27,#D52B1E
Ding Liren,CHN,2694,2012-09-27,#D52B1E
Le Quang Liem,VIE,2693,2012-09-27,#D52B1E
Rublevsky Sergei,RUS,2693,2012-09-27,#D52B1E
Sargissian Gabriel,ARM,2693,2012-09-27,#D52B1E
Wang Yue,CHN,2691,2012-09-27,#D52B1E
Navara David,CZE,2691,2012-09-27,#D52B1E
Van Wely Loek,NED,2691,2012-09-27,#D52B1E
Harikrishna P.,IND,2690,2012-09-27,#D52B1E
Efimenko Zahar,UKR,2689,2012-09-27,#D52B1E
Cheparinov Ivan,BUL,2689,2012-09-27,#D52B1E
Georgiev Kiril,BUL,2687,2012-09-27,#D52B1E
Akopian Vladimir,ARM,2687,2012-09-27,#D52B1E
Sutovsky Emil,ISR,2687,2012-09-27,#D52B1E
Kryvoruchko Yuriy,UKR,2686,2012-09-27,#D52B1E
Berkes Ferenc,HUN,2685,2012-09-27,#D52B1E
Eljanov Pavel,UKR,2684,2012-09-27,#D52B1E
Kasimdzhanov Rustam,UZB,2684,2012-09-27,#D52B1E
Bu Xiangzhi,CHN,2683,2012-09-27,#D52B1E
Inarkiev Ernesto,RUS,2683,2012-09-27,#D52B1E
Alekseev Evgeny,RUS,2682,2012-09-27,#D52B1E
Edouard Romain,FRA,2678,2012-09-27,#D52B1E
Dreev Aleksey,RUS,2677,2012-09-27,#D52B1E
Ragger Markus,AUT,2677,2012-09-27,#D52B1E
Bauer Christian,FRA,2676,2012-09-27,#D52B1E
Laznicka Viktor,CZE,2675,2012-09-27,#D52B1E
Gyimesi Zoltan,HUN,2674,2012-09-27,#D52B1E
Tiviakov Sergei,NED,2674,2012-09-27,#D52B1E
Grachev Boris,RUS,2672,2012-09-27,#D52B1E
Onischuk Alexander,USA,2672,2012-09-27,#D52B1E
Ni Hua,CHN,2671,2012-09-27,#D52B1E
Zvjaginsev Vadim,RUS,2671,2012-09-27,#D52B1E
Balogh Csaba,HUN,2668,2012-09-27,#D52B1E
So Wesley,PHI,2667,2012-09-27,#D52B1E
Zhigalko Sergei,BLR,2667,2012-09-27,#D52B1E
Li Chao b,CHN,2665,2012-09-27,#D52B1E
Najer Evgeniy,RUS,2664,2012-09-27,#D52B1E
Gareev Timur,USA,2663,2012-09-27,#D52B1E
Potkin Vladimir,RUS,2663,2012-09-27,#D52B1E
Gharamian Tigran,FRA,2663,2012-09-27,#D52B1E
Matlakov Maxim,RUS,2663,2012-09-27,#D52B1E
Nielsen Peter Heine,DEN,2662,2012-09-27,#D52B1E
Kurnosov Igor,RUS,2660,2012-09-27,#D52B1E
Jones Gawain C B,ENG,2658,2012-09-27,#D52B1E
Negi Parimarjan,IND,2658,2012-09-27,#D52B1E
Motylev Alexander,RUS,2658,2012-09-27,#D52B1E
Fridman Daniel,GER,2657,2012-09-27,#D52B1E
Petrosian Tigran L.,ARM,2657,2012-09-27,#D52B1E
Meier Georg,GER,2656,2012-09-27,#D52B1E
Gupta Abhijeet,IND,2654,2012-09-27,#D52B1E
Bartel Mateusz,POL,2654,2012-09-27,#D52B1E
Carlsen Magnus,NOR,2843,2012-10-27,#D52B1E
Aronian Levon,ARM,2821,2012-10-27,#D52B1E
Kramnik Vladimir,RUS,2795,2012-10-27,#D52B1E
Radjabov Teimour,AZE,2792,2012-10-27,#D52B1E
Nakamura Hikaru,USA,2786,2012-10-27,#D52B1E
Karjakin Sergey,RUS,2780,2012-10-27,#D52B1E
Anand Viswanathan,IND,2780,2012-10-27,#D52B1E
Caruana Fabiano,ITA,2772,2012-10-27,#D52B1E
Ivanchuk Vassily,UKR,2771,2012-10-27,#D52B1E
Morozevich Alexander,RUS,2758,2012-10-27,#D52B1E
Kamsky Gata,USA,2755,2012-10-27,#D52B1E
Grischuk Alexander,RUS,2752,2012-10-27,#D52B1E
Topalov Veselin,BUL,2751,2012-10-27,#D52B1E
Mamedyarov Shakhriyar,AZE,2748,2012-10-27,#D52B1E
Wang Hao,CHN,2748,2012-10-27,#D52B1E
Svidler Peter,RUS,2747,2012-10-27,#D52B1E
Gashimov Vugar,AZE,2737,2012-10-27,#D52B1E
Gelfand Boris,ISR,2736,2012-10-27,#D52B1E
Ponomariov Ruslan,UKR,2735,2012-10-27,#D52B1E
Dominguez Perez Leinier,CUB,2734,2012-10-27,#D52B1E
Leko Peter,HUN,2734,2012-10-27,#D52B1E
Wojtaszek Radoslaw,POL,2733,2012-10-27,#D52B1E
Jakovenko Dmitry,RUS,2732,2012-10-27,#D52B1E
Giri Anish,NED,2730,2012-10-27,#D52B1E
Volokitin Andrei,UKR,2724,2012-10-27,#D52B1E
Navara David,CZE,2722,2012-10-27,#D52B1E
Adams Michael,ENG,2720,2012-10-27,#D52B1E
Tomashevsky Evgeny,RUS,2720,2012-10-27,#D52B1E
Shirov Alexei,LAT,2718,2012-10-27,#D52B1E
Andreikin Dmitry,RUS,2718,2012-10-27,#D52B1E
Bruzon Batista Lazaro,CUB,2717,2012-10-27,#D52B1E
Malakhov Vladimir,RUS,2713,2012-10-27,#D52B1E
McShane Luke J,ENG,2713,2012-10-27,#D52B1E
Riazantsev Alexander,RUS,2712,2012-10-27,#D52B1E
Cheparinov Ivan,BUL,2710,2012-10-27,#D52B1E
Areshchenko Alexander,UKR,2710,2012-10-27,#D52B1E
Jobava Baadur,GEO,2710,2012-10-27,#D52B1E
Almasi Zoltan,HUN,2707,2012-10-27,#D52B1E
Short Nigel D,ENG,2707,2012-10-27,#D52B1E
Polgar Judit,HUN,2705,2012-10-27,#D52B1E
Vachier-Lagrave Maxime,FRA,2705,2012-10-27,#D52B1E
Bacrot Etienne,FRA,2705,2012-10-27,#D52B1E
Korobov Anton,UKR,2705,2012-10-27,#D52B1E
Naiditsch Arkadij,GER,2704,2012-10-27,#D52B1E
Nepomniachtchi Ian,RUS,2704,2012-10-27,#D52B1E
Le Quang Liem,VIE,2703,2012-10-27,#D52B1E
Akopian Vladimir,ARM,2703,2012-10-27,#D52B1E
Ding Liren,CHN,2702,2012-10-27,#D52B1E
Fressinet Laurent,FRA,2702,2012-10-27,#D52B1E
Vallejo Pons Francisco,ESP,2700,2012-10-27,#D52B1E
Moiseenko Alexander,UKR,2700,2012-10-27,#D52B1E
Movsesian Sergei,ARM,2699,2012-10-27,#D52B1E
Bologan Viktor,MDA,2695,2012-10-27,#D52B1E
Wang Yue,CHN,2695,2012-10-27,#D52B1E
Rublevsky Sergei,RUS,2693,2012-10-27,#D52B1E
Sargissian Gabriel,ARM,2692,2012-10-27,#D52B1E
Vitiugov Nikita,RUS,2691,2012-10-27,#D52B1E
Sokolov Ivan,NED,2690,2012-10-27,#D52B1E
Kasimdzhanov Rustam,UZB,2690,2012-10-27,#D52B1E
Efimenko Zahar,UKR,2689,2012-10-27,#D52B1E
Van Wely Loek,NED,2688,2012-10-27,#D52B1E
Harikrishna P.,IND,2688,2012-10-27,#D52B1E
Sutovsky Emil,ISR,2685,2012-10-27,#D52B1E
Alekseev Evgeny,RUS,2683,2012-10-27,#D52B1E
Inarkiev Ernesto,RUS,2683,2012-10-27,#D52B1E
Eljanov Pavel,UKR,2681,2012-10-27,#D52B1E
Li Chao b,CHN,2681,2012-10-27,#D52B1E
Sasikiran Krishnan,IND,2680,2012-10-27,#D52B1E
Berkes Ferenc,HUN,2679,2012-10-27,#D52B1E
Kryvoruchko Yuriy,UKR,2679,2012-10-27,#D52B1E
Bu Xiangzhi,CHN,2678,2012-10-27,#D52B1E
Laznicka Viktor,CZE,2678,2012-10-27,#D52B1E
Zvjaginsev Vadim,RUS,2678,2012-10-27,#D52B1E
So Wesley,PHI,2677,2012-10-27,#D52B1E
Onischuk Alexander,USA,2677,2012-10-27,#D52B1E
Dreev Aleksey,RUS,2677,2012-10-27,#D52B1E
Ni Hua,CHN,2675,2012-10-27,#D52B1E
Zhigalko Sergei,BLR,2674,2012-10-27,#D52B1E
Gyimesi Zoltan,HUN,2674,2012-10-27,#D52B1E
Grachev Boris,RUS,2672,2012-10-27,#D52B1E
Fridman Daniel,GER,2670,2012-10-27,#D52B1E
Georgiev Kiril,BUL,2668,2012-10-27,#D52B1E
Gupta Abhijeet,IND,2667,2012-10-27,#D52B1E
Matlakov Maxim,RUS,2665,2012-10-27,#D52B1E
Edouard Romain,FRA,2664,2012-10-27,#D52B1E
Bauer Christian,FRA,2664,2012-10-27,#D52B1E
Balogh Csaba,HUN,2664,2012-10-27,#D52B1E
Najer Evgeniy,RUS,2664,2012-10-27,#D52B1E
Gareev Timur,USA,2663,2012-10-27,#D52B1E
Potkin Vladimir,RUS,2663,2012-10-27,#D52B1E
Tkachiev Vladislav,FRA,2662,2012-10-27,#D52B1E
Nielsen Peter Heine,DEN,2662,2012-10-27,#D52B1E
Nisipeanu Liviu-Dieter,ROU,2661,2012-10-27,#D52B1E
Gharamian Tigran,FRA,2661,2012-10-27,#D52B1E
Kurnosov Igor,RUS,2660,2012-10-27,#D52B1E
Tiviakov Sergei,NED,2659,2012-10-27,#D52B1E
Petrosian Tigran L.,ARM,2659,2012-10-27,#D52B1E
Negi Parimarjan,IND,2657,2012-10-27,#D52B1E
Ragger Markus,AUT,2655,2012-10-27,#D52B1E
Khenkin Igor,GER,2655,2012-10-27,#D52B1E
Motylev Alexander,RUS,2655,2012-10-27,#D52B1E
Carlsen Magnus,NOR,2848,2012-11-27,#D52B1E
Aronian Levon,ARM,2815,2012-11-27,#D52B1E
Kramnik Vladimir,RUS,2795,2012-11-27,#D52B1E
Radjabov Teimour,AZE,2793,2012-11-27,#D52B1E
Caruana Fabiano,ITA,2786,2012-11-27,#D52B1E
Anand Viswanathan,IND,2775,2012-11-27,#D52B1E
Karjakin Sergey,RUS,2775,2012-11-27,#D52B1E
Topalov Veselin,BUL,2769,2012-11-27,#D52B1E
Grischuk Alexander,RUS,2764,2012-11-27,#D52B1E
Mamedyarov Shakhriyar,AZE,2764,2012-11-27,#D52B1E
Ivanchuk Vassily,UKR,2763,2012-11-27,#D52B1E
Kamsky Gata,USA,2762,2012-11-27,#D52B1E
Nakamura Hikaru,USA,2755,2012-11-27,#D52B1E
Gelfand Boris,ISR,2751,2012-11-27,#D52B1E
Morozevich Alexander,RUS,2748,2012-11-27,#D52B1E
Svidler Peter,RUS,2747,2012-11-27,#D52B1E
Jakovenko Dmitry,RUS,2741,2012-11-27,#D52B1E
Ponomariov Ruslan,UKR,2741,2012-11-27,#D52B1E
Wang Hao,CHN,2737,2012-11-27,#D52B1E
Gashimov Vugar,AZE,2737,2012-11-27,#D52B1E
Wojtaszek Radoslaw,POL,2734,2012-11-27,#D52B1E
Leko Peter,HUN,2732,2012-11-27,#D52B1E
Dominguez Perez Leinier,CUB,2726,2012-11-27,#D52B1E
Tomashevsky Evgeny,RUS,2725,2012-11-27,#D52B1E
Andreikin Dmitry,RUS,2723,2012-11-27,#D52B1E
Volokitin Andrei,UKR,2722,2012-11-27,#D52B1E
Shirov Alexei,LAT,2716,2012-11-27,#D52B1E
Giri Anish,NED,2715,2012-11-27,#D52B1E
McShane Luke J,ENG,2713,2012-11-27,#D52B1E
Vachier-Lagrave Maxime,FRA,2711,2012-11-27,#D52B1E
Areshchenko Alexander,UKR,2711,2012-11-27,#D52B1E
Adams Michael,ENG,2710,2012-11-27,#D52B1E
Navara David,CZE,2710,2012-11-27,#D52B1E
Cheparinov Ivan,BUL,2710,2012-11-27,#D52B1E
Jobava Baadur,GEO,2710,2012-11-27,#D52B1E
Malakhov Vladimir,RUS,2709,2012-11-27,#D52B1E
Naiditsch Arkadij,GER,2708,2012-11-27,#D52B1E
Nepomniachtchi Ian,RUS,2707,2012-11-27,#D52B1E
Almasi Zoltan,HUN,2707,2012-11-27,#D52B1E
Bruzon Batista Lazaro,CUB,2706,2012-11-27,#D52B1E
Le Quang Liem,VIE,2705,2012-11-27,#D52B1E
Riazantsev Alexander,RUS,2705,2012-11-27,#D52B1E
Polgar Judit,HUN,2705,2012-11-27,#D52B1E
Fressinet Laurent,FRA,2703,2012-11-27,#D52B1E
Akopian Vladimir,ARM,2703,2012-11-27,#D52B1E
Korobov Anton,UKR,2702,2012-11-27,#D52B1E
Ding Liren,CHN,2702,2012-11-27,#D52B1E
Moiseenko Alexander,UKR,2702,2012-11-27,#D52B1E
Bacrot Etienne,FRA,2702,2012-11-27,#D52B1E
Vitiugov Nikita,RUS,2700,2012-11-27,#D52B1E
Kasimdzhanov Rustam,UZB,2696,2012-11-27,#D52B1E
Efimenko Zahar,UKR,2696,2012-11-27,#D52B1E
Wang Yue,CHN,2696,2012-11-27,#D52B1E
Vallejo Pons Francisco,ESP,2694,2012-11-27,#D52B1E
Inarkiev Ernesto,RUS,2693,2012-11-27,#D52B1E
Li Chao b,CHN,2693,2012-11-27,#D52B1E
Berkes Ferenc,HUN,2693,2012-11-27,#D52B1E
Short Nigel D,ENG,2692,2012-11-27,#D52B1E
Harikrishna P.,IND,2692,2012-11-27,#D52B1E
Alekseev Evgeny,RUS,2691,2012-11-27,#D52B1E
Van Wely Loek,NED,2691,2012-11-27,#D52B1E
Movsesian Sergei,ARM,2688,2012-11-27,#D52B1E
Rublevsky Sergei,RUS,2688,2012-11-27,#D52B1E
Edouard Romain,FRA,2688,2012-11-27,#D52B1E
Eljanov Pavel,UKR,2688,2012-11-27,#D52B1E
Grachev Boris,RUS,2685,2012-11-27,#D52B1E
Sutovsky Emil,ISR,2684,2012-11-27,#D52B1E
Zhigalko Sergei,BLR,2682,2012-11-27,#D52B1E
Bu Xiangzhi,CHN,2682,2012-11-27,#D52B1E
Bologan Viktor,MDA,2681,2012-11-27,#D52B1E
Zvjaginsev Vadim,RUS,2681,2012-11-27,#D52B1E
Yu Yangyi,CHN,2681,2012-11-27,#D52B1E
Ni Hua,CHN,2681,2012-11-27,#D52B1E
Sargissian Gabriel,ARM,2679,2012-11-27,#D52B1E
Kryvoruchko Yuriy,UKR,2679,2012-11-27,#D52B1E
So Wesley,PHI,2678,2012-11-27,#D52B1E
Sokolov Ivan,NED,2677,2012-11-27,#D52B1E
Motylev Alexander,RUS,2677,2012-11-27,#D52B1E
Onischuk Alexander,USA,2676,2012-11-27,#D52B1E
Sasikiran Krishnan,IND,2676,2012-11-27,#D52B1E
Laznicka Viktor,CZE,2674,2012-11-27,#D52B1E
Gyimesi Zoltan,HUN,2674,2012-11-27,#D52B1E
Matlakov Maxim,RUS,2673,2012-11-27,#D52B1E
Nisipeanu Liviu-Dieter,ROU,2668,2012-11-27,#D52B1E
Fridman Daniel,GER,2668,2012-11-27,#D52B1E
Gupta Abhijeet,IND,2667,2012-11-27,#D52B1E
Potkin Vladimir,RUS,2665,2012-11-27,#D52B1E
Gareev Timur,USA,2663,2012-11-27,#D52B1E
Gharamian Tigran,FRA,2661,2012-11-27,#D52B1E
Georgiev Kiril,BUL,2660,2012-11-27,#D52B1E
Tkachiev Vladislav,FRA,2659,2012-11-27,#D52B1E
Petrosian Tigran L.,ARM,2659,2012-11-27,#D52B1E
Tiviakov Sergei,NED,2659,2012-11-27,#D52B1E
Nielsen Peter Heine,DEN,2657,2012-11-27,#D52B1E
Iturrizaga Eduardo,VEN,2656,2012-11-27,#D52B1E
Ragger Markus,AUT,2655,2012-11-27,#D52B1E
Dreev Aleksey,RUS,2654,2012-11-27,#D52B1E
Istratescu Andrei,FRA,2654,2012-11-27,#D52B1E
Fedorchuk Sergey A.,UKR,2652,2012-11-27,#D52B1E
Filippov Anton,UZB,2652,2012-11-27,#D52B1E
Kobalia Mikhail,RUS,2652,2012-11-27,#D52B1E
Carlsen Magnus,NOR,2848,2012-12-27,#D52B1E
Aronian Levon,ARM,2815,2012-12-27,#D52B1E
Kramnik Vladimir,RUS,2795,2012-12-27,#D52B1E
Radjabov Teimour,AZE,2793,2012-12-27,#D52B1E
Caruana Fabiano,ITA,2782,2012-12-27,#D52B1E
Anand Viswanathan,IND,2775,2012-12-27,#D52B1E
Karjakin Sergey,RUS,2775,2012-12-27,#D52B1E
Topalov Veselin,BUL,2771,2012-12-27,#D52B1E
Ivanchuk Vassily,UKR,2766,2012-12-27,#D52B1E
Grischuk Alexander,RUS,2764,2012-12-27,#D52B1E
Mamedyarov Shakhriyar,AZE,2764,2012-12-27,#D52B1E
Kamsky Gata,USA,2762,2012-12-27,#D52B1E
Nakamura Hikaru,USA,2760,2012-12-27,#D52B1E
Gelfand Boris,ISR,2751,2012-12-27,#D52B1E
Morozevich Alexander,RUS,2748,2012-12-27,#D52B1E
Svidler Peter,RUS,2747,2012-12-27,#D52B1E
Jakovenko Dmitry,RUS,2741,2012-12-27,#D52B1E
Gashimov Vugar,AZE,2737,2012-12-27,#D52B1E
Wang Hao,CHN,2737,2012-12-27,#D52B1E
Dominguez Perez Leinier,CUB,2734,2012-12-27,#D52B1E
Wojtaszek Radoslaw,POL,2734,2012-12-27,#D52B1E
Ponomariov Ruslan,UKR,2732,2012-12-27,#D52B1E
Leko Peter,HUN,2732,2012-12-27,#D52B1E
Tomashevsky Evgeny,RUS,2725,2012-12-27,#D52B1E
Andreikin Dmitry,RUS,2723,2012-12-27,#D52B1E
Volokitin Andrei,UKR,2722,2012-12-27,#D52B1E
Giri Anish,NED,2720,2012-12-27,#D52B1E
Areshchenko Alexander,UKR,2720,2012-12-27,#D52B1E
McShane Luke J,ENG,2713,2012-12-27,#D52B1E
Jobava Baadur,GEO,2711,2012-12-27,#D52B1E
Vachier-Lagrave Maxime,FRA,2711,2012-12-27,#D52B1E
Moiseenko Alexander,UKR,2710,2012-12-27,#D52B1E
Adams Michael,ENG,2710,2012-12-27,#D52B1E
Navara David,CZE,2710,2012-12-27,#D52B1E
Cheparinov Ivan,BUL,2709,2012-12-27,#D52B1E
Malakhov Vladimir,RUS,2709,2012-12-27,#D52B1E
Shirov Alexei,LAT,2708,2012-12-27,#D52B1E
Naiditsch Arkadij,GER,2708,2012-12-27,#D52B1E
Nepomniachtchi Ian,RUS,2707,2012-12-27,#D52B1E
Le Quang Liem,VIE,2705,2012-12-27,#D52B1E
Polgar Judit,HUN,2705,2012-12-27,#D52B1E
Riazantsev Alexander,RUS,2705,2012-12-27,#D52B1E
Akopian Vladimir,ARM,2704,2012-12-27,#D52B1E
Bacrot Etienne,FRA,2703,2012-12-27,#D52B1E
Ding Liren,CHN,2702,2012-12-27,#D52B1E
Korobov Anton,UKR,2702,2012-12-27,#D52B1E
Fressinet Laurent,FRA,2700,2012-12-27,#D52B1E
Harikrishna P.,IND,2698,2012-12-27,#D52B1E
Efimenko Zahar,UKR,2696,2012-12-27,#D52B1E
Kasimdzhanov Rustam,UZB,2696,2012-12-27,#D52B1E
Wang Yue,CHN,2696,2012-12-27,#D52B1E
Vitiugov Nikita,RUS,2694,2012-12-27,#D52B1E
Vallejo Pons Francisco,ESP,2694,2012-12-27,#D52B1E
Berkes Ferenc,HUN,2693,2012-12-27,#D52B1E
Inarkiev Ernesto,RUS,2693,2012-12-27,#D52B1E
Bruzon Batista Lazaro,CUB,2692,2012-12-27,#D52B1E
Short Nigel D,ENG,2692,2012-12-27,#D52B1E
Alekseev Evgeny,RUS,2691,2012-12-27,#D52B1E
Almasi Zoltan,HUN,2689,2012-12-27,#D52B1E
Grachev Boris,RUS,2688,2012-12-27,#D52B1E
Movsesian Sergei,ARM,2688,2012-12-27,#D52B1E
Rublevsky Sergei,RUS,2688,2012-12-27,#D52B1E
Eljanov Pavel,UKR,2687,2012-12-27,#D52B1E
Edouard Romain,FRA,2686,2012-12-27,#D52B1E
Sutovsky Emil,ISR,2684,2012-12-27,#D52B1E
So Wesley,PHI,2682,2012-12-27,#D52B1E
Bu Xiangzhi,CHN,2682,2012-12-27,#D52B1E
Zhigalko Sergei,BLR,2682,2012-12-27,#D52B1E
Bologan Viktor,MDA,2681,2012-12-27,#D52B1E
Yu Yangyi,CHN,2681,2012-12-27,#D52B1E
Van Wely Loek,NED,2678,2012-12-27,#D52B1E
Nisipeanu Liviu-Dieter,ROU,2677,2012-12-27,#D52B1E
Motylev Alexander,RUS,2677,2012-12-27,#D52B1E
Sasikiran Krishnan,IND,2676,2012-12-27,#D52B1E
Gyimesi Zoltan,HUN,2674,2012-12-27,#D52B1E
Laznicka Viktor,CZE,2674,2012-12-27,#D52B1E
Kryvoruchko Yuriy,UKR,2671,2012-12-27,#D52B1E
Li Chao b,CHN,2670,2012-12-27,#D52B1E
Fridman Daniel,GER,2667,2012-12-27,#D52B1E
Sokolov Ivan,NED,2667,2012-12-27,#D52B1E
Sargissian Gabriel,ARM,2666,2012-12-27,#D52B1E
Potkin Vladimir,RUS,2665,2012-12-27,#D52B1E
Matlakov Maxim,RUS,2663,2012-12-27,#D52B1E
Tiviakov Sergei,NED,2663,2012-12-27,#D52B1E
Gareev Timur,USA,2663,2012-12-27,#D52B1E
Gupta Abhijeet,IND,2662,2012-12-27,#D52B1E
Fedorchuk Sergey A.,UKR,2661,2012-12-27,#D52B1E
Gharamian Tigran,FRA,2661,2012-12-27,#D52B1E
Ni Hua,CHN,2660,2012-12-27,#D52B1E
Onischuk Alexander,USA,2660,2012-12-27,#D52B1E
Georgiev Kiril,BUL,2660,2012-12-27,#D52B1E
Khenkin Igor,GER,2659,2012-12-27,#D52B1E
Zvjaginsev Vadim,RUS,2658,2012-12-27,#D52B1E
Nielsen Peter Heine,DEN,2656,2012-12-27,#D52B1E
Ragger Markus,AUT,2655,2012-12-27,#D52B1E
Dreev Aleksey,RUS,2654,2012-12-27,#D52B1E
Istratescu Andrei,FRA,2654,2012-12-27,#D52B1E
Smirin Ilia,ISR,2652,2012-12-27,#D52B1E
Filippov Anton,UZB,2652,2012-12-27,#D52B1E
Kobalia Mikhail,RUS,2652,2012-12-27,#D52B1E
Carlsen Magnus,NOR,2861,2013-01-27,#D52B1E
Kramnik Vladimir,RUS,2810,2013-01-27,#D52B1E
Aronian Levon,ARM,2802,2013-01-27,#D52B1E
Radjabov Teimour,AZE,2793,2013-01-27,#D52B1E
Caruana Fabiano,ITA,2781,2013-01-27,#D52B1E
Karjakin Sergey,RUS,2780,2013-01-27,#D52B1E
Anand Viswanathan,IND,2772,2013-01-27,#D52B1E
Topalov Veselin,BUL,2771,2013-01-27,#D52B1E
Nakamura Hikaru,USA,2769,2013-01-27,#D52B1E
Mamedyarov Shakhriyar,AZE,2766,2013-01-27,#D52B1E
Grischuk Alexander,RUS,2764,2013-01-27,#D52B1E
Morozevich Alexander,RUS,2758,2013-01-27,#D52B1E
Ivanchuk Vassily,UKR,2758,2013-01-27,#D52B1E
Wang Hao,CHN,2752,2013-01-27,#D52B1E
Svidler Peter,RUS,2747,2013-01-27,#D52B1E
Gelfand Boris,ISR,2740,2013-01-27,#D52B1E
Kamsky Gata,USA,2740,2013-01-27,#D52B1E
Gashimov Vugar,AZE,2737,2013-01-27,#D52B1E
Leko Peter,HUN,2735,2013-01-27,#D52B1E
Jakovenko Dmitry,RUS,2734,2013-01-27,#D52B1E
Ponomariov Ruslan,UKR,2733,2013-01-27,#D52B1E
Andreikin Dmitry,RUS,2727,2013-01-27,#D52B1E
Giri Anish,NED,2726,2013-01-27,#D52B1E
Adams Michael,ENG,2725,2013-01-27,#D52B1E
Dominguez Perez Leinier,CUB,2723,2013-01-27,#D52B1E
Wojtaszek Radoslaw,POL,2723,2013-01-27,#D52B1E
Tomashevsky Evgeny,RUS,2722,2013-01-27,#D52B1E
Volokitin Andrei,UKR,2722,2013-01-27,#D52B1E
Areshchenko Alexander,UKR,2720,2013-01-27,#D52B1E
Vachier-Lagrave Maxime,FRA,2713,2013-01-27,#D52B1E
Navara David,CZE,2710,2013-01-27,#D52B1E
Kasimdzhanov Rustam,UZB,2709,2013-01-27,#D52B1E
Ding Liren,CHN,2709,2013-01-27,#D52B1E
Malakhov Vladimir,RUS,2709,2013-01-27,#D52B1E
Cheparinov Ivan,BUL,2709,2013-01-27,#D52B1E
Naiditsch Arkadij,GER,2708,2013-01-27,#D52B1E
Shirov Alexei,LAT,2708,2013-01-27,#D52B1E
Fressinet Laurent,FRA,2706,2013-01-27,#D52B1E
Le Quang Liem,VIE,2705,2013-01-27,#D52B1E
Riazantsev Alexander,RUS,2705,2013-01-27,#D52B1E
Akopian Vladimir,ARM,2704,2013-01-27,#D52B1E
Nepomniachtchi Ian,RUS,2703,2013-01-27,#D52B1E
Moiseenko Alexander,UKR,2703,2013-01-27,#D52B1E
Bacrot Etienne,FRA,2703,2013-01-27,#D52B1E
Berkes Ferenc,HUN,2702,2013-01-27,#D52B1E
Wang Yue,CHN,2702,2013-01-27,#D52B1E
Jobava Baadur,GEO,2702,2013-01-27,#D52B1E
Bruzon Batista Lazaro,CUB,2701,2013-01-27,#D52B1E
McShane Luke J,ENG,2698,2013-01-27,#D52B1E
Harikrishna P.,IND,2698,2013-01-27,#D52B1E
Polgar Judit,HUN,2696,2013-01-27,#D52B1E
Efimenko Zahar,UKR,2696,2013-01-27,#D52B1E
Vallejo Pons Francisco,ESP,2694,2013-01-27,#D52B1E
Vitiugov Nikita,RUS,2694,2013-01-27,#D52B1E
Alekseev Evgeny,RUS,2691,2013-01-27,#D52B1E
Korobov Anton,UKR,2690,2013-01-27,#D52B1E
Short Nigel D,ENG,2690,2013-01-27,#D52B1E
Almasi Zoltan,HUN,2689,2013-01-27,#D52B1E
Inarkiev Ernesto,RUS,2688,2013-01-27,#D52B1E
Yu Yangyi,CHN,2688,2013-01-27,#D52B1E
Grachev Boris,RUS,2688,2013-01-27,#D52B1E
Movsesian Sergei,ARM,2688,2013-01-27,#D52B1E
Rublevsky Sergei,RUS,2688,2013-01-27,#D52B1E
Edouard Romain,FRA,2686,2013-01-27,#D52B1E
Sutovsky Emil,ISR,2684,2013-01-27,#D52B1E
So Wesley,PHI,2682,2013-01-27,#D52B1E
Bologan Viktor,MDA,2681,2013-01-27,#D52B1E
Van Wely Loek,NED,2679,2013-01-27,#D52B1E
Eljanov Pavel,UKR,2678,2013-01-27,#D52B1E
Nisipeanu Liviu-Dieter,ROU,2677,2013-01-27,#D52B1E
Motylev Alexander,RUS,2676,2013-01-27,#D52B1E
Sasikiran Krishnan,IND,2676,2013-01-27,#D52B1E
Bu Xiangzhi,CHN,2675,2013-01-27,#D52B1E
Li Chao b,CHN,2674,2013-01-27,#D52B1E
Gyimesi Zoltan,HUN,2674,2013-01-27,#D52B1E
Laznicka Viktor,CZE,2674,2013-01-27,#D52B1E
Sokolov Ivan,NED,2667,2013-01-27,#D52B1E
Fridman Daniel,GER,2667,2013-01-27,#D52B1E
Kryvoruchko Yuriy,UKR,2666,2013-01-27,#D52B1E
Sargissian Gabriel,ARM,2666,2013-01-27,#D52B1E
Gareev Timur,USA,2665,2013-01-27,#D52B1E
Potkin Vladimir,RUS,2665,2013-01-27,#D52B1E
Gharamian Tigran,FRA,2661,2013-01-27,#D52B1E
Onischuk Alexander,USA,2660,2013-01-27,#D52B1E
Khenkin Igor,GER,2659,2013-01-27,#D52B1E
Zvjaginsev Vadim,RUS,2658,2013-01-27,#D52B1E
Tiviakov Sergei,NED,2657,2013-01-27,#D52B1E
Melkumyan Hrant,ARM,2656,2013-01-27,#D52B1E
Nielsen Peter Heine,DEN,2656,2013-01-27,#D52B1E
Ragger Markus,AUT,2655,2013-01-27,#D52B1E
Dreev Aleksey,RUS,2654,2013-01-27,#D52B1E
Istratescu Andrei,FRA,2654,2013-01-27,#D52B1E
Matlakov Maxim,RUS,2653,2013-01-27,#D52B1E
Khismatullin Denis,RUS,2652,2013-01-27,#D52B1E
Filippov Anton,UZB,2652,2013-01-27,#D52B1E
Kobalia Mikhail,RUS,2652,2013-01-27,#D52B1E
Smirin Ilia,ISR,2652,2013-01-27,#D52B1E
Mamedov Rauf,AZE,2651,2013-01-27,#D52B1E
Zhigalko Sergei,BLR,2651,2013-01-27,#D52B1E
Khairullin Ildar,RUS,2650,2013-01-27,#D52B1E
Iturrizaga Eduardo,VEN,2650,2013-01-27,#D52B1E
Tkachiev Vladislav,FRA,2650,2013-01-27,#D52B1E
Carlsen Magnus,NOR,2872,2013-02-27,#D52B1E
Kramnik Vladimir,RUS,2810,2013-02-27,#D52B1E
Aronian Levon,ARM,2809,2013-02-27,#D52B1E
Radjabov Teimour,AZE,2793,2013-02-27,#D52B1E
Karjakin Sergey,RUS,2786,2013-02-27,#D52B1E
Anand Viswanathan,IND,2780,2013-02-27,#D52B1E
Topalov Veselin,BUL,2771,2013-02-27,#D52B1E
Nakamura Hikaru,USA,2767,2013-02-27,#D52B1E
Mamedyarov Shakhriyar,AZE,2766,2013-02-27,#D52B1E
Grischuk Alexander,RUS,2764,2013-02-27,#D52B1E
Ivanchuk Vassily,UKR,2758,2013-02-27,#D52B1E
Morozevich Alexander,RUS,2758,2013-02-27,#D52B1E
Caruana Fabiano,ITA,2757,2013-02-27,#D52B1E
Svidler Peter,RUS,2747,2013-02-27,#D52B1E
Leko Peter,HUN,2744,2013-02-27,#D52B1E
Wang Hao,CHN,2743,2013-02-27,#D52B1E
Gelfand Boris,ISR,2740,2013-02-27,#D52B1E
Kamsky Gata,USA,2740,2013-02-27,#D52B1E
Gashimov Vugar,AZE,2737,2013-02-27,#D52B1E
Jakovenko Dmitry,RUS,2734,2013-02-27,#D52B1E
Ponomariov Ruslan,UKR,2733,2013-02-27,#D52B1E
Andreikin Dmitry,RUS,2727,2013-02-27,#D52B1E
Adams Michael,ENG,2725,2013-02-27,#D52B1E
Dominguez Perez Leinier,CUB,2723,2013-02-27,#D52B1E
Giri Anish,NED,2722,2013-02-27,#D52B1E
Tomashevsky Evgeny,RUS,2722,2013-02-27,#D52B1E
Volokitin Andrei,UKR,2722,2013-02-27,#D52B1E
Areshchenko Alexander,UKR,2720,2013-02-27,#D52B1E
Naiditsch Arkadij,GER,2716,2013-02-27,#D52B1E
Vachier-Lagrave Maxime,FRA,2715,2013-02-27,#D52B1E
Wojtaszek Radoslaw,POL,2710,2013-02-27,#D52B1E
Navara David,CZE,2710,2013-02-27,#D52B1E
Shirov Alexei,LAT,2709,2013-02-27,#D52B1E
Cheparinov Ivan,BUL,2709,2013-02-27,#D52B1E
Ding Liren,CHN,2709,2013-02-27,#D52B1E
Kasimdzhanov Rustam,UZB,2709,2013-02-27,#D52B1E
Malakhov Vladimir,RUS,2709,2013-02-27,#D52B1E
Bruzon Batista Lazaro,CUB,2707,2013-02-27,#D52B1E
Wang Yue,CHN,2706,2013-02-27,#D52B1E
Fressinet Laurent,FRA,2706,2013-02-27,#D52B1E
Harikrishna P.,IND,2705,2013-02-27,#D52B1E
Le Quang Liem,VIE,2705,2013-02-27,#D52B1E
Riazantsev Alexander,RUS,2705,2013-02-27,#D52B1E
Bacrot Etienne,FRA,2704,2013-02-27,#D52B1E
Akopian Vladimir,ARM,2704,2013-02-27,#D52B1E
Moiseenko Alexander,UKR,2703,2013-02-27,#D52B1E
Nepomniachtchi Ian,RUS,2703,2013-02-27,#D52B1E
Korobov Anton,UKR,2702,2013-02-27,#D52B1E
Berkes Ferenc,HUN,2702,2013-02-27,#D52B1E
Jobava Baadur,GEO,2702,2013-02-27,#D52B1E
McShane Luke J,ENG,2698,2013-02-27,#D52B1E
Efimenko Zahar,UKR,2696,2013-02-27,#D52B1E
Polgar Judit,HUN,2696,2013-02-27,#D52B1E
Movsesian Sergei,ARM,2695,2013-02-27,#D52B1E
Alekseev Evgeny,RUS,2695,2013-02-27,#D52B1E
Vallejo Pons Francisco,ESP,2694,2013-02-27,#D52B1E
Vitiugov Nikita,RUS,2694,2013-02-27,#D52B1E
Grachev Boris,RUS,2693,2013-02-27,#D52B1E
Short Nigel D,ENG,2690,2013-02-27,#D52B1E
Almasi Zoltan,HUN,2689,2013-02-27,#D52B1E
Inarkiev Ernesto,RUS,2688,2013-02-27,#D52B1E
Rublevsky Sergei,RUS,2688,2013-02-27,#D52B1E
Yu Yangyi,CHN,2688,2013-02-27,#D52B1E
Li Chao b,CHN,2686,2013-02-27,#D52B1E
Van Wely Loek,NED,2684,2013-02-27,#D52B1E
So Wesley,PHI,2684,2013-02-27,#D52B1E
Sutovsky Emil,ISR,2684,2013-02-27,#D52B1E
Gareev Timur,USA,2682,2013-02-27,#D52B1E
Bologan Viktor,MDA,2681,2013-02-27,#D52B1E
Edouard Romain,FRA,2680,2013-02-27,#D52B1E
Eljanov Pavel,UKR,2678,2013-02-27,#D52B1E
Sasikiran Krishnan,IND,2677,2013-02-27,#D52B1E
Nisipeanu Liviu-Dieter,ROU,2677,2013-02-27,#D52B1E
Motylev Alexander,RUS,2676,2013-02-27,#D52B1E
Bu Xiangzhi,CHN,2675,2013-02-27,#D52B1E
Gyimesi Zoltan,HUN,2674,2013-02-27,#D52B1E
Laznicka Viktor,CZE,2674,2013-02-27,#D52B1E
Fridman Daniel,GER,2667,2013-02-27,#D52B1E
Kryvoruchko Yuriy,UKR,2666,2013-02-27,#D52B1E
Sargissian Gabriel,ARM,2666,2013-02-27,#D52B1E
Potkin Vladimir,RUS,2665,2013-02-27,#D52B1E
Petrosian Tigran L.,ARM,2663,2013-02-27,#D52B1E
Onischuk Alexander,USA,2663,2013-02-27,#D52B1E
Gharamian Tigran,FRA,2661,2013-02-27,#D52B1E
Zvjaginsev Vadim,RUS,2658,2013-02-27,#D52B1E
Istratescu Andrei,FRA,2657,2013-02-27,#D52B1E
Zhigalko Sergei,BLR,2656,2013-02-27,#D52B1E
Nielsen Peter Heine,DEN,2656,2013-02-27,#D52B1E
Khismatullin Denis,RUS,2655,2013-02-27,#D52B1E
Ragger Markus,AUT,2655,2013-02-27,#D52B1E
Smirin Ilia,ISR,2654,2013-02-27,#D52B1E
Dreev Aleksey,RUS,2654,2013-02-27,#D52B1E
Matlakov Maxim,RUS,2653,2013-02-27,#D52B1E
Filippov Anton,UZB,2652,2013-02-27,#D52B1E
Kobalia Mikhail,RUS,2652,2013-02-27,#D52B1E
Mamedov Rauf,AZE,2651,2013-02-27,#D52B1E
Tiviakov Sergei,NED,2650,2013-02-27,#D52B1E
Khairullin Ildar,RUS,2650,2013-02-27,#D52B1E
Tkachiev Vladislav,FRA,2650,2013-02-27,#D52B1E
Kurnosov Igor,RUS,2649,2013-02-27,#D52B1E
Carlsen Magnus,NOR,2872,2013-03-27,#D52B1E
Kramnik Vladimir,RUS,2810,2013-03-27,#D52B1E
Aronian Levon,ARM,2809,2013-03-27,#D52B1E
Radjabov Teimour,AZE,2793,2013-03-27,#D52B1E
Karjakin Sergey,RUS,2786,2013-03-27,#D52B1E
Anand Viswanathan,IND,2784,2013-03-27,#D52B1E
Topalov Veselin,BUL,2771,2013-03-27,#D52B1E
Nakamura Hikaru,USA,2767,2013-03-27,#D52B1E
Mamedyarov Shakhriyar,AZE,2766,2013-03-27,#D52B1E
Grischuk Alexander,RUS,2764,2013-03-27,#D52B1E
Caruana Fabiano,ITA,2760,2013-03-27,#D52B1E
Morozevich Alexander,RUS,2758,2013-03-27,#D52B1E
Ivanchuk Vassily,UKR,2757,2013-03-27,#D52B1E
Svidler Peter,RUS,2747,2013-03-27,#D52B1E
Leko Peter,HUN,2744,2013-03-27,#D52B1E
Wang Hao,CHN,2743,2013-03-27,#D52B1E
Kamsky Gata,USA,2741,2013-03-27,#D52B1E
Gelfand Boris,ISR,2740,2013-03-27,#D52B1E
Gashimov Vugar,AZE,2737,2013-03-27,#D52B1E
Jakovenko Dmitry,RUS,2734,2013-03-27,#D52B1E
Ponomariov Ruslan,UKR,2733,2013-03-27,#D52B1E
Giri Anish,NED,2729,2013-03-27,#D52B1E
Adams Michael,ENG,2727,2013-03-27,#D52B1E
Andreikin Dmitry,RUS,2727,2013-03-27,#D52B1E
Volokitin Andrei,UKR,2725,2013-03-27,#D52B1E
Dominguez Perez Leinier,CUB,2723,2013-03-27,#D52B1E
Vachier-Lagrave Maxime,FRA,2722,2013-03-27,#D52B1E
Tomashevsky Evgeny,RUS,2722,2013-03-27,#D52B1E
Areshchenko Alexander,UKR,2720,2013-03-27,#D52B1E
Vitiugov Nikita,RUS,2712,2013-03-27,#D52B1E
Le Quang Liem,VIE,2709,2013-03-27,#D52B1E
Kasimdzhanov Rustam,UZB,2709,2013-03-27,#D52B1E
Malakhov Vladimir,RUS,2709,2013-03-27,#D52B1E
Nepomniachtchi Ian,RUS,2708,2013-03-27,#D52B1E
Ding Liren,CHN,2707,2013-03-27,#D52B1E
Bruzon Batista Lazaro,CUB,2707,2013-03-27,#D52B1E
Navara David,CZE,2706,2013-03-27,#D52B1E
Cheparinov Ivan,BUL,2706,2013-03-27,#D52B1E
Naiditsch Arkadij,GER,2706,2013-03-27,#D52B1E
Fressinet Laurent,FRA,2706,2013-03-27,#D52B1E
Wang Yue,CHN,2706,2013-03-27,#D52B1E
Bacrot Etienne,FRA,2705,2013-03-27,#D52B1E
Harikrishna P.,IND,2705,2013-03-27,#D52B1E
Riazantsev Alexander,RUS,2705,2013-03-27,#D52B1E
Akopian Vladimir,ARM,2704,2013-03-27,#D52B1E
Moiseenko Alexander,UKR,2703,2013-03-27,#D52B1E
Berkes Ferenc,HUN,2702,2013-03-27,#D52B1E
Jobava Baadur,GEO,2702,2013-03-27,#D52B1E
Korobov Anton,UKR,2702,2013-03-27,#D52B1E
So Wesley,PHI,2701,2013-03-27,#D52B1E
Shirov Alexei,LAT,2700,2013-03-27,#D52B1E
Wojtaszek Radoslaw,POL,2700,2013-03-27,#D52B1E
McShane Luke J,ENG,2698,2013-03-27,#D52B1E
Eljanov Pavel,UKR,2697,2013-03-27,#D52B1E
Short Nigel D,ENG,2697,2013-03-27,#D52B1E
Efimenko Zahar,UKR,2697,2013-03-27,#D52B1E
Yu Yangyi,CHN,2696,2013-03-27,#D52B1E
Polgar Judit,HUN,2696,2013-03-27,#D52B1E
Alekseev Evgeny,RUS,2695,2013-03-27,#D52B1E
Movsesian Sergei,ARM,2695,2013-03-27,#D52B1E
Vallejo Pons Francisco,ESP,2694,2013-03-27,#D52B1E
Grachev Boris,RUS,2693,2013-03-27,#D52B1E
Almasi Zoltan,HUN,2689,2013-03-27,#D52B1E
Inarkiev Ernesto,RUS,2688,2013-03-27,#D52B1E
Rublevsky Sergei,RUS,2688,2013-03-27,#D52B1E
Li Chao b,CHN,2686,2013-03-27,#D52B1E
Van Wely Loek,NED,2684,2013-03-27,#D52B1E
Bologan Viktor,MDA,2681,2013-03-27,#D52B1E
Edouard Romain,FRA,2680,2013-03-27,#D52B1E
Nisipeanu Liviu-Dieter,ROU,2677,2013-03-27,#D52B1E
Sasikiran Krishnan,IND,2677,2013-03-27,#D52B1E
Motylev Alexander,RUS,2676,2013-03-27,#D52B1E
Gareev Timur,USA,2674,2013-03-27,#D52B1E
Gyimesi Zoltan,HUN,2674,2013-03-27,#D52B1E
Laznicka Viktor,CZE,2674,2013-03-27,#D52B1E
Sutovsky Emil,ISR,2671,2013-03-27,#D52B1E
Kryvoruchko Yuriy,UKR,2666,2013-03-27,#D52B1E
Sargissian Gabriel,ARM,2666,2013-03-27,#D52B1E
Potkin Vladimir,RUS,2665,2013-03-27,#D52B1E
Onischuk Alexander,USA,2663,2013-03-27,#D52B1E
Petrosian Tigran L.,ARM,2663,2013-03-27,#D52B1E
Bu Xiangzhi,CHN,2662,2013-03-27,#D52B1E
Mamedov Rauf,AZE,2662,2013-03-27,#D52B1E
Gharamian Tigran,FRA,2660,2013-03-27,#D52B1E
Smirin Ilia,ISR,2659,2013-03-27,#D52B1E
Fridman Daniel,GER,2658,2013-03-27,#D52B1E
Zvjaginsev Vadim,RUS,2658,2013-03-27,#D52B1E
Georgiev Kiril,BUL,2657,2013-03-27,#D52B1E
Khairullin Ildar,RUS,2657,2013-03-27,#D52B1E
Nielsen Peter Heine,DEN,2656,2013-03-27,#D52B1E
Zhigalko Sergei,BLR,2656,2013-03-27,#D52B1E
Ragger Markus,AUT,2655,2013-03-27,#D52B1E
Dreev Aleksey,RUS,2654,2013-03-27,#D52B1E
Jones Gawain C B,ENG,2653,2013-03-27,#D52B1E
Matlakov Maxim,RUS,2653,2013-03-27,#D52B1E
Meier Georg,GER,2652,2013-03-27,#D52B1E
Filippov Anton,UZB,2652,2013-03-27,#D52B1E
Kobalia Mikhail,RUS,2652,2013-03-27,#D52B1E
Istratescu Andrei,FRA,2651,2013-03-27,#D52B1E
Iturrizaga Eduardo,VEN,2650,2013-03-27,#D52B1E
Gajewski Grzegorz,POL,2650,2013-03-27,#D52B1E
Tiviakov Sergei,NED,2650,2013-03-27,#D52B1E
Carlsen Magnus,NOR,2872,2013-04-27,#D52B1E
Aronian Levon,ARM,2809,2013-04-27,#D52B1E
Kramnik Vladimir,RUS,2801,2013-04-27,#D52B1E
Radjabov Teimour,AZE,2793,2013-04-27,#D52B1E
Karjakin Sergey,RUS,2786,2013-04-27,#D52B1E
Anand Viswanathan,IND,2783,2013-04-27,#D52B1E
Caruana Fabiano,ITA,2772,2013-04-27,#D52B1E
Topalov Veselin,BUL,2771,2013-04-27,#D52B1E
Nakamura Hikaru,USA,2767,2013-04-27,#D52B1E
Mamedyarov Shakhriyar,AZE,2766,2013-04-27,#D52B1E
Grischuk Alexander,RUS,2764,2013-04-27,#D52B1E
Morozevich Alexander,RUS,2758,2013-04-27,#D52B1E
Ivanchuk Vassily,UKR,2757,2013-04-27,#D52B1E
Svidler Peter,RUS,2747,2013-04-27,#D52B1E
Leko Peter,HUN,2744,2013-04-27,#D52B1E
Wang Hao,CHN,2743,2013-04-27,#D52B1E
Kamsky Gata,USA,2741,2013-04-27,#D52B1E
Gelfand Boris,ISR,2739,2013-04-27,#D52B1E
Jakovenko Dmitry,RUS,2734,2013-04-27,#D52B1E
Ponomariov Ruslan,UKR,2733,2013-04-27,#D52B1E
Giri Anish,NED,2727,2013-04-27,#D52B1E
Adams Michael,ENG,2727,2013-04-27,#D52B1E
Andreikin Dmitry,RUS,2727,2013-04-27,#D52B1E
Dominguez Perez Leinier,CUB,2723,2013-04-27,#D52B1E
Tomashevsky Evgeny,RUS,2722,2013-04-27,#D52B1E
Vachier-Lagrave Maxime,FRA,2722,2013-04-27,#D52B1E
Le Quang Liem,VIE,2717,2013-04-27,#D52B1E
Vitiugov Nikita,RUS,2712,2013-04-27,#D52B1E
Kasimdzhanov Rustam,UZB,2709,2013-04-27,#D52B1E
Malakhov Vladimir,RUS,2709,2013-04-27,#D52B1E
Nepomniachtchi Ian,RUS,2708,2013-04-27,#D52B1E
Areshchenko Alexander,UKR,2707,2013-04-27,#D52B1E
Bruzon Batista Lazaro,CUB,2707,2013-04-27,#D52B1E
Ding Liren,CHN,2707,2013-04-27,#D52B1E
Naiditsch Arkadij,GER,2706,2013-04-27,#D52B1E
Fressinet Laurent,FRA,2706,2013-04-27,#D52B1E
Navara David,CZE,2706,2013-04-27,#D52B1E
Wang Yue,CHN,2706,2013-04-27,#D52B1E
Bacrot Etienne,FRA,2705,2013-04-27,#D52B1E
Harikrishna P.,IND,2705,2013-04-27,#D52B1E
Riazantsev Alexander,RUS,2705,2013-04-27,#D52B1E
Akopian Vladimir,ARM,2704,2013-04-27,#D52B1E
Eljanov Pavel,UKR,2703,2013-04-27,#D52B1E
Moiseenko Alexander,UKR,2703,2013-04-27,#D52B1E
Volokitin Andrei,UKR,2702,2013-04-27,#D52B1E
Cheparinov Ivan,BUL,2702,2013-04-27,#D52B1E
Jobava Baadur,GEO,2702,2013-04-27,#D52B1E
So Wesley,PHI,2701,2013-04-27,#D52B1E
Shirov Alexei,LAT,2700,2013-04-27,#D52B1E
Wojtaszek Radoslaw,POL,2700,2013-04-27,#D52B1E
Korobov Anton,UKR,2698,2013-04-27,#D52B1E
McShane Luke J,ENG,2698,2013-04-27,#D52B1E
Efimenko Zahar,UKR,2697,2013-04-27,#D52B1E
Short Nigel D,ENG,2697,2013-04-27,#D52B1E
Polgar Judit,HUN,2696,2013-04-27,#D52B1E
Alekseev Evgeny,RUS,2695,2013-04-27,#D52B1E
Movsesian Sergei,ARM,2695,2013-04-27,#D52B1E
Vallejo Pons Francisco,ESP,2694,2013-04-27,#D52B1E
Grachev Boris,RUS,2693,2013-04-27,#D52B1E
Almasi Zoltan,HUN,2689,2013-04-27,#D52B1E
Inarkiev Ernesto,RUS,2688,2013-04-27,#D52B1E
Rublevsky Sergei,RUS,2688,2013-04-27,#D52B1E
Li Chao b,CHN,2686,2013-04-27,#D52B1E
Van Wely Loek,NED,2684,2013-04-27,#D52B1E
Bologan Viktor,MDA,2681,2013-04-27,#D52B1E
Nisipeanu Liviu-Dieter,ROU,2677,2013-04-27,#D52B1E
Motylev Alexander,RUS,2676,2013-04-27,#D52B1E
Yu Yangyi,CHN,2675,2013-04-27,#D52B1E
Berkes Ferenc,HUN,2674,2013-04-27,#D52B1E
Gareev Timur,USA,2674,2013-04-27,#D52B1E
Gyimesi Zoltan,HUN,2674,2013-04-27,#D52B1E
Laznicka Viktor,CZE,2674,2013-04-27,#D52B1E
Sutovsky Emil,ISR,2671,2013-04-27,#D52B1E
Edouard Romain,FRA,2670,2013-04-27,#D52B1E
Kryvoruchko Yuriy,UKR,2668,2013-04-27,#D52B1E
Sargissian Gabriel,ARM,2666,2013-04-27,#D52B1E
Potkin Vladimir,RUS,2665,2013-04-27,#D52B1E
Ragger Markus,AUT,2663,2013-04-27,#D52B1E
Gharamian Tigran,FRA,2663,2013-04-27,#D52B1E
Sasikiran Krishnan,IND,2663,2013-04-27,#D52B1E
Smirin Ilia,ISR,2663,2013-04-27,#D52B1E
Onischuk Alexander,USA,2663,2013-04-27,#D52B1E
Petrosian Tigran L.,ARM,2663,2013-04-27,#D52B1E
Bu Xiangzhi,CHN,2662,2013-04-27,#D52B1E
Mamedov Rauf,AZE,2662,2013-04-27,#D52B1E
Khairullin Ildar,RUS,2660,2013-04-27,#D52B1E
Zvjaginsev Vadim,RUS,2658,2013-04-27,#D52B1E
Georgiev Kiril,BUL,2657,2013-04-27,#D52B1E
Sjugirov Sanan,RUS,2657,2013-04-27,#D52B1E
Zhigalko Sergei,BLR,2656,2013-04-27,#D52B1E
Iturrizaga Eduardo,VEN,2655,2013-04-27,#D52B1E
Nielsen Peter Heine,DEN,2654,2013-04-27,#D52B1E
Rapport Richard,HUN,2654,2013-04-27,#D52B1E
Jones Gawain C B,ENG,2654,2013-04-27,#D52B1E
Dreev Aleksey,RUS,2654,2013-04-27,#D52B1E
Negi Parimarjan,IND,2653,2013-04-27,#D52B1E
Ivanisevic Ivan,SRB,2653,2013-04-27,#D52B1E
Gajewski Grzegorz,POL,2653,2013-04-27,#D52B1E
Matlakov Maxim,RUS,2653,2013-04-27,#D52B1E
Fedorchuk Sergey A.,UKR,2652,2013-04-27,#D52B1E
Fridman Daniel,GER,2652,2013-04-27,#D52B1E
Filippov Anton,UZB,2652,2013-04-27,#D52B1E
Kobalia Mikhail,RUS,2652,2013-04-27,#D52B1E
Meier Georg,GER,2652,2013-04-27,#D52B1E
Carlsen Magnus,NOR,2868,2013-05-27,#D52B1E
Aronian Levon,ARM,2813,2013-05-27,#D52B1E
Kramnik Vladimir,RUS,2811,2013-05-27,#D52B1E
Topalov Veselin,BUL,2793,2013-05-27,#D52B1E
Anand Viswanathan,IND,2783,2013-05-27,#D52B1E
Grischuk Alexander,RUS,2779,2013-05-27,#D52B1E
Nakamura Hikaru,USA,2775,2013-05-27,#D52B1E
Caruana Fabiano,ITA,2774,2013-05-27,#D52B1E
Svidler Peter,RUS,2769,2013-05-27,#D52B1E
Karjakin Sergey,RUS,2767,2013-05-27,#D52B1E
Morozevich Alexander,RUS,2760,2013-05-27,#D52B1E
Ivanchuk Vassily,UKR,2755,2013-05-27,#D52B1E
Mamedyarov Shakhriyar,AZE,2753,2013-05-27,#D52B1E
Radjabov Teimour,AZE,2745,2013-05-27,#D52B1E
Gelfand Boris,ISR,2744,2013-05-27,#D52B1E
Wang Hao,CHN,2743,2013-05-27,#D52B1E
Ponomariov Ruslan,UKR,2742,2013-05-27,#D52B1E
Kamsky Gata,USA,2741,2013-05-27,#D52B1E
Leko Peter,HUN,2737,2013-05-27,#D52B1E
Giri Anish,NED,2734,2013-05-27,#D52B1E
Jakovenko Dmitry,RUS,2731,2013-05-27,#D52B1E
Adams Michael,ENG,2729,2013-05-27,#D52B1E
Bacrot Etienne,FRA,2725,2013-05-27,#D52B1E
Andreikin Dmitry,RUS,2724,2013-05-27,#D52B1E
Dominguez Perez Leinier,CUB,2723,2013-05-27,#D52B1E
Tomashevsky Evgeny,RUS,2719,2013-05-27,#D52B1E
Vachier-Lagrave Maxime,FRA,2718,2013-05-27,#D52B1E
Vitiugov Nikita,RUS,2718,2013-05-27,#D52B1E
Le Quang Liem,VIE,2714,2013-05-27,#D52B1E
Naiditsch Arkadij,GER,2710,2013-05-27,#D52B1E
Malakhov Vladimir,RUS,2710,2013-05-27,#D52B1E
Nepomniachtchi Ian,RUS,2710,2013-05-27,#D52B1E
Areshchenko Alexander,UKR,2709,2013-05-27,#D52B1E
Shirov Alexei,LAT,2708,2013-05-27,#D52B1E
Riazantsev Alexander,RUS,2708,2013-05-27,#D52B1E
Bruzon Batista Lazaro,CUB,2707,2013-05-27,#D52B1E
Ding Liren,CHN,2707,2013-05-27,#D52B1E
Wang Yue,CHN,2706,2013-05-27,#D52B1E
Akopian Vladimir,ARM,2705,2013-05-27,#D52B1E
So Wesley,PHI,2705,2013-05-27,#D52B1E
Korobov Anton,UKR,2705,2013-05-27,#D52B1E
Harikrishna P.,IND,2702,2013-05-27,#D52B1E
Eljanov Pavel,UKR,2702,2013-05-27,#D52B1E
Jobava Baadur,GEO,2702,2013-05-27,#D52B1E
Wojtaszek Radoslaw,POL,2701,2013-05-27,#D52B1E
Alekseev Evgeny,RUS,2700,2013-05-27,#D52B1E
Cheparinov Ivan,BUL,2700,2013-05-27,#D52B1E
Kasimdzhanov Rustam,UZB,2699,2013-05-27,#D52B1E
Moiseenko Alexander,UKR,2698,2013-05-27,#D52B1E
Navara David,CZE,2697,2013-05-27,#D52B1E
McShane Luke J,ENG,2697,2013-05-27,#D52B1E
Polgar Judit,HUN,2696,2013-05-27,#D52B1E
Vallejo Pons Francisco,ESP,2695,2013-05-27,#D52B1E
Rublevsky Sergei,RUS,2695,2013-05-27,#D52B1E
Almasi Zoltan,HUN,2695,2013-05-27,#D52B1E
Fressinet Laurent,FRA,2693,2013-05-27,#D52B1E
Movsesian Sergei,ARM,2693,2013-05-27,#D52B1E
Inarkiev Ernesto,RUS,2690,2013-05-27,#D52B1E
Van Wely Loek,NED,2689,2013-05-27,#D52B1E
Berkes Ferenc,HUN,2688,2013-05-27,#D52B1E
Volokitin Andrei,UKR,2687,2013-05-27,#D52B1E
Grachev Boris,RUS,2687,2013-05-27,#D52B1E
Li Chao b,CHN,2686,2013-05-27,#D52B1E
Short Nigel D,ENG,2681,2013-05-27,#D52B1E
Nisipeanu Liviu-Dieter,ROU,2679,2013-05-27,#D52B1E
Laznicka Viktor,CZE,2679,2013-05-27,#D52B1E
Efimenko Zahar,UKR,2677,2013-05-27,#D52B1E
Yu Yangyi,CHN,2675,2013-05-27,#D52B1E
Rapport Richard,HUN,2674,2013-05-27,#D52B1E
Gareev Timur,USA,2674,2013-05-27,#D52B1E
Gyimesi Zoltan,HUN,2674,2013-05-27,#D52B1E
Sutovsky Emil,ISR,2673,2013-05-27,#D52B1E
Bologan Viktor,MDA,2672,2013-05-27,#D52B1E
Sasikiran Krishnan,IND,2669,2013-05-27,#D52B1E
Motylev Alexander,RUS,2669,2013-05-27,#D52B1E
Sargissian Gabriel,ARM,2667,2013-05-27,#D52B1E
Ragger Markus,AUT,2666,2013-05-27,#D52B1E
Onischuk Alexander,USA,2666,2013-05-27,#D52B1E
Potkin Vladimir,RUS,2666,2013-05-27,#D52B1E
Smirin Ilia,ISR,2663,2013-05-27,#D52B1E
Bu Xiangzhi,CHN,2662,2013-05-27,#D52B1E
Fedorchuk Sergey A.,UKR,2660,2013-05-27,#D52B1E
Zhigalko Sergei,BLR,2660,2013-05-27,#D52B1E
Edouard Romain,FRA,2659,2013-05-27,#D52B1E
Kryvoruchko Yuriy,UKR,2659,2013-05-27,#D52B1E
Granda Zuniga Julio E,PER,2659,2013-05-27,#D52B1E
Nielsen Peter Heine,DEN,2658,2013-05-27,#D52B1E
Georgiev Kiril,BUL,2657,2013-05-27,#D52B1E
Gharamian Tigran,FRA,2657,2013-05-27,#D52B1E
Khairullin Ildar,RUS,2657,2013-05-27,#D52B1E
Meier Georg,GER,2655,2013-05-27,#D52B1E
Ivanisevic Ivan,SRB,2655,2013-05-27,#D52B1E
Zvjaginsev Vadim,RUS,2655,2013-05-27,#D52B1E
Iturrizaga Eduardo,VEN,2655,2013-05-27,#D52B1E
Kurnosov Igor,RUS,2654,2013-05-27,#D52B1E
Dreev Aleksey,RUS,2654,2013-05-27,#D52B1E
Matlakov Maxim,RUS,2654,2013-05-27,#D52B1E
Sjugirov Sanan,RUS,2654,2013-05-27,#D52B1E
Gajewski Grzegorz,POL,2653,2013-05-27,#D52B1E
Khismatullin Denis,RUS,2653,2013-05-27,#D52B1E
Carlsen Magnus,NOR,2864,2013-06-27,#D52B1E
Aronian Levon,ARM,2813,2013-06-27,#D52B1E
Kramnik Vladimir,RUS,2803,2013-06-27,#D52B1E
Anand Viswanathan,IND,2786,2013-06-27,#D52B1E
Nakamura Hikaru,USA,2784,2013-06-27,#D52B1E
Topalov Veselin,BUL,2784,2013-06-27,#D52B1E
Karjakin Sergey,RUS,2782,2013-06-27,#D52B1E
Grischuk Alexander,RUS,2779,2013-06-27,#D52B1E
Caruana Fabiano,ITA,2774,2013-06-27,#D52B1E
Morozevich Alexander,RUS,2760,2013-06-27,#D52B1E
Svidler Peter,RUS,2759,2013-06-27,#D52B1E
Gelfand Boris,ISR,2755,2013-06-27,#D52B1E
Ivanchuk Vassily,UKR,2753,2013-06-27,#D52B1E
Mamedyarov Shakhriyar,AZE,2753,2013-06-27,#D52B1E
Wang Hao,CHN,2746,2013-06-27,#D52B1E
Ponomariov Ruslan,UKR,2743,2013-06-27,#D52B1E
Kamsky Gata,USA,2741,2013-06-27,#D52B1E
Adams Michael,ENG,2740,2013-06-27,#D52B1E
Leko Peter,HUN,2737,2013-06-27,#D52B1E
Vitiugov Nikita,RUS,2734,2013-06-27,#D52B1E
Giri Anish,NED,2734,2013-06-27,#D52B1E
Radjabov Teimour,AZE,2733,2013-06-27,#D52B1E
Dominguez Perez Leinier,CUB,2727,2013-06-27,#D52B1E
Bacrot Etienne,FRA,2725,2013-06-27,#D52B1E
Nepomniachtchi Ian,RUS,2717,2013-06-27,#D52B1E
Korobov Anton,UKR,2715,2013-06-27,#D52B1E
Alekseev Evgeny,RUS,2714,2013-06-27,#D52B1E
Jakovenko Dmitry,RUS,2713,2013-06-27,#D52B1E
Andreikin Dmitry,RUS,2713,2013-06-27,#D52B1E
Le Quang Liem,VIE,2712,2013-06-27,#D52B1E
Moiseenko Alexander,UKR,2711,2013-06-27,#D52B1E
Malakhov Vladimir,RUS,2710,2013-06-27,#D52B1E
Naiditsch Arkadij,GER,2710,2013-06-27,#D52B1E
Tomashevsky Evgeny,RUS,2709,2013-06-27,#D52B1E
Wojtaszek Radoslaw,POL,2708,2013-06-27,#D52B1E
Areshchenko Alexander,UKR,2708,2013-06-27,#D52B1E
Riazantsev Alexander,RUS,2708,2013-06-27,#D52B1E
Navara David,CZE,2707,2013-06-27,#D52B1E
Almasi Zoltan,HUN,2707,2013-06-27,#D52B1E
Eljanov Pavel,UKR,2707,2013-06-27,#D52B1E
Vachier-Lagrave Maxime,FRA,2706,2013-06-27,#D52B1E
Vallejo Pons Francisco,ESP,2706,2013-06-27,#D52B1E
Wang Yue,CHN,2706,2013-06-27,#D52B1E
So Wesley,PHI,2705,2013-06-27,#D52B1E
Shirov Alexei,LAT,2703,2013-06-27,#D52B1E
Ding Liren,CHN,2702,2013-06-27,#D52B1E
Fressinet Laurent,FRA,2700,2013-06-27,#D52B1E
Movsesian Sergei,ARM,2699,2013-06-27,#D52B1E
Kasimdzhanov Rustam,UZB,2699,2013-06-27,#D52B1E
McShane Luke J,ENG,2697,2013-06-27,#D52B1E
Polgar Judit,HUN,2696,2013-06-27,#D52B1E
Rublevsky Sergei,RUS,2695,2013-06-27,#D52B1E
Li Chao b,CHN,2693,2013-06-27,#D52B1E
Van Wely Loek,NED,2693,2013-06-27,#D52B1E
Akopian Vladimir,ARM,2691,2013-06-27,#D52B1E
Jobava Baadur,GEO,2688,2013-06-27,#D52B1E
Bruzon Batista Lazaro,CUB,2687,2013-06-27,#D52B1E
Berkes Ferenc,HUN,2687,2013-06-27,#D52B1E
Volokitin Andrei,UKR,2687,2013-06-27,#D52B1E
Laznicka Viktor,CZE,2684,2013-06-27,#D52B1E
Grachev Boris,RUS,2683,2013-06-27,#D52B1E
Short Nigel D,ENG,2682,2013-06-27,#D52B1E
Harikrishna P.,IND,2680,2013-06-27,#D52B1E
Inarkiev Ernesto,RUS,2680,2013-06-27,#D52B1E
Granda Zuniga Julio E,PER,2679,2013-06-27,#D52B1E
Cheparinov Ivan,BUL,2678,2013-06-27,#D52B1E
Gareev Timur,USA,2676,2013-06-27,#D52B1E
Yu Yangyi,CHN,2675,2013-06-27,#D52B1E
Rapport Richard,HUN,2674,2013-06-27,#D52B1E
Ragger Markus,AUT,2672,2013-06-27,#D52B1E
Bologan Viktor,MDA,2672,2013-06-27,#D52B1E
Sargissian Gabriel,ARM,2671,2013-06-27,#D52B1E
Dreev Aleksey,RUS,2668,2013-06-27,#D52B1E
Nisipeanu Liviu-Dieter,ROU,2667,2013-06-27,#D52B1E
Onischuk Alexander,USA,2667,2013-06-27,#D52B1E
Edouard Romain,FRA,2666,2013-06-27,#D52B1E
Fedorchuk Sergey A.,UKR,2665,2013-06-27,#D52B1E
Matlakov Maxim,RUS,2665,2013-06-27,#D52B1E
Shimanov Aleksandr,RUS,2664,2013-06-27,#D52B1E
Smirin Ilia,ISR,2663,2013-06-27,#D52B1E
Romanov Evgeny,RUS,2662,2013-06-27,#D52B1E
Bu Xiangzhi,CHN,2662,2013-06-27,#D52B1E
Zhigalko Sergei,BLR,2661,2013-06-27,#D52B1E
Safarli Eltaj,AZE,2660,2013-06-27,#D52B1E
Sasikiran Krishnan,IND,2660,2013-06-27,#D52B1E
Sutovsky Emil,ISR,2660,2013-06-27,#D52B1E
Kryvoruchko Yuriy,UKR,2659,2013-06-27,#D52B1E
Zvjaginsev Vadim,RUS,2659,2013-06-27,#D52B1E
Khairullin Ildar,RUS,2658,2013-06-27,#D52B1E
Khismatullin Denis,RUS,2658,2013-06-27,#D52B1E
Nielsen Peter Heine,DEN,2658,2013-06-27,#D52B1E
Kurnosov Igor,RUS,2657,2013-06-27,#D52B1E
Lysyj Igor,RUS,2656,2013-06-27,#D52B1E
Istratescu Andrei,FRA,2655,2013-06-27,#D52B1E
Lupulescu Constantin,ROU,2655,2013-06-27,#D52B1E
Motylev Alexander,RUS,2655,2013-06-27,#D52B1E
Gharamian Tigran,FRA,2655,2013-06-27,#D52B1E
Beliavsky Alexander G,SLO,2651,2013-06-27,#D52B1E
Efimenko Zahar,UKR,2651,2013-06-27,#D52B1E
Kobalia Mikhail,RUS,2651,2013-06-27,#D52B1E
Carlsen Magnus,NOR,2862,2013-07-27,#D52B1E
Aronian Levon,ARM,2813,2013-07-27,#D52B1E
Caruana Fabiano,ITA,2796,2013-07-27,#D52B1E
Kramnik Vladimir,RUS,2784,2013-07-27,#D52B1E
Grischuk Alexander,RUS,2780,2013-07-27,#D52B1E
Karjakin Sergey,RUS,2776,2013-07-27,#D52B1E
Nakamura Hikaru,USA,2775,2013-07-27,#D52B1E
Anand Viswanathan,IND,2775,2013-07-27,#D52B1E
Gelfand Boris,ISR,2773,2013-07-27,#D52B1E
Topalov Veselin,BUL,2767,2013-07-27,#D52B1E
Kamsky Gata,USA,2763,2013-07-27,#D52B1E
Mamedyarov Shakhriyar,AZE,2761,2013-07-27,#D52B1E
Dominguez Perez Leinier,CUB,2757,2013-07-27,#D52B1E
Ponomariov Ruslan,UKR,2756,2013-07-27,#D52B1E
Wang Hao,CHN,2752,2013-07-27,#D52B1E
Svidler Peter,RUS,2746,2013-07-27,#D52B1E
Adams Michael,ENG,2740,2013-07-27,#D52B1E
Leko Peter,HUN,2737,2013-07-27,#D52B1E
Morozevich Alexander,RUS,2736,2013-07-27,#D52B1E
Giri Anish,NED,2734,2013-07-27,#D52B1E
Vitiugov Nikita,RUS,2734,2013-07-27,#D52B1E
Ivanchuk Vassily,UKR,2733,2013-07-27,#D52B1E
Radjabov Teimour,AZE,2733,2013-07-27,#D52B1E
Andreikin Dmitry,RUS,2727,2013-07-27,#D52B1E
Korobov Anton,UKR,2720,2013-07-27,#D52B1E
Vachier-Lagrave Maxime,FRA,2719,2013-07-27,#D52B1E
Nepomniachtchi Ian,RUS,2717,2013-07-27,#D52B1E
Navara David,CZE,2715,2013-07-27,#D52B1E
Bacrot Etienne,FRA,2714,2013-07-27,#D52B1E
Ding Liren,CHN,2714,2013-07-27,#D52B1E
Alekseev Evgeny,RUS,2714,2013-07-27,#D52B1E
Jakovenko Dmitry,RUS,2713,2013-07-27,#D52B1E
Le Quang Liem,VIE,2712,2013-07-27,#D52B1E
Naiditsch Arkadij,GER,2710,2013-07-27,#D52B1E
Areshchenko Alexander,UKR,2709,2013-07-27,#D52B1E
Malakhov Vladimir,RUS,2709,2013-07-27,#D52B1E
Tomashevsky Evgeny,RUS,2709,2013-07-27,#D52B1E
So Wesley,PHI,2708,2013-07-27,#D52B1E
Fressinet Laurent,FRA,2708,2013-07-27,#D52B1E
Riazantsev Alexander,RUS,2708,2013-07-27,#D52B1E
Almasi Zoltan,HUN,2707,2013-07-27,#D52B1E
Vallejo Pons Francisco,ESP,2706,2013-07-27,#D52B1E
Wang Yue,CHN,2705,2013-07-27,#D52B1E
Eljanov Pavel,UKR,2702,2013-07-27,#D52B1E
Van Wely Loek,NED,2701,2013-07-27,#D52B1E
Wojtaszek Radoslaw,POL,2701,2013-07-27,#D52B1E
Moiseenko Alexander,UKR,2699,2013-07-27,#D52B1E
Kasimdzhanov Rustam,UZB,2699,2013-07-27,#D52B1E
Movsesian Sergei,ARM,2699,2013-07-27,#D52B1E
McShane Luke J,ENG,2697,2013-07-27,#D52B1E
Shirov Alexei,LAT,2696,2013-07-27,#D52B1E
Polgar Judit,HUN,2696,2013-07-27,#D52B1E
Rublevsky Sergei,RUS,2695,2013-07-27,#D52B1E
Rapport Richard,HUN,2693,2013-07-27,#D52B1E
Jobava Baadur,GEO,2693,2013-07-27,#D52B1E
Akopian Vladimir,ARM,2691,2013-07-27,#D52B1E
Bruzon Batista Lazaro,CUB,2689,2013-07-27,#D52B1E
Volokitin Andrei,UKR,2688,2013-07-27,#D52B1E
Short Nigel D,ENG,2688,2013-07-27,#D52B1E
Berkes Ferenc,HUN,2687,2013-07-27,#D52B1E
Li Chao b,CHN,2686,2013-07-27,#D52B1E
Laznicka Viktor,CZE,2684,2013-07-27,#D52B1E
Grachev Boris,RUS,2683,2013-07-27,#D52B1E
Ragger Markus,AUT,2680,2013-07-27,#D52B1E
Harikrishna P.,IND,2680,2013-07-27,#D52B1E
Inarkiev Ernesto,RUS,2680,2013-07-27,#D52B1E
Granda Zuniga Julio E,PER,2679,2013-07-27,#D52B1E
Kryvoruchko Yuriy,UKR,2678,2013-07-27,#D52B1E
Cheparinov Ivan,BUL,2678,2013-07-27,#D52B1E
Gareev Timur,USA,2676,2013-07-27,#D52B1E
Bologan Viktor,MDA,2672,2013-07-27,#D52B1E
Sargissian Gabriel,ARM,2671,2013-07-27,#D52B1E
Nisipeanu Liviu-Dieter,ROU,2670,2013-07-27,#D52B1E
Dreev Aleksey,RUS,2668,2013-07-27,#D52B1E
Fedorchuk Sergey A.,UKR,2667,2013-07-27,#D52B1E
Onischuk Alexander,USA,2667,2013-07-27,#D52B1E
Matlakov Maxim,RUS,2665,2013-07-27,#D52B1E
Bu Xiangzhi,CHN,2664,2013-07-27,#D52B1E
Shimanov Aleksandr,RUS,2664,2013-07-27,#D52B1E
Smirin Ilia,ISR,2663,2013-07-27,#D52B1E
Edouard Romain,FRA,2662,2013-07-27,#D52B1E
Romanov Evgeny,RUS,2662,2013-07-27,#D52B1E
Ni Hua,CHN,2661,2013-07-27,#D52B1E
Zhigalko Sergei,BLR,2661,2013-07-27,#D52B1E
Petrosian Tigran L.,ARM,2660,2013-07-27,#D52B1E
Safarli Eltaj,AZE,2660,2013-07-27,#D52B1E
Sasikiran Krishnan,IND,2660,2013-07-27,#D52B1E
Sutovsky Emil,ISR,2660,2013-07-27,#D52B1E
Zvjaginsev Vadim,RUS,2659,2013-07-27,#D52B1E
Khairullin Ildar,RUS,2658,2013-07-27,#D52B1E
Khismatullin Denis,RUS,2658,2013-07-27,#D52B1E
Nielsen Peter Heine,DEN,2658,2013-07-27,#D52B1E
Yu Yangyi,CHN,2657,2013-07-27,#D52B1E
Efimenko Zahar,UKR,2657,2013-07-27,#D52B1E
Kurnosov Igor,RUS,2657,2013-07-27,#D52B1E
Lysyj Igor,RUS,2656,2013-07-27,#D52B1E
Gharamian Tigran,FRA,2655,2013-07-27,#D52B1E
Motylev Alexander,RUS,2655,2013-07-27,#D52B1E
Tiviakov Sergei,NED,2654,2013-07-27,#D52B1E
Gajewski Grzegorz,POL,2653,2013-07-27,#D52B1E
Carlsen Magnus,NOR,2862,2013-08-27,#D52B1E
Aronian Levon,ARM,2813,2013-08-27,#D52B1E
Caruana Fabiano,ITA,2796,2013-08-27,#D52B1E
Grischuk Alexander,RUS,2785,2013-08-27,#D52B1E
Kramnik Vladimir,RUS,2784,2013-08-27,#D52B1E
Mamedyarov Shakhriyar,AZE,2775,2013-08-27,#D52B1E
Anand Viswanathan,IND,2775,2013-08-27,#D52B1E
Karjakin Sergey,RUS,2772,2013-08-27,#D52B1E
Nakamura Hikaru,USA,2772,2013-08-27,#D52B1E
Topalov Veselin,BUL,2769,2013-08-27,#D52B1E
Gelfand Boris,ISR,2764,2013-08-27,#D52B1E
Dominguez Perez Leinier,CUB,2757,2013-08-27,#D52B1E
Ponomariov Ruslan,UKR,2756,2013-08-27,#D52B1E
Wang Hao,CHN,2747,2013-08-27,#D52B1E
Svidler Peter,RUS,2746,2013-08-27,#D52B1E
Leko Peter,HUN,2744,2013-08-27,#D52B1E
Kamsky Gata,USA,2741,2013-08-27,#D52B1E
Adams Michael,ENG,2740,2013-08-27,#D52B1E
Morozevich Alexander,RUS,2739,2013-08-27,#D52B1E
Giri Anish,NED,2737,2013-08-27,#D52B1E
Radjabov Teimour,AZE,2733,2013-08-27,#D52B1E
Ivanchuk Vassily,UKR,2731,2013-08-27,#D52B1E
Jakovenko Dmitry,RUS,2724,2013-08-27,#D52B1E
Nepomniachtchi Ian,RUS,2723,2013-08-27,#D52B1E
Korobov Anton,UKR,2720,2013-08-27,#D52B1E
Vitiugov Nikita,RUS,2719,2013-08-27,#D52B1E
Vachier-Lagrave Maxime,FRA,2719,2013-08-27,#D52B1E
Ding Liren,CHN,2718,2013-08-27,#D52B1E
Andreikin Dmitry,RUS,2716,2013-08-27,#D52B1E
Navara David,CZE,2715,2013-08-27,#D52B1E
Bacrot Etienne,FRA,2714,2013-08-27,#D52B1E
Wang Yue,CHN,2713,2013-08-27,#D52B1E
Alekseev Evgeny,RUS,2710,2013-08-27,#D52B1E
So Wesley,PHI,2710,2013-08-27,#D52B1E
Naiditsch Arkadij,GER,2710,2013-08-27,#D52B1E
Areshchenko Alexander,UKR,2709,2013-08-27,#D52B1E
Fressinet Laurent,FRA,2708,2013-08-27,#D52B1E
Malakhov Vladimir,RUS,2707,2013-08-27,#D52B1E
Almasi Zoltan,HUN,2707,2013-08-27,#D52B1E
Tomashevsky Evgeny,RUS,2706,2013-08-27,#D52B1E
Vallejo Pons Francisco,ESP,2706,2013-08-27,#D52B1E
Le Quang Liem,VIE,2702,2013-08-27,#D52B1E
Eljanov Pavel,UKR,2702,2013-08-27,#D52B1E
Van Wely Loek,NED,2701,2013-08-27,#D52B1E
Wojtaszek Radoslaw,POL,2701,2013-08-27,#D52B1E
Riazantsev Alexander,RUS,2700,2013-08-27,#D52B1E
Kasimdzhanov Rustam,UZB,2699,2013-08-27,#D52B1E
Moiseenko Alexander,UKR,2699,2013-08-27,#D52B1E
Movsesian Sergei,ARM,2699,2013-08-27,#D52B1E
Bruzon Batista Lazaro,CUB,2698,2013-08-27,#D52B1E
McShane Luke J,ENG,2697,2013-08-27,#D52B1E
Harikrishna P.,IND,2696,2013-08-27,#D52B1E
Jobava Baadur,GEO,2696,2013-08-27,#D52B1E
Polgar Judit,HUN,2696,2013-08-27,#D52B1E
Shirov Alexei,LAT,2696,2013-08-27,#D52B1E
Rublevsky Sergei,RUS,2695,2013-08-27,#D52B1E
Inarkiev Ernesto,RUS,2693,2013-08-27,#D52B1E
Li Chao b,CHN,2693,2013-08-27,#D52B1E
Rapport Richard,HUN,2693,2013-08-27,#D52B1E
Akopian Vladimir,ARM,2691,2013-08-27,#D52B1E
Volokitin Andrei,UKR,2688,2013-08-27,#D52B1E
Short Nigel D,ENG,2684,2013-08-27,#D52B1E
Ragger Markus,AUT,2680,2013-08-27,#D52B1E
Berkes Ferenc,HUN,2678,2013-08-27,#D52B1E
Cheparinov Ivan,BUL,2678,2013-08-27,#D52B1E
Kryvoruchko Yuriy,UKR,2678,2013-08-27,#D52B1E
Laznicka Viktor,CZE,2677,2013-08-27,#D52B1E
Grachev Boris,RUS,2676,2013-08-27,#D52B1E
Matlakov Maxim,RUS,2676,2013-08-27,#D52B1E
Gareev Timur,USA,2676,2013-08-27,#D52B1E
Bologan Viktor,MDA,2672,2013-08-27,#D52B1E
Ni Hua,CHN,2671,2013-08-27,#D52B1E
Sargissian Gabriel,ARM,2671,2013-08-27,#D52B1E
Fedorchuk Sergey A.,UKR,2669,2013-08-27,#D52B1E
Dreev Aleksey,RUS,2668,2013-08-27,#D52B1E
Bu Xiangzhi,CHN,2667,2013-08-27,#D52B1E
Onischuk Alexander,USA,2667,2013-08-27,#D52B1E
Nisipeanu Liviu-Dieter,ROU,2665,2013-08-27,#D52B1E
Granda Zuniga Julio E,PER,2664,2013-08-27,#D52B1E
Zhigalko Sergei,BLR,2664,2013-08-27,#D52B1E
Motylev Alexander,RUS,2663,2013-08-27,#D52B1E
Smirin Ilia,ISR,2663,2013-08-27,#D52B1E
Yu Yangyi,CHN,2662,2013-08-27,#D52B1E
Kurnosov Igor,RUS,2662,2013-08-27,#D52B1E
Edouard Romain,FRA,2662,2013-08-27,#D52B1E
Efimenko Zahar,UKR,2661,2013-08-27,#D52B1E
Safarli Eltaj,AZE,2660,2013-08-27,#D52B1E
Iturrizaga Eduardo,VEN,2660,2013-08-27,#D52B1E
Petrosian Tigran L.,ARM,2660,2013-08-27,#D52B1E
Sasikiran Krishnan,IND,2660,2013-08-27,#D52B1E
Sutovsky Emil,ISR,2660,2013-08-27,#D52B1E
Zvjaginsev Vadim,RUS,2659,2013-08-27,#D52B1E
Nielsen Peter Heine,DEN,2658,2013-08-27,#D52B1E
Sokolov Ivan,NED,2656,2013-08-27,#D52B1E
Rodshtein Maxim,ISR,2656,2013-08-27,#D52B1E
Tiviakov Sergei,NED,2656,2013-08-27,#D52B1E
Shimanov Aleksandr,RUS,2655,2013-08-27,#D52B1E
Gharamian Tigran,FRA,2655,2013-08-27,#D52B1E
Swiercz Dariusz,POL,2654,2013-08-27,#D52B1E
Khismatullin Denis,RUS,2653,2013-08-27,#D52B1E
Carlsen Magnus,NOR,2862,2013-09-27,#D52B1E
Aronian Levon,ARM,2813,2013-09-27,#D52B1E
Kramnik Vladimir,RUS,2794,2013-09-27,#D52B1E
Grischuk Alexander,RUS,2785,2013-09-27,#D52B1E
Caruana Fabiano,ITA,2779,2013-09-27,#D52B1E
Anand Viswanathan,IND,2775,2013-09-27,#D52B1E
Mamedyarov Shakhriyar,AZE,2775,2013-09-27,#D52B1E
Karjakin Sergey,RUS,2772,2013-09-27,#D52B1E
Nakamura Hikaru,USA,2772,2013-09-27,#D52B1E
Topalov Veselin,BUL,2769,2013-09-27,#D52B1E
Gelfand Boris,ISR,2764,2013-09-27,#D52B1E
Adams Michael,ENG,2761,2013-09-27,#D52B1E
Dominguez Perez Leinier,CUB,2757,2013-09-27,#D52B1E
Ponomariov Ruslan,UKR,2756,2013-09-27,#D52B1E
Svidler Peter,RUS,2746,2013-09-27,#D52B1E
Kamsky Gata,USA,2741,2013-09-27,#D52B1E
Leko Peter,HUN,2740,2013-09-27,#D52B1E
Morozevich Alexander,RUS,2739,2013-09-27,#D52B1E
Giri Anish,NED,2737,2013-09-27,#D52B1E
Wang Hao,CHN,2736,2013-09-27,#D52B1E
Radjabov Teimour,AZE,2733,2013-09-27,#D52B1E
Ivanchuk Vassily,UKR,2731,2013-09-27,#D52B1E
Jakovenko Dmitry,RUS,2724,2013-09-27,#D52B1E
Bacrot Etienne,FRA,2723,2013-09-27,#D52B1E
Ding Liren,CHN,2722,2013-09-27,#D52B1E
Vachier-Lagrave Maxime,FRA,2722,2013-09-27,#D52B1E
Korobov Anton,UKR,2720,2013-09-27,#D52B1E
Vitiugov Nikita,RUS,2719,2013-09-27,#D52B1E
Nepomniachtchi Ian,RUS,2717,2013-09-27,#D52B1E
Navara David,CZE,2715,2013-09-27,#D52B1E
Wang Yue,CHN,2713,2013-09-27,#D52B1E
Naiditsch Arkadij,GER,2710,2013-09-27,#D52B1E
Alekseev Evgeny,RUS,2710,2013-09-27,#D52B1E
So Wesley,PHI,2710,2013-09-27,#D52B1E
Harikrishna P.,IND,2709,2013-09-27,#D52B1E
Andreikin Dmitry,RUS,2709,2013-09-27,#D52B1E
Areshchenko Alexander,UKR,2709,2013-09-27,#D52B1E
Fressinet Laurent,FRA,2708,2013-09-27,#D52B1E
Almasi Zoltan,HUN,2707,2013-09-27,#D52B1E
Malakhov Vladimir,RUS,2707,2013-09-27,#D52B1E
Moiseenko Alexander,UKR,2706,2013-09-27,#D52B1E
Eljanov Pavel,UKR,2706,2013-09-27,#D52B1E
Vallejo Pons Francisco,ESP,2706,2013-09-27,#D52B1E
Tomashevsky Evgeny,RUS,2703,2013-09-27,#D52B1E
Le Quang Liem,VIE,2702,2013-09-27,#D52B1E
Van Wely Loek,NED,2701,2013-09-27,#D52B1E
Wojtaszek Radoslaw,POL,2701,2013-09-27,#D52B1E
Riazantsev Alexander,RUS,2700,2013-09-27,#D52B1E
Bruzon Batista Lazaro,CUB,2699,2013-09-27,#D52B1E
Kasimdzhanov Rustam,UZB,2699,2013-09-27,#D52B1E
Movsesian Sergei,ARM,2699,2013-09-27,#D52B1E
McShane Luke J,ENG,2697,2013-09-27,#D52B1E
Jobava Baadur,GEO,2696,2013-09-27,#D52B1E
Polgar Judit,HUN,2696,2013-09-27,#D52B1E
Shirov Alexei,LAT,2696,2013-09-27,#D52B1E
Rublevsky Sergei,RUS,2695,2013-09-27,#D52B1E
Inarkiev Ernesto,RUS,2693,2013-09-27,#D52B1E
Li Chao b,CHN,2693,2013-09-27,#D52B1E
Akopian Vladimir,ARM,2691,2013-09-27,#D52B1E
Volokitin Andrei,UKR,2688,2013-09-27,#D52B1E
Cheparinov Ivan,BUL,2687,2013-09-27,#D52B1E
Short Nigel D,ENG,2684,2013-09-27,#D52B1E
Kryvoruchko Yuriy,UKR,2681,2013-09-27,#D52B1E
Ragger Markus,AUT,2680,2013-09-27,#D52B1E
Berkes Ferenc,HUN,2678,2013-09-27,#D52B1E
Laznicka Viktor,CZE,2677,2013-09-27,#D52B1E
Rapport Richard,HUN,2676,2013-09-27,#D52B1E
Gareev Timur,USA,2676,2013-09-27,#D52B1E
Matlakov Maxim,RUS,2676,2013-09-27,#D52B1E
Bu Xiangzhi,CHN,2675,2013-09-27,#D52B1E
Bologan Viktor,MDA,2672,2013-09-27,#D52B1E
Sargissian Gabriel,ARM,2671,2013-09-27,#D52B1E
Grachev Boris,RUS,2670,2013-09-27,#D52B1E
Ni Hua,CHN,2668,2013-09-27,#D52B1E
Dreev Aleksey,RUS,2668,2013-09-27,#D52B1E
Fedorchuk Sergey A.,UKR,2667,2013-09-27,#D52B1E
Onischuk Alexander,USA,2667,2013-09-27,#D52B1E
Edouard Romain,FRA,2665,2013-09-27,#D52B1E
Tiviakov Sergei,NED,2665,2013-09-27,#D52B1E
Nisipeanu Liviu-Dieter,ROU,2665,2013-09-27,#D52B1E
Rodshtein Maxim,ISR,2664,2013-09-27,#D52B1E
Zhigalko Sergei,BLR,2664,2013-09-27,#D52B1E
Smirin Ilia,ISR,2663,2013-09-27,#D52B1E
Granda Zuniga Julio E,PER,2663,2013-09-27,#D52B1E
Motylev Alexander,RUS,2663,2013-09-27,#D52B1E
Negi Parimarjan,IND,2662,2013-09-27,#D52B1E
Yu Yangyi,CHN,2662,2013-09-27,#D52B1E
Iturrizaga Eduardo,VEN,2661,2013-09-27,#D52B1E
Khismatullin Denis,RUS,2661,2013-09-27,#D52B1E
Efimenko Zahar,UKR,2661,2013-09-27,#D52B1E
Petrosian Tigran L.,ARM,2660,2013-09-27,#D52B1E
Safarli Eltaj,AZE,2660,2013-09-27,#D52B1E
Sasikiran Krishnan,IND,2660,2013-09-27,#D52B1E
Sutovsky Emil,ISR,2660,2013-09-27,#D52B1E
Zvjaginsev Vadim,RUS,2659,2013-09-27,#D52B1E
Popov Ivan,RUS,2656,2013-09-27,#D52B1E
Romanov Evgeny,RUS,2655,2013-09-27,#D52B1E
Shimanov Aleksandr,RUS,2655,2013-09-27,#D52B1E
Swiercz Dariusz,POL,2654,2013-09-27,#D52B1E
Gharamian Tigran,FRA,2653,2013-09-27,#D52B1E
Carlsen Magnus,NOR,2870,2013-10-27,#D52B1E
Kramnik Vladimir,RUS,2796,2013-10-27,#D52B1E
Aronian Levon,ARM,2795,2013-10-27,#D52B1E
Grischuk Alexander,RUS,2786,2013-10-27,#D52B1E
Nakamura Hikaru,USA,2783,2013-10-27,#D52B1E
Caruana Fabiano,ITA,2779,2013-10-27,#D52B1E
Anand Viswanathan,IND,2775,2013-10-27,#D52B1E
Topalov Veselin,BUL,2771,2013-10-27,#D52B1E
Gelfand Boris,ISR,2765,2013-10-27,#D52B1E
Karjakin Sergey,RUS,2762,2013-10-27,#D52B1E
Mamedyarov Shakhriyar,AZE,2759,2013-10-27,#D52B1E
Dominguez Perez Leinier,CUB,2753,2013-10-27,#D52B1E
Adams Michael,ENG,2753,2013-10-27,#D52B1E
Ponomariov Ruslan,UKR,2751,2013-10-27,#D52B1E
Giri Anish,NED,2749,2013-10-27,#D52B1E
Vachier-Lagrave Maxime,FRA,2742,2013-10-27,#D52B1E
Svidler Peter,RUS,2740,2013-10-27,#D52B1E
Morozevich Alexander,RUS,2734,2013-10-27,#D52B1E
Ivanchuk Vassily,UKR,2733,2013-10-27,#D52B1E
Wang Hao,CHN,2733,2013-10-27,#D52B1E
Leko Peter,HUN,2732,2013-10-27,#D52B1E
Bacrot Etienne,FRA,2730,2013-10-27,#D52B1E
Eljanov Pavel,UKR,2729,2013-10-27,#D52B1E
Vitiugov Nikita,RUS,2729,2013-10-27,#D52B1E
Kamsky Gata,USA,2725,2013-10-27,#D52B1E
Naiditsch Arkadij,GER,2724,2013-10-27,#D52B1E
Radjabov Teimour,AZE,2723,2013-10-27,#D52B1E
Ding Liren,CHN,2722,2013-10-27,#D52B1E
Tomashevsky Evgeny,RUS,2720,2013-10-27,#D52B1E
Jakovenko Dmitry,RUS,2719,2013-10-27,#D52B1E
Korobov Anton,UKR,2716,2013-10-27,#D52B1E
Areshchenko Alexander,UKR,2714,2013-10-27,#D52B1E
Wang Yue,CHN,2713,2013-10-27,#D52B1E
Le Quang Liem,VIE,2712,2013-10-27,#D52B1E
Malakhov Vladimir,RUS,2711,2013-10-27,#D52B1E
Fressinet Laurent,FRA,2710,2013-10-27,#D52B1E
Harikrishna P.,IND,2709,2013-10-27,#D52B1E
Alekseev Evgeny,RUS,2707,2013-10-27,#D52B1E
Almasi Zoltan,HUN,2707,2013-10-27,#D52B1E
Andreikin Dmitry,RUS,2706,2013-10-27,#D52B1E
So Wesley,PHI,2706,2013-10-27,#D52B1E
Vallejo Pons Francisco,ESP,2705,2013-10-27,#D52B1E
Navara David,CZE,2703,2013-10-27,#D52B1E
Moiseenko Alexander,UKR,2703,2013-10-27,#D52B1E
Nepomniachtchi Ian,RUS,2702,2013-10-27,#D52B1E
Kasimdzhanov Rustam,UZB,2699,2013-10-27,#D52B1E
Wojtaszek Radoslaw,POL,2698,2013-10-27,#D52B1E
Riazantsev Alexander,RUS,2697,2013-10-27,#D52B1E
McShane Luke J,ENG,2697,2013-10-27,#D52B1E
Kryvoruchko Yuriy,UKR,2696,2013-10-27,#D52B1E
Movsesian Sergei,ARM,2696,2013-10-27,#D52B1E
Inarkiev Ernesto,RUS,2695,2013-10-27,#D52B1E
Rublevsky Sergei,RUS,2695,2013-10-27,#D52B1E
Jobava Baadur,GEO,2694,2013-10-27,#D52B1E
Van Wely Loek,NED,2693,2013-10-27,#D52B1E
Polgar Judit,HUN,2689,2013-10-27,#D52B1E
Bruzon Batista Lazaro,CUB,2685,2013-10-27,#D52B1E
Shirov Alexei,LAT,2685,2013-10-27,#D52B1E
Akopian Vladimir,ARM,2684,2013-10-27,#D52B1E
Short Nigel D,ENG,2684,2013-10-27,#D52B1E
Zhigalko Sergei,BLR,2683,2013-10-27,#D52B1E
Volokitin Andrei,UKR,2683,2013-10-27,#D52B1E
Li Chao b,CHN,2682,2013-10-27,#D52B1E
Matlakov Maxim,RUS,2682,2013-10-27,#D52B1E
Yu Yangyi,CHN,2681,2013-10-27,#D52B1E
Dreev Aleksey,RUS,2679,2013-10-27,#D52B1E
Motylev Alexander,RUS,2676,2013-10-27,#D52B1E
Sargissian Gabriel,ARM,2676,2013-10-27,#D52B1E
Gareev Timur,USA,2676,2013-10-27,#D52B1E
Rapport Richard,HUN,2676,2013-10-27,#D52B1E
Bu Xiangzhi,CHN,2675,2013-10-27,#D52B1E
Nisipeanu Liviu-Dieter,ROU,2674,2013-10-27,#D52B1E
Berkes Ferenc,HUN,2673,2013-10-27,#D52B1E
Cheparinov Ivan,BUL,2672,2013-10-27,#D52B1E
Onischuk Alexander,USA,2672,2013-10-27,#D52B1E
Negi Parimarjan,IND,2671,2013-10-27,#D52B1E
Bologan Viktor,MDA,2670,2013-10-27,#D52B1E
Grachev Boris,RUS,2669,2013-10-27,#D52B1E
Ragger Markus,AUT,2668,2013-10-27,#D52B1E
Ni Hua,CHN,2668,2013-10-27,#D52B1E
Laznicka Viktor,CZE,2666,2013-10-27,#D52B1E
Granda Zuniga Julio E,PER,2665,2013-10-27,#D52B1E
Georgiev Kiril,BUL,2664,2013-10-27,#D52B1E
Istratescu Andrei,FRA,2664,2013-10-27,#D52B1E
Rodshtein Maxim,ISR,2664,2013-10-27,#D52B1E
Smirin Ilia,ISR,2663,2013-10-27,#D52B1E
Sasikiran Krishnan,IND,2662,2013-10-27,#D52B1E
Erdos Viktor,HUN,2661,2013-10-27,#D52B1E
Efimenko Zahar,UKR,2661,2013-10-27,#D52B1E
Petrosian Tigran L.,ARM,2660,2013-10-27,#D52B1E
Zvjaginsev Vadim,RUS,2659,2013-10-27,#D52B1E
Iturrizaga Eduardo,VEN,2658,2013-10-27,#D52B1E
Socko Bartosz,POL,2658,2013-10-27,#D52B1E
Sutovsky Emil,ISR,2657,2013-10-27,#D52B1E
Edouard Romain,FRA,2657,2013-10-27,#D52B1E
Lysyj Igor,RUS,2657,2013-10-27,#D52B1E
Fedorchuk Sergey A.,UKR,2656,2013-10-27,#D52B1E
Khismatullin Denis,RUS,2656,2013-10-27,#D52B1E
Kobalia Mikhail,RUS,2655,2013-10-27,#D52B1E
Romanov Evgeny,RUS,2654,2013-10-27,#D52B1E
Carlsen Magnus,NOR,2870,2013-11-27,#D52B1E
Aronian Levon,ARM,2801,2013-11-27,#D52B1E
Kramnik Vladimir,RUS,2793,2013-11-27,#D52B1E
Nakamura Hikaru,USA,2786,2013-11-27,#D52B1E
Grischuk Alexander,RUS,2785,2013-11-27,#D52B1E
Caruana Fabiano,ITA,2782,2013-11-27,#D52B1E
Gelfand Boris,ISR,2777,2013-11-27,#D52B1E
Anand Viswanathan,IND,2775,2013-11-27,#D52B1E
Topalov Veselin,BUL,2774,2013-11-27,#D52B1E
Mamedyarov Shakhriyar,AZE,2757,2013-11-27,#D52B1E
Karjakin Sergey,RUS,2756,2013-11-27,#D52B1E
Dominguez Perez Leinier,CUB,2754,2013-11-27,#D52B1E
Svidler Peter,RUS,2752,2013-11-27,#D52B1E
Adams Michael,ENG,2752,2013-11-27,#D52B1E
Bacrot Etienne,FRA,2749,2013-11-27,#D52B1E
Vachier-Lagrave Maxime,FRA,2742,2013-11-27,#D52B1E
Vitiugov Nikita,RUS,2741,2013-11-27,#D52B1E
Wang Hao,CHN,2737,2013-11-27,#D52B1E
Eljanov Pavel,UKR,2733,2013-11-27,#D52B1E
Giri Anish,NED,2732,2013-11-27,#D52B1E
Ponomariov Ruslan,UKR,2731,2013-11-27,#D52B1E
Ivanchuk Vassily,UKR,2731,2013-11-27,#D52B1E
Leko Peter,HUN,2730,2013-11-27,#D52B1E
Morozevich Alexander,RUS,2727,2013-11-27,#D52B1E
Naiditsch Arkadij,GER,2727,2013-11-27,#D52B1E
Wang Yue,CHN,2725,2013-11-27,#D52B1E
Tomashevsky Evgeny,RUS,2722,2013-11-27,#D52B1E
Nepomniachtchi Ian,RUS,2721,2013-11-27,#D52B1E
Jakovenko Dmitry,RUS,2721,2013-11-27,#D52B1E
Kamsky Gata,USA,2721,2013-11-27,#D52B1E
Areshchenko Alexander,UKR,2720,2013-11-27,#D52B1E
So Wesley,PHI,2719,2013-11-27,#D52B1E
Radjabov Teimour,AZE,2715,2013-11-27,#D52B1E
Korobov Anton,UKR,2713,2013-11-27,#D52B1E
Ding Liren,CHN,2711,2013-11-27,#D52B1E
Wojtaszek Radoslaw,POL,2711,2013-11-27,#D52B1E
Andreikin Dmitry,RUS,2710,2013-11-27,#D52B1E
Almasi Zoltan,HUN,2710,2013-11-27,#D52B1E
Moiseenko Alexander,UKR,2709,2013-11-27,#D52B1E
Malakhov Vladimir,RUS,2708,2013-11-27,#D52B1E
Fressinet Laurent,FRA,2707,2013-11-27,#D52B1E
Rublevsky Sergei,RUS,2706,2013-11-27,#D52B1E
Navara David,CZE,2705,2013-11-27,#D52B1E
Vallejo Pons Francisco,ESP,2705,2013-11-27,#D52B1E
Harikrishna P.,IND,2704,2013-11-27,#D52B1E
Le Quang Liem,VIE,2703,2013-11-27,#D52B1E
Kryvoruchko Yuriy,UKR,2701,2013-11-27,#D52B1E
Matlakov Maxim,RUS,2700,2013-11-27,#D52B1E
Movsesian Sergei,ARM,2700,2013-11-27,#D52B1E
Alekseev Evgeny,RUS,2698,2013-11-27,#D52B1E
Kasimdzhanov Rustam,UZB,2698,2013-11-27,#D52B1E
McShane Luke J,ENG,2696,2013-11-27,#D52B1E
Inarkiev Ernesto,RUS,2695,2013-11-27,#D52B1E
Shirov Alexei,LAT,2695,2013-11-27,#D52B1E
Jobava Baadur,GEO,2695,2013-11-27,#D52B1E
Zhigalko Sergei,BLR,2694,2013-11-27,#D52B1E
Riazantsev Alexander,RUS,2689,2013-11-27,#D52B1E
Polgar Judit,HUN,2689,2013-11-27,#D52B1E
Bu Xiangzhi,CHN,2683,2013-11-27,#D52B1E
Nisipeanu Liviu-Dieter,ROU,2682,2013-11-27,#D52B1E
Volokitin Andrei,UKR,2682,2013-11-27,#D52B1E
Rodshtein Maxim,ISR,2681,2013-11-27,#D52B1E
Akopian Vladimir,ARM,2681,2013-11-27,#D52B1E
Rapport Richard,HUN,2680,2013-11-27,#D52B1E
Short Nigel D,ENG,2680,2013-11-27,#D52B1E
Granda Zuniga Julio E,PER,2680,2013-11-27,#D52B1E
Li Chao b,CHN,2679,2013-11-27,#D52B1E
Van Wely Loek,NED,2678,2013-11-27,#D52B1E
Bruzon Batista Lazaro,CUB,2677,2013-11-27,#D52B1E
Laznicka Viktor,CZE,2677,2013-11-27,#D52B1E
Sargissian Gabriel,ARM,2676,2013-11-27,#D52B1E
Khismatullin Denis,RUS,2674,2013-11-27,#D52B1E
Berkes Ferenc,HUN,2674,2013-11-27,#D52B1E
Dreev Aleksey,RUS,2673,2013-11-27,#D52B1E
Cheparinov Ivan,BUL,2672,2013-11-27,#D52B1E
Ragger Markus,AUT,2672,2013-11-27,#D52B1E
Onischuk Alexander,USA,2672,2013-11-27,#D52B1E
Negi Parimarjan,IND,2671,2013-11-27,#D52B1E
Grachev Boris,RUS,2669,2013-11-27,#D52B1E
Istratescu Andrei,FRA,2668,2013-11-27,#D52B1E
Ni Hua,CHN,2668,2013-11-27,#D52B1E
Yu Yangyi,CHN,2668,2013-11-27,#D52B1E
Fedorchuk Sergey A.,UKR,2666,2013-11-27,#D52B1E
Lysyj Igor,RUS,2666,2013-11-27,#D52B1E
Sasikiran Krishnan,IND,2666,2013-11-27,#D52B1E
Tiviakov Sergei,NED,2663,2013-11-27,#D52B1E
Bologan Viktor,MDA,2662,2013-11-27,#D52B1E
Socko Bartosz,POL,2661,2013-11-27,#D52B1E
Petrosian Tigran L.,ARM,2660,2013-11-27,#D52B1E
Erdos Viktor,HUN,2658,2013-11-27,#D52B1E
Gharamian Tigran,FRA,2658,2013-11-27,#D52B1E
Efimenko Zahar,UKR,2657,2013-11-27,#D52B1E
Sutovsky Emil,ISR,2657,2013-11-27,#D52B1E
Khairullin Ildar,RUS,2653,2013-11-27,#D52B1E
Zvjaginsev Vadim,RUS,2653,2013-11-27,#D52B1E
Gareev Timur,USA,2653,2013-11-27,#D52B1E
Romanov Evgeny,RUS,2653,2013-11-27,#D52B1E
Edouard Romain,FRA,2653,2013-11-27,#D52B1E
Safarli Eltaj,AZE,2653,2013-11-27,#D52B1E
Popov Ivan,RUS,2652,2013-11-27,#D52B1E
Amin Bassem,EGY,2652,2013-11-27,#D52B1E
Carlsen Magnus,NOR,2872,2013-12-27,#D52B1E
Aronian Levon,ARM,2803,2013-12-27,#D52B1E
Kramnik Vladimir,RUS,2793,2013-12-27,#D52B1E
Nakamura Hikaru,USA,2786,2013-12-27,#D52B1E
Topalov Veselin,BUL,2785,2013-12-27,#D52B1E
Grischuk Alexander,RUS,2783,2013-12-27,#D52B1E
Caruana Fabiano,ITA,2782,2013-12-27,#D52B1E
Gelfand Boris,ISR,2777,2013-12-27,#D52B1E
Anand Viswanathan,IND,2773,2013-12-27,#D52B1E
Svidler Peter,RUS,2758,2013-12-27,#D52B1E
Mamedyarov Shakhriyar,AZE,2757,2013-12-27,#D52B1E
Karjakin Sergey,RUS,2756,2013-12-27,#D52B1E
Adams Michael,ENG,2754,2013-12-27,#D52B1E
Dominguez Perez Leinier,CUB,2754,2013-12-27,#D52B1E
Vachier-Lagrave Maxime,FRA,2745,2013-12-27,#D52B1E
Vitiugov Nikita,RUS,2741,2013-12-27,#D52B1E
Bacrot Etienne,FRA,2740,2013-12-27,#D52B1E
Naiditsch Arkadij,GER,2737,2013-12-27,#D52B1E
Wang Hao,CHN,2735,2013-12-27,#D52B1E
Giri Anish,NED,2734,2013-12-27,#D52B1E
Eljanov Pavel,UKR,2733,2013-12-27,#D52B1E
Ivanchuk Vassily,UKR,2731,2013-12-27,#D52B1E
Ponomariov Ruslan,UKR,2731,2013-12-27,#D52B1E
Leko Peter,HUN,2730,2013-12-27,#D52B1E
Wang Yue,CHN,2723,2013-12-27,#D52B1E
Morozevich Alexander,RUS,2722,2013-12-27,#D52B1E
Jakovenko Dmitry,RUS,2721,2013-12-27,#D52B1E
Kamsky Gata,USA,2721,2013-12-27,#D52B1E
Nepomniachtchi Ian,RUS,2721,2013-12-27,#D52B1E
So Wesley,PHI,2719,2013-12-27,#D52B1E
Malakhov Vladimir,RUS,2716,2013-12-27,#D52B1E
Tomashevsky Evgeny,RUS,2715,2013-12-27,#D52B1E
Moiseenko Alexander,UKR,2713,2013-12-27,#D52B1E
Radjabov Teimour,AZE,2713,2013-12-27,#D52B1E
Korobov Anton,UKR,2713,2013-12-27,#D52B1E
Areshchenko Alexander,UKR,2712,2013-12-27,#D52B1E
Wojtaszek Radoslaw,POL,2711,2013-12-27,#D52B1E
Ding Liren,CHN,2710,2013-12-27,#D52B1E
Andreikin Dmitry,RUS,2709,2013-12-27,#D52B1E
Almasi Zoltan,HUN,2708,2013-12-27,#D52B1E
Navara David,CZE,2708,2013-12-27,#D52B1E
Harikrishna P.,IND,2708,2013-12-27,#D52B1E
Fressinet Laurent,FRA,2707,2013-12-27,#D52B1E
Rublevsky Sergei,RUS,2706,2013-12-27,#D52B1E
Vallejo Pons Francisco,ESP,2705,2013-12-27,#D52B1E
Jobava Baadur,GEO,2705,2013-12-27,#D52B1E
Le Quang Liem,VIE,2703,2013-12-27,#D52B1E
Kasimdzhanov Rustam,UZB,2701,2013-12-27,#D52B1E
Kryvoruchko Yuriy,UKR,2701,2013-12-27,#D52B1E
Matlakov Maxim,RUS,2700,2013-12-27,#D52B1E
Inarkiev Ernesto,RUS,2698,2013-12-27,#D52B1E
Alekseev Evgeny,RUS,2698,2013-12-27,#D52B1E
Shirov Alexei,LAT,2695,2013-12-27,#D52B1E
Polgar Judit,HUN,2693,2013-12-27,#D52B1E
Nisipeanu Liviu-Dieter,ROU,2691,2013-12-27,#D52B1E
Movsesian Sergei,ARM,2689,2013-12-27,#D52B1E
Riazantsev Alexander,RUS,2689,2013-12-27,#D52B1E
Rapport Richard,HUN,2687,2013-12-27,#D52B1E
Bu Xiangzhi,CHN,2685,2013-12-27,#D52B1E
McShane Luke J,ENG,2684,2013-12-27,#D52B1E
Akopian Vladimir,ARM,2684,2013-12-27,#D52B1E
Short Nigel D,ENG,2683,2013-12-27,#D52B1E
Li Chao b,CHN,2683,2013-12-27,#D52B1E
Rodshtein Maxim,ISR,2683,2013-12-27,#D52B1E
Zhigalko Sergei,BLR,2682,2013-12-27,#D52B1E
Laznicka Viktor,CZE,2681,2013-12-27,#D52B1E
Granda Zuniga Julio E,PER,2680,2013-12-27,#D52B1E
Volokitin Andrei,UKR,2678,2013-12-27,#D52B1E
Van Wely Loek,NED,2678,2013-12-27,#D52B1E
Berkes Ferenc,HUN,2677,2013-12-27,#D52B1E
Bruzon Batista Lazaro,CUB,2677,2013-12-27,#D52B1E
Sargissian Gabriel,ARM,2675,2013-12-27,#D52B1E
Khismatullin Denis,RUS,2674,2013-12-27,#D52B1E
Dreev Aleksey,RUS,2673,2013-12-27,#D52B1E
Cheparinov Ivan,BUL,2672,2013-12-27,#D52B1E
Onischuk Alexander,USA,2672,2013-12-27,#D52B1E
Negi Parimarjan,IND,2671,2013-12-27,#D52B1E
Istratescu Andrei,FRA,2670,2013-12-27,#D52B1E
Ni Hua,CHN,2669,2013-12-27,#D52B1E
Grachev Boris,RUS,2669,2013-12-27,#D52B1E
Yu Yangyi,CHN,2667,2013-12-27,#D52B1E
Lysyj Igor,RUS,2666,2013-12-27,#D52B1E
Sasikiran Krishnan,IND,2666,2013-12-27,#D52B1E
Edouard Romain,FRA,2665,2013-12-27,#D52B1E
Bologan Viktor,MDA,2661,2013-12-27,#D52B1E
Fedorchuk Sergey A.,UKR,2660,2013-12-27,#D52B1E
Erdos Viktor,HUN,2658,2013-12-27,#D52B1E
Tiviakov Sergei,NED,2658,2013-12-27,#D52B1E
Socko Bartosz,POL,2657,2013-12-27,#D52B1E
Sutovsky Emil,ISR,2657,2013-12-27,#D52B1E
Mamedov Rauf,AZE,2656,2013-12-27,#D52B1E
Gharamian Tigran,FRA,2656,2013-12-27,#D52B1E
Efimenko Zahar,UKR,2655,2013-12-27,#D52B1E
Romanov Evgeny,RUS,2654,2013-12-27,#D52B1E
Amin Bassem,EGY,2654,2013-12-27,#D52B1E
Jones Gawain C B,ENG,2654,2013-12-27,#D52B1E
Khairullin Ildar,RUS,2653,2013-12-27,#D52B1E
Zvjaginsev Vadim,RUS,2653,2013-12-27,#D52B1E
Nielsen Peter Heine,DEN,2652,2013-12-27,#D52B1E
Lenic Luka,SLO,2651,2013-12-27,#D52B1E
Beliavsky Alexander G,SLO,2651,2013-12-27,#D52B1E
Carlsen Magnus,NOR,2872,2014-01-27,#D52B1E
Aronian Levon,ARM,2812,2014-01-27,#D52B1E
Nakamura Hikaru,USA,2789,2014-01-27,#D52B1E
Kramnik Vladimir,RUS,2787,2014-01-27,#D52B1E
Topalov Veselin,BUL,2785,2014-01-27,#D52B1E
Caruana Fabiano,ITA,2782,2014-01-27,#D52B1E
Grischuk Alexander,RUS,2777,2014-01-27,#D52B1E
Gelfand Boris,ISR,2777,2014-01-27,#D52B1E
Anand Viswanathan,IND,2773,2014-01-27,#D52B1E
Karjakin Sergey,RUS,2759,2014-01-27,#D52B1E
Svidler Peter,RUS,2758,2014-01-27,#D52B1E
Mamedyarov Shakhriyar,AZE,2757,2014-01-27,#D52B1E
Adams Michael,ENG,2754,2014-01-27,#D52B1E
Dominguez Perez Leinier,CUB,2754,2014-01-27,#D52B1E
Vachier-Lagrave Maxime,FRA,2745,2014-01-27,#D52B1E
Ivanchuk Vassily,UKR,2739,2014-01-27,#D52B1E
Bacrot Etienne,FRA,2738,2014-01-27,#D52B1E
Vitiugov Nikita,RUS,2737,2014-01-27,#D52B1E
Giri Anish,NED,2734,2014-01-27,#D52B1E
Wang Hao,CHN,2734,2014-01-27,#D52B1E
Eljanov Pavel,UKR,2733,2014-01-27,#D52B1E
Nepomniachtchi Ian,RUS,2732,2014-01-27,#D52B1E
Leko Peter,HUN,2730,2014-01-27,#D52B1E
Jakovenko Dmitry,RUS,2727,2014-01-27,#D52B1E
Korobov Anton,UKR,2723,2014-01-27,#D52B1E
Morozevich Alexander,RUS,2722,2014-01-27,#D52B1E
Ponomariov Ruslan,UKR,2721,2014-01-27,#D52B1E
So Wesley,PHI,2719,2014-01-27,#D52B1E
Naiditsch Arkadij,GER,2718,2014-01-27,#D52B1E
Wang Yue,CHN,2717,2014-01-27,#D52B1E
Ding Liren,CHN,2717,2014-01-27,#D52B1E
Malakhov Vladimir,RUS,2717,2014-01-27,#D52B1E
Tomashevsky Evgeny,RUS,2715,2014-01-27,#D52B1E
Radjabov Teimour,AZE,2713,2014-01-27,#D52B1E
Shirov Alexei,LAT,2711,2014-01-27,#D52B1E
Wojtaszek Radoslaw,POL,2711,2014-01-27,#D52B1E
Jobava Baadur,GEO,2710,2014-01-27,#D52B1E
Moiseenko Alexander,UKR,2710,2014-01-27,#D52B1E
Kamsky Gata,USA,2709,2014-01-27,#D52B1E
Fressinet Laurent,FRA,2709,2014-01-27,#D52B1E
Andreikin Dmitry,RUS,2709,2014-01-27,#D52B1E
Almasi Zoltan,HUN,2708,2014-01-27,#D52B1E
Vallejo Pons Francisco,ESP,2707,2014-01-27,#D52B1E
Areshchenko Alexander,UKR,2706,2014-01-27,#D52B1E
Harikrishna P.,IND,2706,2014-01-27,#D52B1E
Rublevsky Sergei,RUS,2706,2014-01-27,#D52B1E
Kryvoruchko Yuriy,UKR,2704,2014-01-27,#D52B1E
Le Quang Liem,VIE,2703,2014-01-27,#D52B1E
Navara David,CZE,2702,2014-01-27,#D52B1E
Matlakov Maxim,RUS,2700,2014-01-27,#D52B1E
Bu Xiangzhi,CHN,2699,2014-01-27,#D52B1E
Kasimdzhanov Rustam,UZB,2698,2014-01-27,#D52B1E
Alekseev Evgeny,RUS,2698,2014-01-27,#D52B1E
Inarkiev Ernesto,RUS,2698,2014-01-27,#D52B1E
Polgar Judit,HUN,2693,2014-01-27,#D52B1E
Rapport Richard,HUN,2691,2014-01-27,#D52B1E
Nisipeanu Liviu-Dieter,ROU,2691,2014-01-27,#D52B1E
Riazantsev Alexander,RUS,2689,2014-01-27,#D52B1E
McShane Luke J,ENG,2684,2014-01-27,#D52B1E
Short Nigel D,ENG,2683,2014-01-27,#D52B1E
Rodshtein Maxim,ISR,2682,2014-01-27,#D52B1E
Akopian Vladimir,ARM,2682,2014-01-27,#D52B1E
Zhigalko Sergei,BLR,2682,2014-01-27,#D52B1E
Laznicka Viktor,CZE,2681,2014-01-27,#D52B1E
Li Chao b,CHN,2680,2014-01-27,#D52B1E
Berkes Ferenc,HUN,2680,2014-01-27,#D52B1E
Granda Zuniga Julio E,PER,2680,2014-01-27,#D52B1E
Onischuk Alexander,USA,2679,2014-01-27,#D52B1E
Volokitin Andrei,UKR,2679,2014-01-27,#D52B1E
Yu Yangyi,CHN,2677,2014-01-27,#D52B1E
Movsesian Sergei,ARM,2677,2014-01-27,#D52B1E
Istratescu Andrei,FRA,2677,2014-01-27,#D52B1E
Bruzon Batista Lazaro,CUB,2676,2014-01-27,#D52B1E
Sasikiran Krishnan,IND,2676,2014-01-27,#D52B1E
Khismatullin Denis,RUS,2674,2014-01-27,#D52B1E
Dreev Aleksey,RUS,2673,2014-01-27,#D52B1E
Van Wely Loek,NED,2672,2014-01-27,#D52B1E
Cheparinov Ivan,BUL,2672,2014-01-27,#D52B1E
Sargissian Gabriel,ARM,2671,2014-01-27,#D52B1E
Grachev Boris,RUS,2668,2014-01-27,#D52B1E
Lysyj Igor,RUS,2666,2014-01-27,#D52B1E
Amin Bassem,EGY,2665,2014-01-27,#D52B1E
Sutovsky Emil,ISR,2663,2014-01-27,#D52B1E
Bologan Viktor,MDA,2661,2014-01-27,#D52B1E
Mamedov Rauf,AZE,2659,2014-01-27,#D52B1E
Ni Hua,CHN,2658,2014-01-27,#D52B1E
Edouard Romain,FRA,2658,2014-01-27,#D52B1E
Socko Bartosz,POL,2657,2014-01-27,#D52B1E
Lenic Luka,SLO,2656,2014-01-27,#D52B1E
Ragger Markus,AUT,2656,2014-01-27,#D52B1E
Erdos Viktor,HUN,2656,2014-01-27,#D52B1E
Mchedlishvili Mikheil,GEO,2655,2014-01-27,#D52B1E
Efimenko Zahar,UKR,2655,2014-01-27,#D52B1E
Romanov Evgeny,RUS,2654,2014-01-27,#D52B1E
Motylev Alexander,RUS,2654,2014-01-27,#D52B1E
Petrosian Tigran L.,ARM,2654,2014-01-27,#D52B1E
Jones Gawain C B,ENG,2654,2014-01-27,#D52B1E
Georgiev Kiril,BUL,2653,2014-01-27,#D52B1E
Khairullin Ildar,RUS,2653,2014-01-27,#D52B1E
Zvjaginsev Vadim,RUS,2653,2014-01-27,#D52B1E
Nielsen Peter Heine,DEN,2652,2014-01-27,#D52B1E
Carlsen Magnus,NOR,2872,2014-02-27,#D52B1E
Aronian Levon,ARM,2826,2014-02-27,#D52B1E
Kramnik Vladimir,RUS,2787,2014-02-27,#D52B1E
Topalov Veselin,BUL,2785,2014-02-27,#D52B1E
Caruana Fabiano,ITA,2781,2014-02-27,#D52B1E
Grischuk Alexander,RUS,2777,2014-02-27,#D52B1E
Nakamura Hikaru,USA,2776,2014-02-27,#D52B1E
Anand Viswanathan,IND,2773,2014-02-27,#D52B1E
Karjakin Sergey,RUS,2766,2014-02-27,#D52B1E
Gelfand Boris,ISR,2761,2014-02-27,#D52B1E
Svidler Peter,RUS,2758,2014-02-27,#D52B1E
Dominguez Perez Leinier,CUB,2757,2014-02-27,#D52B1E
Mamedyarov Shakhriyar,AZE,2757,2014-02-27,#D52B1E
Adams Michael,ENG,2754,2014-02-27,#D52B1E
Giri Anish,NED,2746,2014-02-27,#D52B1E
Vachier-Lagrave Maxime,FRA,2745,2014-02-27,#D52B1E
Ivanchuk Vassily,UKR,2739,2014-02-27,#D52B1E
So Wesley,PHI,2738,2014-02-27,#D52B1E
Bacrot Etienne,FRA,2738,2014-02-27,#D52B1E
Vitiugov Nikita,RUS,2737,2014-02-27,#D52B1E
Wang Hao,CHN,2734,2014-02-27,#D52B1E
Eljanov Pavel,UKR,2733,2014-02-27,#D52B1E
Nepomniachtchi Ian,RUS,2732,2014-02-27,#D52B1E
Leko Peter,HUN,2730,2014-02-27,#D52B1E
Jakovenko Dmitry,RUS,2723,2014-02-27,#D52B1E
Korobov Anton,UKR,2723,2014-02-27,#D52B1E
Morozevich Alexander,RUS,2722,2014-02-27,#D52B1E
Ponomariov Ruslan,UKR,2721,2014-02-27,#D52B1E
Ding Liren,CHN,2717,2014-02-27,#D52B1E
Malakhov Vladimir,RUS,2717,2014-02-27,#D52B1E
Wang Yue,CHN,2717,2014-02-27,#D52B1E
Wojtaszek Radoslaw,POL,2715,2014-02-27,#D52B1E
Tomashevsky Evgeny,RUS,2715,2014-02-27,#D52B1E
Radjabov Teimour,AZE,2713,2014-02-27,#D52B1E
Harikrishna P.,IND,2712,2014-02-27,#D52B1E
Shirov Alexei,LAT,2711,2014-02-27,#D52B1E
Moiseenko Alexander,UKR,2710,2014-02-27,#D52B1E
Le Quang Liem,VIE,2709,2014-02-27,#D52B1E
Andreikin Dmitry,RUS,2709,2014-02-27,#D52B1E
Fressinet Laurent,FRA,2709,2014-02-27,#D52B1E
Kamsky Gata,USA,2709,2014-02-27,#D52B1E
Almasi Zoltan,HUN,2707,2014-02-27,#D52B1E
Vallejo Pons Francisco,ESP,2707,2014-02-27,#D52B1E
Jobava Baadur,GEO,2706,2014-02-27,#D52B1E
Areshchenko Alexander,UKR,2706,2014-02-27,#D52B1E
Rublevsky Sergei,RUS,2706,2014-02-27,#D52B1E
Kryvoruchko Yuriy,UKR,2704,2014-02-27,#D52B1E
Naiditsch Arkadij,GER,2702,2014-02-27,#D52B1E
Navara David,CZE,2702,2014-02-27,#D52B1E
Bu Xiangzhi,CHN,2699,2014-02-27,#D52B1E
Khismatullin Denis,RUS,2698,2014-02-27,#D52B1E
Inarkiev Ernesto,RUS,2698,2014-02-27,#D52B1E
Kasimdzhanov Rustam,UZB,2698,2014-02-27,#D52B1E
Li Chao b,CHN,2697,2014-02-27,#D52B1E
Polgar Judit,HUN,2693,2014-02-27,#D52B1E
Nisipeanu Liviu-Dieter,ROU,2691,2014-02-27,#D52B1E
Matlakov Maxim,RUS,2690,2014-02-27,#D52B1E
Alekseev Evgeny,RUS,2689,2014-02-27,#D52B1E
Riazantsev Alexander,RUS,2689,2014-02-27,#D52B1E
Short Nigel D,ENG,2686,2014-02-27,#D52B1E
McShane Luke J,ENG,2684,2014-02-27,#D52B1E
Akopian Vladimir,ARM,2682,2014-02-27,#D52B1E
Laznicka Viktor,CZE,2681,2014-02-27,#D52B1E
Rodshtein Maxim,ISR,2680,2014-02-27,#D52B1E
Berkes Ferenc,HUN,2680,2014-02-27,#D52B1E
Granda Zuniga Julio E,PER,2680,2014-02-27,#D52B1E
Rapport Richard,HUN,2679,2014-02-27,#D52B1E
Van Wely Loek,NED,2679,2014-02-27,#D52B1E
Onischuk Alexander,USA,2679,2014-02-27,#D52B1E
Volokitin Andrei,UKR,2679,2014-02-27,#D52B1E
Movsesian Sergei,ARM,2677,2014-02-27,#D52B1E
Bruzon Batista Lazaro,CUB,2676,2014-02-27,#D52B1E
Sasikiran Krishnan,IND,2676,2014-02-27,#D52B1E
Dreev Aleksey,RUS,2673,2014-02-27,#D52B1E
Cheparinov Ivan,BUL,2672,2014-02-27,#D52B1E
Istratescu Andrei,FRA,2671,2014-02-27,#D52B1E
Sargissian Gabriel,ARM,2671,2014-02-27,#D52B1E
Grachev Boris,RUS,2669,2014-02-27,#D52B1E
Amin Bassem,EGY,2665,2014-02-27,#D52B1E
Yu Yangyi,CHN,2664,2014-02-27,#D52B1E
Socko Bartosz,POL,2663,2014-02-27,#D52B1E
Sutovsky Emil,ISR,2663,2014-02-27,#D52B1E
Saric Ivan,CRO,2661,2014-02-27,#D52B1E
Zhigalko Sergei,BLR,2661,2014-02-27,#D52B1E
Edouard Romain,FRA,2661,2014-02-27,#D52B1E
Bologan Viktor,MDA,2661,2014-02-27,#D52B1E
Mamedov Rauf,AZE,2659,2014-02-27,#D52B1E
Shimanov Aleksandr,RUS,2658,2014-02-27,#D52B1E
Ni Hua,CHN,2658,2014-02-27,#D52B1E
Sjugirov Sanan,RUS,2657,2014-02-27,#D52B1E
Georgiev Kiril,BUL,2657,2014-02-27,#D52B1E
Erdos Viktor,HUN,2656,2014-02-27,#D52B1E
Lenic Luka,SLO,2656,2014-02-27,#D52B1E
Lysyj Igor,RUS,2655,2014-02-27,#D52B1E
Mchedlishvili Mikheil,GEO,2655,2014-02-27,#D52B1E
Gharamian Tigran,FRA,2655,2014-02-27,#D52B1E
Efimenko Zahar,UKR,2655,2014-02-27,#D52B1E
Balogh Csaba,HUN,2654,2014-02-27,#D52B1E
Motylev Alexander,RUS,2654,2014-02-27,#D52B1E
Popov Ivan,RUS,2653,2014-02-27,#D52B1E
Romanov Evgeny,RUS,2653,2014-02-27,#D52B1E
Zvjaginsev Vadim,RUS,2653,2014-02-27,#D52B1E
Carlsen Magnus,NOR,2881,2014-03-27,#D52B1E
Aronian Levon,ARM,2830,2014-03-27,#D52B1E
Kramnik Vladimir,RUS,2787,2014-03-27,#D52B1E
Topalov Veselin,BUL,2785,2014-03-27,#D52B1E
Caruana Fabiano,ITA,2783,2014-03-27,#D52B1E
Grischuk Alexander,RUS,2777,2014-03-27,#D52B1E
Nakamura Hikaru,USA,2772,2014-03-27,#D52B1E
Anand Viswanathan,IND,2770,2014-03-27,#D52B1E
Karjakin Sergey,RUS,2766,2014-03-27,#D52B1E
Vachier-Lagrave Maxime,FRA,2758,2014-03-27,#D52B1E
Svidler Peter,RUS,2758,2014-03-27,#D52B1E
Dominguez Perez Leinier,CUB,2757,2014-03-27,#D52B1E
Mamedyarov Shakhriyar,AZE,2757,2014-03-27,#D52B1E
Ivanchuk Vassily,UKR,2753,2014-03-27,#D52B1E
Gelfand Boris,ISR,2753,2014-03-27,#D52B1E
Adams Michael,ENG,2751,2014-03-27,#D52B1E
Vitiugov Nikita,RUS,2747,2014-03-27,#D52B1E
Giri Anish,NED,2745,2014-03-27,#D52B1E
Bacrot Etienne,FRA,2739,2014-03-27,#D52B1E
So Wesley,PHI,2738,2014-03-27,#D52B1E
Wang Hao,CHN,2734,2014-03-27,#D52B1E
Nepomniachtchi Ian,RUS,2732,2014-03-27,#D52B1E
Leko Peter,HUN,2730,2014-03-27,#D52B1E
Eljanov Pavel,UKR,2723,2014-03-27,#D52B1E
Jakovenko Dmitry,RUS,2723,2014-03-27,#D52B1E
Morozevich Alexander,RUS,2722,2014-03-27,#D52B1E
Ponomariov Ruslan,UKR,2721,2014-03-27,#D52B1E
Korobov Anton,UKR,2719,2014-03-27,#D52B1E
Ding Liren,CHN,2717,2014-03-27,#D52B1E
Malakhov Vladimir,RUS,2717,2014-03-27,#D52B1E
Wang Yue,CHN,2717,2014-03-27,#D52B1E
Jobava Baadur,GEO,2716,2014-03-27,#D52B1E
Harikrishna P.,IND,2714,2014-03-27,#D52B1E
Khismatullin Denis,RUS,2714,2014-03-27,#D52B1E
Shirov Alexei,LAT,2713,2014-03-27,#D52B1E
Wojtaszek Radoslaw,POL,2713,2014-03-27,#D52B1E
Radjabov Teimour,AZE,2713,2014-03-27,#D52B1E
Moiseenko Alexander,UKR,2712,2014-03-27,#D52B1E
Tomashevsky Evgeny,RUS,2711,2014-03-27,#D52B1E
Kamsky Gata,USA,2709,2014-03-27,#D52B1E
Fressinet Laurent,FRA,2709,2014-03-27,#D52B1E
Andreikin Dmitry,RUS,2709,2014-03-27,#D52B1E
Le Quang Liem,VIE,2709,2014-03-27,#D52B1E
Almasi Zoltan,HUN,2707,2014-03-27,#D52B1E
Naiditsch Arkadij,GER,2706,2014-03-27,#D52B1E
Kryvoruchko Yuriy,UKR,2706,2014-03-27,#D52B1E
Rublevsky Sergei,RUS,2706,2014-03-27,#D52B1E
Areshchenko Alexander,UKR,2705,2014-03-27,#D52B1E
Li Chao b,CHN,2700,2014-03-27,#D52B1E
Navara David,CZE,2700,2014-03-27,#D52B1E
Bu Xiangzhi,CHN,2699,2014-03-27,#D52B1E
Inarkiev Ernesto,RUS,2698,2014-03-27,#D52B1E
Vallejo Pons Francisco,ESP,2697,2014-03-27,#D52B1E
Matlakov Maxim,RUS,2695,2014-03-27,#D52B1E
Kasimdzhanov Rustam,UZB,2693,2014-03-27,#D52B1E
Polgar Judit,HUN,2693,2014-03-27,#D52B1E
Alekseev Evgeny,RUS,2692,2014-03-27,#D52B1E
Nisipeanu Liviu-Dieter,ROU,2692,2014-03-27,#D52B1E
Rodshtein Maxim,ISR,2691,2014-03-27,#D52B1E
Riazantsev Alexander,RUS,2689,2014-03-27,#D52B1E
Berkes Ferenc,HUN,2687,2014-03-27,#D52B1E
Van Wely Loek,NED,2684,2014-03-27,#D52B1E
McShane Luke J,ENG,2683,2014-03-27,#D52B1E
Akopian Vladimir,ARM,2682,2014-03-27,#D52B1E
Rapport Richard,HUN,2681,2014-03-27,#D52B1E
Cheparinov Ivan,BUL,2681,2014-03-27,#D52B1E
Laznicka Viktor,CZE,2681,2014-03-27,#D52B1E
Granda Zuniga Julio E,PER,2680,2014-03-27,#D52B1E
Dreev Aleksey,RUS,2679,2014-03-27,#D52B1E
Onischuk Alexander,USA,2679,2014-03-27,#D52B1E
Bruzon Batista Lazaro,CUB,2678,2014-03-27,#D52B1E
Movsesian Sergei,ARM,2678,2014-03-27,#D52B1E
Sargissian Gabriel,ARM,2676,2014-03-27,#D52B1E
Sasikiran Krishnan,IND,2676,2014-03-27,#D52B1E
Grachev Boris,RUS,2675,2014-03-27,#D52B1E
Short Nigel D,ENG,2674,2014-03-27,#D52B1E
Volokitin Andrei,UKR,2674,2014-03-27,#D52B1E
Istratescu Andrei,FRA,2672,2014-03-27,#D52B1E
Zhigalko Sergei,BLR,2671,2014-03-27,#D52B1E
Edouard Romain,FRA,2670,2014-03-27,#D52B1E
Yu Yangyi,CHN,2664,2014-03-27,#D52B1E
Bartel Mateusz,POL,2662,2014-03-27,#D52B1E
Saric Ivan,CRO,2661,2014-03-27,#D52B1E
Mamedov Rauf,AZE,2660,2014-03-27,#D52B1E
Ni Hua,CHN,2658,2014-03-27,#D52B1E
Khairullin Ildar,RUS,2657,2014-03-27,#D52B1E
Efimenko Zahar,UKR,2657,2014-03-27,#D52B1E
Amin Bassem,EGY,2657,2014-03-27,#D52B1E
Motylev Alexander,RUS,2656,2014-03-27,#D52B1E
Safarli Eltaj,AZE,2656,2014-03-27,#D52B1E
Gharamian Tigran,FRA,2655,2014-03-27,#D52B1E
Lysyj Igor,RUS,2655,2014-03-27,#D52B1E
Lenic Luka,SLO,2654,2014-03-27,#D52B1E
Erdos Viktor,HUN,2654,2014-03-27,#D52B1E
Sjugirov Sanan,RUS,2653,2014-03-27,#D52B1E
Nielsen Peter Heine,DEN,2653,2014-03-27,#D52B1E
Zvjaginsev Vadim,RUS,2653,2014-03-27,#D52B1E
Sutovsky Emil,ISR,2652,2014-03-27,#D52B1E
Tiviakov Sergei,NED,2651,2014-03-27,#D52B1E
Socko Bartosz,POL,2651,2014-03-27,#D52B1E
Balogh Csaba,HUN,2651,2014-03-27,#D52B1E
Jones Gawain C B,ENG,2651,2014-03-27,#D52B1E
Carlsen Magnus,NOR,2881,2014-04-27,#D52B1E
Aronian Levon,ARM,2812,2014-04-27,#D52B1E
Anand Viswanathan,IND,2785,2014-04-27,#D52B1E
Kramnik Vladimir,RUS,2783,2014-04-27,#D52B1E
Caruana Fabiano,ITA,2783,2014-04-27,#D52B1E
Grischuk Alexander,RUS,2777,2014-04-27,#D52B1E
Karjakin Sergey,RUS,2772,2014-04-27,#D52B1E
Topalov Veselin,BUL,2772,2014-04-27,#D52B1E
Nakamura Hikaru,USA,2772,2014-04-27,#D52B1E
Mamedyarov Shakhriyar,AZE,2760,2014-04-27,#D52B1E
Vachier-Lagrave Maxime,FRA,2758,2014-04-27,#D52B1E
Dominguez Perez Leinier,CUB,2757,2014-04-27,#D52B1E
Svidler Peter,RUS,2756,2014-04-27,#D52B1E
Adams Michael,ENG,2753,2014-04-27,#D52B1E
Gelfand Boris,ISR,2753,2014-04-27,#D52B1E
Ivanchuk Vassily,UKR,2753,2014-04-27,#D52B1E
Vitiugov Nikita,RUS,2747,2014-04-27,#D52B1E
Giri Anish,NED,2745,2014-04-27,#D52B1E
So Wesley,PHI,2738,2014-04-27,#D52B1E
Wang Hao,CHN,2734,2014-04-27,#D52B1E
Eljanov Pavel,UKR,2732,2014-04-27,#D52B1E
Nepomniachtchi Ian,RUS,2732,2014-04-27,#D52B1E
Leko Peter,HUN,2730,2014-04-27,#D52B1E
Jakovenko Dmitry,RUS,2726,2014-04-27,#D52B1E
Harikrishna P.,IND,2726,2014-04-27,#D52B1E
Ponomariov Ruslan,UKR,2723,2014-04-27,#D52B1E
Andreikin Dmitry,RUS,2722,2014-04-27,#D52B1E
Bacrot Etienne,FRA,2722,2014-04-27,#D52B1E
Morozevich Alexander,RUS,2722,2014-04-27,#D52B1E
Wang Yue,CHN,2717,2014-04-27,#D52B1E
Wojtaszek Radoslaw,POL,2716,2014-04-27,#D52B1E
Kamsky Gata,USA,2714,2014-04-27,#D52B1E
Radjabov Teimour,AZE,2713,2014-04-27,#D52B1E
Li Chao b,CHN,2711,2014-04-27,#D52B1E
Fressinet Laurent,FRA,2711,2014-04-27,#D52B1E
Ding Liren,CHN,2710,2014-04-27,#D52B1E
Le Quang Liem,VIE,2710,2014-04-27,#D52B1E
Moiseenko Alexander,UKR,2707,2014-04-27,#D52B1E
Navara David,CZE,2706,2014-04-27,#D52B1E
Naiditsch Arkadij,GER,2706,2014-04-27,#D52B1E
Jobava Baadur,GEO,2706,2014-04-27,#D52B1E
Rublevsky Sergei,RUS,2706,2014-04-27,#D52B1E
Kryvoruchko Yuriy,UKR,2704,2014-04-27,#D52B1E
Shirov Alexei,LAT,2702,2014-04-27,#D52B1E
Areshchenko Alexander,UKR,2701,2014-04-27,#D52B1E
Malakhov Vladimir,RUS,2701,2014-04-27,#D52B1E
Bu Xiangzhi,CHN,2699,2014-04-27,#D52B1E
Rapport Richard,HUN,2698,2014-04-27,#D52B1E
Korobov Anton,UKR,2698,2014-04-27,#D52B1E
Tomashevsky Evgeny,RUS,2697,2014-04-27,#D52B1E
Almasi Zoltan,HUN,2693,2014-04-27,#D52B1E
Vallejo Pons Francisco,ESP,2693,2014-04-27,#D52B1E
Kasimdzhanov Rustam,UZB,2693,2014-04-27,#D52B1E
Inarkiev Ernesto,RUS,2691,2014-04-27,#D52B1E
Matlakov Maxim,RUS,2690,2014-04-27,#D52B1E
Riazantsev Alexander,RUS,2688,2014-04-27,#D52B1E
Cheparinov Ivan,BUL,2686,2014-04-27,#D52B1E
Nisipeanu Liviu-Dieter,ROU,2686,2014-04-27,#D52B1E
Motylev Alexander,RUS,2685,2014-04-27,#D52B1E
Polgar Judit,HUN,2685,2014-04-27,#D52B1E
Granda Zuniga Julio E,PER,2685,2014-04-27,#D52B1E
Van Wely Loek,NED,2685,2014-04-27,#D52B1E
Sargissian Gabriel,ARM,2684,2014-04-27,#D52B1E
Khismatullin Denis,RUS,2681,2014-04-27,#D52B1E
Berkes Ferenc,HUN,2680,2014-04-27,#D52B1E
Sasikiran Krishnan,IND,2680,2014-04-27,#D52B1E
Onischuk Alexander,USA,2679,2014-04-27,#D52B1E
Alekseev Evgeny,RUS,2678,2014-04-27,#D52B1E
Rodshtein Maxim,ISR,2678,2014-04-27,#D52B1E
Bruzon Batista Lazaro,CUB,2678,2014-04-27,#D52B1E
Zhigalko Sergei,BLR,2675,2014-04-27,#D52B1E
Akopian Vladimir,ARM,2674,2014-04-27,#D52B1E
McShane Luke J,ENG,2674,2014-04-27,#D52B1E
Laznicka Viktor,CZE,2673,2014-04-27,#D52B1E
Dreev Aleksey,RUS,2670,2014-04-27,#D52B1E
Movsesian Sergei,ARM,2670,2014-04-27,#D52B1E
Edouard Romain,FRA,2670,2014-04-27,#D52B1E
Yu Yangyi,CHN,2667,2014-04-27,#D52B1E
Istratescu Andrei,FRA,2667,2014-04-27,#D52B1E
Saric Ivan,CRO,2665,2014-04-27,#D52B1E
Fedoseev Vladimir,RUS,2663,2014-04-27,#D52B1E
Lysyj Igor,RUS,2662,2014-04-27,#D52B1E
Short Nigel D,ENG,2661,2014-04-27,#D52B1E
Lupulescu Constantin,ROU,2660,2014-04-27,#D52B1E
Mamedov Rauf,AZE,2660,2014-04-27,#D52B1E
Bartel Mateusz,POL,2659,2014-04-27,#D52B1E
Grachev Boris,RUS,2659,2014-04-27,#D52B1E
Efimenko Zahar,UKR,2657,2014-04-27,#D52B1E
Balogh Csaba,HUN,2656,2014-04-27,#D52B1E
Smirin Ilia,ISR,2656,2014-04-27,#D52B1E
Safarli Eltaj,AZE,2656,2014-04-27,#D52B1E
Najer Evgeniy,RUS,2655,2014-04-27,#D52B1E
Lenic Luka,SLO,2655,2014-04-27,#D52B1E
Gharamian Tigran,FRA,2655,2014-04-27,#D52B1E
Ni Hua,CHN,2654,2014-04-27,#D52B1E
Howell David W L,ENG,2654,2014-04-27,#D52B1E
Nielsen Peter Heine,DEN,2654,2014-04-27,#D52B1E
Sjugirov Sanan,RUS,2653,2014-04-27,#D52B1E
Popov Ivan,RUS,2651,2014-04-27,#D52B1E
Erdos Viktor,HUN,2651,2014-04-27,#D52B1E
Tiviakov Sergei,NED,2651,2014-04-27,#D52B1E
Carlsen Magnus,NOR,2882,2014-05-27,#D52B1E
Aronian Levon,ARM,2815,2014-05-27,#D52B1E
Grischuk Alexander,RUS,2792,2014-05-27,#D52B1E
Anand Viswanathan,IND,2785,2014-05-27,#D52B1E
Caruana Fabiano,ITA,2783,2014-05-27,#D52B1E
Kramnik Vladimir,RUS,2783,2014-05-27,#D52B1E
Nakamura Hikaru,USA,2772,2014-05-27,#D52B1E
Topalov Veselin,BUL,2772,2014-05-27,#D52B1E
Karjakin Sergey,RUS,2770,2014-05-27,#D52B1E
Dominguez Perez Leinier,CUB,2768,2014-05-27,#D52B1E
Mamedyarov Shakhriyar,AZE,2760,2014-05-27,#D52B1E
Vachier-Lagrave Maxime,FRA,2758,2014-05-27,#D52B1E
Svidler Peter,RUS,2753,2014-05-27,#D52B1E
Gelfand Boris,ISR,2753,2014-05-27,#D52B1E
Ivanchuk Vassily,UKR,2753,2014-05-27,#D52B1E
Adams Michael,ENG,2750,2014-05-27,#D52B1E
Giri Anish,NED,2746,2014-05-27,#D52B1E
Vitiugov Nikita,RUS,2742,2014-05-27,#D52B1E
Leko Peter,HUN,2737,2014-05-27,#D52B1E
Nepomniachtchi Ian,RUS,2735,2014-05-27,#D52B1E
Wang Hao,CHN,2734,2014-05-27,#D52B1E
Eljanov Pavel,UKR,2732,2014-05-27,#D52B1E
So Wesley,PHI,2731,2014-05-27,#D52B1E
Jakovenko Dmitry,RUS,2730,2014-05-27,#D52B1E
Harikrishna P.,IND,2726,2014-05-27,#D52B1E
Wojtaszek Radoslaw,POL,2724,2014-05-27,#D52B1E
Ponomariov Ruslan,UKR,2723,2014-05-27,#D52B1E
Andreikin Dmitry,RUS,2722,2014-05-27,#D52B1E
Bacrot Etienne,FRA,2721,2014-05-27,#D52B1E
Morozevich Alexander,RUS,2719,2014-05-27,#D52B1E
Ding Liren,CHN,2714,2014-05-27,#D52B1E
Kamsky Gata,USA,2713,2014-05-27,#D52B1E
Wang Yue,CHN,2713,2014-05-27,#D52B1E
Radjabov Teimour,AZE,2713,2014-05-27,#D52B1E
Jobava Baadur,GEO,2712,2014-05-27,#D52B1E
Le Quang Liem,VIE,2712,2014-05-27,#D52B1E
Fressinet Laurent,FRA,2711,2014-05-27,#D52B1E
Li Chao b,CHN,2711,2014-05-27,#D52B1E
Navara David,CZE,2708,2014-05-27,#D52B1E
Moiseenko Alexander,UKR,2707,2014-05-27,#D52B1E
Shirov Alexei,LAT,2703,2014-05-27,#D52B1E
Kryvoruchko Yuriy,UKR,2703,2014-05-27,#D52B1E
Rapport Richard,HUN,2701,2014-05-27,#D52B1E
Areshchenko Alexander,UKR,2701,2014-05-27,#D52B1E
Naiditsch Arkadij,GER,2700,2014-05-27,#D52B1E
Kasimdzhanov Rustam,UZB,2700,2014-05-27,#D52B1E
Vallejo Pons Francisco,ESP,2700,2014-05-27,#D52B1E
Rublevsky Sergei,RUS,2698,2014-05-27,#D52B1E
Korobov Anton,UKR,2696,2014-05-27,#D52B1E
Tomashevsky Evgeny,RUS,2695,2014-05-27,#D52B1E
Malakhov Vladimir,RUS,2694,2014-05-27,#D52B1E
Bu Xiangzhi,CHN,2693,2014-05-27,#D52B1E
Almasi Zoltan,HUN,2693,2014-05-27,#D52B1E
Edouard Romain,FRA,2692,2014-05-27,#D52B1E
Riazantsev Alexander,RUS,2692,2014-05-27,#D52B1E
Nisipeanu Liviu-Dieter,GER,2691,2014-05-27,#D52B1E
Matlakov Maxim,RUS,2689,2014-05-27,#D52B1E
Motylev Alexander,RUS,2687,2014-05-27,#D52B1E
Laznicka Viktor,CZE,2686,2014-05-27,#D52B1E
Cheparinov Ivan,BUL,2686,2014-05-27,#D52B1E
Polgar Judit,HUN,2685,2014-05-27,#D52B1E
Sargissian Gabriel,ARM,2684,2014-05-27,#D52B1E
Bruzon Batista Lazaro,CUB,2682,2014-05-27,#D52B1E
Inarkiev Ernesto,RUS,2682,2014-05-27,#D52B1E
Khismatullin Denis,RUS,2682,2014-05-27,#D52B1E
Yu Yangyi,CHN,2675,2014-05-27,#D52B1E
Granda Zuniga Julio E,PER,2675,2014-05-27,#D52B1E
Zhigalko Sergei,BLR,2675,2014-05-27,#D52B1E
McShane Luke J,ENG,2674,2014-05-27,#D52B1E
Alekseev Evgeny,RUS,2673,2014-05-27,#D52B1E
Movsesian Sergei,ARM,2672,2014-05-27,#D52B1E
Rodshtein Maxim,ISR,2672,2014-05-27,#D52B1E
Sasikiran Krishnan,IND,2669,2014-05-27,#D52B1E
Onischuk Alexander,USA,2668,2014-05-27,#D52B1E
Istratescu Andrei,FRA,2667,2014-05-27,#D52B1E
Akopian Vladimir,ARM,2667,2014-05-27,#D52B1E
Dreev Aleksey,RUS,2667,2014-05-27,#D52B1E
Saric Ivan,CRO,2666,2014-05-27,#D52B1E
Berkes Ferenc,HUN,2665,2014-05-27,#D52B1E
Fedoseev Vladimir,RUS,2662,2014-05-27,#D52B1E
Lysyj Igor,RUS,2661,2014-05-27,#D52B1E
Short Nigel D,ENG,2661,2014-05-27,#D52B1E
Smirin Ilia,ISR,2660,2014-05-27,#D52B1E
Mamedov Rauf,AZE,2660,2014-05-27,#D52B1E
Grachev Boris,RUS,2658,2014-05-27,#D52B1E
Tiviakov Sergei,NED,2657,2014-05-27,#D52B1E
Lenic Luka,SLO,2657,2014-05-27,#D52B1E
Van Wely Loek,NED,2656,2014-05-27,#D52B1E
Safarli Eltaj,AZE,2656,2014-05-27,#D52B1E
Landa Konstantin,RUS,2655,2014-05-27,#D52B1E
Bologan Viktor,MDA,2655,2014-05-27,#D52B1E
Gharamian Tigran,FRA,2655,2014-05-27,#D52B1E
Howell David W L,ENG,2654,2014-05-27,#D52B1E
Nielsen Peter Heine,DEN,2654,2014-05-27,#D52B1E
Ni Hua,CHN,2653,2014-05-27,#D52B1E
Gareev Timur,USA,2653,2014-05-27,#D52B1E
Najer Evgeniy,RUS,2653,2014-05-27,#D52B1E
Balogh Csaba,HUN,2651,2014-05-27,#D52B1E
Erdos Viktor,HUN,2651,2014-05-27,#D52B1E
L'Ami Erwin,NED,2651,2014-05-27,#D52B1E
Carlsen Magnus,NOR,2881,2014-06-27,#D52B1E
Aronian Levon,ARM,2815,2014-06-27,#D52B1E
Grischuk Alexander,RUS,2792,2014-06-27,#D52B1E
Caruana Fabiano,ITA,2791,2014-06-27,#D52B1E
Anand Viswanathan,IND,2785,2014-06-27,#D52B1E
Kramnik Vladimir,RUS,2783,2014-06-27,#D52B1E
Nakamura Hikaru,USA,2775,2014-06-27,#D52B1E
Topalov Veselin,BUL,2772,2014-06-27,#D52B1E
Karjakin Sergey,RUS,2771,2014-06-27,#D52B1E
Vachier-Lagrave Maxime,FRA,2762,2014-06-27,#D52B1E
Dominguez Perez Leinier,CUB,2760,2014-06-27,#D52B1E
Gelfand Boris,ISR,2753,2014-06-27,#D52B1E
Svidler Peter,RUS,2753,2014-06-27,#D52B1E
Giri Anish,NED,2752,2014-06-27,#D52B1E
So Wesley,PHI,2744,2014-06-27,#D52B1E
Mamedyarov Shakhriyar,AZE,2743,2014-06-27,#D52B1E
Adams Michael,ENG,2743,2014-06-27,#D52B1E
Vitiugov Nikita,RUS,2742,2014-06-27,#D52B1E
Ivanchuk Vassily,UKR,2738,2014-06-27,#D52B1E
Leko Peter,HUN,2737,2014-06-27,#D52B1E
Jakovenko Dmitry,RUS,2736,2014-06-27,#D52B1E
Morozevich Alexander,RUS,2731,2014-06-27,#D52B1E
Nepomniachtchi Ian,RUS,2730,2014-06-27,#D52B1E
Wang Hao,CHN,2729,2014-06-27,#D52B1E
Harikrishna P.,IND,2726,2014-06-27,#D52B1E
Navara David,CZE,2724,2014-06-27,#D52B1E
Radjabov Teimour,AZE,2724,2014-06-27,#D52B1E
Eljanov Pavel,UKR,2723,2014-06-27,#D52B1E
Ponomariov Ruslan,UKR,2723,2014-06-27,#D52B1E
Andreikin Dmitry,RUS,2722,2014-06-27,#D52B1E
Bacrot Etienne,FRA,2720,2014-06-27,#D52B1E
Fressinet Laurent,FRA,2717,2014-06-27,#D52B1E
Wojtaszek Radoslaw,POL,2715,2014-06-27,#D52B1E
Ding Liren,CHN,2714,2014-06-27,#D52B1E
Jobava Baadur,GEO,2713,2014-06-27,#D52B1E
Wang Yue,CHN,2713,2014-06-27,#D52B1E
Kamsky Gata,USA,2712,2014-06-27,#D52B1E
Le Quang Liem,VIE,2712,2014-06-27,#D52B1E
Li Chao b,CHN,2711,2014-06-27,#D52B1E
Shirov Alexei,LAT,2709,2014-06-27,#D52B1E
Kryvoruchko Yuriy,UKR,2707,2014-06-27,#D52B1E
Moiseenko Alexander,UKR,2707,2014-06-27,#D52B1E
Naiditsch Arkadij,GER,2705,2014-06-27,#D52B1E
Edouard Romain,FRA,2702,2014-06-27,#D52B1E
Areshchenko Alexander,UKR,2701,2014-06-27,#D52B1E
Rapport Richard,HUN,2701,2014-06-27,#D52B1E
Kasimdzhanov Rustam,UZB,2700,2014-06-27,#D52B1E
Vallejo Pons Francisco,ESP,2698,2014-06-27,#D52B1E
Rublevsky Sergei,RUS,2698,2014-06-27,#D52B1E
Motylev Alexander,RUS,2696,2014-06-27,#D52B1E
Nisipeanu Liviu-Dieter,GER,2696,2014-06-27,#D52B1E
Tomashevsky Evgeny,RUS,2695,2014-06-27,#D52B1E
Bruzon Batista Lazaro,CUB,2694,2014-06-27,#D52B1E
Malakhov Vladimir,RUS,2694,2014-06-27,#D52B1E
Bu Xiangzhi,CHN,2693,2014-06-27,#D52B1E
Almasi Zoltan,HUN,2692,2014-06-27,#D52B1E
Riazantsev Alexander,RUS,2692,2014-06-27,#D52B1E
Matlakov Maxim,RUS,2689,2014-06-27,#D52B1E
Sargissian Gabriel,ARM,2686,2014-06-27,#D52B1E
Polgar Judit,HUN,2685,2014-06-27,#D52B1E
Cheparinov Ivan,BUL,2682,2014-06-27,#D52B1E
Inarkiev Ernesto,RUS,2682,2014-06-27,#D52B1E
Korobov Anton,UKR,2680,2014-06-27,#D52B1E
Laznicka Viktor,CZE,2679,2014-06-27,#D52B1E
Zhigalko Sergei,BLR,2678,2014-06-27,#D52B1E
Yu Yangyi,CHN,2675,2014-06-27,#D52B1E
Granda Zuniga Julio E,PER,2674,2014-06-27,#D52B1E
Alekseev Evgeny,RUS,2673,2014-06-27,#D52B1E
Movsesian Sergei,ARM,2672,2014-06-27,#D52B1E
Rodshtein Maxim,ISR,2672,2014-06-27,#D52B1E
Khismatullin Denis,RUS,2671,2014-06-27,#D52B1E
Saric Ivan,CRO,2671,2014-06-27,#D52B1E
Lysyj Igor,RUS,2670,2014-06-27,#D52B1E
McShane Luke J,ENG,2670,2014-06-27,#D52B1E
Sasikiran Krishnan,IND,2669,2014-06-27,#D52B1E
Istratescu Andrei,FRA,2668,2014-06-27,#D52B1E
Akopian Vladimir,ARM,2667,2014-06-27,#D52B1E
Dreev Aleksey,RUS,2667,2014-06-27,#D52B1E
Short Nigel D,ENG,2665,2014-06-27,#D52B1E
Berkes Ferenc,HUN,2665,2014-06-27,#D52B1E
Landa Konstantin,RUS,2662,2014-06-27,#D52B1E
Fedoseev Vladimir,RUS,2662,2014-06-27,#D52B1E
Bologan Viktor,MDA,2661,2014-06-27,#D52B1E
Grachev Boris,RUS,2661,2014-06-27,#D52B1E
Smirin Ilia,ISR,2660,2014-06-27,#D52B1E
Mamedov Rauf,AZE,2659,2014-06-27,#D52B1E
Onischuk Alexander,USA,2659,2014-06-27,#D52B1E
Gharamian Tigran,FRA,2659,2014-06-27,#D52B1E
Lenic Luka,SLO,2659,2014-06-27,#D52B1E
Kuzubov Yuriy,UKR,2656,2014-06-27,#D52B1E
Tiviakov Sergei,NED,2656,2014-06-27,#D52B1E
Fedorchuk Sergey A.,UKR,2655,2014-06-27,#D52B1E
Jones Gawain C B,ENG,2654,2014-06-27,#D52B1E
Van Wely Loek,NED,2654,2014-06-27,#D52B1E
Nielsen Peter Heine,DEN,2654,2014-06-27,#D52B1E
Akobian Varuzhan,USA,2653,2014-06-27,#D52B1E
Iturrizaga Bonelli Eduardo,VEN,2653,2014-06-27,#D52B1E
Sadler Matthew D,ENG,2653,2014-06-27,#D52B1E
Najer Evgeniy,RUS,2653,2014-06-27,#D52B1E
Ni Hua,CHN,2653,2014-06-27,#D52B1E
Carlsen Magnus,NOR,2877,2014-07-27,#D52B1E
Aronian Levon,ARM,2805,2014-07-27,#D52B1E
Grischuk Alexander,RUS,2795,2014-07-27,#D52B1E
Caruana Fabiano,ITA,2789,2014-07-27,#D52B1E
Nakamura Hikaru,USA,2787,2014-07-27,#D52B1E
Karjakin Sergey,RUS,2786,2014-07-27,#D52B1E
Anand Viswanathan,IND,2785,2014-07-27,#D52B1E
Kramnik Vladimir,RUS,2777,2014-07-27,#D52B1E
Topalov Veselin,BUL,2772,2014-07-27,#D52B1E
Vachier-Lagrave Maxime,FRA,2766,2014-07-27,#D52B1E
Dominguez Perez Leinier,CUB,2760,2014-07-27,#D52B1E
Gelfand Boris,ISR,2753,2014-07-27,#D52B1E
Svidler Peter,RUS,2751,2014-07-27,#D52B1E
Giri Anish,NED,2750,2014-07-27,#D52B1E
Jakovenko Dmitry,RUS,2747,2014-07-27,#D52B1E
So Wesley,PHI,2744,2014-07-27,#D52B1E
Adams Michael,ENG,2743,2014-07-27,#D52B1E
Mamedyarov Shakhriyar,AZE,2743,2014-07-27,#D52B1E
Vitiugov Nikita,RUS,2742,2014-07-27,#D52B1E
Leko Peter,HUN,2737,2014-07-27,#D52B1E
Ivanchuk Vassily,UKR,2735,2014-07-27,#D52B1E
Wojtaszek Radoslaw,POL,2733,2014-07-27,#D52B1E
Morozevich Alexander,RUS,2731,2014-07-27,#D52B1E
Wang Hao,CHN,2730,2014-07-27,#D52B1E
Nepomniachtchi Ian,RUS,2730,2014-07-27,#D52B1E
Ding Liren,CHN,2726,2014-07-27,#D52B1E
Harikrishna P.,IND,2726,2014-07-27,#D52B1E
Radjabov Teimour,AZE,2724,2014-07-27,#D52B1E
Eljanov Pavel,UKR,2723,2014-07-27,#D52B1E
Ponomariov Ruslan,UKR,2723,2014-07-27,#D52B1E
Andreikin Dmitry,RUS,2722,2014-07-27,#D52B1E
Bacrot Etienne,FRA,2720,2014-07-27,#D52B1E
Kamsky Gata,USA,2717,2014-07-27,#D52B1E
Navara David,CZE,2716,2014-07-27,#D52B1E
Wang Yue,CHN,2715,2014-07-27,#D52B1E
Jobava Baadur,GEO,2713,2014-07-27,#D52B1E
Li Chao b,CHN,2711,2014-07-27,#D52B1E
Le Quang Liem,VIE,2710,2014-07-27,#D52B1E
Shirov Alexei,LAT,2709,2014-07-27,#D52B1E
Fressinet Laurent,FRA,2708,2014-07-27,#D52B1E
Kryvoruchko Yuriy,UKR,2707,2014-07-27,#D52B1E
Moiseenko Alexander,UKR,2707,2014-07-27,#D52B1E
Naiditsch Arkadij,GER,2705,2014-07-27,#D52B1E
Rapport Richard,HUN,2701,2014-07-27,#D52B1E
Tomashevsky Evgeny,RUS,2701,2014-07-27,#D52B1E
Areshchenko Alexander,UKR,2701,2014-07-27,#D52B1E
Kasimdzhanov Rustam,UZB,2700,2014-07-27,#D52B1E
Motylev Alexander,RUS,2698,2014-07-27,#D52B1E
Malakhov Vladimir,RUS,2698,2014-07-27,#D52B1E
Rublevsky Sergei,RUS,2698,2014-07-27,#D52B1E
Vallejo Pons Francisco,ESP,2698,2014-07-27,#D52B1E
Bruzon Batista Lazaro,CUB,2696,2014-07-27,#D52B1E
Almasi Zoltan,HUN,2693,2014-07-27,#D52B1E
Bu Xiangzhi,CHN,2693,2014-07-27,#D52B1E
Cheparinov Ivan,BUL,2690,2014-07-27,#D52B1E
Lysyj Igor,RUS,2686,2014-07-27,#D52B1E
Nisipeanu Liviu-Dieter,GER,2686,2014-07-27,#D52B1E
Sargissian Gabriel,ARM,2686,2014-07-27,#D52B1E
Matlakov Maxim,RUS,2685,2014-07-27,#D52B1E
Khismatullin Denis,RUS,2680,2014-07-27,#D52B1E
Korobov Anton,UKR,2680,2014-07-27,#D52B1E
Edouard Romain,FRA,2679,2014-07-27,#D52B1E
Laznicka Viktor,CZE,2679,2014-07-27,#D52B1E
Riazantsev Alexander,RUS,2678,2014-07-27,#D52B1E
Zhigalko Sergei,BLR,2678,2014-07-27,#D52B1E
Polgar Judit,HUN,2676,2014-07-27,#D52B1E
Alekseev Evgeny,RUS,2675,2014-07-27,#D52B1E
Ni Hua,CHN,2674,2014-07-27,#D52B1E
Granda Zuniga Julio E,PER,2674,2014-07-27,#D52B1E
Grachev Boris,RUS,2672,2014-07-27,#D52B1E
Movsesian Sergei,ARM,2672,2014-07-27,#D52B1E
Rodshtein Maxim,ISR,2671,2014-07-27,#D52B1E
Saric Ivan,CRO,2671,2014-07-27,#D52B1E
Istratescu Andrei,FRA,2670,2014-07-27,#D52B1E
Yu Yangyi,CHN,2670,2014-07-27,#D52B1E
Landa Konstantin,RUS,2670,2014-07-27,#D52B1E
McShane Luke J,ENG,2670,2014-07-27,#D52B1E
Sasikiran Krishnan,IND,2669,2014-07-27,#D52B1E
Fedoseev Vladimir,RUS,2668,2014-07-27,#D52B1E
Inarkiev Ernesto,RUS,2666,2014-07-27,#D52B1E
Jones Gawain C B,ENG,2665,2014-07-27,#D52B1E
Fedorchuk Sergey A.,UKR,2665,2014-07-27,#D52B1E
Short Nigel D,ENG,2665,2014-07-27,#D52B1E
Zvjaginsev Vadim,RUS,2662,2014-07-27,#D52B1E
Dreev Aleksey,RUS,2662,2014-07-27,#D52B1E
Gajewski Grzegorz,POL,2659,2014-07-27,#D52B1E
Lenic Luka,SLO,2659,2014-07-27,#D52B1E
Mamedov Rauf,AZE,2659,2014-07-27,#D52B1E
Onischuk Alexander,USA,2659,2014-07-27,#D52B1E
Berkes Ferenc,HUN,2658,2014-07-27,#D52B1E
Van Wely Loek,NED,2657,2014-07-27,#D52B1E
Gharamian Tigran,FRA,2656,2014-07-27,#D52B1E
Kuzubov Yuriy,UKR,2656,2014-07-27,#D52B1E
Tiviakov Sergei,NED,2656,2014-07-27,#D52B1E
Akopian Vladimir,ARM,2655,2014-07-27,#D52B1E
Quesada Perez Yuniesky,CUB,2655,2014-07-27,#D52B1E
Baklan Vladimir,UKR,2655,2014-07-27,#D52B1E
Bologan Viktor,MDA,2654,2014-07-27,#D52B1E
Nielsen Peter Heine,DEN,2654,2014-07-27,#D52B1E
Akobian Varuzhan,USA,2653,2014-07-27,#D52B1E
Iturrizaga Bonelli Eduardo,VEN,2653,2014-07-27,#D52B1E
Sadler Matthew D,ENG,2653,2014-07-27,#D52B1E
Carlsen Magnus,NOR,2877,2014-08-27,#D52B1E
Aronian Levon,ARM,2805,2014-08-27,#D52B1E
Caruana Fabiano,ITA,2801,2014-08-27,#D52B1E
Grischuk Alexander,RUS,2795,2014-08-27,#D52B1E
Nakamura Hikaru,USA,2787,2014-08-27,#D52B1E
Karjakin Sergey,RUS,2786,2014-08-27,#D52B1E
Anand Viswanathan,IND,2785,2014-08-27,#D52B1E
Topalov Veselin,BUL,2772,2014-08-27,#D52B1E
Vachier-Lagrave Maxime,FRA,2768,2014-08-27,#D52B1E
Kramnik Vladimir,RUS,2760,2014-08-27,#D52B1E
Dominguez Perez Leinier,CUB,2760,2014-08-27,#D52B1E
So Wesley,PHI,2755,2014-08-27,#D52B1E
Gelfand Boris,ISR,2753,2014-08-27,#D52B1E
Svidler Peter,RUS,2751,2014-08-27,#D52B1E
Jakovenko Dmitry,RUS,2747,2014-08-27,#D52B1E
Giri Anish,NED,2745,2014-08-27,#D52B1E
Ivanchuk Vassily,UKR,2744,2014-08-27,#D52B1E
Mamedyarov Shakhriyar,AZE,2743,2014-08-27,#D52B1E
Ding Liren,CHN,2742,2014-08-27,#D52B1E
Vitiugov Nikita,RUS,2742,2014-08-27,#D52B1E
Adams Michael,ENG,2740,2014-08-27,#D52B1E
Leko Peter,HUN,2740,2014-08-27,#D52B1E
Wojtaszek Radoslaw,POL,2735,2014-08-27,#D52B1E
Morozevich Alexander,RUS,2731,2014-08-27,#D52B1E
Wang Hao,CHN,2730,2014-08-27,#D52B1E
Harikrishna P.,IND,2725,2014-08-27,#D52B1E
Radjabov Teimour,AZE,2724,2014-08-27,#D52B1E
Eljanov Pavel,UKR,2723,2014-08-27,#D52B1E
Andreikin Dmitry,RUS,2722,2014-08-27,#D52B1E
Bacrot Etienne,FRA,2720,2014-08-27,#D52B1E
Wang Yue,CHN,2718,2014-08-27,#D52B1E
Ponomariov Ruslan,UKR,2717,2014-08-27,#D52B1E
Navara David,CZE,2716,2014-08-27,#D52B1E
Nepomniachtchi Ian,RUS,2714,2014-08-27,#D52B1E
Jobava Baadur,GEO,2713,2014-08-27,#D52B1E
Li Chao b,CHN,2711,2014-08-27,#D52B1E
Le Quang Liem,VIE,2710,2014-08-27,#D52B1E
Naiditsch Arkadij,GER,2709,2014-08-27,#D52B1E
Shirov Alexei,LAT,2709,2014-08-27,#D52B1E
Kryvoruchko Yuriy,UKR,2708,2014-08-27,#D52B1E
Fressinet Laurent,FRA,2708,2014-08-27,#D52B1E
Bu Xiangzhi,CHN,2707,2014-08-27,#D52B1E
Moiseenko Alexander,UKR,2707,2014-08-27,#D52B1E
Kamsky Gata,USA,2706,2014-08-27,#D52B1E
Rapport Richard,HUN,2704,2014-08-27,#D52B1E
Tomashevsky Evgeny,RUS,2701,2014-08-27,#D52B1E
Kasimdzhanov Rustam,UZB,2700,2014-08-27,#D52B1E
Rublevsky Sergei,RUS,2698,2014-08-27,#D52B1E
Vallejo Pons Francisco,ESP,2698,2014-08-27,#D52B1E
Malakhov Vladimir,RUS,2696,2014-08-27,#D52B1E
Almasi Zoltan,HUN,2690,2014-08-27,#D52B1E
Nisipeanu Liviu-Dieter,GER,2689,2014-08-27,#D52B1E
Motylev Alexander,RUS,2686,2014-08-27,#D52B1E
Lysyj Igor,RUS,2686,2014-08-27,#D52B1E
Sargissian Gabriel,ARM,2686,2014-08-27,#D52B1E
Matlakov Maxim,RUS,2685,2014-08-27,#D52B1E
Areshchenko Alexander,UKR,2684,2014-08-27,#D52B1E
Khismatullin Denis,RUS,2681,2014-08-27,#D52B1E
Cheparinov Ivan,BUL,2681,2014-08-27,#D52B1E
Edouard Romain,FRA,2680,2014-08-27,#D52B1E
Korobov Anton,UKR,2680,2014-08-27,#D52B1E
Riazantsev Alexander,RUS,2678,2014-08-27,#D52B1E
Zhigalko Sergei,BLR,2678,2014-08-27,#D52B1E
Laznicka Viktor,CZE,2676,2014-08-27,#D52B1E
Polgar Judit,HUN,2676,2014-08-27,#D52B1E
Alekseev Evgeny,RUS,2675,2014-08-27,#D52B1E
Fedoseev Vladimir,RUS,2672,2014-08-27,#D52B1E
Grachev Boris,RUS,2672,2014-08-27,#D52B1E
Movsesian Sergei,ARM,2672,2014-08-27,#D52B1E
Rodshtein Maxim,ISR,2671,2014-08-27,#D52B1E
Saric Ivan,CRO,2671,2014-08-27,#D52B1E
Landa Konstantin,RUS,2670,2014-08-27,#D52B1E
McShane Luke J,ENG,2670,2014-08-27,#D52B1E
Sasikiran Krishnan,IND,2669,2014-08-27,#D52B1E
Yu Yangyi,CHN,2668,2014-08-27,#D52B1E
Kuzubov Yuriy,UKR,2667,2014-08-27,#D52B1E
Ni Hua,CHN,2666,2014-08-27,#D52B1E
Inarkiev Ernesto,RUS,2666,2014-08-27,#D52B1E
Fedorchuk Sergey A.,UKR,2665,2014-08-27,#D52B1E
Jones Gawain C B,ENG,2665,2014-08-27,#D52B1E
Short Nigel D,ENG,2665,2014-08-27,#D52B1E
Bruzon Batista Lazaro,CUB,2664,2014-08-27,#D52B1E
Tiviakov Sergei,NED,2664,2014-08-27,#D52B1E
Granda Zuniga Julio E,PER,2663,2014-08-27,#D52B1E
Van Wely Loek,NED,2662,2014-08-27,#D52B1E
Dreev Aleksey,RUS,2662,2014-08-27,#D52B1E
Hou Yifan,CHN,2661,2014-08-27,#D52B1E
Zvjaginsev Vadim,RUS,2659,2014-08-27,#D52B1E
Gajewski Grzegorz,POL,2659,2014-08-27,#D52B1E
Lenic Luka,SLO,2659,2014-08-27,#D52B1E
Mamedov Rauf,AZE,2659,2014-08-27,#D52B1E
Onischuk Alexander,USA,2659,2014-08-27,#D52B1E
Sjugirov Sanan,RUS,2658,2014-08-27,#D52B1E
Bauer Christian,FRA,2658,2014-08-27,#D52B1E
Berkes Ferenc,HUN,2658,2014-08-27,#D52B1E
Gharamian Tigran,FRA,2657,2014-08-27,#D52B1E
Istratescu Andrei,FRA,2656,2014-08-27,#D52B1E
Smirin Ilia,ISR,2656,2014-08-27,#D52B1E
Melkumyan Hrant,ARM,2655,2014-08-27,#D52B1E
Delchev Aleksander,BUL,2655,2014-08-27,#D52B1E
Akopian Vladimir,ARM,2655,2014-08-27,#D52B1E
Baklan Vladimir,UKR,2655,2014-08-27,#D52B1E
Carlsen Magnus,NOR,2870,2014-09-27,#D52B1E
Aronian Levon,ARM,2804,2014-09-27,#D52B1E
Caruana Fabiano,ITA,2801,2014-09-27,#D52B1E
Grischuk Alexander,RUS,2789,2014-09-27,#D52B1E
Anand Viswanathan,IND,2785,2014-09-27,#D52B1E
Topalov Veselin,BUL,2784,2014-09-27,#D52B1E
Nakamura Hikaru,USA,2782,2014-09-27,#D52B1E
Karjakin Sergey,RUS,2777,2014-09-27,#D52B1E
Vachier-Lagrave Maxime,FRA,2768,2014-09-27,#D52B1E
Kramnik Vladimir,RUS,2760,2014-09-27,#D52B1E
Giri Anish,NED,2758,2014-09-27,#D52B1E
Mamedyarov Shakhriyar,AZE,2756,2014-09-27,#D52B1E
Dominguez Perez Leinier,CUB,2755,2014-09-27,#D52B1E
So Wesley,PHI,2755,2014-09-27,#D52B1E
Ding Liren,CHN,2754,2014-09-27,#D52B1E
Adams Michael,ENG,2752,2014-09-27,#D52B1E
Gelfand Boris,ISR,2748,2014-09-27,#D52B1E
Jakovenko Dmitry,RUS,2747,2014-09-27,#D52B1E
Vitiugov Nikita,RUS,2742,2014-09-27,#D52B1E
Wojtaszek Radoslaw,POL,2736,2014-09-27,#D52B1E
Leko Peter,HUN,2734,2014-09-27,#D52B1E
Svidler Peter,RUS,2732,2014-09-27,#D52B1E
Morozevich Alexander,RUS,2731,2014-09-27,#D52B1E
Wang Hao,CHN,2730,2014-09-27,#D52B1E
Bacrot Etienne,FRA,2729,2014-09-27,#D52B1E
Eljanov Pavel,UKR,2726,2014-09-27,#D52B1E
Ivanchuk Vassily,UKR,2726,2014-09-27,#D52B1E
Harikrishna P.,IND,2725,2014-09-27,#D52B1E
Bu Xiangzhi,CHN,2722,2014-09-27,#D52B1E
Navara David,CZE,2722,2014-09-27,#D52B1E
Andreikin Dmitry,RUS,2722,2014-09-27,#D52B1E
Ponomariov Ruslan,UKR,2717,2014-09-27,#D52B1E
Radjabov Teimour,AZE,2717,2014-09-27,#D52B1E
Naiditsch Arkadij,GER,2715,2014-09-27,#D52B1E
Rapport Richard,HUN,2713,2014-09-27,#D52B1E
Wang Yue,CHN,2713,2014-09-27,#D52B1E
Fressinet Laurent,FRA,2712,2014-09-27,#D52B1E
Vallejo Pons Francisco,ESP,2712,2014-09-27,#D52B1E
Li Chao b,CHN,2711,2014-09-27,#D52B1E
Nepomniachtchi Ian,RUS,2710,2014-09-27,#D52B1E
Jobava Baadur,GEO,2708,2014-09-27,#D52B1E
Kryvoruchko Yuriy,UKR,2708,2014-09-27,#D52B1E
Kasimdzhanov Rustam,UZB,2706,2014-09-27,#D52B1E
Le Quang Liem,VIE,2706,2014-09-27,#D52B1E
Shirov Alexei,LAT,2701,2014-09-27,#D52B1E
Tomashevsky Evgeny,RUS,2701,2014-09-27,#D52B1E
Yu Yangyi,CHN,2700,2014-09-27,#D52B1E
Moiseenko Alexander,UKR,2698,2014-09-27,#D52B1E
Rublevsky Sergei,RUS,2698,2014-09-27,#D52B1E
Malakhov Vladimir,RUS,2696,2014-09-27,#D52B1E
Matlakov Maxim,RUS,2694,2014-09-27,#D52B1E
Almasi Zoltan,HUN,2694,2014-09-27,#D52B1E
Sargissian Gabriel,ARM,2691,2014-09-27,#D52B1E
Motylev Alexander,RUS,2686,2014-09-27,#D52B1E
Lysyj Igor,RUS,2684,2014-09-27,#D52B1E
Kamsky Gata,USA,2681,2014-09-27,#D52B1E
Khismatullin Denis,RUS,2681,2014-09-27,#D52B1E
Sasikiran Krishnan,IND,2680,2014-09-27,#D52B1E
Bruzon Batista Lazaro,CUB,2679,2014-09-27,#D52B1E
Rodshtein Maxim,ISR,2678,2014-09-27,#D52B1E
Melkumyan Hrant,ARM,2678,2014-09-27,#D52B1E
Saric Ivan,CRO,2678,2014-09-27,#D52B1E
Riazantsev Alexander,RUS,2678,2014-09-27,#D52B1E
Zhigalko Sergei,BLR,2677,2014-09-27,#D52B1E
Fedoseev Vladimir,RUS,2677,2014-09-27,#D52B1E
Granda Zuniga Julio E,PER,2675,2014-09-27,#D52B1E
Laznicka Viktor,CZE,2675,2014-09-27,#D52B1E
Ni Hua,CHN,2675,2014-09-27,#D52B1E
Polgar Judit,HUN,2675,2014-09-27,#D52B1E
Alekseev Evgeny,RUS,2675,2014-09-27,#D52B1E
Edouard Romain,FRA,2674,2014-09-27,#D52B1E
Cheparinov Ivan,BUL,2674,2014-09-27,#D52B1E
Grachev Boris,RUS,2673,2014-09-27,#D52B1E
Korobov Anton,UKR,2673,2014-09-27,#D52B1E
Nisipeanu Liviu-Dieter,GER,2672,2014-09-27,#D52B1E
Inarkiev Ernesto,RUS,2672,2014-09-27,#D52B1E
Landa Konstantin,RUS,2670,2014-09-27,#D52B1E
McShane Luke J,ENG,2670,2014-09-27,#D52B1E
Negi Parimarjan,IND,2669,2014-09-27,#D52B1E
Tiviakov Sergei,NED,2668,2014-09-27,#D52B1E
Fedorchuk Sergey A.,UKR,2665,2014-09-27,#D52B1E
Onischuk Alexander,USA,2665,2014-09-27,#D52B1E
Jones Gawain C B,ENG,2664,2014-09-27,#D52B1E
Sjugirov Sanan,RUS,2664,2014-09-27,#D52B1E
Areshchenko Alexander,UKR,2664,2014-09-27,#D52B1E
Movsesian Sergei,ARM,2663,2014-09-27,#D52B1E
Hou Yifan,CHN,2663,2014-09-27,#D52B1E
Kuzubov Yuriy,UKR,2663,2014-09-27,#D52B1E
Dreev Aleksey,RUS,2662,2014-09-27,#D52B1E
Iturrizaga Bonelli Eduardo,VEN,2660,2014-09-27,#D52B1E
Balogh Csaba,HUN,2660,2014-09-27,#D52B1E
Delchev Aleksander,BUL,2660,2014-09-27,#D52B1E
Mamedov Rauf,AZE,2660,2014-09-27,#D52B1E
Nguyen Ngoc Truong Son,VIE,2659,2014-09-27,#D52B1E
Zvjaginsev Vadim,RUS,2659,2014-09-27,#D52B1E
Howell David W L,ENG,2657,2014-09-27,#D52B1E
Akopian Vladimir,ARM,2657,2014-09-27,#D52B1E
Gharamian Tigran,FRA,2657,2014-09-27,#D52B1E
Ragger Markus,AUT,2657,2014-09-27,#D52B1E
Smirin Ilia,ISR,2655,2014-09-27,#D52B1E
Safarli Eltaj,AZE,2655,2014-09-27,#D52B1E
Baklan Vladimir,UKR,2655,2014-09-27,#D52B1E
Carlsen Magnus,NOR,2863,2014-10-27,#D52B1E
Caruana Fabiano,ITA,2844,2014-10-27,#D52B1E
Topalov Veselin,BUL,2800,2014-10-27,#D52B1E
Grischuk Alexander,RUS,2797,2014-10-27,#D52B1E
Aronian Levon,ARM,2793,2014-10-27,#D52B1E
Anand Viswanathan,IND,2785,2014-10-27,#D52B1E
Giri Anish,NED,2768,2014-10-27,#D52B1E
Karjakin Sergey,RUS,2767,2014-10-27,#D52B1E
Nakamura Hikaru,USA,2764,2014-10-27,#D52B1E
Mamedyarov Shakhriyar,AZE,2764,2014-10-27,#D52B1E
Kramnik Vladimir,RUS,2760,2014-10-27,#D52B1E
Adams Michael,ENG,2758,2014-10-27,#D52B1E
Vachier-Lagrave Maxime,FRA,2757,2014-10-27,#D52B1E
So Wesley,PHI,2755,2014-10-27,#D52B1E
Dominguez Perez Leinier,CUB,2751,2014-10-27,#D52B1E
Gelfand Boris,ISR,2748,2014-10-27,#D52B1E
Jakovenko Dmitry,RUS,2747,2014-10-27,#D52B1E
Wojtaszek Radoslaw,POL,2742,2014-10-27,#D52B1E
Vitiugov Nikita,RUS,2738,2014-10-27,#D52B1E
Svidler Peter,RUS,2732,2014-10-27,#D52B1E
Leko Peter,HUN,2731,2014-10-27,#D52B1E
Ding Liren,CHN,2730,2014-10-27,#D52B1E
Harikrishna P.,IND,2727,2014-10-27,#D52B1E
Ivanchuk Vassily,UKR,2726,2014-10-27,#D52B1E
Radjabov Teimour,AZE,2726,2014-10-27,#D52B1E
Morozevich Alexander,RUS,2724,2014-10-27,#D52B1E
Andreikin Dmitry,RUS,2722,2014-10-27,#D52B1E
Rapport Richard,HUN,2720,2014-10-27,#D52B1E
Bacrot Etienne,FRA,2719,2014-10-27,#D52B1E
Eljanov Pavel,UKR,2719,2014-10-27,#D52B1E
Navara David,CZE,2718,2014-10-27,#D52B1E
Jobava Baadur,GEO,2717,2014-10-27,#D52B1E
Ponomariov Ruslan,UKR,2717,2014-10-27,#D52B1E
Vallejo Pons Francisco,ESP,2716,2014-10-27,#D52B1E
Nepomniachtchi Ian,RUS,2714,2014-10-27,#D52B1E
Fressinet Laurent,FRA,2713,2014-10-27,#D52B1E
Wang Yue,CHN,2711,2014-10-27,#D52B1E
Li Chao b,CHN,2711,2014-10-27,#D52B1E
Kryvoruchko Yuriy,UKR,2710,2014-10-27,#D52B1E
Wang Hao,CHN,2710,2014-10-27,#D52B1E
Naiditsch Arkadij,GER,2710,2014-10-27,#D52B1E
Bu Xiangzhi,CHN,2710,2014-10-27,#D52B1E
Kasimdzhanov Rustam,UZB,2706,2014-10-27,#D52B1E
Le Quang Liem,VIE,2706,2014-10-27,#D52B1E
Tomashevsky Evgeny,RUS,2701,2014-10-27,#D52B1E
Malakhov Vladimir,RUS,2699,2014-10-27,#D52B1E
Moiseenko Alexander,UKR,2698,2014-10-27,#D52B1E
Rublevsky Sergei,RUS,2698,2014-10-27,#D52B1E
Yu Yangyi,CHN,2697,2014-10-27,#D52B1E
Almasi Zoltan,HUN,2695,2014-10-27,#D52B1E
Matlakov Maxim,RUS,2692,2014-10-27,#D52B1E
Shirov Alexei,LAT,2691,2014-10-27,#D52B1E
Sargissian Gabriel,ARM,2690,2014-10-27,#D52B1E
Lysyj Igor,RUS,2686,2014-10-27,#D52B1E
Alekseev Evgeny,RUS,2682,2014-10-27,#D52B1E
Sasikiran Krishnan,IND,2682,2014-10-27,#D52B1E
Motylev Alexander,RUS,2682,2014-10-27,#D52B1E
Zhigalko Sergei,BLR,2681,2014-10-27,#D52B1E
Cheparinov Ivan,BUL,2681,2014-10-27,#D52B1E
Khismatullin Denis,RUS,2681,2014-10-27,#D52B1E
Korobov Anton,UKR,2679,2014-10-27,#D52B1E
Bruzon Batista Lazaro,CUB,2679,2014-10-27,#D52B1E
Rodshtein Maxim,ISR,2678,2014-10-27,#D52B1E
Melkumyan Hrant,ARM,2678,2014-10-27,#D52B1E
Riazantsev Alexander,RUS,2678,2014-10-27,#D52B1E
Saric Ivan,CRO,2678,2014-10-27,#D52B1E
Kamsky Gata,USA,2677,2014-10-27,#D52B1E
Ni Hua,CHN,2677,2014-10-27,#D52B1E
Polgar Judit,HUN,2675,2014-10-27,#D52B1E
Granda Zuniga Julio E,PER,2674,2014-10-27,#D52B1E
Grachev Boris,RUS,2673,2014-10-27,#D52B1E
Hou Yifan,CHN,2673,2014-10-27,#D52B1E
Fedorchuk Sergey A.,UKR,2673,2014-10-27,#D52B1E
Kuzubov Yuriy,UKR,2672,2014-10-27,#D52B1E
Inarkiev Ernesto,RUS,2672,2014-10-27,#D52B1E
McShane Luke J,ENG,2670,2014-10-27,#D52B1E
Negi Parimarjan,IND,2669,2014-10-27,#D52B1E
Berkes Ferenc,HUN,2668,2014-10-27,#D52B1E
Tiviakov Sergei,NED,2668,2014-10-27,#D52B1E
Mamedov Rauf,AZE,2667,2014-10-27,#D52B1E
Artemiev Vladislav,RUS,2666,2014-10-27,#D52B1E
Laznicka Viktor,CZE,2666,2014-10-27,#D52B1E
Nisipeanu Liviu-Dieter,GER,2665,2014-10-27,#D52B1E
Onischuk Alexander,USA,2665,2014-10-27,#D52B1E
Van Wely Loek,NED,2664,2014-10-27,#D52B1E
Jones Gawain C B,ENG,2664,2014-10-27,#D52B1E
Sjugirov Sanan,RUS,2664,2014-10-27,#D52B1E
Fedoseev Vladimir,RUS,2661,2014-10-27,#D52B1E
Balogh Csaba,HUN,2660,2014-10-27,#D52B1E
Edouard Romain,FRA,2659,2014-10-27,#D52B1E
Nguyen Ngoc Truong Son,VIE,2659,2014-10-27,#D52B1E
Ragger Markus,AUT,2658,2014-10-27,#D52B1E
Movsesian Sergei,ARM,2657,2014-10-27,#D52B1E
Akopian Vladimir,ARM,2657,2014-10-27,#D52B1E
Gharamian Tigran,FRA,2657,2014-10-27,#D52B1E
Howell David W L,ENG,2657,2014-10-27,#D52B1E
Baklan Vladimir,UKR,2656,2014-10-27,#D52B1E
Zvjaginsev Vadim,RUS,2655,2014-10-27,#D52B1E
Smirin Ilia,ISR,2655,2014-10-27,#D52B1E
Areshchenko Alexander,UKR,2654,2014-10-27,#D52B1E
Dreev Aleksey,RUS,2654,2014-10-27,#D52B1E
Nielsen Peter Heine,DEN,2654,2014-10-27,#D52B1E
Carlsen Magnus,NOR,2863,2014-11-27,#D52B1E
Caruana Fabiano,ITA,2839,2014-11-27,#D52B1E
Topalov Veselin,BUL,2800,2014-11-27,#D52B1E
Aronian Levon,ARM,2797,2014-11-27,#D52B1E
Grischuk Alexander,RUS,2795,2014-11-27,#D52B1E
Anand Viswanathan,IND,2792,2014-11-27,#D52B1E
Giri Anish,NED,2776,2014-11-27,#D52B1E
Karjakin Sergey,RUS,2770,2014-11-27,#D52B1E
Nakamura Hikaru,USA,2767,2014-11-27,#D52B1E
So Wesley,USA,2762,2014-11-27,#D52B1E
Kramnik Vladimir,RUS,2760,2014-11-27,#D52B1E
Gelfand Boris,ISR,2759,2014-11-27,#D52B1E
Mamedyarov Shakhriyar,AZE,2757,2014-11-27,#D52B1E
Vachier-Lagrave Maxime,FRA,2751,2014-11-27,#D52B1E
Adams Michael,ENG,2745,2014-11-27,#D52B1E
Jakovenko Dmitry,RUS,2745,2014-11-27,#D52B1E
Wojtaszek Radoslaw,POL,2744,2014-11-27,#D52B1E
Svidler Peter,RUS,2743,2014-11-27,#D52B1E
Vitiugov Nikita,RUS,2738,2014-11-27,#D52B1E
Leko Peter,HUN,2731,2014-11-27,#D52B1E
Radjabov Teimour,AZE,2730,2014-11-27,#D52B1E
Ding Liren,CHN,2730,2014-11-27,#D52B1E
Navara David,CZE,2727,2014-11-27,#D52B1E
Dominguez Perez Leinier,CUB,2726,2014-11-27,#D52B1E
Ivanchuk Vassily,UKR,2726,2014-11-27,#D52B1E
Harikrishna P.,IND,2725,2014-11-27,#D52B1E
Morozevich Alexander,RUS,2724,2014-11-27,#D52B1E
Jobava Baadur,GEO,2722,2014-11-27,#D52B1E
Li Chao b,CHN,2722,2014-11-27,#D52B1E
Naiditsch Arkadij,GER,2719,2014-11-27,#D52B1E
Eljanov Pavel,UKR,2719,2014-11-27,#D52B1E
Rapport Richard,HUN,2718,2014-11-27,#D52B1E
Andreikin Dmitry,RUS,2717,2014-11-27,#D52B1E
Bacrot Etienne,FRA,2716,2014-11-27,#D52B1E
Tomashevsky Evgeny,RUS,2714,2014-11-27,#D52B1E
Nepomniachtchi Ian,RUS,2714,2014-11-27,#D52B1E
Ponomariov Ruslan,UKR,2711,2014-11-27,#D52B1E
Vallejo Pons Francisco,ESP,2711,2014-11-27,#D52B1E
Wang Yue,CHN,2711,2014-11-27,#D52B1E
Wang Hao,CHN,2710,2014-11-27,#D52B1E
Kasimdzhanov Rustam,UZB,2709,2014-11-27,#D52B1E
Malakhov Vladimir,RUS,2708,2014-11-27,#D52B1E
Bu Xiangzhi,CHN,2707,2014-11-27,#D52B1E
Fressinet Laurent,FRA,2706,2014-11-27,#D52B1E
Kryvoruchko Yuriy,UKR,2706,2014-11-27,#D52B1E
Yu Yangyi,CHN,2705,2014-11-27,#D52B1E
Almasi Zoltan,HUN,2702,2014-11-27,#D52B1E
Moiseenko Alexander,UKR,2701,2014-11-27,#D52B1E
Rublevsky Sergei,RUS,2698,2014-11-27,#D52B1E
Inarkiev Ernesto,RUS,2688,2014-11-27,#D52B1E
Sargissian Gabriel,ARM,2687,2014-11-27,#D52B1E
Lysyj Igor,RUS,2686,2014-11-27,#D52B1E
Matlakov Maxim,RUS,2685,2014-11-27,#D52B1E
Cheparinov Ivan,BUL,2684,2014-11-27,#D52B1E
Shirov Alexei,LAT,2683,2014-11-27,#D52B1E
Rodshtein Maxim,ISR,2682,2014-11-27,#D52B1E
Sasikiran Krishnan,IND,2682,2014-11-27,#D52B1E
Alekseev Evgeny,RUS,2681,2014-11-27,#D52B1E
Korobov Anton,UKR,2680,2014-11-27,#D52B1E
Saric Ivan,CRO,2680,2014-11-27,#D52B1E
Motylev Alexander,RUS,2680,2014-11-27,#D52B1E
Khismatullin Denis,RUS,2679,2014-11-27,#D52B1E
Le Quang Liem,VIE,2678,2014-11-27,#D52B1E
Melkumyan Hrant,ARM,2678,2014-11-27,#D52B1E
Riazantsev Alexander,RUS,2678,2014-11-27,#D52B1E
Tiviakov Sergei,NED,2677,2014-11-27,#D52B1E
Ni Hua,CHN,2677,2014-11-27,#D52B1E
Kamsky Gata,USA,2676,2014-11-27,#D52B1E
Polgar Judit,HUN,2675,2014-11-27,#D52B1E
Sjugirov Sanan,RUS,2673,2014-11-27,#D52B1E
Hou Yifan,CHN,2673,2014-11-27,#D52B1E
Zhigalko Sergei,BLR,2672,2014-11-27,#D52B1E
McShane Luke J,ENG,2671,2014-11-27,#D52B1E
Grachev Boris,RUS,2669,2014-11-27,#D52B1E
Berkes Ferenc,HUN,2669,2014-11-27,#D52B1E
Negi Parimarjan,IND,2669,2014-11-27,#D52B1E
Bruzon Batista Lazaro,CUB,2668,2014-11-27,#D52B1E
Howell David W L,ENG,2667,2014-11-27,#D52B1E
Laznicka Viktor,CZE,2667,2014-11-27,#D52B1E
Onischuk Alexander,USA,2665,2014-11-27,#D52B1E
Fedorchuk Sergey A.,UKR,2664,2014-11-27,#D52B1E
Van Wely Loek,NED,2663,2014-11-27,#D52B1E
Bartel Mateusz,POL,2662,2014-11-27,#D52B1E
Fedoseev Vladimir,RUS,2661,2014-11-27,#D52B1E
Jones Gawain C B,ENG,2661,2014-11-27,#D52B1E
Kuzubov Yuriy,UKR,2661,2014-11-27,#D52B1E
Short Nigel D,ENG,2661,2014-11-27,#D52B1E
Artemiev Vladislav,RUS,2660,2014-11-27,#D52B1E
Edouard Romain,FRA,2659,2014-11-27,#D52B1E
Movsesian Sergei,ARM,2659,2014-11-27,#D52B1E
Nguyen Ngoc Truong Son,VIE,2659,2014-11-27,#D52B1E
Ragger Markus,AUT,2658,2014-11-27,#D52B1E
Gharamian Tigran,FRA,2658,2014-11-27,#D52B1E
Balogh Csaba,HUN,2658,2014-11-27,#D52B1E
Akopian Vladimir,ARM,2657,2014-11-27,#D52B1E
Areshchenko Alexander,UKR,2655,2014-11-27,#D52B1E
Zvjaginsev Vadim,RUS,2655,2014-11-27,#D52B1E
Granda Zuniga Julio E,PER,2654,2014-11-27,#D52B1E
Postny Evgeny,ISR,2654,2014-11-27,#D52B1E
Nielsen Peter Heine,DEN,2654,2014-11-27,#D52B1E
Carlsen Magnus,NOR,2862,2014-12-27,#D52B1E
Caruana Fabiano,ITA,2829,2014-12-27,#D52B1E
Grischuk Alexander,RUS,2810,2014-12-27,#D52B1E
Topalov Veselin,BUL,2800,2014-12-27,#D52B1E
Aronian Levon,ARM,2797,2014-12-27,#D52B1E
Anand Viswanathan,IND,2793,2014-12-27,#D52B1E
Nakamura Hikaru,USA,2775,2014-12-27,#D52B1E
Karjakin Sergey,RUS,2773,2014-12-27,#D52B1E
Kramnik Vladimir,RUS,2769,2014-12-27,#D52B1E
Giri Anish,NED,2768,2014-12-27,#D52B1E
Mamedyarov Shakhriyar,AZE,2765,2014-12-27,#D52B1E
So Wesley,USA,2762,2014-12-27,#D52B1E
Vachier-Lagrave Maxime,FRA,2758,2014-12-27,#D52B1E
Adams Michael,ENG,2745,2014-12-27,#D52B1E
Wojtaszek Radoslaw,POL,2744,2014-12-27,#D52B1E
Gelfand Boris,ISR,2743,2014-12-27,#D52B1E
Svidler Peter,RUS,2743,2014-12-27,#D52B1E
Vitiugov Nikita,RUS,2738,2014-12-27,#D52B1E
Andreikin Dmitry,RUS,2737,2014-12-27,#D52B1E
Radjabov Teimour,AZE,2734,2014-12-27,#D52B1E
Jobava Baadur,GEO,2733,2014-12-27,#D52B1E
Jakovenko Dmitry,RUS,2732,2014-12-27,#D52B1E
Ding Liren,CHN,2732,2014-12-27,#D52B1E
Naiditsch Arkadij,GER,2731,2014-12-27,#D52B1E
Li Chao b,CHN,2730,2014-12-27,#D52B1E
Harikrishna P.,IND,2727,2014-12-27,#D52B1E
Navara David,CZE,2727,2014-12-27,#D52B1E
Eljanov Pavel,UKR,2726,2014-12-27,#D52B1E
Dominguez Perez Leinier,CUB,2726,2014-12-27,#D52B1E
Leko Peter,HUN,2723,2014-12-27,#D52B1E
Wang Yue,CHN,2720,2014-12-27,#D52B1E
Bacrot Etienne,FRA,2718,2014-12-27,#D52B1E
Rapport Richard,HUN,2716,2014-12-27,#D52B1E
Ivanchuk Vassily,UKR,2715,2014-12-27,#D52B1E
Nepomniachtchi Ian,RUS,2714,2014-12-27,#D52B1E
Tomashevsky Evgeny,RUS,2714,2014-12-27,#D52B1E
Ponomariov Ruslan,UKR,2713,2014-12-27,#D52B1E
Morozevich Alexander,RUS,2712,2014-12-27,#D52B1E
Wang Hao,CHN,2710,2014-12-27,#D52B1E
Malakhov Vladimir,RUS,2708,2014-12-27,#D52B1E
Fressinet Laurent,FRA,2706,2014-12-27,#D52B1E
Vallejo Pons Francisco,ESP,2705,2014-12-27,#D52B1E
Yu Yangyi,CHN,2705,2014-12-27,#D52B1E
Almasi Zoltan,HUN,2704,2014-12-27,#D52B1E
Kasimdzhanov Rustam,UZB,2703,2014-12-27,#D52B1E
Rublevsky Sergei,RUS,2698,2014-12-27,#D52B1E
Matlakov Maxim,RUS,2695,2014-12-27,#D52B1E
Moiseenko Alexander,UKR,2694,2014-12-27,#D52B1E
Bu Xiangzhi,CHN,2691,2014-12-27,#D52B1E
Kryvoruchko Yuriy,UKR,2688,2014-12-27,#D52B1E
Korobov Anton,UKR,2687,2014-12-27,#D52B1E
Sargissian Gabriel,ARM,2687,2014-12-27,#D52B1E
Lysyj Igor,RUS,2686,2014-12-27,#D52B1E
Riazantsev Alexander,RUS,2684,2014-12-27,#D52B1E
Cheparinov Ivan,BUL,2684,2014-12-27,#D52B1E
Ni Hua,CHN,2683,2014-12-27,#D52B1E
Sasikiran Krishnan,IND,2682,2014-12-27,#D52B1E
Kuzubov Yuriy,UKR,2681,2014-12-27,#D52B1E
Kamsky Gata,USA,2681,2014-12-27,#D52B1E
Inarkiev Ernesto,RUS,2680,2014-12-27,#D52B1E
Motylev Alexander,RUS,2680,2014-12-27,#D52B1E
Saric Ivan,CRO,2679,2014-12-27,#D52B1E
Alekseev Evgeny,RUS,2679,2014-12-27,#D52B1E
Melkumyan Hrant,ARM,2678,2014-12-27,#D52B1E
Le Quang Liem,VIE,2678,2014-12-27,#D52B1E
Tiviakov Sergei,NED,2677,2014-12-27,#D52B1E
Rodshtein Maxim,ISR,2676,2014-12-27,#D52B1E
Shirov Alexei,LAT,2675,2014-12-27,#D52B1E
Polgar Judit,HUN,2675,2014-12-27,#D52B1E
Laznicka Viktor,CZE,2673,2014-12-27,#D52B1E
Hou Yifan,CHN,2673,2014-12-27,#D52B1E
McShane Luke J,ENG,2672,2014-12-27,#D52B1E
Zhigalko Sergei,BLR,2672,2014-12-27,#D52B1E
Howell David W L,ENG,2670,2014-12-27,#D52B1E
Fedorchuk Sergey A.,UKR,2669,2014-12-27,#D52B1E
Berkes Ferenc,HUN,2669,2014-12-27,#D52B1E
Grachev Boris,RUS,2669,2014-12-27,#D52B1E
Negi Parimarjan,IND,2669,2014-12-27,#D52B1E
Khismatullin Denis,RUS,2668,2014-12-27,#D52B1E
Wei Yi,CHN,2668,2014-12-27,#D52B1E
Bruzon Batista Lazaro,CUB,2668,2014-12-27,#D52B1E
Van Wely Loek,NED,2667,2014-12-27,#D52B1E
Sjugirov Sanan,RUS,2666,2014-12-27,#D52B1E
Onischuk Alexander,USA,2665,2014-12-27,#D52B1E
Bartel Mateusz,POL,2664,2014-12-27,#D52B1E
Artemiev Vladislav,RUS,2662,2014-12-27,#D52B1E
Areshchenko Alexander,UKR,2661,2014-12-27,#D52B1E
Fedoseev Vladimir,RUS,2661,2014-12-27,#D52B1E
Jones Gawain C B,ENG,2661,2014-12-27,#D52B1E
Short Nigel D,ENG,2661,2014-12-27,#D52B1E
Edouard Romain,FRA,2659,2014-12-27,#D52B1E
Nguyen Ngoc Truong Son,VIE,2659,2014-12-27,#D52B1E
Nisipeanu Liviu-Dieter,GER,2658,2014-12-27,#D52B1E
Mamedov Rauf,AZE,2658,2014-12-27,#D52B1E
Movsesian Sergei,ARM,2658,2014-12-27,#D52B1E
Sadler Matthew D,ENG,2658,2014-12-27,#D52B1E
Balogh Csaba,HUN,2658,2014-12-27,#D52B1E
Gharamian Tigran,FRA,2658,2014-12-27,#D52B1E
Akopian Vladimir,ARM,2657,2014-12-27,#D52B1E
Baklan Vladimir,UKR,2655,2014-12-27,#D52B1E
Zvjaginsev Vadim,RUS,2655,2014-12-27,#D52B1E
Carlsen Magnus,NOR,2862,2015-01-27,#D52B1E
Caruana Fabiano,ITA,2820,2015-01-27,#D52B1E
Grischuk Alexander,RUS,2810,2015-01-27,#D52B1E
Topalov Veselin,BUL,2800,2015-01-27,#D52B1E
Anand Viswanathan,IND,2797,2015-01-27,#D52B1E
Aronian Levon,ARM,2797,2015-01-27,#D52B1E
Giri Anish,NED,2784,2015-01-27,#D52B1E
Kramnik Vladimir,RUS,2783,2015-01-27,#D52B1E
Nakamura Hikaru,USA,2776,2015-01-27,#D52B1E
So Wesley,USA,2762,2015-01-27,#D52B1E
Karjakin Sergey,RUS,2760,2015-01-27,#D52B1E
Mamedyarov Shakhriyar,AZE,2759,2015-01-27,#D52B1E
Vachier-Lagrave Maxime,FRA,2757,2015-01-27,#D52B1E
Gelfand Boris,ISR,2747,2015-01-27,#D52B1E
Wojtaszek Radoslaw,POL,2744,2015-01-27,#D52B1E
Svidler Peter,RUS,2739,2015-01-27,#D52B1E
Adams Michael,ENG,2738,2015-01-27,#D52B1E
Andreikin Dmitry,RUS,2737,2015-01-27,#D52B1E
Vitiugov Nikita,RUS,2735,2015-01-27,#D52B1E
Radjabov Teimour,AZE,2734,2015-01-27,#D52B1E
Jakovenko Dmitry,RUS,2733,2015-01-27,#D52B1E
Ding Liren,CHN,2732,2015-01-27,#D52B1E
Navara David,CZE,2729,2015-01-27,#D52B1E
Li Chao b,CHN,2728,2015-01-27,#D52B1E
Eljanov Pavel,UKR,2727,2015-01-27,#D52B1E
Jobava Baadur,GEO,2727,2015-01-27,#D52B1E
Wang Yue,CHN,2726,2015-01-27,#D52B1E
Dominguez Perez Leinier,CUB,2726,2015-01-27,#D52B1E
Yu Yangyi,CHN,2724,2015-01-27,#D52B1E
Harikrishna P.,IND,2723,2015-01-27,#D52B1E
Tomashevsky Evgeny,RUS,2716,2015-01-27,#D52B1E
Rapport Richard,HUN,2716,2015-01-27,#D52B1E
Ivanchuk Vassily,UKR,2715,2015-01-27,#D52B1E
Nepomniachtchi Ian,RUS,2714,2015-01-27,#D52B1E
Wang Hao,CHN,2713,2015-01-27,#D52B1E
Leko Peter,HUN,2713,2015-01-27,#D52B1E
Ponomariov Ruslan,UKR,2713,2015-01-27,#D52B1E
Morozevich Alexander,RUS,2711,2015-01-27,#D52B1E
Bacrot Etienne,FRA,2711,2015-01-27,#D52B1E
Malakhov Vladimir,RUS,2706,2015-01-27,#D52B1E
Vallejo Pons Francisco,ESP,2706,2015-01-27,#D52B1E
Fressinet Laurent,FRA,2706,2015-01-27,#D52B1E
Kasimdzhanov Rustam,UZB,2705,2015-01-27,#D52B1E
Almasi Zoltan,HUN,2701,2015-01-27,#D52B1E
Lysyj Igor,RUS,2700,2015-01-27,#D52B1E
Rublevsky Sergei,RUS,2698,2015-01-27,#D52B1E
Moiseenko Alexander,UKR,2695,2015-01-27,#D52B1E
Matlakov Maxim,RUS,2695,2015-01-27,#D52B1E
Naiditsch Arkadij,GER,2694,2015-01-27,#D52B1E
Kryvoruchko Yuriy,UKR,2692,2015-01-27,#D52B1E
Ni Hua,CHN,2689,2015-01-27,#D52B1E
Shirov Alexei,LAT,2689,2015-01-27,#D52B1E
Korobov Anton,UKR,2687,2015-01-27,#D52B1E
Bruzon Batista Lazaro,CUB,2685,2015-01-27,#D52B1E
Bu Xiangzhi,CHN,2684,2015-01-27,#D52B1E
Riazantsev Alexander,RUS,2684,2015-01-27,#D52B1E
Sasikiran Krishnan,IND,2682,2015-01-27,#D52B1E
Cheparinov Ivan,BUL,2681,2015-01-27,#D52B1E
Zhigalko Sergei,BLR,2681,2015-01-27,#D52B1E
Rodshtein Maxim,ISR,2680,2015-01-27,#D52B1E
Alekseev Evgeny,RUS,2679,2015-01-27,#D52B1E
Sjugirov Sanan,RUS,2678,2015-01-27,#D52B1E
Le Quang Liem,VIE,2678,2015-01-27,#D52B1E
Kamsky Gata,USA,2676,2015-01-27,#D52B1E
Wei Yi,CHN,2675,2015-01-27,#D52B1E
Inarkiev Ernesto,RUS,2675,2015-01-27,#D52B1E
Polgar Judit,HUN,2675,2015-01-27,#D52B1E
Khismatullin Denis,RUS,2673,2015-01-27,#D52B1E
Melkumyan Hrant,ARM,2673,2015-01-27,#D52B1E
Hou Yifan,CHN,2673,2015-01-27,#D52B1E
McShane Luke J,ENG,2672,2015-01-27,#D52B1E
Jones Gawain C B,ENG,2671,2015-01-27,#D52B1E
Grachev Boris,RUS,2670,2015-01-27,#D52B1E
Laznicka Viktor,CZE,2670,2015-01-27,#D52B1E
Howell David W L,ENG,2670,2015-01-27,#D52B1E
Tiviakov Sergei,NED,2669,2015-01-27,#D52B1E
Negi Parimarjan,IND,2669,2015-01-27,#D52B1E
Sargissian Gabriel,ARM,2668,2015-01-27,#D52B1E
Fedoseev Vladimir,RUS,2668,2015-01-27,#D52B1E
Kuzubov Yuriy,UKR,2667,2015-01-27,#D52B1E
Van Wely Loek,NED,2667,2015-01-27,#D52B1E
Saric Ivan,CRO,2666,2015-01-27,#D52B1E
Motylev Alexander,RUS,2665,2015-01-27,#D52B1E
Onischuk Alexander,USA,2665,2015-01-27,#D52B1E
Berkes Ferenc,HUN,2664,2015-01-27,#D52B1E
Movsesian Sergei,ARM,2663,2015-01-27,#D52B1E
Petrosian Tigran L.,ARM,2663,2015-01-27,#D52B1E
Areshchenko Alexander,UKR,2661,2015-01-27,#D52B1E
Akopian Vladimir,ARM,2660,2015-01-27,#D52B1E
Short Nigel D,ENG,2660,2015-01-27,#D52B1E
Balogh Csaba,HUN,2659,2015-01-27,#D52B1E
Artemiev Vladislav,RUS,2659,2015-01-27,#D52B1E
Nguyen Ngoc Truong Son,VIE,2659,2015-01-27,#D52B1E
Zvjaginsev Vadim,RUS,2658,2015-01-27,#D52B1E
Sadler Matthew D,ENG,2658,2015-01-27,#D52B1E
Efimenko Zahar,UKR,2654,2015-01-27,#D52B1E
Bauer Christian,FRA,2654,2015-01-27,#D52B1E
Nisipeanu Liviu-Dieter,GER,2654,2015-01-27,#D52B1E
Nielsen Peter Heine,DEN,2654,2015-01-27,#D52B1E
Kovalenko Igor,LAT,2653,2015-01-27,#D52B1E
Carlsen Magnus,NOR,2865,2015-02-27,#D52B1E
Caruana Fabiano,ITA,2811,2015-02-27,#D52B1E
Grischuk Alexander,RUS,2810,2015-02-27,#D52B1E
Topalov Veselin,BUL,2800,2015-02-27,#D52B1E
Giri Anish,NED,2797,2015-02-27,#D52B1E
Anand Viswanathan,IND,2797,2015-02-27,#D52B1E
So Wesley,USA,2788,2015-02-27,#D52B1E
Kramnik Vladimir,RUS,2783,2015-02-27,#D52B1E
Aronian Levon,ARM,2777,2015-02-27,#D52B1E
Nakamura Hikaru,USA,2776,2015-02-27,#D52B1E
Vachier-Lagrave Maxime,FRA,2775,2015-02-27,#D52B1E
Karjakin Sergey,RUS,2760,2015-02-27,#D52B1E
Mamedyarov Shakhriyar,AZE,2759,2015-02-27,#D52B1E
Ding Liren,CHN,2755,2015-02-27,#D52B1E
Gelfand Boris,ISR,2747,2015-02-27,#D52B1E
Svidler Peter,RUS,2739,2015-02-27,#D52B1E
Adams Michael,ENG,2738,2015-02-27,#D52B1E
Andreikin Dmitry,RUS,2737,2015-02-27,#D52B1E
Navara David,CZE,2735,2015-02-27,#D52B1E
Vitiugov Nikita,RUS,2735,2015-02-27,#D52B1E
Wojtaszek Radoslaw,POL,2734,2015-02-27,#D52B1E
Jakovenko Dmitry,RUS,2733,2015-02-27,#D52B1E
Ivanchuk Vassily,UKR,2731,2015-02-27,#D52B1E
Radjabov Teimour,AZE,2731,2015-02-27,#D52B1E
Li Chao b,CHN,2728,2015-02-27,#D52B1E
Eljanov Pavel,UKR,2727,2015-02-27,#D52B1E
Dominguez Perez Leinier,CUB,2726,2015-02-27,#D52B1E
Wang Yue,CHN,2726,2015-02-27,#D52B1E
Yu Yangyi,CHN,2724,2015-02-27,#D52B1E
Harikrishna P.,IND,2723,2015-02-27,#D52B1E
Tomashevsky Evgeny,RUS,2716,2015-02-27,#D52B1E
Nepomniachtchi Ian,RUS,2714,2015-02-27,#D52B1E
Leko Peter,HUN,2713,2015-02-27,#D52B1E
Ponomariov Ruslan,UKR,2713,2015-02-27,#D52B1E
Wang Hao,CHN,2713,2015-02-27,#D52B1E
Bacrot Etienne,FRA,2711,2015-02-27,#D52B1E
Morozevich Alexander,RUS,2711,2015-02-27,#D52B1E
Naiditsch Arkadij,GER,2706,2015-02-27,#D52B1E
Fressinet Laurent,FRA,2706,2015-02-27,#D52B1E
Malakhov Vladimir,RUS,2706,2015-02-27,#D52B1E
Vallejo Pons Francisco,ESP,2706,2015-02-27,#D52B1E
Kasimdzhanov Rustam,UZB,2705,2015-02-27,#D52B1E
Ni Hua,CHN,2704,2015-02-27,#D52B1E
Rapport Richard,HUN,2703,2015-02-27,#D52B1E
Almasi Zoltan,HUN,2701,2015-02-27,#D52B1E
Lysyj Igor,RUS,2700,2015-02-27,#D52B1E
Rublevsky Sergei,RUS,2698,2015-02-27,#D52B1E
Jobava Baadur,GEO,2696,2015-02-27,#D52B1E
Wei Yi,CHN,2695,2015-02-27,#D52B1E
Matlakov Maxim,RUS,2695,2015-02-27,#D52B1E
Moiseenko Alexander,UKR,2695,2015-02-27,#D52B1E
Bruzon Batista Lazaro,CUB,2692,2015-02-27,#D52B1E
Kryvoruchko Yuriy,UKR,2692,2015-02-27,#D52B1E
Shirov Alexei,LAT,2689,2015-02-27,#D52B1E
Riazantsev Alexander,RUS,2688,2015-02-27,#D52B1E
Korobov Anton,UKR,2687,2015-02-27,#D52B1E
Fedoseev Vladimir,RUS,2684,2015-02-27,#D52B1E
Sasikiran Krishnan,IND,2682,2015-02-27,#D52B1E
Bu Xiangzhi,CHN,2681,2015-02-27,#D52B1E
Cheparinov Ivan,BUL,2681,2015-02-27,#D52B1E
Sjugirov Sanan,RUS,2678,2015-02-27,#D52B1E
Alekseev Evgeny,RUS,2677,2015-02-27,#D52B1E
Le Quang Liem,VIE,2676,2015-02-27,#D52B1E
Zhigalko Sergei,BLR,2675,2015-02-27,#D52B1E
Inarkiev Ernesto,RUS,2675,2015-02-27,#D52B1E
Polgar Judit,HUN,2675,2015-02-27,#D52B1E
Melkumyan Hrant,ARM,2673,2015-02-27,#D52B1E
Hou Yifan,CHN,2672,2015-02-27,#D52B1E
McShane Luke J,ENG,2672,2015-02-27,#D52B1E
Kamsky Gata,USA,2671,2015-02-27,#D52B1E
Jones Gawain C B,ENG,2670,2015-02-27,#D52B1E
Grachev Boris,RUS,2670,2015-02-27,#D52B1E
Laznicka Viktor,CZE,2670,2015-02-27,#D52B1E
Negi Parimarjan,IND,2669,2015-02-27,#D52B1E
Sargissian Gabriel,ARM,2668,2015-02-27,#D52B1E
Kuzubov Yuriy,UKR,2667,2015-02-27,#D52B1E
Berkes Ferenc,HUN,2666,2015-02-27,#D52B1E
Motylev Alexander,RUS,2665,2015-02-27,#D52B1E
Onischuk Alexander,USA,2665,2015-02-27,#D52B1E
Short Nigel D,ENG,2664,2015-02-27,#D52B1E
Howell David W L,ENG,2663,2015-02-27,#D52B1E
Movsesian Sergei,ARM,2663,2015-02-27,#D52B1E
Petrosian Tigran L.,ARM,2663,2015-02-27,#D52B1E
Saric Ivan,CRO,2661,2015-02-27,#D52B1E
Shankland Samuel L,USA,2661,2015-02-27,#D52B1E
Tiviakov Sergei,NED,2661,2015-02-27,#D52B1E
Areshchenko Alexander,UKR,2661,2015-02-27,#D52B1E
Rodshtein Maxim,ISR,2660,2015-02-27,#D52B1E
Akopian Vladimir,ARM,2660,2015-02-27,#D52B1E
Balogh Csaba,HUN,2659,2015-02-27,#D52B1E
Artemiev Vladislav,RUS,2659,2015-02-27,#D52B1E
Nguyen Ngoc Truong Son,VIE,2659,2015-02-27,#D52B1E
Sadler Matthew D,ENG,2658,2015-02-27,#D52B1E
Zvjaginsev Vadim,RUS,2658,2015-02-27,#D52B1E
Van Wely Loek,NED,2657,2015-02-27,#D52B1E
Kovalenko Igor,LAT,2656,2015-02-27,#D52B1E
Robson Ray,USA,2656,2015-02-27,#D52B1E
Efimenko Zahar,UKR,2655,2015-02-27,#D52B1E
Nielsen Peter Heine,DEN,2654,2015-02-27,#D52B1E
Nisipeanu Liviu-Dieter,GER,2654,2015-02-27,#D52B1E
Carlsen Magnus,NOR,2863,2015-03-27,#D52B1E
Caruana Fabiano,ITA,2802,2015-03-27,#D52B1E
Nakamura Hikaru,USA,2798,2015-03-27,#D52B1E
Topalov Veselin,BUL,2798,2015-03-27,#D52B1E
Grischuk Alexander,RUS,2794,2015-03-27,#D52B1E
Anand Viswanathan,IND,2791,2015-03-27,#D52B1E
Giri Anish,NED,2790,2015-03-27,#D52B1E
So Wesley,USA,2788,2015-03-27,#D52B1E
Kramnik Vladimir,RUS,2783,2015-03-27,#D52B1E
Aronian Levon,ARM,2770,2015-03-27,#D52B1E
Vachier-Lagrave Maxime,FRA,2765,2015-03-27,#D52B1E
Karjakin Sergey,RUS,2757,2015-03-27,#D52B1E
Mamedyarov Shakhriyar,AZE,2756,2015-03-27,#D52B1E
Ding Liren,CHN,2755,2015-03-27,#D52B1E
Gelfand Boris,ISR,2747,2015-03-27,#D52B1E
Tomashevsky Evgeny,RUS,2745,2015-03-27,#D52B1E
Adams Michael,ENG,2745,2015-03-27,#D52B1E
Jakovenko Dmitry,RUS,2742,2015-03-27,#D52B1E
Vitiugov Nikita,RUS,2739,2015-03-27,#D52B1E
Radjabov Teimour,AZE,2738,2015-03-27,#D52B1E
Wojtaszek Radoslaw,POL,2737,2015-03-27,#D52B1E
Navara David,CZE,2736,2015-03-27,#D52B1E
Ivanchuk Vassily,UKR,2731,2015-03-27,#D52B1E
Svidler Peter,RUS,2729,2015-03-27,#D52B1E
Harikrishna P.,IND,2729,2015-03-27,#D52B1E
Dominguez Perez Leinier,CUB,2729,2015-03-27,#D52B1E
Eljanov Pavel,UKR,2727,2015-03-27,#D52B1E
Wang Yue,CHN,2726,2015-03-27,#D52B1E
Yu Yangyi,CHN,2724,2015-03-27,#D52B1E
Andreikin Dmitry,RUS,2723,2015-03-27,#D52B1E
Li Chao b,CHN,2721,2015-03-27,#D52B1E
Nepomniachtchi Ian,RUS,2714,2015-03-27,#D52B1E
Leko Peter,HUN,2713,2015-03-27,#D52B1E
Ponomariov Ruslan,UKR,2713,2015-03-27,#D52B1E
Wang Hao,CHN,2713,2015-03-27,#D52B1E
Bacrot Etienne,FRA,2712,2015-03-27,#D52B1E
Kasimdzhanov Rustam,UZB,2712,2015-03-27,#D52B1E
Naiditsch Arkadij,GER,2711,2015-03-27,#D52B1E
Morozevich Alexander,RUS,2711,2015-03-27,#D52B1E
Rapport Richard,HUN,2709,2015-03-27,#D52B1E
Vallejo Pons Francisco,ESP,2708,2015-03-27,#D52B1E
Fressinet Laurent,FRA,2707,2015-03-27,#D52B1E
Inarkiev Ernesto,RUS,2706,2015-03-27,#D52B1E
Wei Yi,CHN,2706,2015-03-27,#D52B1E
Malakhov Vladimir,RUS,2706,2015-03-27,#D52B1E
Ni Hua,CHN,2704,2015-03-27,#D52B1E
Jobava Baadur,GEO,2699,2015-03-27,#D52B1E
Rublevsky Sergei,RUS,2698,2015-03-27,#D52B1E
Almasi Zoltan,HUN,2695,2015-03-27,#D52B1E
Kryvoruchko Yuriy,UKR,2695,2015-03-27,#D52B1E
Korobov Anton,UKR,2694,2015-03-27,#D52B1E
Matlakov Maxim,RUS,2693,2015-03-27,#D52B1E
Moiseenko Alexander,UKR,2693,2015-03-27,#D52B1E
Lysyj Igor,RUS,2691,2015-03-27,#D52B1E
Bruzon Batista Lazaro,CUB,2691,2015-03-27,#D52B1E
Shirov Alexei,LAT,2691,2015-03-27,#D52B1E
Riazantsev Alexander,RUS,2688,2015-03-27,#D52B1E
Howell David W L,ENG,2686,2015-03-27,#D52B1E
Hou Yifan,CHN,2686,2015-03-27,#D52B1E
McShane Luke J,ENG,2686,2015-03-27,#D52B1E
Kamsky Gata,USA,2683,2015-03-27,#D52B1E
Sasikiran Krishnan,IND,2682,2015-03-27,#D52B1E
Bu Xiangzhi,CHN,2681,2015-03-27,#D52B1E
Melkumyan Hrant,ARM,2676,2015-03-27,#D52B1E
Le Quang Liem,VIE,2676,2015-03-27,#D52B1E
Cheparinov Ivan,BUL,2675,2015-03-27,#D52B1E
Polgar Judit,HUN,2675,2015-03-27,#D52B1E
Zhigalko Sergei,BLR,2675,2015-03-27,#D52B1E
Fedoseev Vladimir,RUS,2674,2015-03-27,#D52B1E
Grachev Boris,RUS,2673,2015-03-27,#D52B1E
Petrosian Tigran L.,ARM,2671,2015-03-27,#D52B1E
Sjugirov Sanan,RUS,2669,2015-03-27,#D52B1E
Onischuk Alexander,USA,2669,2015-03-27,#D52B1E
Sargissian Gabriel,ARM,2668,2015-03-27,#D52B1E
Kuzubov Yuriy,UKR,2667,2015-03-27,#D52B1E
Alekseev Evgeny,RUS,2665,2015-03-27,#D52B1E
Van Wely Loek,NED,2665,2015-03-27,#D52B1E
Movsesian Sergei,ARM,2665,2015-03-27,#D52B1E
Artemiev Vladislav,RUS,2664,2015-03-27,#D52B1E
Negi Parimarjan,IND,2664,2015-03-27,#D52B1E
Areshchenko Alexander,UKR,2664,2015-03-27,#D52B1E
Laznicka Viktor,CZE,2664,2015-03-27,#D52B1E
Berkes Ferenc,HUN,2664,2015-03-27,#D52B1E
Short Nigel D,ENG,2664,2015-03-27,#D52B1E
Tiviakov Sergei,NED,2662,2015-03-27,#D52B1E
Ragger Markus,AUT,2661,2015-03-27,#D52B1E
Kovalenko Igor,LAT,2661,2015-03-27,#D52B1E
Shankland Samuel L,USA,2661,2015-03-27,#D52B1E
Nielsen Peter Heine,DEN,2660,2015-03-27,#D52B1E
Akopian Vladimir,ARM,2660,2015-03-27,#D52B1E
Nguyen Ngoc Truong Son,VIE,2659,2015-03-27,#D52B1E
Mamedov Rauf,AZE,2658,2015-03-27,#D52B1E
Sadler Matthew D,ENG,2658,2015-03-27,#D52B1E
Zvjaginsev Vadim,RUS,2658,2015-03-27,#D52B1E
Efimenko Zahar,UKR,2657,2015-03-27,#D52B1E
Robson Ray,USA,2656,2015-03-27,#D52B1E
Balogh Csaba,HUN,2655,2015-03-27,#D52B1E
Rodshtein Maxim,ISR,2654,2015-03-27,#D52B1E
Motylev Alexander,RUS,2653,2015-03-27,#D52B1E
Meier Georg,GER,2652,2015-03-27,#D52B1E
Carlsen Magnus,NOR,2863,2015-04-27,#D52B1E
Caruana Fabiano,ITA,2802,2015-04-27,#D52B1E
Nakamura Hikaru,USA,2798,2015-04-27,#D52B1E
Topalov Veselin,BUL,2798,2015-04-27,#D52B1E
Grischuk Alexander,RUS,2794,2015-04-27,#D52B1E
Anand Viswanathan,IND,2791,2015-04-27,#D52B1E
Giri Anish,NED,2790,2015-04-27,#D52B1E
So Wesley,USA,2788,2015-04-27,#D52B1E
Kramnik Vladimir,RUS,2783,2015-04-27,#D52B1E
Aronian Levon,ARM,2770,2015-04-27,#D52B1E
Vachier-Lagrave Maxime,FRA,2762,2015-04-27,#D52B1E
Karjakin Sergey,RUS,2757,2015-04-27,#D52B1E
Mamedyarov Shakhriyar,AZE,2754,2015-04-27,#D52B1E
Ding Liren,CHN,2751,2015-04-27,#D52B1E
Gelfand Boris,ISR,2747,2015-04-27,#D52B1E
Adams Michael,ENG,2746,2015-04-27,#D52B1E
Tomashevsky Evgeny,RUS,2745,2015-04-27,#D52B1E
Navara David,CZE,2744,2015-04-27,#D52B1E
Jakovenko Dmitry,RUS,2744,2015-04-27,#D52B1E
Wojtaszek Radoslaw,POL,2738,2015-04-27,#D52B1E
Radjabov Teimour,AZE,2738,2015-04-27,#D52B1E
Vitiugov Nikita,RUS,2736,2015-04-27,#D52B1E
Svidler Peter,RUS,2734,2015-04-27,#D52B1E
Eljanov Pavel,UKR,2733,2015-04-27,#D52B1E
Harikrishna P.,IND,2731,2015-04-27,#D52B1E
Ivanchuk Vassily,UKR,2731,2015-04-27,#D52B1E
Li Chao b,CHN,2730,2015-04-27,#D52B1E
Dominguez Perez Leinier,CUB,2729,2015-04-27,#D52B1E
Wang Yue,CHN,2726,2015-04-27,#D52B1E
Yu Yangyi,CHN,2724,2015-04-27,#D52B1E
Andreikin Dmitry,RUS,2723,2015-04-27,#D52B1E
Naiditsch Arkadij,GER,2720,2015-04-27,#D52B1E
Nepomniachtchi Ian,RUS,2716,2015-04-27,#D52B1E
Ponomariov Ruslan,UKR,2714,2015-04-27,#D52B1E
Leko Peter,HUN,2713,2015-04-27,#D52B1E
Wang Hao,CHN,2713,2015-04-27,#D52B1E
Fressinet Laurent,FRA,2712,2015-04-27,#D52B1E
Kasimdzhanov Rustam,UZB,2712,2015-04-27,#D52B1E
Morozevich Alexander,RUS,2711,2015-04-27,#D52B1E
Rapport Richard,HUN,2710,2015-04-27,#D52B1E
Korobov Anton,UKR,2707,2015-04-27,#D52B1E
Bacrot Etienne,FRA,2706,2015-04-27,#D52B1E
Malakhov Vladimir,RUS,2706,2015-04-27,#D52B1E
Ni Hua,CHN,2704,2015-04-27,#D52B1E
Wei Yi,CHN,2703,2015-04-27,#D52B1E
Matlakov Maxim,RUS,2699,2015-04-27,#D52B1E
Jobava Baadur,GEO,2699,2015-04-27,#D52B1E
Almasi Zoltan,HUN,2698,2015-04-27,#D52B1E
Rublevsky Sergei,RUS,2698,2015-04-27,#D52B1E
Moiseenko Alexander,UKR,2697,2015-04-27,#D52B1E
Vallejo Pons Francisco,ESP,2696,2015-04-27,#D52B1E
Le Quang Liem,VIE,2693,2015-04-27,#D52B1E
Shirov Alexei,LAT,2691,2015-04-27,#D52B1E
Bruzon Batista Lazaro,CUB,2691,2015-04-27,#D52B1E
Lysyj Igor,RUS,2691,2015-04-27,#D52B1E
Inarkiev Ernesto,RUS,2690,2015-04-27,#D52B1E
Howell David W L,ENG,2687,2015-04-27,#D52B1E
Kryvoruchko Yuriy,UKR,2686,2015-04-27,#D52B1E
Hou Yifan,CHN,2686,2015-04-27,#D52B1E
McShane Luke J,ENG,2685,2015-04-27,#D52B1E
Bu Xiangzhi,CHN,2681,2015-04-27,#D52B1E
Cheparinov Ivan,BUL,2680,2015-04-27,#D52B1E
Kamsky Gata,USA,2680,2015-04-27,#D52B1E
Short Nigel D,ENG,2678,2015-04-27,#D52B1E
Sjugirov Sanan,RUS,2677,2015-04-27,#D52B1E
Polgar Judit,HUN,2675,2015-04-27,#D52B1E
Sargissian Gabriel,ARM,2674,2015-04-27,#D52B1E
Fedoseev Vladimir,RUS,2674,2015-04-27,#D52B1E
Grachev Boris,RUS,2671,2015-04-27,#D52B1E
Riazantsev Alexander,RUS,2671,2015-04-27,#D52B1E
Artemiev Vladislav,RUS,2671,2015-04-27,#D52B1E
Rodshtein Maxim,ISR,2667,2015-04-27,#D52B1E
Movsesian Sergei,ARM,2665,2015-04-27,#D52B1E
Kovalenko Igor,LAT,2665,2015-04-27,#D52B1E
Onischuk Alexander,USA,2665,2015-04-27,#D52B1E
Ragger Markus,AUT,2664,2015-04-27,#D52B1E
Negi Parimarjan,IND,2664,2015-04-27,#D52B1E
Najer Evgeniy,RUS,2663,2015-04-27,#D52B1E
Van Wely Loek,NED,2663,2015-04-27,#D52B1E
Laznicka Viktor,CZE,2662,2015-04-27,#D52B1E
Nguyen Ngoc Truong Son,VIE,2662,2015-04-27,#D52B1E
Tiviakov Sergei,NED,2662,2015-04-27,#D52B1E
Berkes Ferenc,HUN,2661,2015-04-27,#D52B1E
Shankland Samuel L,USA,2661,2015-04-27,#D52B1E
Volokitin Andrei,UKR,2660,2015-04-27,#D52B1E
Petrosian Tigran L.,ARM,2660,2015-04-27,#D52B1E
Khismatullin Denis,RUS,2658,2015-04-27,#D52B1E
Kuzubov Yuriy,UKR,2658,2015-04-27,#D52B1E
Sadler Matthew D,ENG,2658,2015-04-27,#D52B1E
Zvjaginsev Vadim,RUS,2658,2015-04-27,#D52B1E
Zhigalko Sergei,BLR,2657,2015-04-27,#D52B1E
Akopian Vladimir,ARM,2656,2015-04-27,#D52B1E
Efimenko Zahar,UKR,2656,2015-04-27,#D52B1E
Robson Ray,USA,2656,2015-04-27,#D52B1E
Nielsen Peter Heine,DEN,2655,2015-04-27,#D52B1E
Alekseev Evgeny,RUS,2654,2015-04-27,#D52B1E
Vovk Andrey,UKR,2654,2015-04-27,#D52B1E
Sasikiran Krishnan,IND,2654,2015-04-27,#D52B1E
Kempinski Robert,POL,2653,2015-04-27,#D52B1E
Motylev Alexander,RUS,2653,2015-04-27,#D52B1E
Meier Georg,GER,2653,2015-04-27,#D52B1E
Carlsen Magnus,NOR,2876,2015-05-27,#D52B1E
Anand Viswanathan,IND,2804,2015-05-27,#D52B1E
Caruana Fabiano,ITA,2803,2015-05-27,#D52B1E
Nakamura Hikaru,USA,2799,2015-05-27,#D52B1E
Topalov Veselin,BUL,2798,2015-05-27,#D52B1E
Grischuk Alexander,RUS,2780,2015-05-27,#D52B1E
So Wesley,USA,2778,2015-05-27,#D52B1E
Kramnik Vladimir,RUS,2777,2015-05-27,#D52B1E
Giri Anish,NED,2776,2015-05-27,#D52B1E
Aronian Levon,ARM,2776,2015-05-27,#D52B1E
Ding Liren,CHN,2757,2015-05-27,#D52B1E
Vachier-Lagrave Maxime,FRA,2754,2015-05-27,#D52B1E
Karjakin Sergey,RUS,2753,2015-05-27,#D52B1E
Navara David,CZE,2751,2015-05-27,#D52B1E
Tomashevsky Evgeny,RUS,2749,2015-05-27,#D52B1E
Li Chao b,CHN,2748,2015-05-27,#D52B1E
Wojtaszek Radoslaw,POL,2746,2015-05-27,#D52B1E
Gelfand Boris,ISR,2744,2015-05-27,#D52B1E
Adams Michael,ENG,2740,2015-05-27,#D52B1E
Jakovenko Dmitry,RUS,2738,2015-05-27,#D52B1E
Radjabov Teimour,AZE,2738,2015-05-27,#D52B1E
Vitiugov Nikita,RUS,2736,2015-05-27,#D52B1E
Mamedyarov Shakhriyar,AZE,2735,2015-05-27,#D52B1E
Dominguez Perez Leinier,CUB,2734,2015-05-27,#D52B1E
Svidler Peter,RUS,2734,2015-05-27,#D52B1E
Harikrishna P.,IND,2733,2015-05-27,#D52B1E
Ivanchuk Vassily,UKR,2733,2015-05-27,#D52B1E
Nepomniachtchi Ian,RUS,2728,2015-05-27,#D52B1E
Wang Yue,CHN,2724,2015-05-27,#D52B1E
Yu Yangyi,CHN,2723,2015-05-27,#D52B1E
Andreikin Dmitry,RUS,2723,2015-05-27,#D52B1E
Naiditsch Arkadij,GER,2720,2015-05-27,#D52B1E
Wei Yi,CHN,2718,2015-05-27,#D52B1E
Eljanov Pavel,UKR,2718,2015-05-27,#D52B1E
Kasimdzhanov Rustam,UZB,2715,2015-05-27,#D52B1E
Leko Peter,HUN,2714,2015-05-27,#D52B1E
Fressinet Laurent,FRA,2712,2015-05-27,#D52B1E
Ponomariov Ruslan,UKR,2711,2015-05-27,#D52B1E
Morozevich Alexander,RUS,2711,2015-05-27,#D52B1E
Wang Hao,CHN,2710,2015-05-27,#D52B1E
Korobov Anton,UKR,2708,2015-05-27,#D52B1E
Moiseenko Alexander,UKR,2707,2015-05-27,#D52B1E
Bacrot Etienne,FRA,2704,2015-05-27,#D52B1E
Malakhov Vladimir,RUS,2702,2015-05-27,#D52B1E
Ni Hua,CHN,2701,2015-05-27,#D52B1E
Almasi Zoltan,HUN,2700,2015-05-27,#D52B1E
Kryvoruchko Yuriy,UKR,2700,2015-05-27,#D52B1E
Jobava Baadur,GEO,2699,2015-05-27,#D52B1E
Bu Xiangzhi,CHN,2696,2015-05-27,#D52B1E
Howell David W L,ENG,2696,2015-05-27,#D52B1E
Shirov Alexei,LAT,2696,2015-05-27,#D52B1E
Matlakov Maxim,RUS,2694,2015-05-27,#D52B1E
Le Quang Liem,VIE,2693,2015-05-27,#D52B1E
Vallejo Pons Francisco,ESP,2686,2015-05-27,#D52B1E
Hou Yifan,CHN,2686,2015-05-27,#D52B1E
McShane Luke J,ENG,2685,2015-05-27,#D52B1E
Bruzon Batista Lazaro,CUB,2684,2015-05-27,#D52B1E
Fedoseev Vladimir,RUS,2683,2015-05-27,#D52B1E
Short Nigel D,ENG,2683,2015-05-27,#D52B1E
Rodshtein Maxim,ISR,2682,2015-05-27,#D52B1E
Cheparinov Ivan,BUL,2681,2015-05-27,#D52B1E
Lysyj Igor,RUS,2677,2015-05-27,#D52B1E
Polgar Judit,HUN,2675,2015-05-27,#D52B1E
Robson Ray,USA,2674,2015-05-27,#D52B1E
Kamsky Gata,USA,2673,2015-05-27,#D52B1E
Sargissian Gabriel,ARM,2673,2015-05-27,#D52B1E
Rapport Richard,HUN,2671,2015-05-27,#D52B1E
Artemiev Vladislav,RUS,2671,2015-05-27,#D52B1E
Riazantsev Alexander,RUS,2671,2015-05-27,#D52B1E
Sjugirov Sanan,RUS,2670,2015-05-27,#D52B1E
Onischuk Vladimir,UKR,2669,2015-05-27,#D52B1E
Ragger Markus,AUT,2668,2015-05-27,#D52B1E
Grachev Boris,RUS,2666,2015-05-27,#D52B1E
Khismatullin Denis,RUS,2666,2015-05-27,#D52B1E
Hammer Jon Ludvig,NOR,2665,2015-05-27,#D52B1E
Inarkiev Ernesto,RUS,2664,2015-05-27,#D52B1E
Berkes Ferenc,HUN,2664,2015-05-27,#D52B1E
Negi Parimarjan,IND,2664,2015-05-27,#D52B1E
Najer Evgeniy,RUS,2663,2015-05-27,#D52B1E
Onischuk Alexander,USA,2662,2015-05-27,#D52B1E
Laznicka Viktor,CZE,2662,2015-05-27,#D52B1E
Nguyen Ngoc Truong Son,VIE,2662,2015-05-27,#D52B1E
Zvjaginsev Vadim,RUS,2660,2015-05-27,#D52B1E
Dubov Daniil,RUS,2659,2015-05-27,#D52B1E
Balogh Csaba,HUN,2659,2015-05-27,#D52B1E
Smirin Ilia,ISR,2658,2015-05-27,#D52B1E
Sadler Matthew D,ENG,2658,2015-05-27,#D52B1E
Fedorchuk Sergey A.,UKR,2657,2015-05-27,#D52B1E
Ivanisevic Ivan,SRB,2657,2015-05-27,#D52B1E
Tkachiev Vladislav,FRA,2657,2015-05-27,#D52B1E
Shankland Samuel L,USA,2656,2015-05-27,#D52B1E
Areshchenko Alexander,UKR,2656,2015-05-27,#D52B1E
Efimenko Zahar,UKR,2656,2015-05-27,#D52B1E
Mamedov Rauf,AZE,2655,2015-05-27,#D52B1E
Movsesian Sergei,ARM,2655,2015-05-27,#D52B1E
Nisipeanu Liviu-Dieter,GER,2655,2015-05-27,#D52B1E
Nielsen Peter Heine,DEN,2655,2015-05-27,#D52B1E
Zhigalko Sergei,BLR,2654,2015-05-27,#D52B1E
Melkumyan Hrant,ARM,2654,2015-05-27,#D52B1E
Meier Georg,GER,2654,2015-05-27,#D52B1E
Volokitin Andrei,UKR,2654,2015-05-27,#D52B1E
Carlsen Magnus,NOR,2876,2015-06-27,#D52B1E
Caruana Fabiano,ITA,2805,2015-06-27,#D52B1E
Anand Viswanathan,IND,2804,2015-06-27,#D52B1E
Nakamura Hikaru,USA,2802,2015-06-27,#D52B1E
Topalov Veselin,BUL,2798,2015-06-27,#D52B1E
Kramnik Vladimir,RUS,2783,2015-06-27,#D52B1E
Grischuk Alexander,RUS,2781,2015-06-27,#D52B1E
Aronian Levon,ARM,2780,2015-06-27,#D52B1E
So Wesley,USA,2778,2015-06-27,#D52B1E
Giri Anish,NED,2773,2015-06-27,#D52B1E
Jakovenko Dmitry,RUS,2759,2015-06-27,#D52B1E
Karjakin Sergey,RUS,2753,2015-06-27,#D52B1E
Gelfand Boris,ISR,2751,2015-06-27,#D52B1E
Navara David,CZE,2751,2015-06-27,#D52B1E
Ding Liren,CHN,2749,2015-06-27,#D52B1E
Wojtaszek Radoslaw,POL,2749,2015-06-27,#D52B1E
Li Chao b,CHN,2748,2015-06-27,#D52B1E
Dominguez Perez Leinier,CUB,2746,2015-06-27,#D52B1E
Tomashevsky Evgeny,RUS,2745,2015-06-27,#D52B1E
Svidler Peter,RUS,2740,2015-06-27,#D52B1E
Adams Michael,ENG,2740,2015-06-27,#D52B1E
Radjabov Teimour,AZE,2738,2015-06-27,#D52B1E
Mamedyarov Shakhriyar,AZE,2735,2015-06-27,#D52B1E
Vitiugov Nikita,RUS,2734,2015-06-27,#D52B1E
Harikrishna P.,IND,2733,2015-06-27,#D52B1E
Ivanchuk Vassily,UKR,2733,2015-06-27,#D52B1E
Wang Yue,CHN,2726,2015-06-27,#D52B1E
Vachier-Lagrave Maxime,FRA,2723,2015-06-27,#D52B1E
Naiditsch Arkadij,GER,2722,2015-06-27,#D52B1E
Wei Yi,CHN,2721,2015-06-27,#D52B1E
Nepomniachtchi Ian,RUS,2720,2015-06-27,#D52B1E
Fressinet Laurent,FRA,2720,2015-06-27,#D52B1E
Andreikin Dmitry,RUS,2718,2015-06-27,#D52B1E
Eljanov Pavel,UKR,2718,2015-06-27,#D52B1E
Yu Yangyi,CHN,2715,2015-06-27,#D52B1E
Leko Peter,HUN,2714,2015-06-27,#D52B1E
Morozevich Alexander,RUS,2711,2015-06-27,#D52B1E
Ponomariov Ruslan,UKR,2711,2015-06-27,#D52B1E
Moiseenko Alexander,UKR,2707,2015-06-27,#D52B1E
Wang Hao,CHN,2704,2015-06-27,#D52B1E
Kasimdzhanov Rustam,UZB,2704,2015-06-27,#D52B1E
Rublevsky Sergei,RUS,2702,2015-06-27,#D52B1E
Ni Hua,CHN,2701,2015-06-27,#D52B1E
Almasi Zoltan,HUN,2700,2015-06-27,#D52B1E
Shirov Alexei,LAT,2699,2015-06-27,#D52B1E
Malakhov Vladimir,RUS,2699,2015-06-27,#D52B1E
Korobov Anton,UKR,2698,2015-06-27,#D52B1E
Howell David W L,ENG,2698,2015-06-27,#D52B1E
Matlakov Maxim,RUS,2696,2015-06-27,#D52B1E
Bu Xiangzhi,CHN,2696,2015-06-27,#D52B1E
Bacrot Etienne,FRA,2695,2015-06-27,#D52B1E
Kryvoruchko Yuriy,UKR,2695,2015-06-27,#D52B1E
Jobava Baadur,GEO,2693,2015-06-27,#D52B1E
Le Quang Liem,VIE,2693,2015-06-27,#D52B1E
Vallejo Pons Francisco,ESP,2686,2015-06-27,#D52B1E
McShane Luke J,ENG,2685,2015-06-27,#D52B1E
Short Nigel D,ENG,2683,2015-06-27,#D52B1E
Cheparinov Ivan,BUL,2681,2015-06-27,#D52B1E
Rodshtein Maxim,ISR,2678,2015-06-27,#D52B1E
Bruzon Batista Lazaro,CUB,2677,2015-06-27,#D52B1E
Hammer Jon Ludvig,NOR,2677,2015-06-27,#D52B1E
Hou Yifan,CHN,2676,2015-06-27,#D52B1E
Ragger Markus,AUT,2676,2015-06-27,#D52B1E
Polgar Judit,HUN,2675,2015-06-27,#D52B1E
Lysyj Igor,RUS,2674,2015-06-27,#D52B1E
Fedoseev Vladimir,RUS,2674,2015-06-27,#D52B1E
Robson Ray,USA,2674,2015-06-27,#D52B1E
Sargissian Gabriel,ARM,2673,2015-06-27,#D52B1E
Rapport Richard,HUN,2671,2015-06-27,#D52B1E
Kamsky Gata,USA,2669,2015-06-27,#D52B1E
Inarkiev Ernesto,RUS,2668,2015-06-27,#D52B1E
Berkes Ferenc,HUN,2664,2015-06-27,#D52B1E
Negi Parimarjan,IND,2664,2015-06-27,#D52B1E
Smirin Ilia,ISR,2663,2015-06-27,#D52B1E
Sjugirov Sanan,RUS,2662,2015-06-27,#D52B1E
Ivanisevic Ivan,SRB,2662,2015-06-27,#D52B1E
Nguyen Ngoc Truong Son,VIE,2662,2015-06-27,#D52B1E
Onischuk Alexander,USA,2662,2015-06-27,#D52B1E
Dubov Daniil,RUS,2661,2015-06-27,#D52B1E
Najer Evgeniy,RUS,2661,2015-06-27,#D52B1E
Artemiev Vladislav,RUS,2660,2015-06-27,#D52B1E
Sadler Matthew D,ENG,2659,2015-06-27,#D52B1E
Balogh Csaba,HUN,2659,2015-06-27,#D52B1E
Riazantsev Alexander,RUS,2658,2015-06-27,#D52B1E
Kovalenko Igor,LAT,2657,2015-06-27,#D52B1E
Grachev Boris,RUS,2657,2015-06-27,#D52B1E
Laznicka Viktor,CZE,2657,2015-06-27,#D52B1E
Tkachiev Vladislav,FRA,2657,2015-06-27,#D52B1E
Areshchenko Alexander,UKR,2656,2015-06-27,#D52B1E
Shankland Samuel L,USA,2656,2015-06-27,#D52B1E
Movsesian Sergei,ARM,2655,2015-06-27,#D52B1E
Nielsen Peter Heine,DEN,2655,2015-06-27,#D52B1E
Nisipeanu Liviu-Dieter,GER,2654,2015-06-27,#D52B1E
Meier Georg,GER,2654,2015-06-27,#D52B1E
Volokitin Andrei,UKR,2654,2015-06-27,#D52B1E
Zhigalko Sergei,BLR,2654,2015-06-27,#D52B1E
Khairullin Ildar,RUS,2653,2015-06-27,#D52B1E
Van Wely Loek,NED,2653,2015-06-27,#D52B1E
Granda Zuniga Julio E,PER,2652,2015-06-27,#D52B1E
Alekseev Evgeny,RUS,2651,2015-06-27,#D52B1E
Carlsen Magnus,NOR,2853,2015-07-27,#D52B1E
Anand Viswanathan,IND,2816,2015-07-27,#D52B1E
Topalov Veselin,BUL,2816,2015-07-27,#D52B1E
Nakamura Hikaru,USA,2814,2015-07-27,#D52B1E
Caruana Fabiano,USA,2797,2015-07-27,#D52B1E
Giri Anish,NED,2791,2015-07-27,#D52B1E
Kramnik Vladimir,RUS,2783,2015-07-27,#D52B1E
So Wesley,USA,2780,2015-07-27,#D52B1E
Grischuk Alexander,RUS,2771,2015-07-27,#D52B1E
Aronian Levon,ARM,2765,2015-07-27,#D52B1E
Jakovenko Dmitry,RUS,2757,2015-07-27,#D52B1E
Karjakin Sergey,RUS,2753,2015-07-27,#D52B1E
Gelfand Boris,ISR,2751,2015-07-27,#D52B1E
Ding Liren,CHN,2749,2015-07-27,#D52B1E
Li Chao b,CHN,2748,2015-07-27,#D52B1E
Tomashevsky Evgeny,RUS,2745,2015-07-27,#D52B1E
Adams Michael,ENG,2740,2015-07-27,#D52B1E
Svidler Peter,RUS,2740,2015-07-27,#D52B1E
Radjabov Teimour,AZE,2738,2015-07-27,#D52B1E
Yu Yangyi,CHN,2736,2015-07-27,#D52B1E
Dominguez Perez Leinier,CUB,2736,2015-07-27,#D52B1E
Mamedyarov Shakhriyar,AZE,2735,2015-07-27,#D52B1E
Vitiugov Nikita,RUS,2734,2015-07-27,#D52B1E
Wojtaszek Radoslaw,POL,2733,2015-07-27,#D52B1E
Harikrishna P.,IND,2733,2015-07-27,#D52B1E
Vachier-Lagrave Maxime,FRA,2731,2015-07-27,#D52B1E
Ivanchuk Vassily,UKR,2728,2015-07-27,#D52B1E
Navara David,CZE,2724,2015-07-27,#D52B1E
Wei Yi,CHN,2724,2015-07-27,#D52B1E
Andreikin Dmitry,RUS,2723,2015-07-27,#D52B1E
Eljanov Pavel,UKR,2723,2015-07-27,#D52B1E
Wang Yue,CHN,2716,2015-07-27,#D52B1E
Leko Peter,HUN,2714,2015-07-27,#D52B1E
Morozevich Alexander,RUS,2711,2015-07-27,#D52B1E
Ponomariov Ruslan,UKR,2711,2015-07-27,#D52B1E
Moiseenko Alexander,UKR,2710,2015-07-27,#D52B1E
Nepomniachtchi Ian,RUS,2709,2015-07-27,#D52B1E
Fressinet Laurent,FRA,2707,2015-07-27,#D52B1E
Wang Hao,CHN,2705,2015-07-27,#D52B1E
Kasimdzhanov Rustam,UZB,2704,2015-07-27,#D52B1E
Ni Hua,CHN,2703,2015-07-27,#D52B1E
Shirov Alexei,LAT,2702,2015-07-27,#D52B1E
Rublevsky Sergei,RUS,2702,2015-07-27,#D52B1E
Almasi Zoltan,HUN,2700,2015-07-27,#D52B1E
Korobov Anton,UKR,2699,2015-07-27,#D52B1E
Le Quang Liem,VIE,2699,2015-07-27,#D52B1E
Malakhov Vladimir,RUS,2699,2015-07-27,#D52B1E
Howell David W L,ENG,2698,2015-07-27,#D52B1E
Bu Xiangzhi,CHN,2695,2015-07-27,#D52B1E
Kryvoruchko Yuriy,UKR,2695,2015-07-27,#D52B1E
Bacrot Etienne,FRA,2693,2015-07-27,#D52B1E
Jobava Baadur,GEO,2693,2015-07-27,#D52B1E
Matlakov Maxim,RUS,2691,2015-07-27,#D52B1E
Naiditsch Arkadij,GER,2690,2015-07-27,#D52B1E
Ragger Markus,AUT,2688,2015-07-27,#D52B1E
Vallejo Pons Francisco,ESP,2686,2015-07-27,#D52B1E
McShane Luke J,ENG,2685,2015-07-27,#D52B1E
Cheparinov Ivan,BUL,2683,2015-07-27,#D52B1E
Short Nigel D,ENG,2683,2015-07-27,#D52B1E
Kovalenko Igor,LAT,2682,2015-07-27,#D52B1E
Robson Ray,USA,2680,2015-07-27,#D52B1E
Rodshtein Maxim,ISR,2678,2015-07-27,#D52B1E
Hammer Jon Ludvig,NOR,2677,2015-07-27,#D52B1E
Hou Yifan,CHN,2676,2015-07-27,#D52B1E
Polgar Judit,HUN,2675,2015-07-27,#D52B1E
Sargissian Gabriel,ARM,2673,2015-07-27,#D52B1E
Kamsky Gata,USA,2672,2015-07-27,#D52B1E
Lysyj Igor,RUS,2671,2015-07-27,#D52B1E
Rapport Richard,HUN,2671,2015-07-27,#D52B1E
Bruzon Batista Lazaro,CUB,2669,2015-07-27,#D52B1E
Inarkiev Ernesto,RUS,2668,2015-07-27,#D52B1E
Fedorchuk Sergey A.,UKR,2664,2015-07-27,#D52B1E
Fedoseev Vladimir,RUS,2664,2015-07-27,#D52B1E
Berkes Ferenc,HUN,2664,2015-07-27,#D52B1E
Negi Parimarjan,IND,2664,2015-07-27,#D52B1E
Smirin Ilia,ISR,2663,2015-07-27,#D52B1E
Ivanisevic Ivan,SRB,2662,2015-07-27,#D52B1E
Nguyen Ngoc Truong Son,VIE,2662,2015-07-27,#D52B1E
Onischuk Alexander,USA,2662,2015-07-27,#D52B1E
Sjugirov Sanan,RUS,2662,2015-07-27,#D52B1E
Tkachiev Vladislav,FRA,2661,2015-07-27,#D52B1E
Dubov Daniil,RUS,2661,2015-07-27,#D52B1E
Najer Evgeniy,RUS,2661,2015-07-27,#D52B1E
Artemiev Vladislav,RUS,2660,2015-07-27,#D52B1E
Balogh Csaba,HUN,2659,2015-07-27,#D52B1E
Sadler Matthew D,ENG,2659,2015-07-27,#D52B1E
Grachev Boris,RUS,2657,2015-07-27,#D52B1E
Laznicka Viktor,CZE,2657,2015-07-27,#D52B1E
Shankland Samuel L,USA,2656,2015-07-27,#D52B1E
Nielsen Peter Heine,DEN,2655,2015-07-27,#D52B1E
Meier Georg,GER,2654,2015-07-27,#D52B1E
Nisipeanu Liviu-Dieter,GER,2654,2015-07-27,#D52B1E
Volokitin Andrei,UKR,2654,2015-07-27,#D52B1E
Zhigalko Sergei,BLR,2654,2015-07-27,#D52B1E
Kuzubov Yuriy,UKR,2653,2015-07-27,#D52B1E
Movsesian Sergei,ARM,2653,2015-07-27,#D52B1E
Khairullin Ildar,RUS,2653,2015-07-27,#D52B1E
Efimenko Zahar,UKR,2652,2015-07-27,#D52B1E
Granda Zuniga Julio E,PER,2652,2015-07-27,#D52B1E
Riazantsev Alexander,RUS,2651,2015-07-27,#D52B1E
Areshchenko Alexander,UKR,2651,2015-07-27,#D52B1E
Carlsen Magnus,NOR,2853,2015-08-27,#D52B1E
Anand Viswanathan,IND,2816,2015-08-27,#D52B1E
Topalov Veselin,BUL,2816,2015-08-27,#D52B1E
Nakamura Hikaru,USA,2814,2015-08-27,#D52B1E
Caruana Fabiano,USA,2808,2015-08-27,#D52B1E
Giri Anish,NED,2793,2015-08-27,#D52B1E
So Wesley,USA,2779,2015-08-27,#D52B1E
Kramnik Vladimir,RUS,2777,2015-08-27,#D52B1E
Grischuk Alexander,RUS,2771,2015-08-27,#D52B1E
Ding Liren,CHN,2770,2015-08-27,#D52B1E
Aronian Levon,ARM,2765,2015-08-27,#D52B1E
Jakovenko Dmitry,RUS,2759,2015-08-27,#D52B1E
Karjakin Sergey,RUS,2753,2015-08-27,#D52B1E
Li Chao b,CHN,2748,2015-08-27,#D52B1E
Tomashevsky Evgeny,RUS,2747,2015-08-27,#D52B1E
Gelfand Boris,ISR,2741,2015-08-27,#D52B1E
Harikrishna P.,IND,2740,2015-08-27,#D52B1E
Adams Michael,ENG,2740,2015-08-27,#D52B1E
Svidler Peter,RUS,2739,2015-08-27,#D52B1E
Radjabov Teimour,AZE,2738,2015-08-27,#D52B1E
Dominguez Perez Leinier,CUB,2736,2015-08-27,#D52B1E
Mamedyarov Shakhriyar,AZE,2735,2015-08-27,#D52B1E
Wojtaszek Radoslaw,POL,2733,2015-08-27,#D52B1E
Vachier-Lagrave Maxime,FRA,2731,2015-08-27,#D52B1E
Yu Yangyi,CHN,2726,2015-08-27,#D52B1E
Ivanchuk Vassily,UKR,2726,2015-08-27,#D52B1E
Wei Yi,CHN,2725,2015-08-27,#D52B1E
Navara David,CZE,2724,2015-08-27,#D52B1E
Eljanov Pavel,UKR,2723,2015-08-27,#D52B1E
Wang Yue,CHN,2721,2015-08-27,#D52B1E
Andreikin Dmitry,RUS,2720,2015-08-27,#D52B1E
Vitiugov Nikita,RUS,2719,2015-08-27,#D52B1E
Leko Peter,HUN,2714,2015-08-27,#D52B1E
Ni Hua,CHN,2713,2015-08-27,#D52B1E
Bu Xiangzhi,CHN,2712,2015-08-27,#D52B1E
Howell David W L,ENG,2712,2015-08-27,#D52B1E
Morozevich Alexander,RUS,2711,2015-08-27,#D52B1E
Ponomariov Ruslan,UKR,2711,2015-08-27,#D52B1E
Fressinet Laurent,FRA,2710,2015-08-27,#D52B1E
Moiseenko Alexander,UKR,2710,2015-08-27,#D52B1E
Wang Hao,CHN,2705,2015-08-27,#D52B1E
Nepomniachtchi Ian,RUS,2705,2015-08-27,#D52B1E
Kasimdzhanov Rustam,UZB,2704,2015-08-27,#D52B1E
Kovalenko Igor,LAT,2702,2015-08-27,#D52B1E
Rublevsky Sergei,RUS,2702,2015-08-27,#D52B1E
Shirov Alexei,LAT,2702,2015-08-27,#D52B1E
Almasi Zoltan,HUN,2700,2015-08-27,#D52B1E
Korobov Anton,UKR,2699,2015-08-27,#D52B1E
Le Quang Liem,VIE,2699,2015-08-27,#D52B1E
Kryvoruchko Yuriy,UKR,2697,2015-08-27,#D52B1E
Bacrot Etienne,FRA,2694,2015-08-27,#D52B1E
Cheparinov Ivan,BUL,2690,2015-08-27,#D52B1E
Matlakov Maxim,RUS,2689,2015-08-27,#D52B1E
Ragger Markus,AUT,2688,2015-08-27,#D52B1E
Vallejo Pons Francisco,ESP,2686,2015-08-27,#D52B1E
Naiditsch Arkadij,AZE,2685,2015-08-27,#D52B1E
Malakhov Vladimir,RUS,2683,2015-08-27,#D52B1E
Robson Ray,USA,2680,2015-08-27,#D52B1E
Short Nigel D,ENG,2678,2015-08-27,#D52B1E
Rodshtein Maxim,ISR,2678,2015-08-27,#D52B1E
Hammer Jon Ludvig,NOR,2677,2015-08-27,#D52B1E
Polgar Judit,HUN,2675,2015-08-27,#D52B1E
McShane Luke J,ENG,2674,2015-08-27,#D52B1E
Lysyj Igor,RUS,2673,2015-08-27,#D52B1E
Sargissian Gabriel,ARM,2673,2015-08-27,#D52B1E
Artemiev Vladislav,RUS,2671,2015-08-27,#D52B1E
Hou Yifan,CHN,2671,2015-08-27,#D52B1E
Rapport Richard,HUN,2671,2015-08-27,#D52B1E
Kamsky Gata,USA,2670,2015-08-27,#D52B1E
Smirin Ilia,ISR,2669,2015-08-27,#D52B1E
Nisipeanu Liviu-Dieter,GER,2667,2015-08-27,#D52B1E
Laznicka Viktor,CZE,2665,2015-08-27,#D52B1E
Jobava Baadur,GEO,2664,2015-08-27,#D52B1E
Sjugirov Sanan,RUS,2664,2015-08-27,#D52B1E
Negi Parimarjan,IND,2664,2015-08-27,#D52B1E
Granda Zuniga Julio E,PER,2663,2015-08-27,#D52B1E
Khairullin Ildar,RUS,2662,2015-08-27,#D52B1E
Ivanisevic Ivan,SRB,2662,2015-08-27,#D52B1E
Nguyen Ngoc Truong Son,VIE,2662,2015-08-27,#D52B1E
Onischuk Alexander,USA,2662,2015-08-27,#D52B1E
Areshchenko Alexander,UKR,2661,2015-08-27,#D52B1E
Saric Ivan,CRO,2661,2015-08-27,#D52B1E
Tkachiev Vladislav,FRA,2661,2015-08-27,#D52B1E
Inarkiev Ernesto,RUS,2660,2015-08-27,#D52B1E
Fedoseev Vladimir,RUS,2659,2015-08-27,#D52B1E
Berkes Ferenc,HUN,2659,2015-08-27,#D52B1E
Bruzon Batista Lazaro,CUB,2659,2015-08-27,#D52B1E
Balogh Csaba,HUN,2659,2015-08-27,#D52B1E
Sadler Matthew D,ENG,2659,2015-08-27,#D52B1E
Motylev Alexander,RUS,2658,2015-08-27,#D52B1E
Najer Evgeniy,RUS,2658,2015-08-27,#D52B1E
Bukavshin Ivan,RUS,2655,2015-08-27,#D52B1E
Shankland Samuel L,USA,2655,2015-08-27,#D52B1E
Nielsen Peter Heine,DEN,2655,2015-08-27,#D52B1E
Dubov Daniil,RUS,2654,2015-08-27,#D52B1E
Zvjaginsev Vadim,RUS,2654,2015-08-27,#D52B1E
Van Wely Loek,NED,2654,2015-08-27,#D52B1E
Zhigalko Sergei,BLR,2654,2015-08-27,#D52B1E
Fedorchuk Sergey A.,UKR,2653,2015-08-27,#D52B1E
Popov Ivan,RUS,2653,2015-08-27,#D52B1E
Movsesian Sergei,ARM,2653,2015-08-27,#D52B1E
Carlsen Magnus,NOR,2853,2015-09-27,#D52B1E
Anand Viswanathan,IND,2816,2015-09-27,#D52B1E
Topalov Veselin,BUL,2816,2015-09-27,#D52B1E
Nakamura Hikaru,USA,2814,2015-09-27,#D52B1E
Caruana Fabiano,USA,2808,2015-09-27,#D52B1E
Giri Anish,NED,2793,2015-09-27,#D52B1E
Ding Liren,CHN,2782,2015-09-27,#D52B1E
Kramnik Vladimir,RUS,2777,2015-09-27,#D52B1E
So Wesley,USA,2773,2015-09-27,#D52B1E
Grischuk Alexander,RUS,2771,2015-09-27,#D52B1E
Aronian Levon,ARM,2765,2015-09-27,#D52B1E
Karjakin Sergey,RUS,2762,2015-09-27,#D52B1E
Tomashevsky Evgeny,RUS,2758,2015-09-27,#D52B1E
Li Chao b,CHN,2756,2015-09-27,#D52B1E
Jakovenko Dmitry,RUS,2748,2015-09-27,#D52B1E
Vachier-Lagrave Maxime,FRA,2744,2015-09-27,#D52B1E
Adams Michael,ENG,2742,2015-09-27,#D52B1E
Wojtaszek Radoslaw,POL,2741,2015-09-27,#D52B1E
Gelfand Boris,ISR,2741,2015-09-27,#D52B1E
Radjabov Teimour,AZE,2738,2015-09-27,#D52B1E
Harikrishna P.,IND,2737,2015-09-27,#D52B1E
Mamedyarov Shakhriyar,AZE,2736,2015-09-27,#D52B1E
Wei Yi,CHN,2734,2015-09-27,#D52B1E
Dominguez Perez Leinier,CUB,2732,2015-09-27,#D52B1E
Navara David,CZE,2728,2015-09-27,#D52B1E
Svidler Peter,RUS,2727,2015-09-27,#D52B1E
Ivanchuk Vassily,UKR,2726,2015-09-27,#D52B1E
Vitiugov Nikita,RUS,2725,2015-09-27,#D52B1E
Wang Yue,CHN,2724,2015-09-27,#D52B1E
Yu Yangyi,CHN,2721,2015-09-27,#D52B1E
Andreikin Dmitry,RUS,2720,2015-09-27,#D52B1E
Eljanov Pavel,UKR,2717,2015-09-27,#D52B1E
Shirov Alexei,LAT,2712,2015-09-27,#D52B1E
Wang Hao,CHN,2712,2015-09-27,#D52B1E
Morozevich Alexander,RUS,2711,2015-09-27,#D52B1E
Kryvoruchko Yuriy,UKR,2710,2015-09-27,#D52B1E
Ponomariov Ruslan,UKR,2710,2015-09-27,#D52B1E
Bu Xiangzhi,CHN,2710,2015-09-27,#D52B1E
Leko Peter,HUN,2707,2015-09-27,#D52B1E
Howell David W L,ENG,2705,2015-09-27,#D52B1E
Nepomniachtchi Ian,RUS,2705,2015-09-27,#D52B1E
Ni Hua,CHN,2704,2015-09-27,#D52B1E
Kasimdzhanov Rustam,UZB,2704,2015-09-27,#D52B1E
Fressinet Laurent,FRA,2702,2015-09-27,#D52B1E
Rublevsky Sergei,RUS,2702,2015-09-27,#D52B1E
Korobov Anton,UKR,2700,2015-09-27,#D52B1E
Almasi Zoltan,HUN,2700,2015-09-27,#D52B1E
Kovalenko Igor,LAT,2699,2015-09-27,#D52B1E
Le Quang Liem,VIE,2697,2015-09-27,#D52B1E
Ragger Markus,AUT,2695,2015-09-27,#D52B1E
Malakhov Vladimir,RUS,2694,2015-09-27,#D52B1E
Moiseenko Alexander,UKR,2692,2015-09-27,#D52B1E
Bacrot Etienne,FRA,2692,2015-09-27,#D52B1E
Kamsky Gata,USA,2691,2015-09-27,#D52B1E
Vallejo Pons Francisco,ESP,2689,2015-09-27,#D52B1E
Matlakov Maxim,RUS,2689,2015-09-27,#D52B1E
Naiditsch Arkadij,AZE,2684,2015-09-27,#D52B1E
Hammer Jon Ludvig,NOR,2683,2015-09-27,#D52B1E
Cheparinov Ivan,BUL,2681,2015-09-27,#D52B1E
Robson Ray,USA,2680,2015-09-27,#D52B1E
Sargissian Gabriel,ARM,2679,2015-09-27,#D52B1E
Nisipeanu Liviu-Dieter,GER,2678,2015-09-27,#D52B1E
Saric Ivan,CRO,2678,2015-09-27,#D52B1E
Short Nigel D,ENG,2678,2015-09-27,#D52B1E
Laznicka Viktor,CZE,2676,2015-09-27,#D52B1E
Artemiev Vladislav,RUS,2675,2015-09-27,#D52B1E
Adhiban B.,IND,2674,2015-09-27,#D52B1E
McShane Luke J,ENG,2674,2015-09-27,#D52B1E
Rodshtein Maxim,ISR,2673,2015-09-27,#D52B1E
Lysyj Igor,RUS,2671,2015-09-27,#D52B1E
Jobava Baadur,GEO,2671,2015-09-27,#D52B1E
Hou Yifan,CHN,2671,2015-09-27,#D52B1E
Bareev Evgeny,CAN,2669,2015-09-27,#D52B1E
Granda Zuniga Julio E,PER,2667,2015-09-27,#D52B1E
Negi Parimarjan,IND,2664,2015-09-27,#D52B1E
Sjugirov Sanan,RUS,2664,2015-09-27,#D52B1E
Onischuk Alexander,USA,2662,2015-09-27,#D52B1E
Dubov Daniil,RUS,2661,2015-09-27,#D52B1E
Popov Ivan,RUS,2661,2015-09-27,#D52B1E
Areshchenko Alexander,UKR,2661,2015-09-27,#D52B1E
Gharamian Tigran,FRA,2660,2015-09-27,#D52B1E
Zvjaginsev Vadim,RUS,2660,2015-09-27,#D52B1E
Inarkiev Ernesto,RUS,2660,2015-09-27,#D52B1E
Balogh Csaba,HUN,2659,2015-09-27,#D52B1E
Bruzon Batista Lazaro,CUB,2659,2015-09-27,#D52B1E
Fedoseev Vladimir,RUS,2659,2015-09-27,#D52B1E
Sadler Matthew D,ENG,2659,2015-09-27,#D52B1E
Ivanisevic Ivan,SRB,2658,2015-09-27,#D52B1E
Movsesian Sergei,ARM,2658,2015-09-27,#D52B1E
Tkachiev Vladislav,FRA,2658,2015-09-27,#D52B1E
Najer Evgeniy,RUS,2658,2015-09-27,#D52B1E
Safarli Eltaj,AZE,2657,2015-09-27,#D52B1E
Bukavshin Ivan,RUS,2657,2015-09-27,#D52B1E
Mamedov Rauf,AZE,2657,2015-09-27,#D52B1E
Zhigalko Sergei,BLR,2656,2015-09-27,#D52B1E
Meier Georg,GER,2656,2015-09-27,#D52B1E
Shankland Samuel L,USA,2656,2015-09-27,#D52B1E
Smirin Ilia,ISR,2655,2015-09-27,#D52B1E
Nielsen Peter Heine,DEN,2655,2015-09-27,#D52B1E
Postny Evgeny,ISR,2653,2015-09-27,#D52B1E
Carlsen Magnus,NOR,2850,2015-10-27,#D52B1E
Nakamura Hikaru,USA,2816,2015-10-27,#D52B1E
Topalov Veselin,BUL,2813,2015-10-27,#D52B1E
Anand Viswanathan,IND,2803,2015-10-27,#D52B1E
Giri Anish,NED,2798,2015-10-27,#D52B1E
Caruana Fabiano,USA,2796,2015-10-27,#D52B1E
Aronian Levon,ARM,2784,2015-10-27,#D52B1E
Ding Liren,CHN,2782,2015-10-27,#D52B1E
Kramnik Vladimir,RUS,2777,2015-10-27,#D52B1E
Grischuk Alexander,RUS,2774,2015-10-27,#D52B1E
Karjakin Sergey,RUS,2762,2015-10-27,#D52B1E
So Wesley,USA,2760,2015-10-27,#D52B1E
Vachier-Lagrave Maxime,FRA,2758,2015-10-27,#D52B1E
Tomashevsky Evgeny,RUS,2758,2015-10-27,#D52B1E
Li Chao b,CHN,2750,2015-10-27,#D52B1E
Jakovenko Dmitry,RUS,2748,2015-10-27,#D52B1E
Adams Michael,ENG,2742,2015-10-27,#D52B1E
Gelfand Boris,ISR,2741,2015-10-27,#D52B1E
Radjabov Teimour,AZE,2738,2015-10-27,#D52B1E
Harikrishna P.,IND,2737,2015-10-27,#D52B1E
Mamedyarov Shakhriyar,AZE,2736,2015-10-27,#D52B1E
Navara David,CZE,2734,2015-10-27,#D52B1E
Wojtaszek Radoslaw,POL,2734,2015-10-27,#D52B1E
Wei Yi,CHN,2734,2015-10-27,#D52B1E
Dominguez Perez Leinier,CUB,2732,2015-10-27,#D52B1E
Svidler Peter,RUS,2727,2015-10-27,#D52B1E
Ivanchuk Vassily,UKR,2726,2015-10-27,#D52B1E
Vitiugov Nikita,RUS,2725,2015-10-27,#D52B1E
Wang Yue,CHN,2724,2015-10-27,#D52B1E
Yu Yangyi,CHN,2721,2015-10-27,#D52B1E
Andreikin Dmitry,RUS,2720,2015-10-27,#D52B1E
Eljanov Pavel,UKR,2717,2015-10-27,#D52B1E
Shirov Alexei,LAT,2715,2015-10-27,#D52B1E
Wang Hao,CHN,2712,2015-10-27,#D52B1E
Morozevich Alexander,RUS,2711,2015-10-27,#D52B1E
Kryvoruchko Yuriy,UKR,2710,2015-10-27,#D52B1E
Bu Xiangzhi,CHN,2710,2015-10-27,#D52B1E
Ponomariov Ruslan,UKR,2710,2015-10-27,#D52B1E
Leko Peter,HUN,2707,2015-10-27,#D52B1E
Howell David W L,ENG,2705,2015-10-27,#D52B1E
Nepomniachtchi Ian,RUS,2705,2015-10-27,#D52B1E
Kasimdzhanov Rustam,UZB,2704,2015-10-27,#D52B1E
Ni Hua,CHN,2704,2015-10-27,#D52B1E
Fressinet Laurent,FRA,2702,2015-10-27,#D52B1E
Rublevsky Sergei,RUS,2702,2015-10-27,#D52B1E
Kovalenko Igor,LAT,2700,2015-10-27,#D52B1E
Korobov Anton,UKR,2700,2015-10-27,#D52B1E
Ragger Markus,AUT,2698,2015-10-27,#D52B1E
Bacrot Etienne,FRA,2697,2015-10-27,#D52B1E
Le Quang Liem,VIE,2697,2015-10-27,#D52B1E
Malakhov Vladimir,RUS,2694,2015-10-27,#D52B1E
Moiseenko Alexander,UKR,2692,2015-10-27,#D52B1E
Almasi Zoltan,HUN,2689,2015-10-27,#D52B1E
Matlakov Maxim,RUS,2689,2015-10-27,#D52B1E
Vallejo Pons Francisco,ESP,2684,2015-10-27,#D52B1E
Jobava Baadur,GEO,2683,2015-10-27,#D52B1E
Naiditsch Arkadij,AZE,2682,2015-10-27,#D52B1E
Cheparinov Ivan,BUL,2681,2015-10-27,#D52B1E
Kamsky Gata,USA,2680,2015-10-27,#D52B1E
Hammer Jon Ludvig,NOR,2680,2015-10-27,#D52B1E
Robson Ray,USA,2680,2015-10-27,#D52B1E
Sargissian Gabriel,ARM,2679,2015-10-27,#D52B1E
Nisipeanu Liviu-Dieter,GER,2678,2015-10-27,#D52B1E
Saric Ivan,CRO,2678,2015-10-27,#D52B1E
Short Nigel D,ENG,2678,2015-10-27,#D52B1E
Laznicka Viktor,CZE,2676,2015-10-27,#D52B1E
Artemiev Vladislav,RUS,2675,2015-10-27,#D52B1E
Adhiban B.,IND,2674,2015-10-27,#D52B1E
McShane Luke J,ENG,2674,2015-10-27,#D52B1E
Rodshtein Maxim,ISR,2673,2015-10-27,#D52B1E
Areshchenko Alexander,UKR,2672,2015-10-27,#D52B1E
Hou Yifan,CHN,2671,2015-10-27,#D52B1E
Lysyj Igor,RUS,2671,2015-10-27,#D52B1E
Bareev Evgeny,CAN,2669,2015-10-27,#D52B1E
Granda Zuniga Julio E,PER,2667,2015-10-27,#D52B1E
Negi Parimarjan,IND,2664,2015-10-27,#D52B1E
Rapport Richard,HUN,2663,2015-10-27,#D52B1E
Onischuk Alexander,USA,2662,2015-10-27,#D52B1E
Dubov Daniil,RUS,2661,2015-10-27,#D52B1E
Popov Ivan,RUS,2661,2015-10-27,#D52B1E
Inarkiev Ernesto,RUS,2660,2015-10-27,#D52B1E
Zvjaginsev Vadim,RUS,2660,2015-10-27,#D52B1E
Bruzon Batista Lazaro,CUB,2659,2015-10-27,#D52B1E
Fedoseev Vladimir,RUS,2659,2015-10-27,#D52B1E
Sadler Matthew D,ENG,2659,2015-10-27,#D52B1E
Duda Jan-Krzysztof,POL,2658,2015-10-27,#D52B1E
Postny Evgeny,ISR,2658,2015-10-27,#D52B1E
Movsesian Sergei,ARM,2658,2015-10-27,#D52B1E
Najer Evgeniy,RUS,2658,2015-10-27,#D52B1E
Tkachiev Vladislav,FRA,2658,2015-10-27,#D52B1E
Sjugirov Sanan,RUS,2657,2015-10-27,#D52B1E
Balogh Csaba,HUN,2657,2015-10-27,#D52B1E
Bukavshin Ivan,RUS,2657,2015-10-27,#D52B1E
Mamedov Rauf,AZE,2657,2015-10-27,#D52B1E
Safarli Eltaj,AZE,2657,2015-10-27,#D52B1E
Zhigalko Sergei,BLR,2656,2015-10-27,#D52B1E
Smirin Ilia,ISR,2655,2015-10-27,#D52B1E
Gajewski Grzegorz,POL,2654,2015-10-27,#D52B1E
Gharamian Tigran,FRA,2654,2015-10-27,#D52B1E
Meier Georg,GER,2654,2015-10-27,#D52B1E
Nielsen Peter Heine,DEN,2654,2015-10-27,#D52B1E
Carlsen Magnus,NOR,2850,2015-11-27,#D52B1E
Topalov Veselin,BUL,2803,2015-11-27,#D52B1E
Anand Viswanathan,IND,2803,2015-11-27,#D52B1E
Kramnik Vladimir,RUS,2796,2015-11-27,#D52B1E
Nakamura Hikaru,USA,2793,2015-11-27,#D52B1E
Caruana Fabiano,USA,2787,2015-11-27,#D52B1E
Aronian Levon,ARM,2781,2015-11-27,#D52B1E
Ding Liren,CHN,2781,2015-11-27,#D52B1E
Giri Anish,NED,2778,2015-11-27,#D52B1E
So Wesley,USA,2767,2015-11-27,#D52B1E
Karjakin Sergey,RUS,2766,2015-11-27,#D52B1E
Vachier-Lagrave Maxime,FRA,2765,2015-11-27,#D52B1E
Eljanov Pavel,UKR,2753,2015-11-27,#D52B1E
Grischuk Alexander,RUS,2750,2015-11-27,#D52B1E
Li Chao b,CHN,2750,2015-11-27,#D52B1E
Wojtaszek Radoslaw,POL,2748,2015-11-27,#D52B1E
Svidler Peter,RUS,2745,2015-11-27,#D52B1E
Adams Michael,ENG,2744,2015-11-27,#D52B1E
Harikrishna P.,IND,2743,2015-11-27,#D52B1E
Mamedyarov Shakhriyar,AZE,2743,2015-11-27,#D52B1E
Tomashevsky Evgeny,RUS,2743,2015-11-27,#D52B1E
Radjabov Teimour,AZE,2739,2015-11-27,#D52B1E
Wei Yi,CHN,2737,2015-11-27,#D52B1E
Jakovenko Dmitry,RUS,2735,2015-11-27,#D52B1E
Yu Yangyi,CHN,2734,2015-11-27,#D52B1E
Andreikin Dmitry,RUS,2732,2015-11-27,#D52B1E
Dominguez Perez Leinier,CUB,2732,2015-11-27,#D52B1E
Gelfand Boris,ISR,2731,2015-11-27,#D52B1E
Navara David,CZE,2730,2015-11-27,#D52B1E
Wang Yue,CHN,2729,2015-11-27,#D52B1E
Vitiugov Nikita,RUS,2724,2015-11-27,#D52B1E
Ivanchuk Vassily,UKR,2720,2015-11-27,#D52B1E
Le Quang Liem,VIE,2718,2015-11-27,#D52B1E
Kryvoruchko Yuriy,UKR,2717,2015-11-27,#D52B1E
Fressinet Laurent,FRA,2712,2015-11-27,#D52B1E
Bu Xiangzhi,CHN,2710,2015-11-27,#D52B1E
Ponomariov Ruslan,UKR,2710,2015-11-27,#D52B1E
Korobov Anton,UKR,2709,2015-11-27,#D52B1E
Leko Peter,HUN,2708,2015-11-27,#D52B1E
Nepomniachtchi Ian,RUS,2705,2015-11-27,#D52B1E
Kasimdzhanov Rustam,UZB,2702,2015-11-27,#D52B1E
Wang Hao,CHN,2700,2015-11-27,#D52B1E
Ni Hua,CHN,2696,2015-11-27,#D52B1E
Morozevich Alexander,RUS,2695,2015-11-27,#D52B1E
Kovalenko Igor,LAT,2694,2015-11-27,#D52B1E
Rapport Richard,HUN,2693,2015-11-27,#D52B1E
Howell David W L,ENG,2693,2015-11-27,#D52B1E
Malakhov Vladimir,RUS,2693,2015-11-27,#D52B1E
Rublevsky Sergei,RUS,2692,2015-11-27,#D52B1E
Naiditsch Arkadij,AZE,2689,2015-11-27,#D52B1E
Shirov Alexei,LAT,2689,2015-11-27,#D52B1E
Sargissian Gabriel,ARM,2689,2015-11-27,#D52B1E
Moiseenko Alexander,UKR,2689,2015-11-27,#D52B1E
Almasi Zoltan,HUN,2689,2015-11-27,#D52B1E
Ragger Markus,AUT,2688,2015-11-27,#D52B1E
McShane Luke J,ENG,2687,2015-11-27,#D52B1E
Short Nigel D,ENG,2686,2015-11-27,#D52B1E
Bacrot Etienne,FRA,2686,2015-11-27,#D52B1E
Matlakov Maxim,RUS,2684,2015-11-27,#D52B1E
Vallejo Pons Francisco,ESP,2684,2015-11-27,#D52B1E
Hou Yifan,CHN,2683,2015-11-27,#D52B1E
Nisipeanu Liviu-Dieter,GER,2683,2015-11-27,#D52B1E
Areshchenko Alexander,UKR,2682,2015-11-27,#D52B1E
Cheparinov Ivan,BUL,2682,2015-11-27,#D52B1E
Hammer Jon Ludvig,NOR,2682,2015-11-27,#D52B1E
Kamsky Gata,USA,2681,2015-11-27,#D52B1E
Granda Zuniga Julio E,PER,2678,2015-11-27,#D52B1E
Rodshtein Maxim,ISR,2677,2015-11-27,#D52B1E
Artemiev Vladislav,RUS,2676,2015-11-27,#D52B1E
Bareev Evgeny,CAN,2675,2015-11-27,#D52B1E
Najer Evgeniy,RUS,2674,2015-11-27,#D52B1E
Postny Evgeny,ISR,2672,2015-11-27,#D52B1E
Adhiban B.,IND,2669,2015-11-27,#D52B1E
Inarkiev Ernesto,RUS,2668,2015-11-27,#D52B1E
Jobava Baadur,GEO,2668,2015-11-27,#D52B1E
Movsesian Sergei,ARM,2666,2015-11-27,#D52B1E
Laznicka Viktor,CZE,2665,2015-11-27,#D52B1E
Fedoseev Vladimir,RUS,2664,2015-11-27,#D52B1E
Onischuk Alexander,USA,2664,2015-11-27,#D52B1E
Negi Parimarjan,IND,2664,2015-11-27,#D52B1E
Ivanisevic Ivan,SRB,2662,2015-11-27,#D52B1E
Zvjaginsev Vadim,RUS,2662,2015-11-27,#D52B1E
Lysyj Igor,RUS,2660,2015-11-27,#D52B1E
Robson Ray,USA,2659,2015-11-27,#D52B1E
Sadler Matthew D,ENG,2659,2015-11-27,#D52B1E
Smirin Ilia,ISR,2658,2015-11-27,#D52B1E
Duda Jan-Krzysztof,POL,2658,2015-11-27,#D52B1E
Tkachiev Vladislav,FRA,2658,2015-11-27,#D52B1E
Amin Bassem,EGY,2657,2015-11-27,#D52B1E
Safarli Eltaj,AZE,2657,2015-11-27,#D52B1E
Bruzon Batista Lazaro,CUB,2657,2015-11-27,#D52B1E
Bukavshin Ivan,RUS,2657,2015-11-27,#D52B1E
Dubov Daniil,RUS,2655,2015-11-27,#D52B1E
Zhigalko Sergei,BLR,2655,2015-11-27,#D52B1E
Khismatullin Denis,RUS,2654,2015-11-27,#D52B1E
Meier Georg,GER,2654,2015-11-27,#D52B1E
Gharamian Tigran,FRA,2654,2015-11-27,#D52B1E
Nielsen Peter Heine,DEN,2654,2015-11-27,#D52B1E
Mamedov Rauf,AZE,2653,2015-11-27,#D52B1E
Motylev Alexander,RUS,2653,2015-11-27,#D52B1E
Carlsen Magnus,NOR,2834,2015-12-27,#D52B1E
Topalov Veselin,BUL,2803,2015-12-27,#D52B1E
Anand Viswanathan,IND,2796,2015-12-27,#D52B1E
Kramnik Vladimir,RUS,2796,2015-12-27,#D52B1E
Nakamura Hikaru,USA,2793,2015-12-27,#D52B1E
Aronian Levon,ARM,2788,2015-12-27,#D52B1E
Caruana Fabiano,USA,2787,2015-12-27,#D52B1E
Giri Anish,NED,2784,2015-12-27,#D52B1E
Ding Liren,CHN,2776,2015-12-27,#D52B1E
So Wesley,USA,2775,2015-12-27,#D52B1E
Vachier-Lagrave Maxime,FRA,2773,2015-12-27,#D52B1E
Karjakin Sergey,RUS,2766,2015-12-27,#D52B1E
Eljanov Pavel,UKR,2763,2015-12-27,#D52B1E
Svidler Peter,RUS,2751,2015-12-27,#D52B1E
Li Chao b,CHN,2750,2015-12-27,#D52B1E
Mamedyarov Shakhriyar,AZE,2748,2015-12-27,#D52B1E
Grischuk Alexander,RUS,2747,2015-12-27,#D52B1E
Tomashevsky Evgeny,RUS,2744,2015-12-27,#D52B1E
Harikrishna P.,IND,2743,2015-12-27,#D52B1E
Adams Michael,ENG,2737,2015-12-27,#D52B1E
Jakovenko Dmitry,RUS,2737,2015-12-27,#D52B1E
Yu Yangyi,CHN,2736,2015-12-27,#D52B1E
Andreikin Dmitry,RUS,2732,2015-12-27,#D52B1E
Dominguez Perez Leinier,CUB,2732,2015-12-27,#D52B1E
Gelfand Boris,ISR,2731,2015-12-27,#D52B1E
Navara David,CZE,2730,2015-12-27,#D52B1E
Wei Yi,CHN,2730,2015-12-27,#D52B1E
Radjabov Teimour,AZE,2726,2015-12-27,#D52B1E
Wang Yue,CHN,2724,2015-12-27,#D52B1E
Vitiugov Nikita,RUS,2724,2015-12-27,#D52B1E
Wojtaszek Radoslaw,POL,2723,2015-12-27,#D52B1E
Le Quang Liem,VIE,2718,2015-12-27,#D52B1E
Rapport Richard,HUN,2715,2015-12-27,#D52B1E
Korobov Anton,UKR,2713,2015-12-27,#D52B1E
Bu Xiangzhi,CHN,2712,2015-12-27,#D52B1E
Kryvoruchko Yuriy,UKR,2711,2015-12-27,#D52B1E
Ivanchuk Vassily,UKR,2710,2015-12-27,#D52B1E
Ponomariov Ruslan,UKR,2710,2015-12-27,#D52B1E
Fressinet Laurent,FRA,2707,2015-12-27,#D52B1E
Nepomniachtchi Ian,RUS,2707,2015-12-27,#D52B1E
Wang Hao,CHN,2707,2015-12-27,#D52B1E
Leko Peter,HUN,2705,2015-12-27,#D52B1E
Sargissian Gabriel,ARM,2702,2015-12-27,#D52B1E
Kasimdzhanov Rustam,UZB,2702,2015-12-27,#D52B1E
Naiditsch Arkadij,AZE,2698,2015-12-27,#D52B1E
Hammer Jon Ludvig,NOR,2695,2015-12-27,#D52B1E
Malakhov Vladimir,RUS,2694,2015-12-27,#D52B1E
Ni Hua,CHN,2693,2015-12-27,#D52B1E
Bacrot Etienne,FRA,2692,2015-12-27,#D52B1E
Morozevich Alexander,RUS,2692,2015-12-27,#D52B1E
Rublevsky Sergei,RUS,2692,2015-12-27,#D52B1E
Almasi Zoltan,HUN,2690,2015-12-27,#D52B1E
Moiseenko Alexander,UKR,2689,2015-12-27,#D52B1E
Howell David W L,ENG,2688,2015-12-27,#D52B1E
Ragger Markus,AUT,2687,2015-12-27,#D52B1E
Granda Zuniga Julio E,PER,2685,2015-12-27,#D52B1E
Short Nigel D,ENG,2684,2015-12-27,#D52B1E
Matlakov Maxim,RUS,2684,2015-12-27,#D52B1E
Hou Yifan,CHN,2683,2015-12-27,#D52B1E
Cheparinov Ivan,BUL,2682,2015-12-27,#D52B1E
Kovalenko Igor,LAT,2680,2015-12-27,#D52B1E
Rodshtein Maxim,ISR,2678,2015-12-27,#D52B1E
Areshchenko Alexander,UKR,2677,2015-12-27,#D52B1E
Vallejo Pons Francisco,ESP,2676,2015-12-27,#D52B1E
Shirov Alexei,LAT,2676,2015-12-27,#D52B1E
Artemiev Vladislav,RUS,2676,2015-12-27,#D52B1E
Nisipeanu Liviu-Dieter,GER,2675,2015-12-27,#D52B1E
Bareev Evgeny,CAN,2675,2015-12-27,#D52B1E
Najer Evgeniy,RUS,2674,2015-12-27,#D52B1E
Jobava Baadur,GEO,2673,2015-12-27,#D52B1E
Postny Evgeny,ISR,2670,2015-12-27,#D52B1E
Kamsky Gata,USA,2669,2015-12-27,#D52B1E
McShane Luke J,ENG,2669,2015-12-27,#D52B1E
Adhiban B.,IND,2669,2015-12-27,#D52B1E
Inarkiev Ernesto,RUS,2668,2015-12-27,#D52B1E
Bruzon Batista Lazaro,CUB,2666,2015-12-27,#D52B1E
Lysyj Igor,RUS,2666,2015-12-27,#D52B1E
Amin Bassem,EGY,2665,2015-12-27,#D52B1E
Fedoseev Vladimir,RUS,2664,2015-12-27,#D52B1E
Negi Parimarjan,IND,2664,2015-12-27,#D52B1E
Onischuk Alexander,USA,2664,2015-12-27,#D52B1E
Duda Jan-Krzysztof,POL,2663,2015-12-27,#D52B1E
Sadler Matthew D,ENG,2662,2015-12-27,#D52B1E
Zvjaginsev Vadim,RUS,2662,2015-12-27,#D52B1E
Tkachiev Vladislav,FRA,2660,2015-12-27,#D52B1E
Meier Georg,GER,2660,2015-12-27,#D52B1E
Ivanisevic Ivan,SRB,2660,2015-12-27,#D52B1E
Movsesian Sergei,ARM,2659,2015-12-27,#D52B1E
Robson Ray,USA,2659,2015-12-27,#D52B1E
Smirin Ilia,ISR,2658,2015-12-27,#D52B1E
Bukavshin Ivan,RUS,2657,2015-12-27,#D52B1E
Laznicka Viktor,CZE,2655,2015-12-27,#D52B1E
Dubov Daniil,RUS,2655,2015-12-27,#D52B1E
Zhigalko Sergei,BLR,2655,2015-12-27,#D52B1E
Melkumyan Hrant,ARM,2654,2015-12-27,#D52B1E
Bologan Viktor,MDA,2654,2015-12-27,#D52B1E
Saric Ivan,CRO,2654,2015-12-27,#D52B1E
Gharamian Tigran,FRA,2654,2015-12-27,#D52B1E
Khismatullin Denis,RUS,2654,2015-12-27,#D52B1E
Safarli Eltaj,AZE,2653,2015-12-27,#D52B1E
Motylev Alexander,RUS,2653,2015-12-27,#D52B1E
Carlsen Magnus,NOR,2844,2016-01-27,#D52B1E
Kramnik Vladimir,RUS,2801,2016-01-27,#D52B1E
Giri Anish,NED,2798,2016-01-27,#D52B1E
Aronian Levon,ARM,2792,2016-01-27,#D52B1E
Caruana Fabiano,USA,2787,2016-01-27,#D52B1E
Nakamura Hikaru,USA,2787,2016-01-27,#D52B1E
Vachier-Lagrave Maxime,FRA,2785,2016-01-27,#D52B1E
Anand Viswanathan,IND,2784,2016-01-27,#D52B1E
Topalov Veselin,BUL,2780,2016-01-27,#D52B1E
So Wesley,USA,2773,2016-01-27,#D52B1E
Karjakin Sergey,RUS,2769,2016-01-27,#D52B1E
Ding Liren,CHN,2766,2016-01-27,#D52B1E
Eljanov Pavel,UKR,2760,2016-01-27,#D52B1E
Harikrishna P.,IND,2755,2016-01-27,#D52B1E
Grischuk Alexander,RUS,2752,2016-01-27,#D52B1E
Li Chao b,CHN,2751,2016-01-27,#D52B1E
Svidler Peter,RUS,2751,2016-01-27,#D52B1E
Yu Yangyi,CHN,2747,2016-01-27,#D52B1E
Mamedyarov Shakhriyar,AZE,2747,2016-01-27,#D52B1E
Adams Michael,ENG,2744,2016-01-27,#D52B1E
Gelfand Boris,ISR,2735,2016-01-27,#D52B1E
Jakovenko Dmitry,RUS,2732,2016-01-27,#D52B1E
Andreikin Dmitry,RUS,2732,2016-01-27,#D52B1E
Dominguez Perez Leinier,CUB,2732,2016-01-27,#D52B1E
Navara David,CZE,2730,2016-01-27,#D52B1E
Tomashevsky Evgeny,RUS,2728,2016-01-27,#D52B1E
Wojtaszek Radoslaw,POL,2727,2016-01-27,#D52B1E
Radjabov Teimour,AZE,2726,2016-01-27,#D52B1E
Bu Xiangzhi,CHN,2724,2016-01-27,#D52B1E
Vitiugov Nikita,RUS,2721,2016-01-27,#D52B1E
Rapport Richard,HUN,2721,2016-01-27,#D52B1E
Wang Yue,CHN,2718,2016-01-27,#D52B1E
Le Quang Liem,VIE,2718,2016-01-27,#D52B1E
Ponomariov Ruslan,UKR,2712,2016-01-27,#D52B1E
Korobov Anton,UKR,2710,2016-01-27,#D52B1E
Ivanchuk Vassily,UKR,2710,2016-01-27,#D52B1E
Wei Yi,CHN,2706,2016-01-27,#D52B1E
Leko Peter,HUN,2705,2016-01-27,#D52B1E
Nepomniachtchi Ian,RUS,2704,2016-01-27,#D52B1E
Kasimdzhanov Rustam,UZB,2702,2016-01-27,#D52B1E
Sargissian Gabriel,ARM,2702,2016-01-27,#D52B1E
Fressinet Laurent,FRA,2700,2016-01-27,#D52B1E
Ni Hua,CHN,2697,2016-01-27,#D52B1E
Bacrot Etienne,FRA,2697,2016-01-27,#D52B1E
Naiditsch Arkadij,AZE,2696,2016-01-27,#D52B1E
Kryvoruchko Yuriy,UKR,2695,2016-01-27,#D52B1E
Wang Hao,CHN,2695,2016-01-27,#D52B1E
Hammer Jon Ludvig,NOR,2695,2016-01-27,#D52B1E
Rublevsky Sergei,RUS,2692,2016-01-27,#D52B1E
Ragger Markus,AUT,2689,2016-01-27,#D52B1E
Malakhov Vladimir,RUS,2687,2016-01-27,#D52B1E
Howell David W L,ENG,2685,2016-01-27,#D52B1E
Rodshtein Maxim,ISR,2685,2016-01-27,#D52B1E
Almasi Zoltan,HUN,2684,2016-01-27,#D52B1E
Short Nigel D,ENG,2684,2016-01-27,#D52B1E
Granda Zuniga Julio E,PER,2683,2016-01-27,#D52B1E
Morozevich Alexander,RUS,2683,2016-01-27,#D52B1E
Matlakov Maxim,RUS,2682,2016-01-27,#D52B1E
Cheparinov Ivan,BUL,2682,2016-01-27,#D52B1E
Kovalenko Igor,LAT,2680,2016-01-27,#D52B1E
Nisipeanu Liviu-Dieter,GER,2679,2016-01-27,#D52B1E
Inarkiev Ernesto,RUS,2676,2016-01-27,#D52B1E
Vallejo Pons Francisco,ESP,2675,2016-01-27,#D52B1E
Bareev Evgeny,CAN,2675,2016-01-27,#D52B1E
Najer Evgeniy,RUS,2674,2016-01-27,#D52B1E
Artemiev Vladislav,RUS,2673,2016-01-27,#D52B1E
Moiseenko Alexander,UKR,2673,2016-01-27,#D52B1E
Hou Yifan,CHN,2673,2016-01-27,#D52B1E
Jobava Baadur,GEO,2673,2016-01-27,#D52B1E
Areshchenko Alexander,UKR,2671,2016-01-27,#D52B1E
McShane Luke J,ENG,2671,2016-01-27,#D52B1E
Shirov Alexei,LAT,2671,2016-01-27,#D52B1E
Postny Evgeny,ISR,2670,2016-01-27,#D52B1E
Lysyj Igor,RUS,2668,2016-01-27,#D52B1E
Sjugirov Sanan,RUS,2667,2016-01-27,#D52B1E
Bruzon Batista Lazaro,CUB,2666,2016-01-27,#D52B1E
Kamsky Gata,USA,2665,2016-01-27,#D52B1E
Ivanisevic Ivan,SRB,2665,2016-01-27,#D52B1E
Amin Bassem,EGY,2665,2016-01-27,#D52B1E
Fedoseev Vladimir,RUS,2664,2016-01-27,#D52B1E
Swiercz Dariusz,POL,2664,2016-01-27,#D52B1E
Laznicka Viktor,CZE,2664,2016-01-27,#D52B1E
Negi Parimarjan,IND,2664,2016-01-27,#D52B1E
Onischuk Alexander,USA,2664,2016-01-27,#D52B1E
Sadler Matthew D,ENG,2662,2016-01-27,#D52B1E
Zvjaginsev Vadim,RUS,2662,2016-01-27,#D52B1E
Duda Jan-Krzysztof,POL,2660,2016-01-27,#D52B1E
Ganguly Surya Shekhar,IND,2660,2016-01-27,#D52B1E
Meier Georg,GER,2660,2016-01-27,#D52B1E
Tkachiev Vladislav,FRA,2660,2016-01-27,#D52B1E
Robson Ray,USA,2659,2016-01-27,#D52B1E
Bukavshin Ivan,RUS,2658,2016-01-27,#D52B1E
Smirin Ilia,ISR,2658,2016-01-27,#D52B1E
Efimenko Zahar,UKR,2656,2016-01-27,#D52B1E
Akopian Vladimir,ARM,2656,2016-01-27,#D52B1E
Motylev Alexander,RUS,2656,2016-01-27,#D52B1E
Movsesian Sergei,ARM,2655,2016-01-27,#D52B1E
Zhigalko Sergei,BLR,2655,2016-01-27,#D52B1E
Bologan Viktor,MDA,2654,2016-01-27,#D52B1E
Adhiban B.,IND,2653,2016-01-27,#D52B1E
Safarli Eltaj,AZE,2653,2016-01-27,#D52B1E
Carlsen Magnus,NOR,2844,2016-02-27,#D52B1E
Kramnik Vladimir,RUS,2801,2016-02-27,#D52B1E
Giri Anish,NED,2798,2016-02-27,#D52B1E
Aronian Levon,ARM,2792,2016-02-27,#D52B1E
Caruana Fabiano,USA,2787,2016-02-27,#D52B1E
Nakamura Hikaru,USA,2787,2016-02-27,#D52B1E
Vachier-Lagrave Maxime,FRA,2785,2016-02-27,#D52B1E
Anand Viswanathan,IND,2784,2016-02-27,#D52B1E
Topalov Veselin,BUL,2780,2016-02-27,#D52B1E
So Wesley,USA,2773,2016-02-27,#D52B1E
Karjakin Sergey,RUS,2769,2016-02-27,#D52B1E
Ding Liren,CHN,2766,2016-02-27,#D52B1E
Eljanov Pavel,UKR,2760,2016-02-27,#D52B1E
Harikrishna P.,IND,2753,2016-02-27,#D52B1E
Grischuk Alexander,RUS,2752,2016-02-27,#D52B1E
Li Chao b,CHN,2751,2016-02-27,#D52B1E
Svidler Peter,RUS,2751,2016-02-27,#D52B1E
Mamedyarov Shakhriyar,AZE,2747,2016-02-27,#D52B1E
Yu Yangyi,CHN,2747,2016-02-27,#D52B1E
Adams Michael,ENG,2744,2016-02-27,#D52B1E
Gelfand Boris,ISR,2735,2016-02-27,#D52B1E
Navara David,CZE,2734,2016-02-27,#D52B1E
Andreikin Dmitry,RUS,2732,2016-02-27,#D52B1E
Dominguez Perez Leinier,CUB,2732,2016-02-27,#D52B1E
Jakovenko Dmitry,RUS,2732,2016-02-27,#D52B1E
Tomashevsky Evgeny,RUS,2728,2016-02-27,#D52B1E
Wojtaszek Radoslaw,POL,2727,2016-02-27,#D52B1E
Radjabov Teimour,AZE,2726,2016-02-27,#D52B1E
Bu Xiangzhi,CHN,2724,2016-02-27,#D52B1E
Rapport Richard,HUN,2721,2016-02-27,#D52B1E
Vitiugov Nikita,RUS,2721,2016-02-27,#D52B1E
Wang Yue,CHN,2718,2016-02-27,#D52B1E
Wang Hao,CHN,2717,2016-02-27,#D52B1E
Ponomariov Ruslan,UKR,2712,2016-02-27,#D52B1E
Ivanchuk Vassily,UKR,2710,2016-02-27,#D52B1E
Korobov Anton,UKR,2710,2016-02-27,#D52B1E
Le Quang Liem,VIE,2709,2016-02-27,#D52B1E
Rodshtein Maxim,ISR,2708,2016-02-27,#D52B1E
Wei Yi,CHN,2706,2016-02-27,#D52B1E
Hammer Jon Ludvig,NOR,2705,2016-02-27,#D52B1E
Leko Peter,HUN,2705,2016-02-27,#D52B1E
Kasimdzhanov Rustam,UZB,2704,2016-02-27,#D52B1E
Nepomniachtchi Ian,RUS,2704,2016-02-27,#D52B1E
Naiditsch Arkadij,AZE,2702,2016-02-27,#D52B1E
Sargissian Gabriel,ARM,2702,2016-02-27,#D52B1E
Fressinet Laurent,FRA,2700,2016-02-27,#D52B1E
Bacrot Etienne,FRA,2697,2016-02-27,#D52B1E
Ni Hua,CHN,2697,2016-02-27,#D52B1E
Kryvoruchko Yuriy,UKR,2694,2016-02-27,#D52B1E
Rublevsky Sergei,RUS,2692,2016-02-27,#D52B1E
Granda Zuniga Julio E,PER,2688,2016-02-27,#D52B1E
Malakhov Vladimir,RUS,2687,2016-02-27,#D52B1E
Howell David W L,ENG,2685,2016-02-27,#D52B1E
Shirov Alexei,LAT,2684,2016-02-27,#D52B1E
Cheparinov Ivan,BUL,2684,2016-02-27,#D52B1E
Short Nigel D,ENG,2684,2016-02-27,#D52B1E
Almasi Zoltan,HUN,2684,2016-02-27,#D52B1E
Morozevich Alexander,RUS,2683,2016-02-27,#D52B1E
Ragger Markus,AUT,2682,2016-02-27,#D52B1E
Matlakov Maxim,RUS,2682,2016-02-27,#D52B1E
Nisipeanu Liviu-Dieter,GER,2679,2016-02-27,#D52B1E
Inarkiev Ernesto,RUS,2676,2016-02-27,#D52B1E
Areshchenko Alexander,UKR,2675,2016-02-27,#D52B1E
Bareev Evgeny,CAN,2675,2016-02-27,#D52B1E
Vallejo Pons Francisco,ESP,2675,2016-02-27,#D52B1E
Bruzon Batista Lazaro,CUB,2673,2016-02-27,#D52B1E
Artemiev Vladislav,RUS,2673,2016-02-27,#D52B1E
Hou Yifan,CHN,2673,2016-02-27,#D52B1E
Jobava Baadur,GEO,2673,2016-02-27,#D52B1E
Moiseenko Alexander,UKR,2673,2016-02-27,#D52B1E
Najer Evgeniy,RUS,2672,2016-02-27,#D52B1E
McShane Luke J,ENG,2671,2016-02-27,#D52B1E
Postny Evgeny,ISR,2668,2016-02-27,#D52B1E
Lysyj Igor,RUS,2668,2016-02-27,#D52B1E
Kamsky Gata,USA,2667,2016-02-27,#D52B1E
Kovalenko Igor,LAT,2667,2016-02-27,#D52B1E
Sjugirov Sanan,RUS,2667,2016-02-27,#D52B1E
Ivanisevic Ivan,SRB,2665,2016-02-27,#D52B1E
Laznicka Viktor,CZE,2664,2016-02-27,#D52B1E
Swiercz Dariusz,POL,2664,2016-02-27,#D52B1E
Fedoseev Vladimir,RUS,2664,2016-02-27,#D52B1E
Negi Parimarjan,IND,2664,2016-02-27,#D52B1E
Onischuk Alexander,USA,2664,2016-02-27,#D52B1E
Efimenko Zahar,UKR,2663,2016-02-27,#D52B1E
Robson Ray,USA,2663,2016-02-27,#D52B1E
Sadler Matthew D,ENG,2662,2016-02-27,#D52B1E
Zvjaginsev Vadim,RUS,2662,2016-02-27,#D52B1E
Duda Jan-Krzysztof,POL,2660,2016-02-27,#D52B1E
Ganguly Surya Shekhar,IND,2660,2016-02-27,#D52B1E
Meier Georg,GER,2660,2016-02-27,#D52B1E
Tkachiev Vladislav,FRA,2660,2016-02-27,#D52B1E
Smirin Ilia,ISR,2658,2016-02-27,#D52B1E
Bukavshin Ivan,RUS,2658,2016-02-27,#D52B1E
Akopian Vladimir,ARM,2656,2016-02-27,#D52B1E
Amin Bassem,EGY,2655,2016-02-27,#D52B1E
Motylev Alexander,RUS,2655,2016-02-27,#D52B1E
Bologan Viktor,MDA,2654,2016-02-27,#D52B1E
Movsesian Sergei,ARM,2653,2016-02-27,#D52B1E
Adhiban B.,IND,2653,2016-02-27,#D52B1E
Safarli Eltaj,AZE,2653,2016-02-27,#D52B1E
Carlsen Magnus,NOR,2851,2016-03-27,#D52B1E
Kramnik Vladimir,RUS,2801,2016-03-27,#D52B1E
Caruana Fabiano,USA,2794,2016-03-27,#D52B1E
Giri Anish,NED,2793,2016-03-27,#D52B1E
Vachier-Lagrave Maxime,FRA,2792,2016-03-27,#D52B1E
Nakamura Hikaru,USA,2790,2016-03-27,#D52B1E
Aronian Levon,ARM,2786,2016-03-27,#D52B1E
Topalov Veselin,BUL,2780,2016-03-27,#D52B1E
Ding Liren,CHN,2777,2016-03-27,#D52B1E
So Wesley,USA,2773,2016-03-27,#D52B1E
Eljanov Pavel,UKR,2765,2016-03-27,#D52B1E
Anand Viswanathan,IND,2762,2016-03-27,#D52B1E
Karjakin Sergey,RUS,2760,2016-03-27,#D52B1E
Harikrishna P.,IND,2758,2016-03-27,#D52B1E
Li Chao b,CHN,2757,2016-03-27,#D52B1E
Svidler Peter,RUS,2757,2016-03-27,#D52B1E
Grischuk Alexander,RUS,2752,2016-03-27,#D52B1E
Mamedyarov Shakhriyar,AZE,2747,2016-03-27,#D52B1E
Yu Yangyi,CHN,2738,2016-03-27,#D52B1E
Gelfand Boris,ISR,2735,2016-03-27,#D52B1E
Andreikin Dmitry,RUS,2732,2016-03-27,#D52B1E
Dominguez Perez Leinier,CUB,2732,2016-03-27,#D52B1E
Jakovenko Dmitry,RUS,2731,2016-03-27,#D52B1E
Adams Michael,ENG,2727,2016-03-27,#D52B1E
Navara David,CZE,2726,2016-03-27,#D52B1E
Radjabov Teimour,AZE,2726,2016-03-27,#D52B1E
Bu Xiangzhi,CHN,2724,2016-03-27,#D52B1E
Tomashevsky Evgeny,RUS,2722,2016-03-27,#D52B1E
Vitiugov Nikita,RUS,2721,2016-03-27,#D52B1E
Rapport Richard,HUN,2720,2016-03-27,#D52B1E
Wang Yue,CHN,2718,2016-03-27,#D52B1E
Wang Hao,CHN,2717,2016-03-27,#D52B1E
Wei Yi,CHN,2714,2016-03-27,#D52B1E
Wojtaszek Radoslaw,POL,2713,2016-03-27,#D52B1E
Korobov Anton,UKR,2713,2016-03-27,#D52B1E
Ponomariov Ruslan,UKR,2712,2016-03-27,#D52B1E
Rodshtein Maxim,ISR,2710,2016-03-27,#D52B1E
Ivanchuk Vassily,UKR,2710,2016-03-27,#D52B1E
Le Quang Liem,VIE,2709,2016-03-27,#D52B1E
Leko Peter,HUN,2705,2016-03-27,#D52B1E
Nepomniachtchi Ian,RUS,2704,2016-03-27,#D52B1E
Sargissian Gabriel,ARM,2702,2016-03-27,#D52B1E
Bacrot Etienne,FRA,2701,2016-03-27,#D52B1E
Hammer Jon Ludvig,NOR,2701,2016-03-27,#D52B1E
Ragger Markus,AUT,2694,2016-03-27,#D52B1E
Kasimdzhanov Rustam,UZB,2694,2016-03-27,#D52B1E
Kryvoruchko Yuriy,UKR,2692,2016-03-27,#D52B1E
Rublevsky Sergei,RUS,2692,2016-03-27,#D52B1E
Ni Hua,CHN,2691,2016-03-27,#D52B1E
Malakhov Vladimir,RUS,2691,2016-03-27,#D52B1E
Fressinet Laurent,FRA,2688,2016-03-27,#D52B1E
Granda Zuniga Julio E,PER,2688,2016-03-27,#D52B1E
Shirov Alexei,LAT,2685,2016-03-27,#D52B1E
Cheparinov Ivan,BUL,2684,2016-03-27,#D52B1E
Morozevich Alexander,RUS,2683,2016-03-27,#D52B1E
Matlakov Maxim,RUS,2682,2016-03-27,#D52B1E
Almasi Zoltan,HUN,2680,2016-03-27,#D52B1E
Bruzon Batista Lazaro,CUB,2679,2016-03-27,#D52B1E
Inarkiev Ernesto,RUS,2677,2016-03-27,#D52B1E
Vallejo Pons Francisco,ESP,2677,2016-03-27,#D52B1E
Jobava Baadur,GEO,2676,2016-03-27,#D52B1E
McShane Luke J,ENG,2676,2016-03-27,#D52B1E
Bareev Evgeny,CAN,2675,2016-03-27,#D52B1E
Howell David W L,ENG,2674,2016-03-27,#D52B1E
Artemiev Vladislav,RUS,2674,2016-03-27,#D52B1E
Areshchenko Alexander,UKR,2674,2016-03-27,#D52B1E
Kamsky Gata,USA,2673,2016-03-27,#D52B1E
Naiditsch Arkadij,AZE,2673,2016-03-27,#D52B1E
Short Nigel D,ENG,2671,2016-03-27,#D52B1E
Postny Evgeny,ISR,2668,2016-03-27,#D52B1E
Moiseenko Alexander,UKR,2668,2016-03-27,#D52B1E
Lysyj Igor,RUS,2668,2016-03-27,#D52B1E
Hou Yifan,CHN,2667,2016-03-27,#D52B1E
Kovalenko Igor,LAT,2667,2016-03-27,#D52B1E
Sjugirov Sanan,RUS,2667,2016-03-27,#D52B1E
Laznicka Viktor,CZE,2666,2016-03-27,#D52B1E
Sadler Matthew D,ENG,2666,2016-03-27,#D52B1E
Ivanisevic Ivan,SRB,2665,2016-03-27,#D52B1E
Swiercz Dariusz,POL,2665,2016-03-27,#D52B1E
Meier Georg,GER,2664,2016-03-27,#D52B1E
Najer Evgeniy,RUS,2664,2016-03-27,#D52B1E
Fedoseev Vladimir,RUS,2664,2016-03-27,#D52B1E
Onischuk Alexander,USA,2664,2016-03-27,#D52B1E
Adhiban B.,IND,2663,2016-03-27,#D52B1E
Safarli Eltaj,AZE,2663,2016-03-27,#D52B1E
Robson Ray,USA,2663,2016-03-27,#D52B1E
Dreev Aleksey,RUS,2662,2016-03-27,#D52B1E
Zvjaginsev Vadim,RUS,2662,2016-03-27,#D52B1E
Nisipeanu Liviu-Dieter,GER,2660,2016-03-27,#D52B1E
Efimenko Zahar,UKR,2660,2016-03-27,#D52B1E
Tkachiev Vladislav,FRA,2660,2016-03-27,#D52B1E
Sethuraman S.P.,IND,2658,2016-03-27,#D52B1E
Bukavshin Ivan,RUS,2658,2016-03-27,#D52B1E
Smirin Ilia,ISR,2658,2016-03-27,#D52B1E
Akopian Vladimir,ARM,2656,2016-03-27,#D52B1E
Piorun Kacper,POL,2655,2016-03-27,#D52B1E
Amin Bassem,EGY,2655,2016-03-27,#D52B1E
Motylev Alexander,RUS,2655,2016-03-27,#D52B1E
Bologan Viktor,MDA,2654,2016-03-27,#D52B1E
Van Wely Loek,NED,2653,2016-03-27,#D52B1E
Melkumyan Hrant,ARM,2653,2016-03-27,#D52B1E
Movsesian Sergei,ARM,2653,2016-03-27,#D52B1E
Carlsen Magnus,NOR,2851,2016-04-27,#D52B1E
Kramnik Vladimir,RUS,2801,2016-04-27,#D52B1E
Caruana Fabiano,USA,2795,2016-04-27,#D52B1E
Giri Anish,NED,2790,2016-04-27,#D52B1E
Vachier-Lagrave Maxime,FRA,2788,2016-04-27,#D52B1E
Nakamura Hikaru,USA,2787,2016-04-27,#D52B1E
Aronian Levon,ARM,2784,2016-04-27,#D52B1E
Karjakin Sergey,RUS,2779,2016-04-27,#D52B1E
Ding Liren,CHN,2777,2016-04-27,#D52B1E
So Wesley,USA,2773,2016-04-27,#D52B1E
Anand Viswanathan,IND,2770,2016-04-27,#D52B1E
Eljanov Pavel,UKR,2765,2016-04-27,#D52B1E
Harikrishna P.,IND,2763,2016-04-27,#D52B1E
Svidler Peter,RUS,2762,2016-04-27,#D52B1E
Li Chao b,CHN,2755,2016-04-27,#D52B1E
Topalov Veselin,BUL,2754,2016-04-27,#D52B1E
Grischuk Alexander,RUS,2752,2016-04-27,#D52B1E
Mamedyarov Shakhriyar,AZE,2750,2016-04-27,#D52B1E
Gelfand Boris,ISR,2740,2016-04-27,#D52B1E
Yu Yangyi,CHN,2738,2016-04-27,#D52B1E
Andreikin Dmitry,RUS,2736,2016-04-27,#D52B1E
Wang Hao,CHN,2732,2016-04-27,#D52B1E
Dominguez Perez Leinier,CUB,2732,2016-04-27,#D52B1E
Jakovenko Dmitry,RUS,2731,2016-04-27,#D52B1E
Adams Michael,ENG,2728,2016-04-27,#D52B1E
Navara David,CZE,2726,2016-04-27,#D52B1E
Radjabov Teimour,AZE,2726,2016-04-27,#D52B1E
Vitiugov Nikita,RUS,2725,2016-04-27,#D52B1E
Tomashevsky Evgeny,RUS,2722,2016-04-27,#D52B1E
Bu Xiangzhi,CHN,2719,2016-04-27,#D52B1E
Wang Yue,CHN,2718,2016-04-27,#D52B1E
Rapport Richard,HUN,2717,2016-04-27,#D52B1E
Wojtaszek Radoslaw,POL,2716,2016-04-27,#D52B1E
Ponomariov Ruslan,UKR,2712,2016-04-27,#D52B1E
Ivanchuk Vassily,UKR,2710,2016-04-27,#D52B1E
Le Quang Liem,VIE,2709,2016-04-27,#D52B1E
Leko Peter,HUN,2705,2016-04-27,#D52B1E
Nepomniachtchi Ian,RUS,2703,2016-04-27,#D52B1E
Wei Yi,CHN,2700,2016-04-27,#D52B1E
Bacrot Etienne,FRA,2698,2016-04-27,#D52B1E
Ragger Markus,AUT,2697,2016-04-27,#D52B1E
Korobov Anton,UKR,2695,2016-04-27,#D52B1E
Cheparinov Ivan,BUL,2695,2016-04-27,#D52B1E
Malakhov Vladimir,RUS,2695,2016-04-27,#D52B1E
Kasimdzhanov Rustam,UZB,2694,2016-04-27,#D52B1E
Matlakov Maxim,RUS,2693,2016-04-27,#D52B1E
Sargissian Gabriel,ARM,2693,2016-04-27,#D52B1E
Fressinet Laurent,FRA,2692,2016-04-27,#D52B1E
Kryvoruchko Yuriy,UKR,2692,2016-04-27,#D52B1E
Rublevsky Sergei,RUS,2692,2016-04-27,#D52B1E
Vallejo Pons Francisco,ESP,2691,2016-04-27,#D52B1E
Hammer Jon Ludvig,NOR,2689,2016-04-27,#D52B1E
Shirov Alexei,LAT,2686,2016-04-27,#D52B1E
Granda Zuniga Julio E,PER,2685,2016-04-27,#D52B1E
Morozevich Alexander,RUS,2683,2016-04-27,#D52B1E
Najer Evgeniy,RUS,2682,2016-04-27,#D52B1E
Almasi Zoltan,HUN,2682,2016-04-27,#D52B1E
Ni Hua,CHN,2681,2016-04-27,#D52B1E
Fedoseev Vladimir,RUS,2680,2016-04-27,#D52B1E
Rodshtein Maxim,ISR,2680,2016-04-27,#D52B1E
Inarkiev Ernesto,RUS,2679,2016-04-27,#D52B1E
Bruzon Batista Lazaro,CUB,2679,2016-04-27,#D52B1E
Kamsky Gata,USA,2678,2016-04-27,#D52B1E
Howell David W L,ENG,2678,2016-04-27,#D52B1E
Bareev Evgeny,CAN,2675,2016-04-27,#D52B1E
Sjugirov Sanan,RUS,2674,2016-04-27,#D52B1E
Areshchenko Alexander,UKR,2674,2016-04-27,#D52B1E
Laznicka Viktor,CZE,2673,2016-04-27,#D52B1E
Postny Evgeny,ISR,2673,2016-04-27,#D52B1E
Jobava Baadur,GEO,2672,2016-04-27,#D52B1E
Zvjaginsev Vadim,RUS,2672,2016-04-27,#D52B1E
Short Nigel D,ENG,2671,2016-04-27,#D52B1E
Sadler Matthew D,ENG,2670,2016-04-27,#D52B1E
Artemiev Vladislav,RUS,2669,2016-04-27,#D52B1E
McShane Luke J,ENG,2669,2016-04-27,#D52B1E
Lysyj Igor,RUS,2668,2016-04-27,#D52B1E
Moiseenko Alexander,UKR,2667,2016-04-27,#D52B1E
Nisipeanu Liviu-Dieter,GER,2667,2016-04-27,#D52B1E
Safarli Eltaj,AZE,2666,2016-04-27,#D52B1E
Smirin Ilia,ISR,2665,2016-04-27,#D52B1E
Efimenko Zahar,UKR,2665,2016-04-27,#D52B1E
Onischuk Alexander,USA,2664,2016-04-27,#D52B1E
Hou Yifan,CHN,2663,2016-04-27,#D52B1E
Duda Jan-Krzysztof,POL,2663,2016-04-27,#D52B1E
Adhiban B.,IND,2663,2016-04-27,#D52B1E
Robson Ray,USA,2663,2016-04-27,#D52B1E
Kovalenko Igor,LAT,2662,2016-04-27,#D52B1E
Dreev Aleksey,RUS,2662,2016-04-27,#D52B1E
Naiditsch Arkadij,AZE,2660,2016-04-27,#D52B1E
Negi Parimarjan,IND,2660,2016-04-27,#D52B1E
Tkachiev Vladislav,FRA,2660,2016-04-27,#D52B1E
Meier Georg,GER,2659,2016-04-27,#D52B1E
Movsesian Sergei,ARM,2659,2016-04-27,#D52B1E
Bukavshin Ivan,RUS,2658,2016-04-27,#D52B1E
Sethuraman S.P.,IND,2658,2016-04-27,#D52B1E
Piorun Kacper,POL,2657,2016-04-27,#D52B1E
Shankland Samuel L,USA,2656,2016-04-27,#D52B1E
Akopian Vladimir,ARM,2656,2016-04-27,#D52B1E
Swiercz Dariusz,POL,2655,2016-04-27,#D52B1E
Amin Bassem,EGY,2655,2016-04-27,#D52B1E
Carlsen Magnus,NOR,2851,2016-05-27,#D52B1E
Caruana Fabiano,USA,2804,2016-05-27,#D52B1E
Kramnik Vladimir,RUS,2801,2016-05-27,#D52B1E
Giri Anish,NED,2790,2016-05-27,#D52B1E
Vachier-Lagrave Maxime,FRA,2788,2016-05-27,#D52B1E
Nakamura Hikaru,USA,2787,2016-05-27,#D52B1E
Aronian Levon,ARM,2784,2016-05-27,#D52B1E
Karjakin Sergey,RUS,2779,2016-05-27,#D52B1E
Ding Liren,CHN,2778,2016-05-27,#D52B1E
So Wesley,USA,2775,2016-05-27,#D52B1E
Anand Viswanathan,IND,2770,2016-05-27,#D52B1E
Eljanov Pavel,UKR,2765,2016-05-27,#D52B1E
Harikrishna P.,IND,2763,2016-05-27,#D52B1E
Svidler Peter,RUS,2762,2016-05-27,#D52B1E
Li Chao b,CHN,2756,2016-05-27,#D52B1E
Topalov Veselin,BUL,2754,2016-05-27,#D52B1E
Grischuk Alexander,RUS,2752,2016-05-27,#D52B1E
Mamedyarov Shakhriyar,AZE,2748,2016-05-27,#D52B1E
Gelfand Boris,ISR,2740,2016-05-27,#D52B1E
Yu Yangyi,CHN,2737,2016-05-27,#D52B1E
Andreikin Dmitry,RUS,2736,2016-05-27,#D52B1E
Navara David,CZE,2735,2016-05-27,#D52B1E
Wang Hao,CHN,2734,2016-05-27,#D52B1E
Dominguez Perez Leinier,CUB,2732,2016-05-27,#D52B1E
Rapport Richard,HUN,2731,2016-05-27,#D52B1E
Jakovenko Dmitry,RUS,2731,2016-05-27,#D52B1E
Wang Yue,CHN,2728,2016-05-27,#D52B1E
Adams Michael,ENG,2727,2016-05-27,#D52B1E
Radjabov Teimour,AZE,2726,2016-05-27,#D52B1E
Bu Xiangzhi,CHN,2723,2016-05-27,#D52B1E
Wojtaszek Radoslaw,POL,2722,2016-05-27,#D52B1E
Tomashevsky Evgeny,RUS,2722,2016-05-27,#D52B1E
Vitiugov Nikita,RUS,2721,2016-05-27,#D52B1E
Le Quang Liem,VIE,2718,2016-05-27,#D52B1E
Ponomariov Ruslan,UKR,2715,2016-05-27,#D52B1E
Ivanchuk Vassily,UKR,2710,2016-05-27,#D52B1E
Leko Peter,HUN,2705,2016-05-27,#D52B1E
Kasimdzhanov Rustam,UZB,2703,2016-05-27,#D52B1E
Malakhov Vladimir,RUS,2703,2016-05-27,#D52B1E
Nepomniachtchi Ian,RUS,2703,2016-05-27,#D52B1E
Bacrot Etienne,FRA,2702,2016-05-27,#D52B1E
Vallejo Pons Francisco,ESP,2700,2016-05-27,#D52B1E
Ragger Markus,AUT,2696,2016-05-27,#D52B1E
Wei Yi,CHN,2694,2016-05-27,#D52B1E
Matlakov Maxim,RUS,2693,2016-05-27,#D52B1E
Fressinet Laurent,FRA,2692,2016-05-27,#D52B1E
Rublevsky Sergei,RUS,2692,2016-05-27,#D52B1E
Kryvoruchko Yuriy,UKR,2691,2016-05-27,#D52B1E
Sargissian Gabriel,ARM,2689,2016-05-27,#D52B1E
Rodshtein Maxim,ISR,2689,2016-05-27,#D52B1E
Hammer Jon Ludvig,NOR,2689,2016-05-27,#D52B1E
Granda Zuniga Julio E,PER,2686,2016-05-27,#D52B1E
Inarkiev Ernesto,RUS,2686,2016-05-27,#D52B1E
Cheparinov Ivan,BUL,2685,2016-05-27,#D52B1E
Fedoseev Vladimir,RUS,2685,2016-05-27,#D52B1E
Shirov Alexei,LAT,2685,2016-05-27,#D52B1E
Morozevich Alexander,RUS,2683,2016-05-27,#D52B1E
Ni Hua,CHN,2682,2016-05-27,#D52B1E
Almasi Zoltan,HUN,2682,2016-05-27,#D52B1E
Piorun Kacper,POL,2681,2016-05-27,#D52B1E
Bruzon Batista Lazaro,CUB,2681,2016-05-27,#D52B1E
Najer Evgeniy,RUS,2681,2016-05-27,#D52B1E
Akopian Vladimir,ARM,2675,2016-05-27,#D52B1E
Bareev Evgeny,CAN,2675,2016-05-27,#D52B1E
Robson Ray,USA,2674,2016-05-27,#D52B1E
Korobov Anton,UKR,2674,2016-05-27,#D52B1E
Sjugirov Sanan,RUS,2674,2016-05-27,#D52B1E
Zvjaginsev Vadim,RUS,2672,2016-05-27,#D52B1E
Howell David W L,ENG,2671,2016-05-27,#D52B1E
McShane Luke J,ENG,2671,2016-05-27,#D52B1E
Kamsky Gata,USA,2670,2016-05-27,#D52B1E
Sadler Matthew D,ENG,2670,2016-05-27,#D52B1E
Nisipeanu Liviu-Dieter,GER,2669,2016-05-27,#D52B1E
Smirin Ilia,ISR,2669,2016-05-27,#D52B1E
Artemiev Vladislav,RUS,2669,2016-05-27,#D52B1E
Onischuk Alexander,USA,2668,2016-05-27,#D52B1E
Laznicka Viktor,CZE,2668,2016-05-27,#D52B1E
Lysyj Igor,RUS,2668,2016-05-27,#D52B1E
Areshchenko Alexander,UKR,2667,2016-05-27,#D52B1E
Duda Jan-Krzysztof,POL,2666,2016-05-27,#D52B1E
Adhiban B.,IND,2665,2016-05-27,#D52B1E
Safarli Eltaj,AZE,2664,2016-05-27,#D52B1E
Moiseenko Alexander,UKR,2663,2016-05-27,#D52B1E
Naiditsch Arkadij,AZE,2663,2016-05-27,#D52B1E
Hou Yifan,CHN,2663,2016-05-27,#D52B1E
Postny Evgeny,ISR,2662,2016-05-27,#D52B1E
Dreev Aleksey,RUS,2662,2016-05-27,#D52B1E
Jobava Baadur,GEO,2661,2016-05-27,#D52B1E
Movsesian Sergei,ARM,2660,2016-05-27,#D52B1E
Motylev Alexander,RUS,2660,2016-05-27,#D52B1E
Negi Parimarjan,IND,2660,2016-05-27,#D52B1E
Tkachiev Vladislav,FRA,2660,2016-05-27,#D52B1E
Vidit Santosh Gujrathi,IND,2658,2016-05-27,#D52B1E
Van Wely Loek,NED,2658,2016-05-27,#D52B1E
Bukavshin Ivan,RUS,2658,2016-05-27,#D52B1E
Jones Gawain C B,ENG,2657,2016-05-27,#D52B1E
Swiercz Dariusz,POL,2656,2016-05-27,#D52B1E
Meier Georg,GER,2656,2016-05-27,#D52B1E
Efimenko Zahar,UKR,2656,2016-05-27,#D52B1E
Mamedov Rauf,AZE,2655,2016-05-27,#D52B1E
Short Nigel D,ENG,2655,2016-05-27,#D52B1E
Predojevic Borki,BIH,2655,2016-05-27,#D52B1E
Carlsen Magnus,NOR,2855,2016-06-27,#D52B1E
Kramnik Vladimir,RUS,2812,2016-06-27,#D52B1E
Caruana Fabiano,USA,2804,2016-06-27,#D52B1E
Aronian Levon,ARM,2792,2016-06-27,#D52B1E
Vachier-Lagrave Maxime,FRA,2789,2016-06-27,#D52B1E
Nakamura Hikaru,USA,2787,2016-06-27,#D52B1E
Ding Liren,CHN,2783,2016-06-27,#D52B1E
Giri Anish,NED,2782,2016-06-27,#D52B1E
Karjakin Sergey,RUS,2774,2016-06-27,#D52B1E
So Wesley,USA,2770,2016-06-27,#D52B1E
Anand Viswanathan,IND,2770,2016-06-27,#D52B1E
Harikrishna P.,IND,2764,2016-06-27,#D52B1E
Topalov Veselin,BUL,2761,2016-06-27,#D52B1E
Svidler Peter,RUS,2759,2016-06-27,#D52B1E
Li Chao b,CHN,2758,2016-06-27,#D52B1E
Eljanov Pavel,UKR,2751,2016-06-27,#D52B1E
Grischuk Alexander,RUS,2747,2016-06-27,#D52B1E
Mamedyarov Shakhriyar,AZE,2746,2016-06-27,#D52B1E
Navara David,CZE,2744,2016-06-27,#D52B1E
Andreikin Dmitry,RUS,2743,2016-06-27,#D52B1E
Yu Yangyi,CHN,2737,2016-06-27,#D52B1E
Gelfand Boris,ISR,2734,2016-06-27,#D52B1E
Wang Hao,CHN,2734,2016-06-27,#D52B1E
Tomashevsky Evgeny,RUS,2731,2016-06-27,#D52B1E
Rapport Richard,HUN,2731,2016-06-27,#D52B1E
Inarkiev Ernesto,RUS,2729,2016-06-27,#D52B1E
Wojtaszek Radoslaw,POL,2729,2016-06-27,#D52B1E
Bu Xiangzhi,CHN,2729,2016-06-27,#D52B1E
Vitiugov Nikita,RUS,2728,2016-06-27,#D52B1E
Wang Yue,CHN,2728,2016-06-27,#D52B1E
Adams Michael,ENG,2727,2016-06-27,#D52B1E
Radjabov Teimour,AZE,2726,2016-06-27,#D52B1E
Dominguez Perez Leinier,CUB,2723,2016-06-27,#D52B1E
Nepomniachtchi Ian,RUS,2719,2016-06-27,#D52B1E
Le Quang Liem,VIE,2718,2016-06-27,#D52B1E
Leko Peter,HUN,2712,2016-06-27,#D52B1E
Vallejo Pons Francisco,ESP,2711,2016-06-27,#D52B1E
Jakovenko Dmitry,RUS,2710,2016-06-27,#D52B1E
Ivanchuk Vassily,UKR,2710,2016-06-27,#D52B1E
Ponomariov Ruslan,UKR,2706,2016-06-27,#D52B1E
Kasimdzhanov Rustam,UZB,2703,2016-06-27,#D52B1E
Granda Zuniga Julio E,PER,2699,2016-06-27,#D52B1E
Malakhov Vladimir,RUS,2696,2016-06-27,#D52B1E
Bacrot Etienne,FRA,2695,2016-06-27,#D52B1E
Wei Yi,CHN,2694,2016-06-27,#D52B1E
Matlakov Maxim,RUS,2691,2016-06-27,#D52B1E
Rublevsky Sergei,RUS,2689,2016-06-27,#D52B1E
Almasi Zoltan,HUN,2688,2016-06-27,#D52B1E
Najer Evgeniy,RUS,2687,2016-06-27,#D52B1E
Fressinet Laurent,FRA,2687,2016-06-27,#D52B1E
Cheparinov Ivan,BUL,2687,2016-06-27,#D52B1E
Rodshtein Maxim,ISR,2687,2016-06-27,#D52B1E
Ragger Markus,AUT,2686,2016-06-27,#D52B1E
Morozevich Alexander,RUS,2683,2016-06-27,#D52B1E
Kryvoruchko Yuriy,UKR,2682,2016-06-27,#D52B1E
Shirov Alexei,LAT,2682,2016-06-27,#D52B1E
Ni Hua,CHN,2682,2016-06-27,#D52B1E
Bruzon Batista Lazaro,CUB,2681,2016-06-27,#D52B1E
Sargissian Gabriel,ARM,2679,2016-06-27,#D52B1E
Adhiban B.,IND,2677,2016-06-27,#D52B1E
Zvjaginsev Vadim,RUS,2677,2016-06-27,#D52B1E
Piorun Kacper,POL,2676,2016-06-27,#D52B1E
Smirin Ilia,ISR,2676,2016-06-27,#D52B1E
Kamsky Gata,USA,2675,2016-06-27,#D52B1E
Akopian Vladimir,ARM,2675,2016-06-27,#D52B1E
Bareev Evgeny,CAN,2675,2016-06-27,#D52B1E
Robson Ray,USA,2674,2016-06-27,#D52B1E
Safarli Eltaj,AZE,2673,2016-06-27,#D52B1E
McShane Luke J,ENG,2671,2016-06-27,#D52B1E
Sadler Matthew D,ENG,2670,2016-06-27,#D52B1E
Jobava Baadur,GEO,2669,2016-06-27,#D52B1E
Nisipeanu Liviu-Dieter,GER,2668,2016-06-27,#D52B1E
Kovalenko Igor,LAT,2668,2016-06-27,#D52B1E
Hammer Jon Ludvig,NOR,2668,2016-06-27,#D52B1E
Onischuk Alexander,USA,2668,2016-06-27,#D52B1E
Dubov Daniil,RUS,2666,2016-06-27,#D52B1E
Vidit Santosh Gujrathi,IND,2666,2016-06-27,#D52B1E
Fedoseev Vladimir,RUS,2665,2016-06-27,#D52B1E
Sjugirov Sanan,RUS,2665,2016-06-27,#D52B1E
Dreev Aleksey,RUS,2664,2016-06-27,#D52B1E
Howell David W L,ENG,2663,2016-06-27,#D52B1E
Lysyj Igor,RUS,2663,2016-06-27,#D52B1E
Hou Yifan,CHN,2663,2016-06-27,#D52B1E
Markus Robert,SRB,2662,2016-06-27,#D52B1E
Tkachiev Vladislav,FRA,2662,2016-06-27,#D52B1E
Saric Ivan,CRO,2660,2016-06-27,#D52B1E
Duda Jan-Krzysztof,POL,2660,2016-06-27,#D52B1E
Motylev Alexander,RUS,2660,2016-06-27,#D52B1E
Movsesian Sergei,ARM,2660,2016-06-27,#D52B1E
Negi Parimarjan,IND,2660,2016-06-27,#D52B1E
Bukavshin Ivan,RUS,2658,2016-06-27,#D52B1E
Van Wely Loek,NED,2658,2016-06-27,#D52B1E
Meier Georg,GER,2657,2016-06-27,#D52B1E
Naiditsch Arkadij,AZE,2657,2016-06-27,#D52B1E
Korobov Anton,UKR,2656,2016-06-27,#D52B1E
Efimenko Zahar,UKR,2656,2016-06-27,#D52B1E
Rakhmanov Aleksandr,RUS,2655,2016-06-27,#D52B1E
Mamedov Rauf,AZE,2655,2016-06-27,#D52B1E
Areshchenko Alexander,UKR,2654,2016-06-27,#D52B1E
Laznicka Viktor,CZE,2654,2016-06-27,#D52B1E
Amin Bassem,EGY,2654,2016-06-27,#D52B1E
Bologan Viktor,MDA,2654,2016-06-27,#D52B1E
Ganguly Surya Shekhar,IND,2654,2016-06-27,#D52B1E
Gupta Abhijeet,IND,2654,2016-06-27,#D52B1E
Carlsen Magnus,NOR,2855,2016-07-27,#D52B1E
Kramnik Vladimir,RUS,2812,2016-07-27,#D52B1E
Caruana Fabiano,USA,2810,2016-07-27,#D52B1E
Vachier-Lagrave Maxime,FRA,2798,2016-07-27,#D52B1E
Aronian Levon,ARM,2792,2016-07-27,#D52B1E
Nakamura Hikaru,USA,2787,2016-07-27,#D52B1E
Giri Anish,NED,2785,2016-07-27,#D52B1E
Ding Liren,CHN,2778,2016-07-27,#D52B1E
Karjakin Sergey,RUS,2773,2016-07-27,#D52B1E
Anand Viswanathan,IND,2770,2016-07-27,#D52B1E
So Wesley,USA,2770,2016-07-27,#D52B1E
Mamedyarov Shakhriyar,AZE,2764,2016-07-27,#D52B1E
Topalov Veselin,BUL,2761,2016-07-27,#D52B1E
Svidler Peter,RUS,2759,2016-07-27,#D52B1E
Li Chao b,CHN,2758,2016-07-27,#D52B1E
Harikrishna P.,IND,2755,2016-07-27,#D52B1E
Rapport Richard,HUN,2752,2016-07-27,#D52B1E
Grischuk Alexander,RUS,2747,2016-07-27,#D52B1E
Navara David,CZE,2745,2016-07-27,#D52B1E
Eljanov Pavel,UKR,2737,2016-07-27,#D52B1E
Yu Yangyi,CHN,2734,2016-07-27,#D52B1E
Wang Hao,CHN,2734,2016-07-27,#D52B1E
Gelfand Boris,ISR,2734,2016-07-27,#D52B1E
Andreikin Dmitry,RUS,2733,2016-07-27,#D52B1E
Wojtaszek Radoslaw,POL,2733,2016-07-27,#D52B1E
Tomashevsky Evgeny,RUS,2731,2016-07-27,#D52B1E
Wang Yue,CHN,2730,2016-07-27,#D52B1E
Inarkiev Ernesto,RUS,2730,2016-07-27,#D52B1E
Ivanchuk Vassily,UKR,2728,2016-07-27,#D52B1E
Vitiugov Nikita,RUS,2728,2016-07-27,#D52B1E
Adams Michael,ENG,2727,2016-07-27,#D52B1E
Nepomniachtchi Ian,RUS,2725,2016-07-27,#D52B1E
Le Quang Liem,VIE,2723,2016-07-27,#D52B1E
Bu Xiangzhi,CHN,2723,2016-07-27,#D52B1E
Radjabov Teimour,AZE,2722,2016-07-27,#D52B1E
Dominguez Perez Leinier,CUB,2713,2016-07-27,#D52B1E
Vallejo Pons Francisco,ESP,2713,2016-07-27,#D52B1E
Jakovenko Dmitry,RUS,2712,2016-07-27,#D52B1E
Leko Peter,HUN,2712,2016-07-27,#D52B1E
Ponomariov Ruslan,UKR,2706,2016-07-27,#D52B1E
Granda Zuniga Julio E,PER,2699,2016-07-27,#D52B1E
Rodshtein Maxim,ISR,2698,2016-07-27,#D52B1E
Malakhov Vladimir,RUS,2697,2016-07-27,#D52B1E
Wei Yi,CHN,2696,2016-07-27,#D52B1E
Kasimdzhanov Rustam,UZB,2696,2016-07-27,#D52B1E
Kryvoruchko Yuriy,UKR,2691,2016-07-27,#D52B1E
Bacrot Etienne,FRA,2690,2016-07-27,#D52B1E
Rublevsky Sergei,RUS,2689,2016-07-27,#D52B1E
Cheparinov Ivan,BUL,2688,2016-07-27,#D52B1E
Najer Evgeniy,RUS,2687,2016-07-27,#D52B1E
Ragger Markus,AUT,2686,2016-07-27,#D52B1E
Piorun Kacper,POL,2685,2016-07-27,#D52B1E
Almasi Zoltan,HUN,2684,2016-07-27,#D52B1E
Matlakov Maxim,RUS,2684,2016-07-27,#D52B1E
Morozevich Alexander,RUS,2683,2016-07-27,#D52B1E
Sargissian Gabriel,ARM,2679,2016-07-27,#D52B1E
Safarli Eltaj,AZE,2678,2016-07-27,#D52B1E
Fressinet Laurent,FRA,2677,2016-07-27,#D52B1E
Zvjaginsev Vadim,RUS,2677,2016-07-27,#D52B1E
Ganguly Surya Shekhar,IND,2676,2016-07-27,#D52B1E
Smirin Ilia,ISR,2676,2016-07-27,#D52B1E
Akopian Vladimir,ARM,2675,2016-07-27,#D52B1E
Bareev Evgeny,CAN,2675,2016-07-27,#D52B1E
Nisipeanu Liviu-Dieter,GER,2674,2016-07-27,#D52B1E
Shirov Alexei,LAT,2674,2016-07-27,#D52B1E
Robson Ray,USA,2674,2016-07-27,#D52B1E
Duda Jan-Krzysztof,POL,2671,2016-07-27,#D52B1E
Adhiban B.,IND,2671,2016-07-27,#D52B1E
McShane Luke J,ENG,2671,2016-07-27,#D52B1E
Sadler Matthew D,ENG,2670,2016-07-27,#D52B1E
Jobava Baadur,GEO,2669,2016-07-27,#D52B1E
Onischuk Alexander,USA,2668,2016-07-27,#D52B1E
Kovalenko Igor,LAT,2667,2016-07-27,#D52B1E
Naiditsch Arkadij,AZE,2667,2016-07-27,#D52B1E
Mamedov Rauf,AZE,2666,2016-07-27,#D52B1E
Movsesian Sergei,ARM,2666,2016-07-27,#D52B1E
Fedoseev Vladimir,RUS,2665,2016-07-27,#D52B1E
Sjugirov Sanan,RUS,2665,2016-07-27,#D52B1E
Dreev Aleksey,RUS,2664,2016-07-27,#D52B1E
Howell David W L,ENG,2663,2016-07-27,#D52B1E
Lysyj Igor,RUS,2663,2016-07-27,#D52B1E
Markus Robert,SRB,2662,2016-07-27,#D52B1E
Van Wely Loek,NED,2662,2016-07-27,#D52B1E
Shankland Samuel L,USA,2661,2016-07-27,#D52B1E
Dubov Daniil,RUS,2661,2016-07-27,#D52B1E
Ni Hua,CHN,2660,2016-07-27,#D52B1E
Kamsky Gata,USA,2660,2016-07-27,#D52B1E
Tkachiev Vladislav,FRA,2660,2016-07-27,#D52B1E
Motylev Alexander,RUS,2660,2016-07-27,#D52B1E
Negi Parimarjan,IND,2660,2016-07-27,#D52B1E
Saric Ivan,CRO,2660,2016-07-27,#D52B1E
Vidit Santosh Gujrathi,IND,2658,2016-07-27,#D52B1E
Bukavshin Ivan,RUS,2658,2016-07-27,#D52B1E
Ipatov Alexander,TUR,2657,2016-07-27,#D52B1E
Meier Georg,GER,2657,2016-07-27,#D52B1E
Sethuraman S.P.,IND,2656,2016-07-27,#D52B1E
Ivanisevic Ivan,SRB,2656,2016-07-27,#D52B1E
Korobov Anton,UKR,2656,2016-07-27,#D52B1E
Efimenko Zahar,UKR,2655,2016-07-27,#D52B1E
Amin Bassem,EGY,2654,2016-07-27,#D52B1E
Areshchenko Alexander,UKR,2654,2016-07-27,#D52B1E
Bologan Victor,MDA,2654,2016-07-27,#D52B1E
Laznicka Viktor,CZE,2654,2016-07-27,#D52B1E
Carlsen Magnus,NOR,2857,2016-08-27,#D52B1E
Vachier-Lagrave Maxime,FRA,2819,2016-08-27,#D52B1E
Kramnik Vladimir,RUS,2808,2016-08-27,#D52B1E
Caruana Fabiano,USA,2807,2016-08-27,#D52B1E
Aronian Levon,ARM,2792,2016-08-27,#D52B1E
Nakamura Hikaru,USA,2791,2016-08-27,#D52B1E
So Wesley,USA,2771,2016-08-27,#D52B1E
Anand Viswanathan,IND,2770,2016-08-27,#D52B1E
Giri Anish,NED,2769,2016-08-27,#D52B1E
Karjakin Sergey,RUS,2769,2016-08-27,#D52B1E
Mamedyarov Shakhriyar,AZE,2764,2016-08-27,#D52B1E
Topalov Veselin,BUL,2761,2016-08-27,#D52B1E
Ding Liren,CHN,2755,2016-08-27,#D52B1E
Grischuk Alexander,RUS,2754,2016-08-27,#D52B1E
Li Chao b,CHN,2753,2016-08-27,#D52B1E
Harikrishna P.,IND,2752,2016-08-27,#D52B1E
Rapport Richard,HUN,2752,2016-08-27,#D52B1E
Svidler Peter,RUS,2751,2016-08-27,#D52B1E
Gelfand Boris,ISR,2743,2016-08-27,#D52B1E
Navara David,CZE,2742,2016-08-27,#D52B1E
Nepomniachtchi Ian,RUS,2740,2016-08-27,#D52B1E
Wang Yue,CHN,2737,2016-08-27,#D52B1E
Eljanov Pavel,UKR,2737,2016-08-27,#D52B1E
Andreikin Dmitry,RUS,2733,2016-08-27,#D52B1E
Wojtaszek Radoslaw,POL,2733,2016-08-27,#D52B1E
Tomashevsky Evgeny,RUS,2731,2016-08-27,#D52B1E
Vitiugov Nikita,RUS,2728,2016-08-27,#D52B1E
Adams Michael,ENG,2727,2016-08-27,#D52B1E
Yu Yangyi,CHN,2725,2016-08-27,#D52B1E
Ivanchuk Vassily,UKR,2723,2016-08-27,#D52B1E
Le Quang Liem,VIE,2723,2016-08-27,#D52B1E
Radjabov Teimour,AZE,2722,2016-08-27,#D52B1E
Inarkiev Ernesto,RUS,2721,2016-08-27,#D52B1E
Dominguez Perez Leinier,CUB,2720,2016-08-27,#D52B1E
Bu Xiangzhi,CHN,2715,2016-08-27,#D52B1E
Vallejo Pons Francisco,ESP,2713,2016-08-27,#D52B1E
Wang Hao,CHN,2712,2016-08-27,#D52B1E
Jakovenko Dmitry,RUS,2712,2016-08-27,#D52B1E
Wei Yi,CHN,2709,2016-08-27,#D52B1E
Leko Peter,HUN,2709,2016-08-27,#D52B1E
Ponomariov Ruslan,UKR,2709,2016-08-27,#D52B1E
Rodshtein Maxim,ISR,2698,2016-08-27,#D52B1E
Malakhov Vladimir,RUS,2697,2016-08-27,#D52B1E
Naiditsch Arkadij,AZE,2696,2016-08-27,#D52B1E
Kasimdzhanov Rustam,UZB,2696,2016-08-27,#D52B1E
Bacrot Etienne,FRA,2692,2016-08-27,#D52B1E
Kryvoruchko Yuriy,UKR,2691,2016-08-27,#D52B1E
Rublevsky Sergei,RUS,2689,2016-08-27,#D52B1E
Cheparinov Ivan,BUL,2688,2016-08-27,#D52B1E
Nisipeanu Liviu-Dieter,GER,2687,2016-08-27,#D52B1E
Smirin Ilia,ISR,2687,2016-08-27,#D52B1E
Matlakov Maxim,RUS,2686,2016-08-27,#D52B1E
Ragger Markus,AUT,2686,2016-08-27,#D52B1E
Almasi Zoltan,HUN,2684,2016-08-27,#D52B1E
Morozevich Alexander,RUS,2683,2016-08-27,#D52B1E
Piorun Kacper,POL,2681,2016-08-27,#D52B1E
Safarli Eltaj,AZE,2678,2016-08-27,#D52B1E
Najer Evgeniy,RUS,2677,2016-08-27,#D52B1E
Fressinet Laurent,FRA,2677,2016-08-27,#D52B1E
Ganguly Surya Shekhar,IND,2676,2016-08-27,#D52B1E
Duda Jan-Krzysztof,POL,2675,2016-08-27,#D52B1E
Akopian Vladimir,ARM,2675,2016-08-27,#D52B1E
Bareev Evgeny,CAN,2675,2016-08-27,#D52B1E
Robson Ray,USA,2674,2016-08-27,#D52B1E
Shirov Alexei,LAT,2674,2016-08-27,#D52B1E
Zvjaginsev Vadim,RUS,2673,2016-08-27,#D52B1E
Granda Zuniga Julio E,PER,2672,2016-08-27,#D52B1E
Adhiban B.,IND,2671,2016-08-27,#D52B1E
McShane Luke J,ENG,2671,2016-08-27,#D52B1E
Sargissian Gabriel,ARM,2670,2016-08-27,#D52B1E
Fedoseev Vladimir,RUS,2670,2016-08-27,#D52B1E
Sadler Matthew D,ENG,2670,2016-08-27,#D52B1E
Vidit Santosh Gujrathi,IND,2669,2016-08-27,#D52B1E
Jobava Baadur,GEO,2669,2016-08-27,#D52B1E
Onischuk Alexander,USA,2668,2016-08-27,#D52B1E
Saric Ivan,CRO,2667,2016-08-27,#D52B1E
Short Nigel D,ENG,2666,2016-08-27,#D52B1E
Mamedov Rauf,AZE,2666,2016-08-27,#D52B1E
Movsesian Sergei,ARM,2666,2016-08-27,#D52B1E
Areshchenko Alexander,UKR,2665,2016-08-27,#D52B1E
Artemiev Vladislav,RUS,2665,2016-08-27,#D52B1E
Kovalenko Igor,LAT,2664,2016-08-27,#D52B1E
Howell David W L,ENG,2663,2016-08-27,#D52B1E
Markus Robert,SRB,2662,2016-08-27,#D52B1E
Efimenko Zahar,UKR,2661,2016-08-27,#D52B1E
Shankland Samuel L,USA,2661,2016-08-27,#D52B1E
Dreev Aleksey,RUS,2660,2016-08-27,#D52B1E
Motylev Alexander,RUS,2660,2016-08-27,#D52B1E
Negi Parimarjan,IND,2660,2016-08-27,#D52B1E
Tkachiev Vladislav,FRA,2660,2016-08-27,#D52B1E
Bologan Victor,MDA,2659,2016-08-27,#D52B1E
Sasikiran Krishnan,IND,2658,2016-08-27,#D52B1E
Hou Yifan,CHN,2658,2016-08-27,#D52B1E
Van Wely Loek,NED,2657,2016-08-27,#D52B1E
Ipatov Alexander,TUR,2657,2016-08-27,#D52B1E
Meier Georg,GER,2657,2016-08-27,#D52B1E
Bachmann Axel,PAR,2656,2016-08-27,#D52B1E
Zhigalko Sergei,BLR,2656,2016-08-27,#D52B1E
Korobov Anton,UKR,2656,2016-08-27,#D52B1E
Ni Hua,CHN,2655,2016-08-27,#D52B1E
Carlsen Magnus,NOR,2857,2016-09-27,#D52B1E
Vachier-Lagrave Maxime,FRA,2813,2016-09-27,#D52B1E
Caruana Fabiano,USA,2808,2016-09-27,#D52B1E
Kramnik Vladimir,RUS,2808,2016-09-27,#D52B1E
Aronian Levon,ARM,2795,2016-09-27,#D52B1E
Nakamura Hikaru,USA,2789,2016-09-27,#D52B1E
So Wesley,USA,2782,2016-09-27,#D52B1E
Anand Viswanathan,IND,2776,2016-09-27,#D52B1E
Karjakin Sergey,RUS,2769,2016-09-27,#D52B1E
Topalov Veselin,BUL,2768,2016-09-27,#D52B1E
Mamedyarov Shakhriyar,AZE,2761,2016-09-27,#D52B1E
Giri Anish,NED,2755,2016-09-27,#D52B1E
Grischuk Alexander,RUS,2754,2016-09-27,#D52B1E
Ding Liren,CHN,2753,2016-09-27,#D52B1E
Harikrishna P.,IND,2752,2016-09-27,#D52B1E
Rapport Richard,HUN,2752,2016-09-27,#D52B1E
Li Chao b,CHN,2746,2016-09-27,#D52B1E
Svidler Peter,RUS,2745,2016-09-27,#D52B1E
Gelfand Boris,ISR,2743,2016-09-27,#D52B1E
Navara David,CZE,2742,2016-09-27,#D52B1E
Nepomniachtchi Ian,RUS,2740,2016-09-27,#D52B1E
Eljanov Pavel,UKR,2739,2016-09-27,#D52B1E
Adams Michael,ENG,2738,2016-09-27,#D52B1E
Wang Yue,CHN,2737,2016-09-27,#D52B1E
Wojtaszek Radoslaw,POL,2736,2016-09-27,#D52B1E
Inarkiev Ernesto,RUS,2732,2016-09-27,#D52B1E
Tomashevsky Evgeny,RUS,2731,2016-09-27,#D52B1E
Andreikin Dmitry,RUS,2727,2016-09-27,#D52B1E
Yu Yangyi,CHN,2725,2016-09-27,#D52B1E
Le Quang Liem,VIE,2723,2016-09-27,#D52B1E
Ivanchuk Vassily,UKR,2722,2016-09-27,#D52B1E
Radjabov Teimour,AZE,2722,2016-09-27,#D52B1E
Vitiugov Nikita,RUS,2721,2016-09-27,#D52B1E
Dominguez Perez Leinier,CUB,2720,2016-09-27,#D52B1E
Wei Yi,CHN,2717,2016-09-27,#D52B1E
Vallejo Pons Francisco,ESP,2716,2016-09-27,#D52B1E
Jakovenko Dmitry,RUS,2714,2016-09-27,#D52B1E
Wang Hao,CHN,2710,2016-09-27,#D52B1E
Leko Peter,HUN,2709,2016-09-27,#D52B1E
Ponomariov Ruslan,UKR,2709,2016-09-27,#D52B1E
Bu Xiangzhi,CHN,2704,2016-09-27,#D52B1E
Ragger Markus,AUT,2697,2016-09-27,#D52B1E
Malakhov Vladimir,RUS,2697,2016-09-27,#D52B1E
Kasimdzhanov Rustam,UZB,2696,2016-09-27,#D52B1E
Naiditsch Arkadij,AZE,2696,2016-09-27,#D52B1E
Kryvoruchko Yuriy,UKR,2693,2016-09-27,#D52B1E
Bacrot Etienne,FRA,2692,2016-09-27,#D52B1E
Matlakov Maxim,RUS,2691,2016-09-27,#D52B1E
Rublevsky Sergei,RUS,2689,2016-09-27,#D52B1E
Safarli Eltaj,AZE,2688,2016-09-27,#D52B1E
Rodshtein Maxim,ISR,2687,2016-09-27,#D52B1E
Nisipeanu Liviu-Dieter,GER,2687,2016-09-27,#D52B1E
Smirin Ilia,ISR,2685,2016-09-27,#D52B1E
Almasi Zoltan,HUN,2684,2016-09-27,#D52B1E
Morozevich Alexander,RUS,2683,2016-09-27,#D52B1E
Piorun Kacper,POL,2681,2016-09-27,#D52B1E
Shankland Samuel L,USA,2679,2016-09-27,#D52B1E
Cheparinov Ivan,BUL,2677,2016-09-27,#D52B1E
Movsesian Sergei,ARM,2677,2016-09-27,#D52B1E
Najer Evgeniy,RUS,2677,2016-09-27,#D52B1E
Korobov Anton,UKR,2675,2016-09-27,#D52B1E
Akopian Vladimir,ARM,2675,2016-09-27,#D52B1E
Bareev Evgeny,CAN,2675,2016-09-27,#D52B1E
Duda Jan-Krzysztof,POL,2675,2016-09-27,#D52B1E
Van Wely Loek,NED,2674,2016-09-27,#D52B1E
Robson Ray,USA,2674,2016-09-27,#D52B1E
Shirov Alexei,LAT,2673,2016-09-27,#D52B1E
Zvjaginsev Vadim,RUS,2673,2016-09-27,#D52B1E
Ganguly Surya Shekhar,IND,2672,2016-09-27,#D52B1E
Melkumyan Hrant,ARM,2671,2016-09-27,#D52B1E
Adhiban B.,IND,2671,2016-09-27,#D52B1E
McShane Luke J,ENG,2671,2016-09-27,#D52B1E
Fedoseev Vladimir,RUS,2670,2016-09-27,#D52B1E
Sadler Matthew D,ENG,2670,2016-09-27,#D52B1E
Sargissian Gabriel,ARM,2670,2016-09-27,#D52B1E
Vidit Santosh Gujrathi,IND,2669,2016-09-27,#D52B1E
Saric Ivan,CRO,2668,2016-09-27,#D52B1E
Onischuk Alexander,USA,2668,2016-09-27,#D52B1E
Mamedov Rauf,AZE,2666,2016-09-27,#D52B1E
Negi Parimarjan,IND,2666,2016-09-27,#D52B1E
Short Nigel D,ENG,2666,2016-09-27,#D52B1E
Howell David W L,ENG,2665,2016-09-27,#D52B1E
Jobava Baadur,GEO,2665,2016-09-27,#D52B1E
Areshchenko Alexander,UKR,2665,2016-09-27,#D52B1E
Fressinet Laurent,FRA,2664,2016-09-27,#D52B1E
Artemiev Vladislav,RUS,2663,2016-09-27,#D52B1E
Motylev Alexander,RUS,2663,2016-09-27,#D52B1E
Salgado Lopez Ivan,ESP,2662,2016-09-27,#D52B1E
Markus Robert,SRB,2662,2016-09-27,#D52B1E
Amin Bassem,EGY,2661,2016-09-27,#D52B1E
Efimenko Zahar,UKR,2661,2016-09-27,#D52B1E
Dreev Aleksey,RUS,2660,2016-09-27,#D52B1E
Tkachiev Vladislav,FRA,2660,2016-09-27,#D52B1E
Sasikiran Krishnan,IND,2658,2016-09-27,#D52B1E
Hou Yifan,CHN,2658,2016-09-27,#D52B1E
Ni Hua,CHN,2655,2016-09-27,#D52B1E
Rakhmanov Aleksandr,RUS,2654,2016-09-27,#D52B1E
Meier Georg,GER,2654,2016-09-27,#D52B1E
Sjugirov Sanan,RUS,2653,2016-09-27,#D52B1E
Zhigalko Sergei,BLR,2652,2016-09-27,#D52B1E
Ipatov Alexander,TUR,2652,2016-09-27,#D52B1E
Carlsen Magnus,NOR,2853,2016-10-27,#D52B1E
Kramnik Vladimir,RUS,2817,2016-10-27,#D52B1E
Caruana Fabiano,USA,2813,2016-10-27,#D52B1E
Vachier-Lagrave Maxime,FRA,2811,2016-10-27,#D52B1E
Aronian Levon,ARM,2795,2016-10-27,#D52B1E
So Wesley,USA,2794,2016-10-27,#D52B1E
Nakamura Hikaru,USA,2787,2016-10-27,#D52B1E
Anand Viswanathan,IND,2776,2016-10-27,#D52B1E
Karjakin Sergey,RUS,2772,2016-10-27,#D52B1E
Ding Liren,CHN,2764,2016-10-27,#D52B1E
Mamedyarov Shakhriyar,AZE,2762,2016-10-27,#D52B1E
Harikrishna P.,IND,2762,2016-10-27,#D52B1E
Topalov Veselin,BUL,2760,2016-10-27,#D52B1E
Giri Anish,NED,2756,2016-10-27,#D52B1E
Grischuk Alexander,RUS,2752,2016-10-27,#D52B1E
Nepomniachtchi Ian,RUS,2749,2016-10-27,#D52B1E
Wojtaszek Radoslaw,POL,2746,2016-10-27,#D52B1E
Adams Michael,ENG,2745,2016-10-27,#D52B1E
Svidler Peter,RUS,2745,2016-10-27,#D52B1E
Gelfand Boris,ISR,2743,2016-10-27,#D52B1E
Eljanov Pavel,UKR,2741,2016-10-27,#D52B1E
Navara David,CZE,2737,2016-10-27,#D52B1E
Dominguez Perez Leinier,CUB,2736,2016-10-27,#D52B1E
Andreikin Dmitry,RUS,2736,2016-10-27,#D52B1E
Inarkiev Ernesto,RUS,2732,2016-10-27,#D52B1E
Rapport Richard,HUN,2729,2016-10-27,#D52B1E
Li Chao b,CHN,2728,2016-10-27,#D52B1E
Tomashevsky Evgeny,RUS,2724,2016-10-27,#D52B1E
Wang Yue,CHN,2723,2016-10-27,#D52B1E
Le Quang Liem,VIE,2723,2016-10-27,#D52B1E
Ivanchuk Vassily,UKR,2722,2016-10-27,#D52B1E
Yu Yangyi,CHN,2721,2016-10-27,#D52B1E
Vitiugov Nikita,RUS,2721,2016-10-27,#D52B1E
Jakovenko Dmitry,RUS,2714,2016-10-27,#D52B1E
Vallejo Pons Francisco,ESP,2711,2016-10-27,#D52B1E
Radjabov Teimour,AZE,2710,2016-10-27,#D52B1E
Ponomariov Ruslan,UKR,2709,2016-10-27,#D52B1E
Leko Peter,HUN,2709,2016-10-27,#D52B1E
Wei Yi,CHN,2706,2016-10-27,#D52B1E
Almasi Zoltan,HUN,2702,2016-10-27,#D52B1E
Wang Hao,CHN,2701,2016-10-27,#D52B1E
Kryvoruchko Yuriy,UKR,2701,2016-10-27,#D52B1E
Ragger Markus,AUT,2700,2016-10-27,#D52B1E
Jobava Baadur,GEO,2698,2016-10-27,#D52B1E
Bu Xiangzhi,CHN,2698,2016-10-27,#D52B1E
Safarli Eltaj,AZE,2694,2016-10-27,#D52B1E
Malakhov Vladimir,RUS,2693,2016-10-27,#D52B1E
Bacrot Etienne,FRA,2692,2016-10-27,#D52B1E
Kasimdzhanov Rustam,UZB,2691,2016-10-27,#D52B1E
Matlakov Maxim,RUS,2691,2016-10-27,#D52B1E
Adhiban B.,IND,2689,2016-10-27,#D52B1E
Rublevsky Sergei,RUS,2689,2016-10-27,#D52B1E
Nisipeanu Liviu-Dieter,GER,2687,2016-10-27,#D52B1E
Rodshtein Maxim,ISR,2687,2016-10-27,#D52B1E
Korobov Anton,UKR,2687,2016-10-27,#D52B1E
Vidit Santosh Gujrathi,IND,2686,2016-10-27,#D52B1E
Smirin Ilia,ISR,2685,2016-10-27,#D52B1E
Naiditsch Arkadij,AZE,2684,2016-10-27,#D52B1E
Morozevich Alexander,RUS,2683,2016-10-27,#D52B1E
Shirov Alexei,LAT,2679,2016-10-27,#D52B1E
Shankland Samuel L,USA,2679,2016-10-27,#D52B1E
Duda Jan-Krzysztof,POL,2678,2016-10-27,#D52B1E
Mamedov Rauf,AZE,2678,2016-10-27,#D52B1E
Volokitin Andrei,UKR,2677,2016-10-27,#D52B1E
Cheparinov Ivan,BUL,2677,2016-10-27,#D52B1E
Movsesian Sergei,ARM,2677,2016-10-27,#D52B1E
Najer Evgeniy,RUS,2677,2016-10-27,#D52B1E
Fressinet Laurent,FRA,2676,2016-10-27,#D52B1E
Areshchenko Alexander,UKR,2675,2016-10-27,#D52B1E
Akopian Vladimir,ARM,2675,2016-10-27,#D52B1E
Zvjaginsev Vadim,RUS,2673,2016-10-27,#D52B1E
Ganguly Surya Shekhar,IND,2672,2016-10-27,#D52B1E
Short Nigel D,ENG,2670,2016-10-27,#D52B1E
Robson Ray,USA,2670,2016-10-27,#D52B1E
Negi Parimarjan,IND,2670,2016-10-27,#D52B1E
Sadler Matthew D,ENG,2670,2016-10-27,#D52B1E
Sargissian Gabriel,ARM,2670,2016-10-27,#D52B1E
Zhigalko Sergei,BLR,2669,2016-10-27,#D52B1E
Onischuk Alexander,USA,2668,2016-10-27,#D52B1E
Van Wely Loek,NED,2667,2016-10-27,#D52B1E
Bareev Evgeny,CAN,2666,2016-10-27,#D52B1E
Saric Ivan,CRO,2666,2016-10-27,#D52B1E
Fedoseev Vladimir,RUS,2665,2016-10-27,#D52B1E
Piorun Kacper,POL,2665,2016-10-27,#D52B1E
Kovalenko Igor,LAT,2664,2016-10-27,#D52B1E
Artemiev Vladislav,RUS,2663,2016-10-27,#D52B1E
Motylev Alexander,RUS,2663,2016-10-27,#D52B1E
Rakhmanov Aleksandr,RUS,2662,2016-10-27,#D52B1E
Ipatov Alexander,TUR,2660,2016-10-27,#D52B1E
Sjugirov Sanan,RUS,2660,2016-10-27,#D52B1E
Dreev Aleksey,RUS,2660,2016-10-27,#D52B1E
Tkachiev Vladislav,FRA,2660,2016-10-27,#D52B1E
Ni Hua,CHN,2659,2016-10-27,#D52B1E
Iturrizaga Bonelli Eduardo,VEN,2658,2016-10-27,#D52B1E
Amin Bassem,EGY,2655,2016-10-27,#D52B1E
McShane Luke J,ENG,2655,2016-10-27,#D52B1E
Sasikiran Krishnan,IND,2654,2016-10-27,#D52B1E
Melkumyan Hrant,ARM,2653,2016-10-27,#D52B1E
Zhang Zhong,SGP,2651,2016-10-27,#D52B1E
Laznicka Viktor,CZE,2651,2016-10-27,#D52B1E
Efimenko Zahar,UKR,2651,2016-10-27,#D52B1E
Riazantsev Alexander,RUS,2651,2016-10-27,#D52B1E
Carlsen Magnus,NOR,2853,2016-11-27,#D52B1E
Caruana Fabiano,USA,2823,2016-11-27,#D52B1E
Vachier-Lagrave Maxime,FRA,2811,2016-11-27,#D52B1E
Kramnik Vladimir,RUS,2810,2016-11-27,#D52B1E
Aronian Levon,ARM,2795,2016-11-27,#D52B1E
So Wesley,USA,2794,2016-11-27,#D52B1E
Anand Viswanathan,IND,2779,2016-11-27,#D52B1E
Nakamura Hikaru,USA,2779,2016-11-27,#D52B1E
Karjakin Sergey,RUS,2772,2016-11-27,#D52B1E
Harikrishna P.,IND,2768,2016-11-27,#D52B1E
Giri Anish,NED,2767,2016-11-27,#D52B1E
Nepomniachtchi Ian,RUS,2767,2016-11-27,#D52B1E
Ding Liren,CHN,2764,2016-11-27,#D52B1E
Mamedyarov Shakhriyar,AZE,2762,2016-11-27,#D52B1E
Topalov Veselin,BUL,2760,2016-11-27,#D52B1E
Eljanov Pavel,UKR,2757,2016-11-27,#D52B1E
Dominguez Perez Leinier,CUB,2752,2016-11-27,#D52B1E
Grischuk Alexander,RUS,2751,2016-11-27,#D52B1E
Adams Michael,ENG,2744,2016-11-27,#D52B1E
Wojtaszek Radoslaw,POL,2744,2016-11-27,#D52B1E
Svidler Peter,RUS,2742,2016-11-27,#D52B1E
Andreikin Dmitry,RUS,2736,2016-11-27,#D52B1E
Ivanchuk Vassily,UKR,2733,2016-11-27,#D52B1E
Li Chao b,CHN,2730,2016-11-27,#D52B1E
Rapport Richard,HUN,2730,2016-11-27,#D52B1E
Navara David,CZE,2725,2016-11-27,#D52B1E
Wang Yue,CHN,2723,2016-11-27,#D52B1E
Tomashevsky Evgeny,RUS,2722,2016-11-27,#D52B1E
Yu Yangyi,CHN,2721,2016-11-27,#D52B1E
Gelfand Boris,ISR,2720,2016-11-27,#D52B1E
Vitiugov Nikita,RUS,2718,2016-11-27,#D52B1E
Le Quang Liem,VIE,2718,2016-11-27,#D52B1E
Vallejo Pons Francisco,ESP,2716,2016-11-27,#D52B1E
Inarkiev Ernesto,RUS,2714,2016-11-27,#D52B1E
Jakovenko Dmitry,RUS,2709,2016-11-27,#D52B1E
Ponomariov Ruslan,UKR,2709,2016-11-27,#D52B1E
Wei Yi,CHN,2706,2016-11-27,#D52B1E
Kryvoruchko Yuriy,UKR,2702,2016-11-27,#D52B1E
Jobava Baadur,GEO,2702,2016-11-27,#D52B1E
Almasi Zoltan,HUN,2702,2016-11-27,#D52B1E
Malakhov Vladimir,RUS,2698,2016-11-27,#D52B1E
Bu Xiangzhi,CHN,2698,2016-11-27,#D52B1E
Rodshtein Maxim,ISR,2696,2016-11-27,#D52B1E
Radjabov Teimour,AZE,2696,2016-11-27,#D52B1E
Ragger Markus,AUT,2694,2016-11-27,#D52B1E
Safarli Eltaj,AZE,2694,2016-11-27,#D52B1E
Leko Peter,HUN,2693,2016-11-27,#D52B1E
Bacrot Etienne,FRA,2691,2016-11-27,#D52B1E
Kasimdzhanov Rustam,UZB,2691,2016-11-27,#D52B1E
Matlakov Maxim,RUS,2691,2016-11-27,#D52B1E
Cheparinov Ivan,BUL,2689,2016-11-27,#D52B1E
Korobov Anton,UKR,2689,2016-11-27,#D52B1E
Vidit Santosh Gujrathi,IND,2689,2016-11-27,#D52B1E
Rublevsky Sergei,RUS,2689,2016-11-27,#D52B1E
Naiditsch Arkadij,AZE,2686,2016-11-27,#D52B1E
Van Wely Loek,NED,2685,2016-11-27,#D52B1E
Mamedov Rauf,AZE,2684,2016-11-27,#D52B1E
Duda Jan-Krzysztof,POL,2684,2016-11-27,#D52B1E
Najer Evgeniy,RUS,2683,2016-11-27,#D52B1E
Morozevich Alexander,RUS,2683,2016-11-27,#D52B1E
Kovalenko Igor,LAT,2682,2016-11-27,#D52B1E
Wang Hao,CHN,2680,2016-11-27,#D52B1E
Short Nigel D,ENG,2679,2016-11-27,#D52B1E
Shirov Alexei,LAT,2677,2016-11-27,#D52B1E
Robson Ray,USA,2675,2016-11-27,#D52B1E
Zvjaginsev Vadim,RUS,2675,2016-11-27,#D52B1E
Nisipeanu Liviu-Dieter,GER,2675,2016-11-27,#D52B1E
Akopian Vladimir,ARM,2675,2016-11-27,#D52B1E
Shankland Samuel L,USA,2674,2016-11-27,#D52B1E
Smirin Ilia,ISR,2674,2016-11-27,#D52B1E
Fedoseev Vladimir,RUS,2673,2016-11-27,#D52B1E
Areshchenko Alexander,UKR,2673,2016-11-27,#D52B1E
Fressinet Laurent,FRA,2672,2016-11-27,#D52B1E
Movsesian Sergei,ARM,2672,2016-11-27,#D52B1E
Riazantsev Alexander,RUS,2671,2016-11-27,#D52B1E
Negi Parimarjan,IND,2670,2016-11-27,#D52B1E
Sadler Matthew D,ENG,2670,2016-11-27,#D52B1E
Zhigalko Sergei,BLR,2669,2016-11-27,#D52B1E
Volokitin Andrei,UKR,2668,2016-11-27,#D52B1E
Onischuk Alexander,USA,2668,2016-11-27,#D52B1E
Sargissian Gabriel,ARM,2667,2016-11-27,#D52B1E
Adhiban B.,IND,2666,2016-11-27,#D52B1E
Bareev Evgeny,CAN,2666,2016-11-27,#D52B1E
Laznicka Viktor,CZE,2664,2016-11-27,#D52B1E
Sjugirov Sanan,RUS,2664,2016-11-27,#D52B1E
Ganguly Surya Shekhar,IND,2664,2016-11-27,#D52B1E
Rakhmanov Aleksandr,RUS,2664,2016-11-27,#D52B1E
Jones Gawain C B,ENG,2663,2016-11-27,#D52B1E
Motylev Alexander,RUS,2663,2016-11-27,#D52B1E
Xiong Jeffery,USA,2660,2016-11-27,#D52B1E
Piorun Kacper,POL,2660,2016-11-27,#D52B1E
Ipatov Alexander,TUR,2660,2016-11-27,#D52B1E
Tkachiev Vladislav,FRA,2660,2016-11-27,#D52B1E
Ni Hua,CHN,2659,2016-11-27,#D52B1E
Artemiev Vladislav,RUS,2658,2016-11-27,#D52B1E
Amin Bassem,EGY,2658,2016-11-27,#D52B1E
Salem A.R. Saleh,UAE,2656,2016-11-27,#D52B1E
Howell David W L,ENG,2655,2016-11-27,#D52B1E
McShane Luke J,ENG,2655,2016-11-27,#D52B1E
Sasikiran Krishnan,IND,2654,2016-11-27,#D52B1E
Carlsen Magnus,NOR,2840,2016-12-27,#D52B1E
Caruana Fabiano,USA,2823,2016-12-27,#D52B1E
Kramnik Vladimir,RUS,2809,2016-12-27,#D52B1E
Vachier-Lagrave Maxime,FRA,2804,2016-12-27,#D52B1E
So Wesley,USA,2794,2016-12-27,#D52B1E
Karjakin Sergey,RUS,2785,2016-12-27,#D52B1E
Aronian Levon,ARM,2785,2016-12-27,#D52B1E
Anand Viswanathan,IND,2779,2016-12-27,#D52B1E
Nakamura Hikaru,USA,2779,2016-12-27,#D52B1E
Giri Anish,NED,2771,2016-12-27,#D52B1E
Harikrishna P.,IND,2770,2016-12-27,#D52B1E
Mamedyarov Shakhriyar,AZE,2768,2016-12-27,#D52B1E
Nepomniachtchi Ian,RUS,2767,2016-12-27,#D52B1E
Eljanov Pavel,UKR,2762,2016-12-27,#D52B1E
Topalov Veselin,BUL,2760,2016-12-27,#D52B1E
Ding Liren,CHN,2757,2016-12-27,#D52B1E
Svidler Peter,RUS,2753,2016-12-27,#D52B1E
Wojtaszek Radoslaw,POL,2749,2016-12-27,#D52B1E
Adams Michael,ENG,2748,2016-12-27,#D52B1E
Ivanchuk Vassily,UKR,2747,2016-12-27,#D52B1E
Dominguez Perez Leinier,CUB,2739,2016-12-27,#D52B1E
Andreikin Dmitry,RUS,2737,2016-12-27,#D52B1E
Grischuk Alexander,RUS,2737,2016-12-27,#D52B1E
Yu Yangyi,CHN,2729,2016-12-27,#D52B1E
Vitiugov Nikita,RUS,2726,2016-12-27,#D52B1E
Navara David,CZE,2725,2016-12-27,#D52B1E
Gelfand Boris,ISR,2725,2016-12-27,#D52B1E
Li Chao b,CHN,2720,2016-12-27,#D52B1E
Le Quang Liem,VIE,2718,2016-12-27,#D52B1E
Rapport Richard,HUN,2717,2016-12-27,#D52B1E
Tomashevsky Evgeny,RUS,2716,2016-12-27,#D52B1E
Malakhov Vladimir,RUS,2713,2016-12-27,#D52B1E
Vallejo Pons Francisco,ESP,2711,2016-12-27,#D52B1E
Radjabov Teimour,AZE,2710,2016-12-27,#D52B1E
Wang Yue,CHN,2710,2016-12-27,#D52B1E
Inarkiev Ernesto,RUS,2709,2016-12-27,#D52B1E
Ponomariov Ruslan,UKR,2709,2016-12-27,#D52B1E
Wei Yi,CHN,2707,2016-12-27,#D52B1E
Bu Xiangzhi,CHN,2705,2016-12-27,#D52B1E
Jakovenko Dmitry,RUS,2704,2016-12-27,#D52B1E
Almasi Zoltan,HUN,2703,2016-12-27,#D52B1E
Jobava Baadur,GEO,2702,2016-12-27,#D52B1E
Kryvoruchko Yuriy,UKR,2699,2016-12-27,#D52B1E
Van Wely Loek,NED,2696,2016-12-27,#D52B1E
Rodshtein Maxim,ISR,2695,2016-12-27,#D52B1E
Matlakov Maxim,RUS,2694,2016-12-27,#D52B1E
Leko Peter,HUN,2693,2016-12-27,#D52B1E
Korobov Anton,UKR,2692,2016-12-27,#D52B1E
Safarli Eltaj,AZE,2691,2016-12-27,#D52B1E
Kasimdzhanov Rustam,UZB,2691,2016-12-27,#D52B1E
Ragger Markus,AUT,2689,2016-12-27,#D52B1E
Bacrot Etienne,FRA,2689,2016-12-27,#D52B1E
Cheparinov Ivan,BUL,2689,2016-12-27,#D52B1E
Vidit Santosh Gujrathi,IND,2689,2016-12-27,#D52B1E
Mamedov Rauf,AZE,2688,2016-12-27,#D52B1E
Naiditsch Arkadij,AZE,2687,2016-12-27,#D52B1E
Kovalenko Igor,LAT,2684,2016-12-27,#D52B1E
Duda Jan-Krzysztof,POL,2684,2016-12-27,#D52B1E
Rublevsky Sergei,RUS,2681,2016-12-27,#D52B1E
Nisipeanu Liviu-Dieter,GER,2680,2016-12-27,#D52B1E
Najer Evgeniy,RUS,2679,2016-12-27,#D52B1E
Zvjaginsev Vadim,RUS,2679,2016-12-27,#D52B1E
Short Nigel D,ENG,2679,2016-12-27,#D52B1E
Areshchenko Alexander,UKR,2678,2016-12-27,#D52B1E
Wang Hao,CHN,2678,2016-12-27,#D52B1E
Morozevich Alexander,RUS,2676,2016-12-27,#D52B1E
Akopian Vladimir,ARM,2675,2016-12-27,#D52B1E
Robson Ray,USA,2675,2016-12-27,#D52B1E
Shankland Samuel L,USA,2674,2016-12-27,#D52B1E
Shirov Alexei,LAT,2673,2016-12-27,#D52B1E
Movsesian Sergei,ARM,2673,2016-12-27,#D52B1E
Sadler Matthew D,ENG,2672,2016-12-27,#D52B1E
Fressinet Laurent,FRA,2672,2016-12-27,#D52B1E
Zhigalko Sergei,BLR,2671,2016-12-27,#D52B1E
Riazantsev Alexander,RUS,2671,2016-12-27,#D52B1E
Sjugirov Sanan,RUS,2670,2016-12-27,#D52B1E
Negi Parimarjan,IND,2670,2016-12-27,#D52B1E
Smirin Ilia,ISR,2669,2016-12-27,#D52B1E
Ganguly Surya Shekhar,IND,2668,2016-12-27,#D52B1E
Onischuk Alexander,USA,2668,2016-12-27,#D52B1E
Fedoseev Vladimir,RUS,2667,2016-12-27,#D52B1E
Rakhmanov Aleksandr,RUS,2667,2016-12-27,#D52B1E
Jones Gawain C B,ENG,2667,2016-12-27,#D52B1E
Sargissian Gabriel,ARM,2667,2016-12-27,#D52B1E
Xiong Jeffery,USA,2666,2016-12-27,#D52B1E
Adhiban B.,IND,2666,2016-12-27,#D52B1E
Bareev Evgeny,CAN,2666,2016-12-27,#D52B1E
Ni Hua,CHN,2664,2016-12-27,#D52B1E
Motylev Alexander,RUS,2663,2016-12-27,#D52B1E
Amin Bassem,EGY,2662,2016-12-27,#D52B1E
Kamsky Gata,USA,2661,2016-12-27,#D52B1E
Sasikiran Krishnan,IND,2661,2016-12-27,#D52B1E
Laznicka Viktor,CZE,2661,2016-12-27,#D52B1E
Cordova Emilio,PER,2660,2016-12-27,#D52B1E
Markus Robert,SRB,2660,2016-12-27,#D52B1E
Dubov Daniil,RUS,2660,2016-12-27,#D52B1E
Ipatov Alexander,TUR,2660,2016-12-27,#D52B1E
Tkachiev Vladislav,FRA,2660,2016-12-27,#D52B1E
Moiseenko Alexander,UKR,2657,2016-12-27,#D52B1E
Piorun Kacper,POL,2657,2016-12-27,#D52B1E
Carlsen Magnus,NOR,2840,2017-01-27,#D52B1E
Caruana Fabiano,USA,2827,2017-01-27,#D52B1E
Kramnik Vladimir,RUS,2811,2017-01-27,#D52B1E
So Wesley,USA,2808,2017-01-27,#D52B1E
Vachier-Lagrave Maxime,FRA,2796,2017-01-27,#D52B1E
Anand Viswanathan,IND,2786,2017-01-27,#D52B1E
Nakamura Hikaru,USA,2785,2017-01-27,#D52B1E
Karjakin Sergey,RUS,2785,2017-01-27,#D52B1E
Aronian Levon,ARM,2780,2017-01-27,#D52B1E
Giri Anish,NED,2773,2017-01-27,#D52B1E
Nepomniachtchi Ian,RUS,2767,2017-01-27,#D52B1E
Harikrishna P.,IND,2766,2017-01-27,#D52B1E
Mamedyarov Shakhriyar,AZE,2766,2017-01-27,#D52B1E
Ding Liren,CHN,2760,2017-01-27,#D52B1E
Eljanov Pavel,UKR,2755,2017-01-27,#D52B1E
Ivanchuk Vassily,UKR,2752,2017-01-27,#D52B1E
Adams Michael,ENG,2751,2017-01-27,#D52B1E
Wojtaszek Radoslaw,POL,2750,2017-01-27,#D52B1E
Svidler Peter,RUS,2748,2017-01-27,#D52B1E
Grischuk Alexander,RUS,2742,2017-01-27,#D52B1E
Topalov Veselin,BUL,2739,2017-01-27,#D52B1E
Dominguez Perez Leinier,CUB,2739,2017-01-27,#D52B1E
Yu Yangyi,CHN,2738,2017-01-27,#D52B1E
Andreikin Dmitry,RUS,2736,2017-01-27,#D52B1E
Navara David,CZE,2735,2017-01-27,#D52B1E
Vitiugov Nikita,RUS,2724,2017-01-27,#D52B1E
Inarkiev Ernesto,RUS,2723,2017-01-27,#D52B1E
Gelfand Boris,ISR,2721,2017-01-27,#D52B1E
Li Chao b,CHN,2720,2017-01-27,#D52B1E
Le Quang Liem,VIE,2718,2017-01-27,#D52B1E
Malakhov Vladimir,RUS,2715,2017-01-27,#D52B1E
Bu Xiangzhi,CHN,2711,2017-01-27,#D52B1E
Tomashevsky Evgeny,RUS,2711,2017-01-27,#D52B1E
Radjabov Teimour,AZE,2710,2017-01-27,#D52B1E
Jakovenko Dmitry,RUS,2709,2017-01-27,#D52B1E
Vallejo Pons Francisco,ESP,2709,2017-01-27,#D52B1E
Ponomariov Ruslan,UKR,2709,2017-01-27,#D52B1E
Wei Yi,CHN,2706,2017-01-27,#D52B1E
Wang Yue,CHN,2706,2017-01-27,#D52B1E
Rapport Richard,HUN,2702,2017-01-27,#D52B1E
Naiditsch Arkadij,AZE,2702,2017-01-27,#D52B1E
Kryvoruchko Yuriy,UKR,2701,2017-01-27,#D52B1E
Jobava Baadur,GEO,2701,2017-01-27,#D52B1E
Matlakov Maxim,RUS,2701,2017-01-27,#D52B1E
Kasimdzhanov Rustam,UZB,2699,2017-01-27,#D52B1E
Almasi Zoltan,HUN,2698,2017-01-27,#D52B1E
Ragger Markus,AUT,2697,2017-01-27,#D52B1E
Bacrot Etienne,FRA,2695,2017-01-27,#D52B1E
Van Wely Loek,NED,2695,2017-01-27,#D52B1E
Rodshtein Maxim,ISR,2693,2017-01-27,#D52B1E
Leko Peter,HUN,2693,2017-01-27,#D52B1E
Korobov Anton,UKR,2689,2017-01-27,#D52B1E
Cheparinov Ivan,BUL,2689,2017-01-27,#D52B1E
Mamedov Rauf,AZE,2688,2017-01-27,#D52B1E
Safarli Eltaj,AZE,2686,2017-01-27,#D52B1E
Kovalenko Igor,LAT,2684,2017-01-27,#D52B1E
Duda Jan-Krzysztof,POL,2684,2017-01-27,#D52B1E
Shirov Alexei,LAT,2683,2017-01-27,#D52B1E
Rublevsky Sergei,RUS,2681,2017-01-27,#D52B1E
Nisipeanu Liviu-Dieter,GER,2680,2017-01-27,#D52B1E
Areshchenko Alexander,UKR,2679,2017-01-27,#D52B1E
Najer Evgeniy,RUS,2679,2017-01-27,#D52B1E
Zvjaginsev Vadim,RUS,2679,2017-01-27,#D52B1E
Movsesian Sergei,ARM,2676,2017-01-27,#D52B1E
Short Nigel D,ENG,2675,2017-01-27,#D52B1E
Morozevich Alexander,RUS,2675,2017-01-27,#D52B1E
Akopian Vladimir,ARM,2675,2017-01-27,#D52B1E
Robson Ray,USA,2675,2017-01-27,#D52B1E
Ni Hua,CHN,2674,2017-01-27,#D52B1E
Shankland Samuel L,USA,2674,2017-01-27,#D52B1E
Vidit Santosh Gujrathi,IND,2673,2017-01-27,#D52B1E
Sjugirov Sanan,RUS,2673,2017-01-27,#D52B1E
Sadler Matthew D,ENG,2672,2017-01-27,#D52B1E
Riazantsev Alexander,RUS,2671,2017-01-27,#D52B1E
Wang Hao,CHN,2670,2017-01-27,#D52B1E
Rakhmanov Aleksandr,RUS,2670,2017-01-27,#D52B1E
Negi Parimarjan,IND,2670,2017-01-27,#D52B1E
Smirin Ilia,ISR,2667,2017-01-27,#D52B1E
Onischuk Alexander,USA,2667,2017-01-27,#D52B1E
Xiong Jeffery,USA,2667,2017-01-27,#D52B1E
Sargissian Gabriel,ARM,2667,2017-01-27,#D52B1E
Amin Bassem,EGY,2666,2017-01-27,#D52B1E
Kamsky Gata,USA,2666,2017-01-27,#D52B1E
Bareev Evgeny,CAN,2666,2017-01-27,#D52B1E
Jones Gawain C B,ENG,2665,2017-01-27,#D52B1E
Markus Robert,SRB,2665,2017-01-27,#D52B1E
Motylev Alexander,RUS,2663,2017-01-27,#D52B1E
Zhigalko Sergei,BLR,2662,2017-01-27,#D52B1E
Laznicka Viktor,CZE,2662,2017-01-27,#D52B1E
Moiseenko Alexander,UKR,2661,2017-01-27,#D52B1E
Dubov Daniil,RUS,2661,2017-01-27,#D52B1E
Sasikiran Krishnan,IND,2661,2017-01-27,#D52B1E
Fressinet Laurent,FRA,2660,2017-01-27,#D52B1E
Ipatov Alexander,TUR,2660,2017-01-27,#D52B1E
Tkachiev Vladislav,FRA,2660,2017-01-27,#D52B1E
Fedoseev Vladimir,RUS,2658,2017-01-27,#D52B1E
Ganguly Surya Shekhar,IND,2657,2017-01-27,#D52B1E
Salem A.R. Saleh,UAE,2656,2017-01-27,#D52B1E
Howell David W L,ENG,2655,2017-01-27,#D52B1E
Cordova Emilio,PER,2655,2017-01-27,#D52B1E
Artemiev Vladislav,RUS,2655,2017-01-27,#D52B1E
Carlsen Magnus,NOR,2838,2017-02-27,#D52B1E
Caruana Fabiano,USA,2827,2017-02-27,#D52B1E
So Wesley,USA,2822,2017-02-27,#D52B1E
Kramnik Vladimir,RUS,2811,2017-02-27,#D52B1E
Vachier-Lagrave Maxime,FRA,2796,2017-02-27,#D52B1E
Anand Viswanathan,IND,2786,2017-02-27,#D52B1E
Aronian Levon,ARM,2785,2017-02-27,#D52B1E
Nakamura Hikaru,USA,2785,2017-02-27,#D52B1E
Karjakin Sergey,RUS,2783,2017-02-27,#D52B1E
Giri Anish,NED,2769,2017-02-27,#D52B1E
Mamedyarov Shakhriyar,AZE,2766,2017-02-27,#D52B1E
Ding Liren,CHN,2760,2017-02-27,#D52B1E
Eljanov Pavel,UKR,2759,2017-02-27,#D52B1E
Harikrishna P.,IND,2758,2017-02-27,#D52B1E
Ivanchuk Vassily,UKR,2751,2017-02-27,#D52B1E
Adams Michael,ENG,2751,2017-02-27,#D52B1E
Nepomniachtchi Ian,RUS,2749,2017-02-27,#D52B1E
Svidler Peter,RUS,2748,2017-02-27,#D52B1E
Wojtaszek Radoslaw,POL,2745,2017-02-27,#D52B1E
Grischuk Alexander,RUS,2742,2017-02-27,#D52B1E
Dominguez Perez Leinier,CUB,2739,2017-02-27,#D52B1E
Topalov Veselin,BUL,2739,2017-02-27,#D52B1E
Yu Yangyi,CHN,2738,2017-02-27,#D52B1E
Andreikin Dmitry,RUS,2734,2017-02-27,#D52B1E
Navara David,CZE,2730,2017-02-27,#D52B1E
Wei Yi,CHN,2725,2017-02-27,#D52B1E
Vitiugov Nikita,RUS,2724,2017-02-27,#D52B1E
Inarkiev Ernesto,RUS,2723,2017-02-27,#D52B1E
Gelfand Boris,ISR,2721,2017-02-27,#D52B1E
Li Chao b,CHN,2720,2017-02-27,#D52B1E
Malakhov Vladimir,RUS,2715,2017-02-27,#D52B1E
Le Quang Liem,VIE,2712,2017-02-27,#D52B1E
Bu Xiangzhi,CHN,2711,2017-02-27,#D52B1E
Tomashevsky Evgeny,RUS,2711,2017-02-27,#D52B1E
Radjabov Teimour,AZE,2710,2017-02-27,#D52B1E
Jakovenko Dmitry,RUS,2709,2017-02-27,#D52B1E
Ponomariov Ruslan,UKR,2709,2017-02-27,#D52B1E
Vallejo Pons Francisco,ESP,2709,2017-02-27,#D52B1E
Wang Yue,CHN,2706,2017-02-27,#D52B1E
Kryvoruchko Yuriy,UKR,2705,2017-02-27,#D52B1E
Ragger Markus,AUT,2703,2017-02-27,#D52B1E
Naiditsch Arkadij,AZE,2702,2017-02-27,#D52B1E
Jobava Baadur,GEO,2701,2017-02-27,#D52B1E
Matlakov Maxim,RUS,2701,2017-02-27,#D52B1E
Rodshtein Maxim,ISR,2699,2017-02-27,#D52B1E
Kasimdzhanov Rustam,UZB,2699,2017-02-27,#D52B1E
Almasi Zoltan,HUN,2697,2017-02-27,#D52B1E
Bacrot Etienne,FRA,2695,2017-02-27,#D52B1E
Leko Peter,HUN,2693,2017-02-27,#D52B1E
Rapport Richard,HUN,2692,2017-02-27,#D52B1E
Korobov Anton,UKR,2691,2017-02-27,#D52B1E
Cheparinov Ivan,BUL,2689,2017-02-27,#D52B1E
Mamedov Rauf,AZE,2688,2017-02-27,#D52B1E
Duda Jan-Krzysztof,POL,2684,2017-02-27,#D52B1E
Kovalenko Igor,LAT,2684,2017-02-27,#D52B1E
Areshchenko Alexander,UKR,2683,2017-02-27,#D52B1E
Wang Hao,CHN,2682,2017-02-27,#D52B1E
Adhiban B.,IND,2682,2017-02-27,#D52B1E
Rublevsky Sergei,RUS,2681,2017-02-27,#D52B1E
Safarli Eltaj,AZE,2680,2017-02-27,#D52B1E
Nisipeanu Liviu-Dieter,GER,2680,2017-02-27,#D52B1E
Movsesian Sergei,ARM,2679,2017-02-27,#D52B1E
Zvjaginsev Vadim,RUS,2679,2017-02-27,#D52B1E
Shirov Alexei,LAT,2678,2017-02-27,#D52B1E
Jones Gawain C B,ENG,2677,2017-02-27,#D52B1E
Van Wely Loek,NED,2676,2017-02-27,#D52B1E
Akopian Vladimir,ARM,2675,2017-02-27,#D52B1E
Morozevich Alexander,RUS,2675,2017-02-27,#D52B1E
Short Nigel D,ENG,2675,2017-02-27,#D52B1E
Sasikiran Krishnan,IND,2674,2017-02-27,#D52B1E
Xiong Jeffery,USA,2674,2017-02-27,#D52B1E
Ni Hua,CHN,2674,2017-02-27,#D52B1E
Shankland Samuel L,USA,2674,2017-02-27,#D52B1E
Sjugirov Sanan,RUS,2673,2017-02-27,#D52B1E
Vidit Santosh Gujrathi,IND,2673,2017-02-27,#D52B1E
Sadler Matthew D,ENG,2671,2017-02-27,#D52B1E
Riazantsev Alexander,RUS,2671,2017-02-27,#D52B1E
Smirin Ilia,ISR,2670,2017-02-27,#D52B1E
Negi Parimarjan,IND,2670,2017-02-27,#D52B1E
Rakhmanov Aleksandr,RUS,2670,2017-02-27,#D52B1E
Kamsky Gata,USA,2669,2017-02-27,#D52B1E
Robson Ray,USA,2668,2017-02-27,#D52B1E
Markus Robert,SRB,2667,2017-02-27,#D52B1E
Onischuk Alexander,USA,2667,2017-02-27,#D52B1E
Laznicka Viktor,CZE,2666,2017-02-27,#D52B1E
Sargissian Gabriel,ARM,2666,2017-02-27,#D52B1E
Bareev Evgeny,CAN,2666,2017-02-27,#D52B1E
Motylev Alexander,RUS,2663,2017-02-27,#D52B1E
Amin Bassem,EGY,2662,2017-02-27,#D52B1E
Dubov Daniil,RUS,2661,2017-02-27,#D52B1E
Moiseenko Alexander,UKR,2661,2017-02-27,#D52B1E
Fressinet Laurent,FRA,2660,2017-02-27,#D52B1E
Ipatov Alexander,TUR,2660,2017-02-27,#D52B1E
Tkachiev Vladislav,FRA,2660,2017-02-27,#D52B1E
Najer Evgeniy,RUS,2659,2017-02-27,#D52B1E
Fedoseev Vladimir,RUS,2658,2017-02-27,#D52B1E
Howell David W L,ENG,2657,2017-02-27,#D52B1E
Ganguly Surya Shekhar,IND,2657,2017-02-27,#D52B1E
Salem A.R. Saleh,UAE,2656,2017-02-27,#D52B1E
Artemiev Vladislav,RUS,2655,2017-02-27,#D52B1E
Cordova Emilio,PER,2655,2017-02-27,#D52B1E
Carlsen Magnus,NOR,2838,2017-03-27,#D52B1E
So Wesley,USA,2822,2017-03-27,#D52B1E
Caruana Fabiano,USA,2817,2017-03-27,#D52B1E
Kramnik Vladimir,RUS,2811,2017-03-27,#D52B1E
Vachier-Lagrave Maxime,FRA,2803,2017-03-27,#D52B1E
Nakamura Hikaru,USA,2793,2017-03-27,#D52B1E
Anand Viswanathan,IND,2786,2017-03-27,#D52B1E
Karjakin Sergey,RUS,2783,2017-03-27,#D52B1E
Aronian Levon,ARM,2774,2017-03-27,#D52B1E
Mamedyarov Shakhriyar,AZE,2772,2017-03-27,#D52B1E
Giri Anish,NED,2769,2017-03-27,#D52B1E
Adams Michael,ENG,2761,2017-03-27,#D52B1E
Ding Liren,CHN,2759,2017-03-27,#D52B1E
Harikrishna P.,IND,2758,2017-03-27,#D52B1E
Eljanov Pavel,UKR,2751,2017-03-27,#D52B1E
Nepomniachtchi Ian,RUS,2751,2017-03-27,#D52B1E
Grischuk Alexander,RUS,2750,2017-03-27,#D52B1E
Yu Yangyi,CHN,2750,2017-03-27,#D52B1E
Wojtaszek Radoslaw,POL,2745,2017-03-27,#D52B1E
Svidler Peter,RUS,2741,2017-03-27,#D52B1E
Topalov Veselin,BUL,2741,2017-03-27,#D52B1E
Dominguez Perez Leinier,CUB,2739,2017-03-27,#D52B1E
Andreikin Dmitry,RUS,2734,2017-03-27,#D52B1E
Ivanchuk Vassily,UKR,2732,2017-03-27,#D52B1E
Navara David,CZE,2728,2017-03-27,#D52B1E
Wei Yi,CHN,2725,2017-03-27,#D52B1E
Gelfand Boris,ISR,2724,2017-03-27,#D52B1E
Inarkiev Ernesto,RUS,2723,2017-03-27,#D52B1E
Vitiugov Nikita,RUS,2720,2017-03-27,#D52B1E
Li Chao b,CHN,2720,2017-03-27,#D52B1E
Jakovenko Dmitry,RUS,2718,2017-03-27,#D52B1E
Malakhov Vladimir,RUS,2714,2017-03-27,#D52B1E
Le Quang Liem,VIE,2712,2017-03-27,#D52B1E
Bu Xiangzhi,CHN,2711,2017-03-27,#D52B1E
Vallejo Pons Francisco,ESP,2710,2017-03-27,#D52B1E
Radjabov Teimour,AZE,2710,2017-03-27,#D52B1E
Ponomariov Ruslan,UKR,2709,2017-03-27,#D52B1E
Kryvoruchko Yuriy,UKR,2708,2017-03-27,#D52B1E
Wang Yue,CHN,2706,2017-03-27,#D52B1E
Matlakov Maxim,RUS,2702,2017-03-27,#D52B1E
Naiditsch Arkadij,AZE,2702,2017-03-27,#D52B1E
Tomashevsky Evgeny,RUS,2701,2017-03-27,#D52B1E
Rodshtein Maxim,ISR,2701,2017-03-27,#D52B1E
Jobava Baadur,GEO,2701,2017-03-27,#D52B1E
Kasimdzhanov Rustam,UZB,2699,2017-03-27,#D52B1E
Cheparinov Ivan,BUL,2698,2017-03-27,#D52B1E
Rapport Richard,HUN,2696,2017-03-27,#D52B1E
Almasi Zoltan,HUN,2696,2017-03-27,#D52B1E
Bacrot Etienne,FRA,2695,2017-03-27,#D52B1E
Korobov Anton,UKR,2694,2017-03-27,#D52B1E
Leko Peter,HUN,2693,2017-03-27,#D52B1E
Shirov Alexei,LAT,2691,2017-03-27,#D52B1E
Mamedov Rauf,AZE,2688,2017-03-27,#D52B1E
Duda Jan-Krzysztof,POL,2684,2017-03-27,#D52B1E
Short Nigel D,ENG,2683,2017-03-27,#D52B1E
Wang Hao,CHN,2683,2017-03-27,#D52B1E
Areshchenko Alexander,UKR,2682,2017-03-27,#D52B1E
Adhiban B.,IND,2682,2017-03-27,#D52B1E
Ragger Markus,AUT,2681,2017-03-27,#D52B1E
Rublevsky Sergei,RUS,2681,2017-03-27,#D52B1E
Nisipeanu Liviu-Dieter,GER,2680,2017-03-27,#D52B1E
Safarli Eltaj,AZE,2680,2017-03-27,#D52B1E
Movsesian Sergei,ARM,2679,2017-03-27,#D52B1E
Sadler Matthew D,ENG,2677,2017-03-27,#D52B1E
Anton Guijarro David,ESP,2676,2017-03-27,#D52B1E
Jones Gawain C B,ENG,2676,2017-03-27,#D52B1E
Akopian Vladimir,ARM,2675,2017-03-27,#D52B1E
Morozevich Alexander,RUS,2675,2017-03-27,#D52B1E
Ni Hua,CHN,2674,2017-03-27,#D52B1E
Sasikiran Krishnan,IND,2674,2017-03-27,#D52B1E
Xiong Jeffery,USA,2674,2017-03-27,#D52B1E
Iturrizaga Bonelli Eduardo,VEN,2673,2017-03-27,#D52B1E
Vidit Santosh Gujrathi,IND,2673,2017-03-27,#D52B1E
Kovalenko Igor,LAT,2672,2017-03-27,#D52B1E
Markus Robert,SRB,2671,2017-03-27,#D52B1E
Negi Parimarjan,IND,2670,2017-03-27,#D52B1E
Rakhmanov Aleksandr,RUS,2670,2017-03-27,#D52B1E
Smirin Ilia,ISR,2668,2017-03-27,#D52B1E
Van Wely Loek,NED,2668,2017-03-27,#D52B1E
Robson Ray,USA,2668,2017-03-27,#D52B1E
Howell David W L,ENG,2667,2017-03-27,#D52B1E
Artemiev Vladislav,RUS,2667,2017-03-27,#D52B1E
Laznicka Viktor,CZE,2667,2017-03-27,#D52B1E
Onischuk Alexander,USA,2667,2017-03-27,#D52B1E
Shankland Samuel L,USA,2666,2017-03-27,#D52B1E
Bareev Evgeny,CAN,2666,2017-03-27,#D52B1E
Sargissian Gabriel,ARM,2666,2017-03-27,#D52B1E
Sjugirov Sanan,RUS,2665,2017-03-27,#D52B1E
Mareco Sandro,ARG,2664,2017-03-27,#D52B1E
Moiseenko Alexander,UKR,2664,2017-03-27,#D52B1E
Motylev Alexander,RUS,2663,2017-03-27,#D52B1E
Fressinet Laurent,FRA,2662,2017-03-27,#D52B1E
Zvjaginsev Vadim,RUS,2661,2017-03-27,#D52B1E
Riazantsev Alexander,RUS,2661,2017-03-27,#D52B1E
Dubov Daniil,RUS,2661,2017-03-27,#D52B1E
Amin Bassem,EGY,2660,2017-03-27,#D52B1E
Ipatov Alexander,TUR,2660,2017-03-27,#D52B1E
Tkachiev Vladislav,FRA,2660,2017-03-27,#D52B1E
Kamsky Gata,USA,2659,2017-03-27,#D52B1E
Najer Evgeniy,RUS,2659,2017-03-27,#D52B1E
Carlsen Magnus,NOR,2838,2017-04-27,#D52B1E
So Wesley,USA,2822,2017-04-27,#D52B1E
Caruana Fabiano,USA,2817,2017-04-27,#D52B1E
Kramnik Vladimir,RUS,2811,2017-04-27,#D52B1E
Vachier-Lagrave Maxime,FRA,2803,2017-04-27,#D52B1E
Nakamura Hikaru,USA,2793,2017-04-27,#D52B1E
Anand Viswanathan,IND,2786,2017-04-27,#D52B1E
Karjakin Sergey,RUS,2783,2017-04-27,#D52B1E
Aronian Levon,ARM,2774,2017-04-27,#D52B1E
Mamedyarov Shakhriyar,AZE,2772,2017-04-27,#D52B1E
Giri Anish,NED,2771,2017-04-27,#D52B1E
Adams Michael,ENG,2761,2017-04-27,#D52B1E
Ding Liren,CHN,2759,2017-04-27,#D52B1E
Harikrishna P.,IND,2755,2017-04-27,#D52B1E
Eljanov Pavel,UKR,2751,2017-04-27,#D52B1E
Nepomniachtchi Ian,RUS,2751,2017-04-27,#D52B1E
Yu Yangyi,CHN,2750,2017-04-27,#D52B1E
Grischuk Alexander,RUS,2750,2017-04-27,#D52B1E
Svidler Peter,RUS,2747,2017-04-27,#D52B1E
Wojtaszek Radoslaw,POL,2745,2017-04-27,#D52B1E
Topalov Veselin,BUL,2741,2017-04-27,#D52B1E
Dominguez Perez Leinier,CUB,2739,2017-04-27,#D52B1E
Andreikin Dmitry,RUS,2734,2017-04-27,#D52B1E
Navara David,CZE,2732,2017-04-27,#D52B1E
Ivanchuk Vassily,UKR,2732,2017-04-27,#D52B1E
Vitiugov Nikita,RUS,2729,2017-04-27,#D52B1E
Wei Yi,CHN,2727,2017-04-27,#D52B1E
Inarkiev Ernesto,RUS,2727,2017-04-27,#D52B1E
Le Quang Liem,VIE,2726,2017-04-27,#D52B1E
Gelfand Boris,ISR,2724,2017-04-27,#D52B1E
Li Chao b,CHN,2720,2017-04-27,#D52B1E
Jakovenko Dmitry,RUS,2718,2017-04-27,#D52B1E
Malakhov Vladimir,RUS,2714,2017-04-27,#D52B1E
Bu Xiangzhi,CHN,2713,2017-04-27,#D52B1E
Jobava Baadur,GEO,2712,2017-04-27,#D52B1E
Kryvoruchko Yuriy,UKR,2710,2017-04-27,#D52B1E
Radjabov Teimour,AZE,2710,2017-04-27,#D52B1E
Vallejo Pons Francisco,ESP,2710,2017-04-27,#D52B1E
Ponomariov Ruslan,UKR,2709,2017-04-27,#D52B1E
Matlakov Maxim,RUS,2707,2017-04-27,#D52B1E
Wang Yue,CHN,2706,2017-04-27,#D52B1E
Naiditsch Arkadij,AZE,2702,2017-04-27,#D52B1E
Rodshtein Maxim,ISR,2701,2017-04-27,#D52B1E
Tomashevsky Evgeny,RUS,2701,2017-04-27,#D52B1E
Leko Peter,HUN,2699,2017-04-27,#D52B1E
Kasimdzhanov Rustam,UZB,2698,2017-04-27,#D52B1E
Bacrot Etienne,FRA,2696,2017-04-27,#D52B1E
Almasi Zoltan,HUN,2696,2017-04-27,#D52B1E
Rapport Richard,HUN,2696,2017-04-27,#D52B1E
Korobov Anton,UKR,2695,2017-04-27,#D52B1E
Shirov Alexei,LAT,2693,2017-04-27,#D52B1E
Wang Hao,CHN,2690,2017-04-27,#D52B1E
Mamedov Rauf,AZE,2689,2017-04-27,#D52B1E
Cheparinov Ivan,BUL,2688,2017-04-27,#D52B1E
Areshchenko Alexander,UKR,2686,2017-04-27,#D52B1E
Fedoseev Vladimir,RUS,2684,2017-04-27,#D52B1E
Howell David W L,ENG,2684,2017-04-27,#D52B1E
Nisipeanu Liviu-Dieter,GER,2684,2017-04-27,#D52B1E
Duda Jan-Krzysztof,POL,2684,2017-04-27,#D52B1E
Short Nigel D,ENG,2683,2017-04-27,#D52B1E
Rublevsky Sergei,RUS,2681,2017-04-27,#D52B1E
Sadler Matthew D,ENG,2680,2017-04-27,#D52B1E
Safarli Eltaj,AZE,2680,2017-04-27,#D52B1E
Najer Evgeniy,RUS,2679,2017-04-27,#D52B1E
Anton Guijarro David,ESP,2679,2017-04-27,#D52B1E
Shankland Samuel L,USA,2678,2017-04-27,#D52B1E
Movsesian Sergei,ARM,2677,2017-04-27,#D52B1E
Ragger Markus,AUT,2677,2017-04-27,#D52B1E
Artemiev Vladislav,RUS,2677,2017-04-27,#D52B1E
Akopian Vladimir,ARM,2675,2017-04-27,#D52B1E
Morozevich Alexander,RUS,2675,2017-04-27,#D52B1E
Ni Hua,CHN,2674,2017-04-27,#D52B1E
Markus Robert,SRB,2672,2017-04-27,#D52B1E
Iturrizaga Bonelli Eduardo,VEN,2671,2017-04-27,#D52B1E
Smirin Ilia,ISR,2671,2017-04-27,#D52B1E
Jones Gawain C B,ENG,2671,2017-04-27,#D52B1E
Vidit Santosh Gujrathi,IND,2670,2017-04-27,#D52B1E
Moiseenko Alexander,UKR,2670,2017-04-27,#D52B1E
Laznicka Viktor,CZE,2670,2017-04-27,#D52B1E
Negi Parimarjan,IND,2670,2017-04-27,#D52B1E
Van Wely Loek,NED,2669,2017-04-27,#D52B1E
Kamsky Gata,USA,2668,2017-04-27,#D52B1E
Sasikiran Krishnan,IND,2668,2017-04-27,#D52B1E
Onischuk Alexander,USA,2667,2017-04-27,#D52B1E
Bareev Evgeny,CAN,2666,2017-04-27,#D52B1E
Sargissian Gabriel,ARM,2666,2017-04-27,#D52B1E
Xiong Jeffery,USA,2665,2017-04-27,#D52B1E
Rakhmanov Aleksandr,RUS,2665,2017-04-27,#D52B1E
Fressinet Laurent,FRA,2665,2017-04-27,#D52B1E
Amin Bassem,EGY,2663,2017-04-27,#D52B1E
Robson Ray,USA,2663,2017-04-27,#D52B1E
Ipatov Alexander,TUR,2662,2017-04-27,#D52B1E
Adhiban B.,IND,2661,2017-04-27,#D52B1E
Riazantsev Alexander,RUS,2661,2017-04-27,#D52B1E
Zvjaginsev Vadim,RUS,2661,2017-04-27,#D52B1E
Dubov Daniil,RUS,2660,2017-04-27,#D52B1E
Tkachiev Vladislav,FRA,2660,2017-04-27,#D52B1E
Kovalenko Igor,LAT,2659,2017-04-27,#D52B1E
Motylev Alexander,RUS,2658,2017-04-27,#D52B1E
Granda Zuniga Julio E,PER,2658,2017-04-27,#D52B1E
Grachev Boris,RUS,2658,2017-04-27,#D52B1E
Carlsen Magnus,NOR,2832,2017-05-27,#D52B1E
So Wesley,USA,2815,2017-05-27,#D52B1E
Kramnik Vladimir,RUS,2811,2017-05-27,#D52B1E
Caruana Fabiano,USA,2802,2017-05-27,#D52B1E
Vachier-Lagrave Maxime,FRA,2795,2017-05-27,#D52B1E
Aronian Levon,ARM,2789,2017-05-27,#D52B1E
Nakamura Hikaru,USA,2786,2017-05-27,#D52B1E
Anand Viswanathan,IND,2786,2017-05-27,#D52B1E
Giri Anish,NED,2785,2017-05-27,#D52B1E
Karjakin Sergey,RUS,2783,2017-05-27,#D52B1E
Ding Liren,CHN,2773,2017-05-27,#D52B1E
Mamedyarov Shakhriyar,AZE,2772,2017-05-27,#D52B1E
Svidler Peter,RUS,2755,2017-05-27,#D52B1E
Eljanov Pavel,UKR,2755,2017-05-27,#D52B1E
Nepomniachtchi Ian,RUS,2751,2017-05-27,#D52B1E
Harikrishna P.,IND,2750,2017-05-27,#D52B1E
Grischuk Alexander,RUS,2750,2017-05-27,#D52B1E
Adams Michael,ENG,2747,2017-05-27,#D52B1E
Yu Yangyi,CHN,2743,2017-05-27,#D52B1E
Topalov Veselin,BUL,2741,2017-05-27,#D52B1E
Navara David,CZE,2739,2017-05-27,#D52B1E
Dominguez Perez Leinier,CUB,2739,2017-05-27,#D52B1E
Ivanchuk Vassily,UKR,2738,2017-05-27,#D52B1E
Wojtaszek Radoslaw,POL,2734,2017-05-27,#D52B1E
Wei Yi,CHN,2732,2017-05-27,#D52B1E
Vitiugov Nikita,RUS,2731,2017-05-27,#D52B1E
Inarkiev Ernesto,RUS,2727,2017-05-27,#D52B1E
Le Quang Liem,VIE,2726,2017-05-27,#D52B1E
Gelfand Boris,ISR,2724,2017-05-27,#D52B1E
Andreikin Dmitry,RUS,2723,2017-05-27,#D52B1E
Li Chao b,CHN,2722,2017-05-27,#D52B1E
Jakovenko Dmitry,RUS,2718,2017-05-27,#D52B1E
Kryvoruchko Yuriy,UKR,2714,2017-05-27,#D52B1E
Matlakov Maxim,RUS,2714,2017-05-27,#D52B1E
Jobava Baadur,GEO,2713,2017-05-27,#D52B1E
Malakhov Vladimir,RUS,2712,2017-05-27,#D52B1E
Ponomariov Ruslan,UKR,2712,2017-05-27,#D52B1E
Vallejo Pons Francisco,ESP,2710,2017-05-27,#D52B1E
Radjabov Teimour,AZE,2710,2017-05-27,#D52B1E
Almasi Zoltan,HUN,2703,2017-05-27,#D52B1E
Leko Peter,HUN,2703,2017-05-27,#D52B1E
Wang Yue,CHN,2701,2017-05-27,#D52B1E
Naiditsch Arkadij,AZE,2700,2017-05-27,#D52B1E
Rapport Richard,HUN,2698,2017-05-27,#D52B1E
Rodshtein Maxim,ISR,2698,2017-05-27,#D52B1E
Kasimdzhanov Rustam,UZB,2698,2017-05-27,#D52B1E
Bu Xiangzhi,CHN,2697,2017-05-27,#D52B1E
Bacrot Etienne,FRA,2696,2017-05-27,#D52B1E
Tomashevsky Evgeny,RUS,2696,2017-05-27,#D52B1E
Duda Jan-Krzysztof,POL,2693,2017-05-27,#D52B1E
Fedoseev Vladimir,RUS,2690,2017-05-27,#D52B1E
Mamedov Rauf,AZE,2689,2017-05-27,#D52B1E
Korobov Anton,UKR,2688,2017-05-27,#D52B1E
Short Nigel D,ENG,2688,2017-05-27,#D52B1E
Cheparinov Ivan,BUL,2688,2017-05-27,#D52B1E
Vidit Santosh Gujrathi,IND,2687,2017-05-27,#D52B1E
Nisipeanu Liviu-Dieter,GER,2686,2017-05-27,#D52B1E
Onischuk Alexander,USA,2685,2017-05-27,#D52B1E
Howell David W L,ENG,2684,2017-05-27,#D52B1E
Artemiev Vladislav,RUS,2682,2017-05-27,#D52B1E
Najer Evgeniy,RUS,2682,2017-05-27,#D52B1E
Rublevsky Sergei,RUS,2682,2017-05-27,#D52B1E
Wang Hao,CHN,2680,2017-05-27,#D52B1E
Movsesian Sergei,ARM,2680,2017-05-27,#D52B1E
Ragger Markus,AUT,2680,2017-05-27,#D52B1E
Sadler Matthew D,ENG,2680,2017-05-27,#D52B1E
Areshchenko Alexander,UKR,2677,2017-05-27,#D52B1E
Moiseenko Alexander,UKR,2677,2017-05-27,#D52B1E
Kamsky Gata,USA,2676,2017-05-27,#D52B1E
Rakhmanov Aleksandr,RUS,2676,2017-05-27,#D52B1E
Shankland Samuel L,USA,2676,2017-05-27,#D52B1E
Smirin Ilia,ISR,2676,2017-05-27,#D52B1E
Ni Hua,CHN,2675,2017-05-27,#D52B1E
Morozevich Alexander,RUS,2675,2017-05-27,#D52B1E
Markus Robert,SRB,2673,2017-05-27,#D52B1E
Adhiban B.,IND,2672,2017-05-27,#D52B1E
Laznicka Viktor,CZE,2672,2017-05-27,#D52B1E
Negi Parimarjan,IND,2670,2017-05-27,#D52B1E
Sasikiran Krishnan,IND,2669,2017-05-27,#D52B1E
Safarli Eltaj,AZE,2668,2017-05-27,#D52B1E
Amin Bassem,EGY,2668,2017-05-27,#D52B1E
Fressinet Laurent,FRA,2668,2017-05-27,#D52B1E
Akopian Vladimir,ARM,2667,2017-05-27,#D52B1E
Bareev Evgeny,CAN,2666,2017-05-27,#D52B1E
Grandelius Nils,SWE,2665,2017-05-27,#D52B1E
Motylev Alexander,RUS,2665,2017-05-27,#D52B1E
Shirov Alexei,LAT,2664,2017-05-27,#D52B1E
Iturrizaga Bonelli Eduardo,VEN,2663,2017-05-27,#D52B1E
Van Wely Loek,NED,2663,2017-05-27,#D52B1E
Ipatov Alexander,TUR,2662,2017-05-27,#D52B1E
Akobian Varuzhan,USA,2661,2017-05-27,#D52B1E
Zvjaginsev Vadim,RUS,2661,2017-05-27,#D52B1E
Anton Guijarro David,ESP,2660,2017-05-27,#D52B1E
Dubov Daniil,RUS,2660,2017-05-27,#D52B1E
Tkachiev Vladislav,FRA,2660,2017-05-27,#D52B1E
Riazantsev Alexander,RUS,2659,2017-05-27,#D52B1E
Grachev Boris,RUS,2658,2017-05-27,#D52B1E
Kovalenko Igor,LAT,2657,2017-05-27,#D52B1E
Robson Ray,USA,2656,2017-05-27,#D52B1E
Jones Gawain C B,ENG,2654,2017-05-27,#D52B1E
Granda Zuniga Julio E,PER,2654,2017-05-27,#D52B1E
Berkes Ferenc,HUN,2654,2017-05-27,#D52B1E
Sjugirov Sanan,RUS,2654,2017-05-27,#D52B1E
Carlsen Magnus,NOR,2832,2017-06-27,#D52B1E
So Wesley,USA,2812,2017-06-27,#D52B1E
Kramnik Vladimir,RUS,2808,2017-06-27,#D52B1E
Caruana Fabiano,USA,2808,2017-06-27,#D52B1E
Mamedyarov Shakhriyar,AZE,2800,2017-06-27,#D52B1E
Vachier-Lagrave Maxime,FRA,2796,2017-06-27,#D52B1E
Aronian Levon,ARM,2793,2017-06-27,#D52B1E
Anand Viswanathan,IND,2786,2017-06-27,#D52B1E
Nakamura Hikaru,USA,2785,2017-06-27,#D52B1E
Ding Liren,CHN,2783,2017-06-27,#D52B1E
Karjakin Sergey,RUS,2781,2017-06-27,#D52B1E
Giri Anish,NED,2771,2017-06-27,#D52B1E
Grischuk Alexander,RUS,2761,2017-06-27,#D52B1E
Svidler Peter,RUS,2756,2017-06-27,#D52B1E
Yu Yangyi,CHN,2749,2017-06-27,#D52B1E
Topalov Veselin,BUL,2749,2017-06-27,#D52B1E
Eljanov Pavel,UKR,2739,2017-06-27,#D52B1E
Dominguez Perez Leinier,CUB,2739,2017-06-27,#D52B1E
Ivanchuk Vassily,UKR,2738,2017-06-27,#D52B1E
Harikrishna P.,IND,2737,2017-06-27,#D52B1E
Navara David,CZE,2737,2017-06-27,#D52B1E
Adams Michael,ENG,2736,2017-06-27,#D52B1E
Nepomniachtchi Ian,RUS,2732,2017-06-27,#D52B1E
Wojtaszek Radoslaw,POL,2730,2017-06-27,#D52B1E
Wei Yi,CHN,2728,2017-06-27,#D52B1E
Gelfand Boris,ISR,2728,2017-06-27,#D52B1E
Le Quang Liem,VIE,2726,2017-06-27,#D52B1E
Radjabov Teimour,AZE,2724,2017-06-27,#D52B1E
Malakhov Vladimir,RUS,2722,2017-06-27,#D52B1E
Li Chao b,CHN,2720,2017-06-27,#D52B1E
Andreikin Dmitry,RUS,2720,2017-06-27,#D52B1E
Vitiugov Nikita,RUS,2720,2017-06-27,#D52B1E
Vallejo Pons Francisco,ESP,2717,2017-06-27,#D52B1E
Naiditsch Arkadij,AZE,2712,2017-06-27,#D52B1E
Bu Xiangzhi,CHN,2712,2017-06-27,#D52B1E
Ponomariov Ruslan,UKR,2712,2017-06-27,#D52B1E
Korobov Anton,UKR,2711,2017-06-27,#D52B1E
Kryvoruchko Yuriy,UKR,2709,2017-06-27,#D52B1E
Bacrot Etienne,FRA,2708,2017-06-27,#D52B1E
Jakovenko Dmitry,RUS,2708,2017-06-27,#D52B1E
Inarkiev Ernesto,RUS,2707,2017-06-27,#D52B1E
Jobava Baadur,GEO,2707,2017-06-27,#D52B1E
Matlakov Maxim,RUS,2707,2017-06-27,#D52B1E
Almasi Zoltan,HUN,2707,2017-06-27,#D52B1E
Najer Evgeniy,RUS,2706,2017-06-27,#D52B1E
Tomashevsky Evgeny,RUS,2706,2017-06-27,#D52B1E
Fedoseev Vladimir,RUS,2703,2017-06-27,#D52B1E
Wang Yue,CHN,2699,2017-06-27,#D52B1E
Duda Jan-Krzysztof,POL,2697,2017-06-27,#D52B1E
Wang Hao,CHN,2696,2017-06-27,#D52B1E
Rapport Richard,HUN,2694,2017-06-27,#D52B1E
Vidit Santosh Gujrathi,IND,2692,2017-06-27,#D52B1E
Howell David W L,ENG,2692,2017-06-27,#D52B1E
Artemiev Vladislav,RUS,2691,2017-06-27,#D52B1E
Leko Peter,HUN,2691,2017-06-27,#D52B1E
Cheparinov Ivan,BUL,2690,2017-06-27,#D52B1E
Rodshtein Maxim,ISR,2689,2017-06-27,#D52B1E
Mamedov Rauf,AZE,2689,2017-06-27,#D52B1E
Short Nigel D,ENG,2688,2017-06-27,#D52B1E
Onischuk Alexander,USA,2685,2017-06-27,#D52B1E
Sadler Matthew D,ENG,2684,2017-06-27,#D52B1E
Nisipeanu Liviu-Dieter,GER,2683,2017-06-27,#D52B1E
Rublevsky Sergei,RUS,2683,2017-06-27,#D52B1E
Kamsky Gata,USA,2678,2017-06-27,#D52B1E
Ragger Markus,AUT,2677,2017-06-27,#D52B1E
Kasimdzhanov Rustam,UZB,2676,2017-06-27,#D52B1E
Moiseenko Alexander,UKR,2676,2017-06-27,#D52B1E
Movsesian Sergei,ARM,2676,2017-06-27,#D52B1E
Rakhmanov Aleksandr,RUS,2676,2017-06-27,#D52B1E
Shankland Samuel L,USA,2676,2017-06-27,#D52B1E
Smirin Ilia,ISR,2676,2017-06-27,#D52B1E
Van Wely Loek,NED,2675,2017-06-27,#D52B1E
Sutovsky Emil,ISR,2675,2017-06-27,#D52B1E
Morozevich Alexander,RUS,2675,2017-06-27,#D52B1E
Ni Hua,CHN,2674,2017-06-27,#D52B1E
Akobian Varuzhan,USA,2673,2017-06-27,#D52B1E
Markus Robert,SRB,2672,2017-06-27,#D52B1E
Amin Bassem,EGY,2672,2017-06-27,#D52B1E
Motylev Alexander,RUS,2672,2017-06-27,#D52B1E
Adhiban B.,IND,2670,2017-06-27,#D52B1E
Negi Parimarjan,IND,2670,2017-06-27,#D52B1E
Laznicka Viktor,CZE,2669,2017-06-27,#D52B1E
Sasikiran Krishnan,IND,2669,2017-06-27,#D52B1E
Akopian Vladimir,ARM,2667,2017-06-27,#D52B1E
Hou Yifan,CHN,2666,2017-06-27,#D52B1E
Bareev Evgeny,CAN,2666,2017-06-27,#D52B1E
Iturrizaga Bonelli Eduardo,VEN,2663,2017-06-27,#D52B1E
Tkachiev Vladislav,FRA,2660,2017-06-27,#D52B1E
Mareco Sandro,ARG,2659,2017-06-27,#D52B1E
Anton Guijarro David,ESP,2659,2017-06-27,#D52B1E
Ipatov Alexander,TUR,2659,2017-06-27,#D52B1E
Xiong Jeffery,USA,2658,2017-06-27,#D52B1E
Ganguly Surya Shekhar,IND,2658,2017-06-27,#D52B1E
Zvjaginsev Vadim,RUS,2658,2017-06-27,#D52B1E
Kovalenko Igor,LAT,2656,2017-06-27,#D52B1E
Safarli Eltaj,AZE,2656,2017-06-27,#D52B1E
Shirov Alexei,LAT,2656,2017-06-27,#D52B1E
Granda Zuniga Julio E,PER,2656,2017-06-27,#D52B1E
Robson Ray,USA,2656,2017-06-27,#D52B1E
Grandelius Nils,SWE,2655,2017-06-27,#D52B1E
