name,type,value,date,color
Bitcoin,$19475.8 BTC,320576568850,2017-12-17,#f2a900
Bitcoin,$17527.3 BTC,276634797271,2018-01-07,#f2a900
Bitcoin,$15168.4 BTC,258615393665,2017-12-10,#f2a900
Bitcoin,$14608.2 BTC,233414163395,2017-12-24,#f2a900
Bitcoin,$14370.8 BTC,231413491364,2018-01-14,#f2a900
Bitcoin,$12897.7 BTC,237465823980,2017-12-31,#f2a900
Bitcoin,$12889.2 BTC,195089460991,2018-01-21,#f2a900
Bitcoin,$11497.4 BTC,194567395376,2018-03-04,#f2a900
Bitcoin,$11475.3 BTC,198389948175,2018-01-28,#f2a900
Bitcoin,$11123.4 BTC,178040648022,2018-02-18,#f2a900
Bitcoin,$11082.7 BTC,189302389920,2017-12-03,#f2a900
Bitcoin,$9845.31 BTC,164316605278,2018-05-06,#f2a900
Bitcoin,$9796.42 BTC,163204062358,2018-02-25,#f2a900
Bitcoin,$9346.41 BTC,160182287342,2018-04-29,#f2a900
Bitcoin,$9175.7 BTC,139433682759,2018-02-04,#f2a900
Bitcoin,$8925.06 BTC,149585589886,2018-04-22,#f2a900
Bitcoin,$8852.78 BTC,162009710243,2018-03-11,#f2a900
Bitcoin,$8789.04 BTC,155850742551,2017-11-26,#f2a900
Bitcoin,$8616.13 BTC,137064586975,2018-02-11,#f2a900
Bitcoin,$8612.81 BTC,143914265310,2018-03-25,#f2a900
Bitcoin,$8515.49 BTC,148587777457,2018-05-13,#f2a900
Bitcoin,$8246.99 BTC,145109512565,2018-05-20,#f2a900
Bitcoin,$8205.82 BTC,141185844808,2018-07-29,#f2a900
Bitcoin,$7999.33 BTC,141427138383,2018-04-15,#f2a900
Bitcoin,$7890.52 BTC,139201713268,2018-03-18,#f2a900
Bitcoin,$7766.03 BTC,134124196206,2017-11-19,#f2a900
Bitcoin,$7632.09 BTC,131808021256,2018-06-03,#f2a900
Bitcoin,$7499.55 BTC,115948312827,2018-06-10,#f2a900
Bitcoin,$7417.8 BTC,127336615249,2018-07-22,#f2a900
Bitcoin,$7404.52 BTC,123449206170,2017-11-05,#f2a900
Bitcoin,$7362.08 BTC,125695017596,2018-05-27,#f2a900
Bitcoin,$7189.58 BTC,125427780027,2018-09-02,#f2a900
Bitcoin,$7031.08 BTC,121526079384,2018-08-05,#f2a900
Bitcoin,$7003.06 BTC,116026809075,2018-04-01,#f2a900
Bitcoin,$6919.98 BTC,119162880482,2018-04-08,#f2a900
Bitcoin,$6857.8 BTC,116097021279,2018-07-08,#f2a900
Bitcoin,$6754.64 BTC,115585205491,2018-08-26,#f2a900
Bitcoin,$6715.32 BTC,115990387532,2018-09-23,#f2a900
Bitcoin,$6604.71 BTC,114608519470,2018-09-30,#f2a900
Bitcoin,$6590.68 BTC,114298880311,2018-10-07,#f2a900
Bitcoin,$6545.53 BTC,111134754810,2018-06-17,#f2a900
Bitcoin,$6536.68 BTC,112562367224,2018-09-16,#f2a900
Bitcoin,$6490.09 BTC,112369106369,2018-10-21,#f2a900
Bitcoin,$6482.66 BTC,112518434372,2018-10-28,#f2a900
Bitcoin,$6422.57 BTC,112031838393,2018-08-19,#f2a900
Bitcoin,$6413.63 BTC,111373453740,2018-11-11,#f2a900
Bitcoin,$6411.68 BTC,109366024632,2018-07-01,#f2a900
Bitcoin,$6365.47 BTC,110689215104,2018-11-04,#f2a900
Bitcoin,$6295.45 BTC,99226193603,2017-11-12,#f2a900
Bitcoin,$6288.49 BTC,108972590373,2018-10-14,#f2a900
Bitcoin,$6283.65 BTC,108790259014,2018-08-12,#f2a900
Bitcoin,$6272.7 BTC,109074579938,2018-07-15,#f2a900
Bitcoin,$6223.38 BTC,108747090915,2018-09-09,#f2a900
Bitcoin,$6164.28 BTC,105646571668,2018-06-24,#f2a900
Bitcoin,$6036.66 BTC,99981911326,2017-10-22,#f2a900
Bitcoin,$5835.96 BTC,94403031755,2017-10-15,#f2a900
Bitcoin,$5754.44 BTC,102482445590,2017-10-29,#f2a900
Bitcoin,$5559.74 BTC,97753714643,2018-11-18,#f2a900
Bitcoin,$4585.27 BTC,75812181334,2017-09-03,#f2a900
Bitcoin,$4429.67 BTC,76589293760,2017-10-08,#f2a900
Bitcoin,$4345.1 BTC,72441993792,2017-08-27,#f2a900
Bitcoin,$4341.05 BTC,73094870674,2017-10-01,#f2a900
Bitcoin,$4229.34 BTC,68263826801,2017-09-10,#f2a900
Bitcoin,$4189.31 BTC,67520478838,2017-08-20,#f2a900
Bitcoin,$3880.78 BTC,69749265801,2018-11-25,#f2a900
Bitcoin,$3880.04 BTC,67230528989,2017-08-13,#f2a900
Bitcoin,$3796.15 BTC,61081971156,2017-09-24,#f2a900
Bitcoin,$3606.28 BTC,59377995376,2017-09-17,#f2a900
Bitcoin Cash,$3260.55 BCH,48988190394,2017-12-24,#ee8c28
Bitcoin,$3257.61 BTC,53006426108,2017-08-06,#f2a900
Bitcoin,$2942.41 BTC,48471330146,2017-06-11,#f2a900
Bitcoin,$2808.1 BTC,44957775265,2017-07-23,#f2a900
Bitcoin Cash,$2784.68 BCH,47096251512,2018-01-07,#ee8c28
Bitcoin,$2724.39 BTC,45435913868,2017-07-30,#f2a900
Bitcoin Cash,$2687.1 BCH,43182003172,2018-01-14,#ee8c28
Bitcoin,$2655.35 BTC,41788418974,2017-06-18,#f2a900
Bitcoin,$2607.25 BTC,42495001716,2017-06-25,#f2a900
Bitcoin,$2572.61 BTC,41397076604,2017-07-09,#f2a900
Bitcoin,$2547.79 BTC,41124262595,2017-06-04,#f2a900
Bitcoin,$2436.4 BTC,41167015221,2017-07-02,#f2a900
Bitcoin Cash,$2376.96 BCH,42774211630,2017-12-31,#ee8c28
Bitcoin,$2067.03 BTC,33361091114,2017-05-21,#f2a900
Bitcoin,$2054.08 BTC,35264171110,2017-05-28,#f2a900
Bitcoin Cash,$2033.7 BCH,30068588224,2018-01-21,#ee8c28
Bitcoin,$1991.98 BTC,31748939343,2017-07-16,#f2a900
Bitcoin Cash,$1812.33 BCH,31410042966,2017-12-17,#ee8c28
Bitcoin,$1800.86 BTC,29540290794,2017-05-14,#f2a900
Bitcoin Cash,$1758.83 BCH,30217488953,2018-05-06,#ee8c28
Bitcoin Cash,$1636.41 BCH,29576563672,2018-01-28,#ee8c28
Bitcoin,$1579.47 BTC,26053077975,2017-05-07,#f2a900
Bitcoin Cash,$1571.39 BCH,29201004189,2017-11-26,#ee8c28
Bitcoin Cash,$1552.1 BCH,25249614907,2018-02-18,#ee8c28
Bitcoin Cash,$1474.76 BCH,25571546400,2018-05-13,#ee8c28
Bitcoin Cash,$1435.36 BCH,26263371463,2017-12-03,#ee8c28
Bitcoin Cash,$1411.84 BCH,22291645665,2017-12-10,#ee8c28
Ethereum,$1397.48 ETH,132554906162,2018-01-14,#3c3c3d
Bitcoin Cash,$1393.99 BCH,24630696326,2018-04-29,#ee8c28
Bitcoin Cash,$1346.97 BCH,23332952165,2017-11-12,#ee8c28
Bitcoin,$1321.87 BTC,21975104909,2017-04-30,#f2a900
Dash,$1286.73 DASH,9208778987,2017-12-24,#008de4
Bitcoin Cash,$1273.17 BCH,19752812252,2018-02-04,#ee8c28
Bitcoin Cash,$1267.86 BCH,21914279433,2018-03-04,#ee8c28
Dash,$1266.43 DASH,10032287190,2018-01-07,#008de4
Bitcoin Cash,$1260.95 BCH,19703757418,2017-11-19,#ee8c28
Bitcoin Cash,$1255.59 BCH,20654142398,2018-02-11,#ee8c28
Bitcoin,$1254.29 BTC,20526235270,2017-03-05,#f2a900
Bitcoin,$1231.92 BTC,19665994145,2017-04-23,#f2a900
Bitcoin Cash,$1191.35 BCH,20012870666,2018-02-25,#ee8c28
Bitcoin Cash,$1183.2 BCH,22139339235,2018-05-20,#ee8c28
Bitcoin,$1176.62 BTC,19801195767,2017-03-12,#f2a900
Bitcoin,$1176.57 BTC,19320511927,2017-04-09,#f2a900
Bitcoin,$1172.61 BTC,19255408766,2017-04-16,#f2a900
Ethereum,$1155.68 ETH,101943726022,2018-01-21,#3c3c3d
Bitcoin Cash,$1147.48 BCH,20527017940,2018-04-22,#ee8c28
Bitcoin,$1144.27 BTC,18860247630,2017-02-26,#f2a900
Bitcoin,$1128.92 BTC,11531708948,2013-12-01,#f2a900
Ethereum,$1111.78 ETH,121201618306,2018-01-28,#3c3c3d
Dash,$1098.06 DASH,7928394405,2018-01-14,#008de4
Bitcoin Cash,$1087.46 BCH,16138135358,2018-06-10,#ee8c28
Bitcoin Cash,$1083.13 BCH,20088760230,2018-06-03,#ee8c28
Bitcoin,$1080.61 BTC,17911915755,2017-04-02,#f2a900
Bitcoin,$1054.76 BTC,16946913346,2017-02-19,#f2a900
Bitcoin,$1043.52 BTC,16588240157,2017-02-05,#f2a900
Ethereum,$1043.01 ETH,111670667774,2018-01-07,#3c3c3d
Dash,$1014.51 DASH,8581256484,2017-12-17,#008de4
Bitcoin Cash,$1009.2 BCH,17098555063,2018-05-27,#ee8c28
Bitcoin,$1003.52 BTC,16146290349,2017-02-12,#f2a900
Dash,$1002.99 DASH,8189400103,2017-12-31,#008de4
Bitcoin Cash,$1002.55 BCH,19482419344,2018-03-11,#ee8c28
Bitcoin,$976.73 BTC,16821676707,2017-03-19,#f2a900
Bitcoin,$974.02 BTC,15698465531,2017-03-26,#f2a900
Bitcoin Cash,$973.6 BCH,16473439913,2018-03-25,#ee8c28
Ethereum,$973.35 ETH,90267805476,2018-02-18,#3c3c3d
Ethereum,$964.67 ETH,81310521832,2018-02-04,#3c3c3d
Bitcoin,$963.66 BTC,16050407461,2017-01-01,#f2a900
Bitcoin Cash,$948.28 BCH,15971701036,2018-03-18,#ee8c28
Dash,$928.13 DASH,6408819317,2018-01-21,#008de4
Bitcoin,$922.21 BTC,14905439337,2017-01-22,#f2a900
Bitcoin,$922.07 BTC,14834377926,2017-01-29,#f2a900
Bitcoin,$919.6 BTC,10578653198,2014-01-12,#f2a900
Bitcoin,$908.17 BTC,14661966429,2017-01-08,#f2a900
Bitcoin,$899.65 BTC,14396194094,2016-12-25,#f2a900
Bitcoin,$875.29 BTC,10625517651,2013-12-15,#f2a900
Ethereum,$859.29 ETH,79476512347,2018-02-11,#3c3c3d
Bitcoin,$858.55 BTC,11379660685,2014-01-05,#f2a900
Ethereum,$856.19 ETH,84923240778,2018-03-04,#3c3c3d
Bitcoin,$853.68 BTC,10902798632,2014-01-26,#f2a900
Bitcoin Cash,$853.06 BCH,14646877140,2018-06-17,#ee8c28
Bitcoin,$839.66 BTC,10699504086,2014-01-19,#f2a900
Ethereum,$839.46 ETH,82659602549,2018-02-25,#3c3c3d
Bitcoin,$832.9 BTC,10190038654,2014-02-02,#f2a900
Bitcoin Cash,$821.01 BCH,14311866497,2018-07-29,#ee8c28
Bitcoin,$818.14 BTC,13234840657,2017-01-15,#f2a900
Ethereum,$816.09 ETH,78656662788,2018-05-06,#3c3c3d
Bitcoin,$795.63 BTC,9317034156,2013-11-24,#f2a900
Bitcoin,$791.01 BTC,12688510068,2016-12-18,#f2a900
Bitcoin Cash,$788.47 BCH,13605908099,2018-07-22,#ee8c28
Dash,$778.78 DASH,5944764996,2017-12-03,#008de4
Dash,$777.05 DASH,6372788770,2018-01-28,#008de4
Bitcoin Cash,$775.78 BCH,12943531512,2018-07-08,#ee8c28
Bitcoin,$774.75 BTC,12344888048,2016-12-11,#f2a900
Bitcoin Cash,$772.42 BCH,11764311435,2017-08-20,#ee8c28
Bitcoin,$771.64 BTC,12400766376,2016-12-04,#f2a900
Bitcoin Cash,$764.62 BCH,12890445591,2018-06-24,#ee8c28
Bitcoin,$756.69 BTC,11974386667,2016-06-19,#f2a900
Bitcoin,$751.88 BTC,11695081878,2016-11-20,#f2a900
Bitcoin Cash,$749.18 BCH,12728748477,2018-07-01,#ee8c28
Dash,$744.09 DASH,5440153882,2018-02-18,#008de4
Bitcoin Cash,$741.91 BCH,13332965082,2018-04-15,#ee8c28
Bitcoin,$735.44 BTC,11720648987,2016-11-27,#f2a900
Bitcoin,$728.05 BTC,9082103621,2013-12-29,#f2a900
Dash,$723.23 DASH,5334099355,2017-12-10,#008de4
Ethereum,$721.77 ETH,67019237420,2017-12-24,#3c3c3d
Bitcoin,$714.12 BTC,11194834676,2016-10-30,#f2a900
Ethereum,$712.21 ETH,73170170967,2017-12-31,#3c3c3d
Bitcoin,$705.2 BTC,11215181107,2016-11-13,#f2a900
Bitcoin,$704.97 BTC,10360455388,2016-07-03,#f2a900
Bitcoin,$703.81 BTC,11357385316,2016-11-06,#f2a900
Bitcoin Cash,$702.99 BCH,12463683162,2018-07-15,#ee8c28
Ethereum,$697.92 ETH,71224213260,2018-05-20,#3c3c3d
Bitcoin,$697.31 BTC,9627500113,2013-12-08,#f2a900
Ethereum,$696.24 ETH,69409025338,2017-12-17,#3c3c3d
Bitcoin Cash,$696.07 BCH,12253194394,2018-08-05,#ee8c28
Bitcoin Cash,$688.01 BCH,10963859523,2018-04-01,#ee8c28
Ethereum,$687.17 ETH,72923278119,2018-05-13,#3c3c3d
Ethereum,$685.31 ETH,70981343639,2018-03-11,#3c3c3d
Ethereum,$683.91 ETH,68289153706,2018-04-29,#3c3c3d
Bitcoin,$671.46 BTC,8451228950,2014-02-09,#f2a900
Bitcoin,$665.93 BTC,9883123077,2016-06-26,#f2a900
Bitcoin,$661.99 BTC,10711263460,2016-07-17,#f2a900
Bitcoin,$657.62 BTC,10472100602,2016-10-23,#f2a900
Bitcoin,$655.41 BTC,10432244355,2016-07-24,#f2a900
Bitcoin,$655.1 BTC,9861866433,2016-07-31,#f2a900
Bitcoin,$654.99 BTC,8445489607,2014-06-08,#f2a900
Bitcoin,$651.3 BTC,7650358837,2014-02-16,#f2a900
Bitcoin,$650.6 BTC,10229001841,2016-07-10,#f2a900
Dash,$641.46 DASH,4794259115,2017-11-26,#008de4
Bitcoin Cash,$640.89 BCH,11180534840,2018-04-08,#ee8c28
Bitcoin,$639.08 BTC,10218348388,2016-10-16,#f2a900
Dash,$637.01 DASH,4325433347,2018-02-04,#008de4
Bitcoin,$636.5 BTC,7903422086,2014-03-16,#f2a900
Bitcoin,$634.22 BTC,8154265678,2014-07-13,#f2a900
Dash,$633.43 DASH,4569773191,2018-02-11,#008de4
Bitcoin,$631.77 BTC,8258179220,2014-07-06,#f2a900
Bitcoin,$628.56 BTC,8137808455,2014-07-20,#f2a900
Bitcoin Cash,$625.89 BCH,10274649098,2017-08-27,#ee8c28
Bitcoin,$623.69 BTC,8094125581,2014-06-01,#f2a900
Bitcoin,$623.42 BTC,9624021892,2016-09-11,#f2a900
Bitcoin Cash,$619.91 BCH,10573198701,2017-11-05,#ee8c28
Bitcoin,$619.17 BTC,9815156618,2016-10-09,#f2a900
Bitcoin,$616.31 BTC,7958687808,2014-03-09,#f2a900
Bitcoin Cash,$616.03 BCH,11191429186,2018-09-02,#ee8c28
Bitcoin,$613.95 BTC,9713776587,2016-10-02,#f2a900
Dash,$610 DASH,4918415183,2018-03-04,#008de4
Bitcoin,$609.68 BTC,10529624647,2016-06-12,#f2a900
Bitcoin,$606.47 BTC,7534325867,2014-02-23,#f2a900
Bitcoin,$606.28 BTC,9682008337,2016-09-18,#f2a900
Ethereum,$606.12 ETH,61556034015,2018-04-22,#3c3c3d
Bitcoin,$602.75 BTC,9546132575,2016-09-25,#f2a900
Bitcoin,$601.78 BTC,7505757423,2013-12-22,#f2a900
Bitcoin,$598.59 BTC,9646846465,2016-09-04,#f2a900
Bitcoin,$596.33 BTC,7813280835,2014-06-29,#f2a900
Bitcoin,$595.9 BTC,7788609493,2014-06-22,#f2a900
Bitcoin,$595.67 BTC,7761289329,2014-07-27,#f2a900
Dash,$594.43 DASH,4678034335,2018-02-25,#008de4
Ethereum,$594.34 ETH,52645885461,2018-06-10,#3c3c3d
Ethereum,$591.26 ETH,61740821846,2018-06-03,#3c3c3d
Bitcoin,$589.17 BTC,7757394871,2014-08-10,#f2a900
Bitcoin,$588.89 BTC,7683520602,2014-08-03,#f2a900
Ethereum,$588.52 ETH,57099072056,2018-05-27,#3c3c3d
Bitcoin,$587.77 BTC,9364710627,2016-08-07,#f2a900
Bitcoin,$585.59 BTC,9020848475,2016-08-14,#f2a900
Bitcoin,$581.94 BTC,9199366517,2016-08-21,#f2a900
Bitcoin Cash,$578.27 BCH,10058460268,2017-09-03,#ee8c28
Bitcoin,$575.93 BTC,7649361650,2014-06-15,#f2a900
Bitcoin,$573.31 BTC,8983555643,2016-06-05,#f2a900
Bitcoin,$569.83 BTC,9089312935,2016-08-28,#f2a900
Bitcoin,$567.23 BTC,6978524072,2014-03-02,#f2a900
Bitcoin,$565.76 BTC,7045871925,2014-03-23,#f2a900
Bitcoin Cash,$564.44 BCH,9871588494,2018-08-12,#ee8c28
Bitcoin Cash,$555.78 BCH,9308507141,2018-11-11,#ee8c28
Bitcoin Cash,$554.93 BCH,9860902396,2018-08-19,#ee8c28
Ethereum,$551.64 ETH,52934184182,2018-03-18,#3c3c3d
Bitcoin Cash,$546.47 BCH,8900562998,2017-09-10,#ee8c28
Bitcoin Cash,$536.56 BCH,9208784936,2018-09-30,#ee8c28
Bitcoin Cash,$536.49 BCH,9053488090,2018-08-26,#ee8c28
Bitcoin,$527.48 BTC,8209050618,2016-05-29,#f2a900
Bitcoin,$525.23 BTC,7325371780,2014-05-25,#f2a900
Ethereum,$522.7 ETH,51598047955,2018-03-25,#3c3c3d
Bitcoin,$519.14 BTC,6468997661,2014-08-17,#f2a900
Bitcoin Cash,$509.63 BCH,8998846140,2018-10-07,#ee8c28
Dash,$506.06 DASH,3909156981,2018-05-06,#008de4
Bitcoin,$502.9 BTC,6312801960,2014-08-31,#f2a900
Ethereum,$502.88 ETH,52555419462,2018-04-15,#3c3c3d
Bitcoin,$501.75 BTC,6312896984,2014-04-20,#f2a900
Ethereum,$499.46 ETH,50114921288,2018-06-17,#3c3c3d
Bitcoin,$498.29 BTC,6700963067,2014-08-24,#f2a900
Dash,$494.3 DASH,4008355637,2018-04-29,#008de4
Bitcoin,$492.37 BTC,5791419543,2014-03-30,#f2a900
Ethereum,$492.07 ETH,49191161178,2018-07-08,#3c3c3d
Bitcoin Cash,$487.71 BCH,8485324615,2018-09-23,#ee8c28
Bitcoin,$485.13 BTC,6385589802,2014-09-07,#f2a900
Dash,$483.6 DASH,4222769381,2018-03-11,#008de4
Bitcoin,$479.12 BTC,6340778582,2014-09-14,#f2a900
Bitcoin Cash,$478.54 BCH,9769871612,2018-11-04,#ee8c28
Ethereum,$474.77 ETH,45897156207,2018-06-24,#3c3c3d
Bitcoin Cash,$474.63 BCH,8343621589,2018-09-09,#ee8c28
Ethereum,$472.79 ETH,42520479602,2017-12-10,#3c3c3d
Ethereum,$466.92 ETH,47133881666,2018-07-29,#3c3c3d
Ethereum,$465.97 ETH,45235644662,2017-11-26,#3c3c3d
Ethereum,$463.7 ETH,44776362724,2017-12-03,#3c3c3d
Bitcoin,$463.4 BTC,5808861023,2014-04-06,#f2a900
Ethereum,$462.44 ETH,46360029757,2018-07-22,#3c3c3d
Bitcoin,$462.23 BTC,6633988873,2015-12-20,#f2a900
Bitcoin,$458.43 BTC,7117822794,2016-05-08,#f2a900
Bitcoin,$457.24 BTC,5542720307,2014-04-27,#f2a900
Monero,$456.15 XMR,7154336651,2018-01-07,#f56f00
Bitcoin,$455.76 BTC,7114461730,2016-05-15,#f2a900
Dash,$455.36 DASH,3405230378,2017-11-19,#008de4
Ethereum,$455.24 ETH,45585861718,2018-07-01,#3c3c3d
Bitcoin,$453.92 BTC,5598956479,2014-05-11,#f2a900
Bitcoin,$450.56 BTC,7093731211,2016-04-24,#f2a900
Bitcoin,$448.7 BTC,5706165793,2014-05-18,#f2a900
Bitcoin Cash,$448.51 BCH,7793981526,2018-09-16,#ee8c28
Bitcoin,$448.48 BTC,7001712750,2016-05-01,#f2a900
Bitcoin,$448.24 BTC,6750440386,2016-01-10,#f2a900
Bitcoin Cash,$448.19 BCH,7643835570,2018-10-14,#ee8c28
Bitcoin Cash,$447.54 BCH,7799358754,2018-10-21,#ee8c28
Dash,$444.55 DASH,3753277069,2018-04-22,#008de4
Bitcoin,$443.22 BTC,6842082300,2016-05-22,#f2a900
Bitcoin,$440.96 BTC,5907842064,2013-11-17,#f2a900
Bitcoin Cash,$438.9 BCH,6964751267,2017-09-17,#ee8c28
Bitcoin Cash,$438.89 BCH,7687035518,2018-10-28,#ee8c28
Bitcoin,$438.52 BTC,5554777406,2014-05-04,#f2a900
Bitcoin,$437.77 BTC,6686294225,2016-02-21,#f2a900
Ethereum,$435.88 ETH,45306414380,2018-07-15,#3c3c3d
Bitcoin,$433.58 BTC,6467429942,2016-01-03,#f2a900
Bitcoin Cash,$433.38 BCH,6909649774,2017-10-01,#ee8c28
Bitcoin,$432.57 BTC,6615986322,2016-02-28,#f2a900
Bitcoin,$431.66 BTC,6487293999,2015-12-13,#f2a900
Bitcoin,$430.64 BTC,6600878376,2016-04-17,#f2a900
Bitcoin Cash,$428.8 BCH,6994250355,2017-09-24,#ee8c28
Bitcoin,$421.46 BTC,5234667259,2014-04-13,#f2a900
Bitcoin,$421.17 BTC,6477828309,2016-04-03,#f2a900
Bitcoin Cash,$420.47 BCH,7569653562,2017-10-29,#ee8c28
Monero,$420.34 XMR,6233759351,2018-01-14,#f56f00
Dash,$420.02 DASH,3280916459,2018-03-25,#008de4
Bitcoin,$419.59 BTC,6499536744,2016-04-10,#f2a900
Bitcoin,$418.14 BTC,6557030843,2016-03-27,#f2a900
Bitcoin,$416.51 BTC,6348296234,2015-12-27,#f2a900
Bitcoin,$411.65 BTC,6340701565,2016-03-13,#f2a900
Bitcoin,$410.4 BTC,6346546570,2016-03-20,#f2a900
Bitcoin,$408.08 BTC,5303651275,2014-09-21,#f2a900
Ethereum,$407.35 ETH,41521715110,2018-08-05,#3c3c3d
Dash,$404.11 DASH,3363601736,2018-05-13,#008de4
Bitcoin,$400.52 BTC,6232667872,2016-03-06,#f2a900
Dash,$400.42 DASH,2728163397,2017-08-27,#008de4
Bitcoin,$399.47 BTC,5025729375,2014-09-28,#f2a900
Ethereum,$397.25 ETH,37413407420,2018-04-01,#3c3c3d
Bitcoin,$392.93 BTC,6194711495,2016-02-14,#f2a900
Bitcoin,$391.25 BTC,5220783140,2014-10-19,#f2a900
Monero,$391.02 XMR,5231008878,2017-12-24,#f56f00
Bitcoin,$389.55 BTC,5803305524,2015-12-06,#f2a900
Dash,$388.18 DASH,3135131078,2018-03-18,#008de4
Bitcoin,$388.1 BTC,6093787908,2016-01-24,#f2a900
Bitcoin Cash,$387.63 BCH,6746074650,2018-11-18,#ee8c28
Bitcoin,$387.15 BTC,5770478451,2016-01-17,#f2a900
Zcash,$387.14 ZEC,584999616,2017-06-18,#f2ca07
Dash,$386.9 DASH,3249625600,2018-05-20,#008de4
Ethereum,$385.74 ETH,39530560784,2018-04-08,#3c3c3d
Monero,$384.53 XMR,5393668388,2018-01-21,#f56f00
Bitcoin,$384.28 BTC,5532072311,2015-11-08,#f2a900
Ethereum,$379.52 ETH,34398150201,2017-06-18,#3c3c3d
Bitcoin,$378.29 BTC,5587253351,2016-01-31,#f2a900
Bitcoin,$376.51 BTC,5718023735,2016-02-07,#f2a900
Bitcoin,$375.51 BTC,5125958175,2014-11-30,#f2a900
Bitcoin,$374.84 BTC,5094943517,2014-12-07,#f2a900
Bitcoin,$374.73 BTC,5239694300,2014-11-16,#f2a900
Bitcoin,$362.61 BTC,5063689090,2014-10-12,#f2a900
Bitcoin Cash,$360.09 BCH,5707257741,2017-10-08,#ee8c28
Bitcoin,$357.47 BTC,5531872177,2015-11-29,#f2a900
Zcash,$356.86 ZEC,512365430,2017-06-25,#f2ca07
Dash,$356.67 DASH,3058233716,2018-04-15,#008de4
Bitcoin Gold,$355.72 BTG,6115587514,2017-11-26,#f2a900
Dash,$354.63 DASH,2685792561,2017-09-03,#008de4
Bitcoin,$353.17 BTC,4974540006,2014-11-23,#f2a900
Monero,$351.75 XMR,5825639484,2018-03-04,#f56f00
Dash,$350.4 DASH,2514581171,2017-09-24,#008de4
Ethereum,$350.23 ETH,32807142041,2017-09-03,#3c3c3d
Bitcoin,$348.82 BTC,3910613095,2013-11-10,#f2a900
Bitcoin,$347.49 BTC,4763036253,2014-10-26,#f2a900
Ethereum,$347.4 ETH,33961430090,2017-11-19,#3c3c3d
Bitcoin,$346.73 BTC,4785245608,2014-12-14,#f2a900
Dash,$345.68 DASH,4119998278,2017-11-12,#008de4
Bitcoin,$345.38 BTC,4897961165,2014-11-09,#f2a900
Ethereum,$339.53 ETH,32018244067,2017-10-15,#3c3c3d
Bitcoin Gold,$339.06 BTG,4624708210,2018-01-14,#f2a900
Ethereum,$338.79 ETH,31473965821,2017-06-11,#3c3c3d
Bitcoin Gold,$334.55 BTG,5104893284,2017-12-24,#f2a900
Ethereum,$334.36 ETH,32799991739,2017-08-27,#3c3c3d
Bitcoin,$333.05 BTC,4752464063,2015-11-15,#f2a900
Bitcoin,$329.54 BTC,4373820008,2014-12-21,#f2a900
Monero,$329 XMR,5426213308,2017-12-31,#f56f00
Zcash,$328.96 ZEC,497821832,2017-06-11,#f2ca07
Bitcoin,$328.92 BTC,4279040870,2014-10-05,#f2a900
Monero,$328.06 XMR,5443182601,2017-12-17,#f56f00
Bitcoin,$326.98 BTC,4826466938,2015-11-22,#f2a900
Dash,$326.95 DASH,2397361006,2017-10-01,#008de4
Bitcoin,$326.08 BTC,4385292372,2014-11-02,#f2a900
Monero,$325.96 XMR,4722968616,2018-02-18,#f56f00
Bitcoin Cash,$323.5 BCH,5541354551,2017-10-22,#ee8c28
Ethereum,$323.47 ETH,28138409364,2017-06-25,#3c3c3d
Dash,$323.24 DASH,2416795497,2017-09-10,#008de4
Monero,$322.96 XMR,5200806765,2018-01-28,#f56f00
Bitcoin Cash,$322.42 BCH,5260122752,2017-10-15,#ee8c28
Dash,$322.31 DASH,2687151581,2018-06-03,#008de4
Dash,$321.72 DASH,2557738563,2018-05-27,#008de4
Ethereum,$320.82 ETH,32368768332,2018-08-12,#3c3c3d
Dash,$317.01 DASH,2359589889,2017-10-15,#008de4
Bitcoin Cash,$316.29 BCH,4914961032,2017-08-13,#ee8c28
Bitcoin,$316.16 BTC,4333389568,2014-12-28,#f2a900
Bitcoin,$315.01 BTC,4813287206,2015-11-01,#f2a900
Ethereum,$314.69 ETH,29463540579,2017-11-12,#3c3c3d
Ethereum,$311.06 ETH,29322710612,2017-10-08,#3c3c3d
Ethereum,$310.37 ETH,28011760531,2017-08-13,#3c3c3d
Dash,$310.25 DASH,2301846008,2017-10-08,#008de4
Dash,$306.21 DASH,2326519709,2018-04-01,#008de4
Litecoin,$301.78 LTC,17323822452,2017-12-17,#7d7d7d
Ethereum,$301.55 ETH,28694730559,2017-10-01,#3c3c3d
Ethereum,$300.55 ETH,28144794782,2017-10-22,#3c3c3d
Ethereum,$300.04 ETH,28307052341,2017-11-05,#3c3c3d
Dash,$299.5 DASH,2226957832,2018-06-10,#008de4
Bitcoin Gold,$298.84 BTG,5350823516,2017-12-03,#f2a900
Dash,$298.59 DASH,2373795483,2017-09-17,#008de4
Dash,$297.94 DASH,2486592274,2018-04-08,#008de4
Bitcoin Gold,$297.61 BTG,5021761237,2017-12-17,#f2a900
Ethereum,$296.64 ETH,28375046491,2017-08-20,#3c3c3d
Ethereum,$296.38 ETH,29106827254,2017-10-29,#3c3c3d
Litecoin,$296.05 LTC,15766532096,2018-01-07,#7d7d7d
Ethereum,$295.67 ETH,30514025774,2018-08-19,#3c3c3d
Ethereum,$295.45 ETH,29942718225,2018-09-02,#3c3c3d
Ethereum,$294.06 ETH,27300089799,2017-09-10,#3c3c3d
Bitcoin,$293.14 BTC,4469117252,2015-07-12,#f2a900
Litecoin,$291.01 LTC,15028955417,2017-12-24,#7d7d7d
Bitcoin,$288.64 BTC,4222888242,2015-07-26,#f2a900
Dash,$288.2 DASH,2207684757,2017-08-20,#008de4
Ethereum,$286.21 ETH,26780610986,2017-09-24,#3c3c3d
Zcash,$282.77 ZEC,468653272,2017-07-02,#f2ca07
Bitcoin,$281.45 BTC,4188180600,2015-10-25,#f2a900
Bitcoin,$281.42 BTC,3993628668,2015-03-15,#f2a900
Bitcoin,$281.15 BTC,3616320975,2015-01-04,#f2a900
Bitcoin,$280.45 BTC,4084832103,2015-08-02,#f2a900
Ethereum,$279.52 ETH,27953028997,2018-08-26,#3c3c3d
Dash,$277.93 DASH,2105679643,2017-10-22,#008de4
Zcash,$277.35 ZEC,608738996,2017-10-01,#f2ca07
Bitcoin,$276.43 BTC,3818877362,2015-03-08,#f2a900
Dash,$275.25 DASH,2172394516,2017-10-29,#008de4
Ethereum,$275.12 ETH,26776243984,2017-07-02,#3c3c3d
Bitcoin,$274.77 BTC,3940581988,2015-07-19,#f2a900
Bitcoin,$274.61 BTC,3643307731,2015-01-11,#f2a900
Dash,$274.33 DASH,2095466759,2017-11-05,#008de4
Monero,$273.03 XMR,4429770876,2018-02-25,#f56f00
Bitcoin,$270.91 BTC,3856061829,2015-10-18,#f2a900
Dash,$266.6 DASH,2163124402,2018-06-17,#008de4
Monero,$262.9 XMR,3790206409,2017-12-10,#f56f00
Bitcoin,$261.87 BTC,3749501856,2015-08-16,#f2a900
Bitcoin,$261.12 BTC,3838130130,2015-08-09,#f2a900
Monero,$260.91 XMR,4105183265,2018-04-29,#f56f00
Bitcoin,$260.8 BTC,3901985539,2015-07-05,#f2a900
Litecoin,$260.58 LTC,13069624172,2018-01-14,#7d7d7d
Bitcoin,$259.92 BTC,3743193531,2015-03-22,#f2a900
Bitcoin,$257.51 BTC,3250242178,2015-02-15,#f2a900
Monero,$257.32 XMR,4329350423,2018-04-22,#f56f00
Monero,$256.67 XMR,4465042435,2018-03-11,#f56f00
Ethereum,$256.42 ETH,24541904159,2017-08-06,#3c3c3d
Dash,$255.07 DASH,2057154656,2018-07-22,#008de4
Bitcoin,$254.28 BTC,3615181538,2015-03-01,#f2a900
Bitcoin,$253.76 BTC,3654268030,2015-04-05,#f2a900
Zcash,$253.63 ZEC,752552668,2017-11-12,#f2ca07
Zcash,$253.52 ZEC,568052984,2017-10-08,#f2ca07
Bitcoin,$252.74 BTC,3397187115,2015-03-29,#f2a900
Zcash,$252.49 ZEC,411483120,2017-07-09,#f2ca07
Monero,$251.97 XMR,3466922836,2018-02-04,#f56f00
Ethereum,$251.82 ETH,22559120946,2017-07-09,#3c3c3d
Bitcoin,$250.96 BTC,3566939394,2015-06-28,#f2a900
Bitcoin Gold,$250.12 BTG,4380774821,2017-12-31,#f2a900
Monero,$249.44 XMR,3605423484,2018-02-11,#f56f00
Bitcoin,$247.35 BTC,3491686145,2015-01-25,#f2a900
Dash,$246.87 DASH,1993066046,2018-07-08,#008de4
Ethereum,$245.85 ETH,23835888183,2017-09-17,#3c3c3d
Bitcoin,$245.1 BTC,3488106467,2015-06-21,#f2a900
Bitcoin Gold,$244.98 BTG,3821992818,2017-12-10,#f2a900
Bitcoin,$244.74 BTC,3634686068,2015-10-11,#f2a900
Bitcoin,$244.54 BTC,3272629326,2015-02-22,#f2a900
Dash,$242.93 DASH,1940519519,2018-06-24,#008de4
Bitcoin,$241.73 BTC,3399245238,2015-05-10,#f2a900
Dash,$241.28 DASH,1976848018,2018-07-29,#008de4
Ethereum,$240.99 ETH,24957339670,2018-09-23,#3c3c3d
Monero,$240.88 XMR,3768995961,2018-05-06,#f56f00
Zcash,$240.66 ZEC,559821739,2017-10-15,#f2ca07
Dash,$239.14 DASH,1924454008,2018-07-01,#008de4
Bitcoin,$238.98 BTC,3420845884,2015-05-24,#f2a900
Bitcoin,$238.53 BTC,3499387367,2015-10-04,#f2a900
Bitcoin,$236.54 BTC,3317129018,2015-04-12,#f2a900
Bitcoin,$236.01 BTC,3356176986,2015-05-17,#f2a900
Bitcoin,$235.24 BTC,3367774557,2015-09-13,#f2a900
Bitcoin,$234.88 BTC,3394161416,2015-05-03,#f2a900
Bitcoin,$234.87 BTC,3497748612,2015-09-06,#f2a900
Bitcoin,$234.14 BTC,3412467834,2015-09-27,#f2a900
Bitcoin,$233.13 BTC,3273756425,2015-05-31,#f2a900
Bitcoin,$232.44 BTC,3333657006,2015-06-14,#f2a900
Veritaseum,$232.05 VERI,397359692,2017-07-23,#f59d00
Zcash,$231.63 ZEC,587365945,2017-10-29,#f2ca07
Bitcoin,$231.4 BTC,3383764499,2015-09-20,#f2a900
Ethereum,$231.33 ETH,23817805502,2018-09-30,#3c3c3d
Litecoin,$230.51 LTC,11925650529,2018-02-18,#7d7d7d
Bitcoin,$230.38 BTC,3315466697,2015-08-23,#f2a900
Zcash,$230.32 ZEC,576194706,2017-11-05,#f2ca07
Bitcoin,$229.9 BTC,3330085315,2015-08-30,#f2a900
Ethereum,$229.12 ETH,21127295409,2017-07-23,#3c3c3d
Bitcoin,$227.69 BTC,3086537315,2015-02-08,#f2a900
Bitcoin,$226.41 BTC,3093216938,2015-04-26,#f2a900
Bitcoin,$225.6 BTC,3175547196,2015-06-07,#f2a900
Ethereum,$225.44 ETH,23161767973,2018-10-07,#3c3c3d
Dash,$224.57 DASH,1898637613,2018-07-15,#008de4
Ethereum,$224.12 ETH,22622207553,2017-06-04,#3c3c3d
Bitcoin,$223.46 BTC,3132226860,2015-04-19,#f2a900
Ethereum,$222.8 ETH,22500748646,2018-09-16,#3c3c3d
Dash,$220.88 DASH,1762071640,2018-09-02,#008de4
Zcash,$217.3 ZEC,386960629,2017-07-23,#f2ca07
Litecoin,$216.98 LTC,12663194467,2017-12-31,#7d7d7d
Bitcoin,$216.87 BTC,3129637468,2015-02-01,#f2a900
Ethereum,$212.48 ETH,21798464881,2018-11-11,#3c3c3d
Bitcoin Cash,$212.18 BCH,3637254889,2017-08-06,#ee8c28
Litecoin,$211.24 LTC,10446773723,2018-01-21,#7d7d7d
Litecoin,$210.24 LTC,11862048436,2018-03-04,#7d7d7d
Dash,$209.64 DASH,1450959336,2017-07-09,#008de4
Litecoin,$208.13 LTC,12209956904,2018-02-25,#7d7d7d
Monero,$207.32 XMR,3359772593,2018-03-25,#f56f00
Ethereum,$206.74 ETH,18545669554,2017-07-30,#3c3c3d
Bitcoin,$205.99 BTC,2568713111,2013-11-03,#f2a900
Dash,$205.59 DASH,1484314689,2017-08-13,#008de4
Ethereum,$205.39 ETH,21071630786,2018-10-21,#3c3c3d
Dash,$204.88 DASH,1708248903,2018-09-23,#008de4
Ethereum,$204.51 ETH,21123907349,2018-10-28,#3c3c3d
Zcash,$204.02 ZEC,463916988,2017-09-24,#f2ca07
Monero,$203.37 XMR,3087399521,2017-12-03,#f56f00
Dash,$202.32 DASH,1706106350,2018-08-05,#008de4
Monero,$202.05 XMR,3359116954,2018-05-13,#f56f00
Ethereum,$200.16 ETH,21371416840,2018-11-04,#3c3c3d
Bitcoin,$200.05 BTC,2889858038,2015-01-18,#f2a900
Ethereum,$199.69 ETH,20075397007,2018-10-14,#3c3c3d
Ethereum,$198.38 ETH,20058708800,2018-09-09,#3c3c3d
Monero,$197.79 XMR,3265583092,2018-05-20,#f56f00
Monero,$197.43 XMR,3320407979,2018-03-18,#f56f00
Dash,$195.02 DASH,1422094546,2017-07-23,#008de4
Dash,$193.71 DASH,1414049302,2017-08-06,#008de4
Dash,$191.92 DASH,1603460439,2018-09-16,#008de4
Zcash,$191.36 ZEC,275469737,2017-05-28,#f2ca07
Monero,$190.91 XMR,3196608691,2018-04-15,#f56f00
Dash,$188.5 DASH,1566842505,2018-09-30,#008de4
Dash,$185.95 DASH,1607096101,2018-09-09,#008de4
Dash,$185.45 DASH,1288935098,2017-07-30,#008de4
Zcash,$185.11 ZEC,325351392,2017-07-30,#f2ca07
Dash,$182.35 DASH,1276615801,2017-06-25,#008de4
Litecoin,$181.42 LTC,10656038484,2018-01-28,#7d7d7d
Bitcoin Cash,$181.13 BCH,3226002256,2018-11-25,#ee8c28
Dash,$180.71 DASH,1508481418,2018-10-07,#008de4
Monero,$178.78 XMR,2788621022,2018-04-01,#f56f00
Dash,$178.52 DASH,1426442202,2017-06-18,#008de4
Litecoin,$178.02 LTC,9692232318,2018-05-06,#7d7d7d
Litecoin,$177.51 LTC,10502793498,2018-03-11,#7d7d7d
Bitcoin,$176.6 BTC,2339831217,2013-10-27,#f2a900
Ethereum,$174.18 ETH,18288411984,2018-11-18,#3c3c3d
Omni,$174.11 OMNI,110826473,2014-01-05,#281c9b
Bitcoin,$171.66 BTC,2073319140,2013-10-20,#f2a900
Omni,$170.15 OMNI,111753212,2013-12-29,#281c9b
Monero,$169.99 XMR,2767651311,2018-04-08,#f56f00
Ethereum,$169.57 ETH,14687441605,2017-07-16,#3c3c3d
Monero,$168.57 XMR,2516566124,2017-11-26,#f56f00
Dash,$165.62 DASH,1385980673,2018-08-12,#008de4
Dash,$165.61 DASH,1283554763,2017-07-02,#008de4
Monero,$164.47 XMR,2669603313,2018-05-27,#f56f00
Monero,$162.66 XMR,2726015776,2018-06-03,#f56f00
Dash,$161.77 DASH,1350880368,2018-11-11,#008de4
Dash,$161.21 DASH,1319412536,2018-10-14,#008de4
Litecoin,$160.38 LTC,8151908186,2018-02-04,#7d7d7d
Zcash,$160.04 ZEC,291213268,2017-07-16,#f2ca07
Litecoin,$158.86 LTC,8931055242,2018-03-25,#7d7d7d
Ethereum,$158.82 ETH,15689192548,2017-05-28,#3c3c3d
Litecoin,$155.63 LTC,8063839922,2017-12-10,#7d7d7d
Litecoin,$155.39 LTC,8220569162,2018-02-11,#7d7d7d
Monero,$154.99 XMR,2248778356,2018-06-10,#f56f00
Dash,$154.87 DASH,1373101248,2018-11-04,#008de4
Dash,$154.76 DASH,1297464930,2018-10-21,#008de4
Dash,$153.64 DASH,1315197669,2018-10-28,#008de4
Litecoin,$152.54 LTC,8580189410,2018-03-18,#7d7d7d
Dash,$152.22 DASH,1277744556,2018-08-19,#008de4
Litecoin,$152.16 LTC,8650921305,2018-04-29,#7d7d7d
Dash,$151.99 DASH,1385072144,2017-06-11,#008de4
NEO,$150.23 NEO,8521175000,2018-01-21,#00db1d
Litecoin,$148.61 LTC,8249632683,2018-04-22,#7d7d7d
Dash,$144.92 DASH,1173572867,2018-08-26,#008de4
Dash,$143.88 DASH,1052612470,2017-06-04,#008de4
Litecoin,$141.8 LTC,8172151736,2018-05-13,#7d7d7d
NEO,$140.56 NEO,11077170000,2018-01-14,#00db1d
NEO,$140.37 NEO,9890140000,2018-01-28,#00db1d
Monero,$139.7 XMR,2201591114,2018-07-29,#f56f00
Dash,$139.65 DASH,985594980,2017-07-16,#008de4
Monero,$137.6 XMR,1959969163,2017-08-27,#f56f00
NEO,$136.4 NEO,8279440000,2018-02-18,#00db1d
Bitcoin,$135.3 BTC,1488566728,2013-04-28,#f2a900
Monero,$135.28 XMR,2238474381,2018-07-08,#f56f00
Litecoin,$135.27 LTC,7910023833,2018-05-20,#7d7d7d
Bitcoin,$135.19 BTC,1634968839,2013-10-13,#f2a900
Bitcoin,$135.14 BTC,1610215347,2013-09-01,#f2a900
Bitcoin,$134.9 BTC,1616584505,2013-09-29,#f2a900
Dash,$132.92 DASH,1122196360,2018-11-18,#008de4
Bitcoin,$131.99 BTC,1495293015,2013-05-26,#f2a900
Monero,$131.88 XMR,2091722948,2018-07-22,#f56f00
Monero,$131.05 XMR,2100427300,2018-07-01,#f56f00
Monero,$130.72 XMR,1990643585,2017-11-19,#f56f00
Bitcoin,$129.4 BTC,1526085146,2013-09-15,#f2a900
Bitcoin,$129.3 BTC,1373837500,2013-06-02,#f2a900
Omni,$128.89 OMNI,78912205,2014-01-12,#281c9b
Bitcoin,$128.36 BTC,1522686975,2013-10-06,#f2a900
Bitcoin,$127.87 BTC,1515584736,2013-09-22,#f2a900
Ethereum,$127.54 ETH,14500421529,2017-05-21,#3c3c3d
Omni,$127.45 OMNI,65947150,2014-01-26,#281c9b
Monero,$126.97 XMR,2002540045,2018-06-17,#f56f00
Litecoin,$126.67 LTC,7407732783,2018-04-15,#7d7d7d
Omni,$125.1 OMNI,87810387,2014-01-19,#281c9b
Monero,$124.93 XMR,1894080701,2017-09-03,#f56f00
Bitcoin,$124.13 BTC,1419836072,2013-09-08,#f2a900
Litecoin,$123.29 LTC,7130994474,2018-06-03,#7d7d7d
Bitcoin,$123.21 BTC,1363204703,2013-05-19,#f2a900
Monero,$123.13 XMR,2011654080,2018-07-15,#f56f00
Monero,$122.27 XMR,2012832274,2018-09-23,#f56f00
NEO,$122.21 NEO,6984575000,2018-02-04,#00db1d
NEO,$121.83 NEO,7758270000,2018-03-04,#00db1d
Monero,$120.99 XMR,1972847418,2018-09-02,#f56f00
Monero,$119.6 XMR,1900531381,2017-11-12,#f56f00
Bitcoin,$119.6 BTC,1417198897,2013-08-25,#f2a900
Monero,$118.77 XMR,1920863921,2018-09-16,#f56f00
Litecoin,$118.5 LTC,6692969134,2018-05-27,#7d7d7d
NEO,$118.29 NEO,7700160000,2018-02-25,#00db1d
Litecoin,$117.56 LTC,6093573160,2018-06-10,#7d7d7d
Litecoin,$116.9 LTC,6440292739,2018-04-01,#7d7d7d
Litecoin,$116.29 LTC,6589392072,2018-04-08,#7d7d7d
Monero,$115.64 XMR,1692132575,2017-09-10,#f56f00
Bitcoin,$115.64 BTC,1281982625,2013-05-12,#f2a900
Monero,$115.24 XMR,1872937898,2018-10-07,#f56f00
Monero,$115.15 XMR,1960472985,2018-06-24,#f56f00
Monero,$114.89 XMR,1912556685,2018-09-30,#f56f00
Monero,$114.06 XMR,1907661637,2018-08-05,#f56f00
Ethereum,$113.13 ETH,12043900588,2018-11-25,#3c3c3d
Bitcoin,$112.9 BTC,1288693176,2013-05-05,#f2a900
Bitcoin,$112.75 BTC,1313544013,2013-08-18,#f2a900
NEO,$110.45 NEO,6720935000,2018-02-11,#00db1d
Bitcoin,$108.2 BTC,1218626490,2013-06-23,#f2a900
Bitcoin,$107.89 BTC,1126642500,2013-06-09,#f2a900
Zcash,$107.83 ZEC,130037477,2017-05-07,#f2ca07
Dash,$107.55 DASH,776516936,2017-03-19,#008de4
Monero,$106.88 XMR,1849573636,2018-11-04,#f56f00
Veritaseum,$106.74 VERI,269789919,2017-07-16,#f59d00
Monero,$105.17 XMR,1761831190,2018-11-11,#f56f00
Bitcoin,$104.95 BTC,1209797378,2013-08-04,#f2a900
Monero,$104.29 XMR,1741174254,2018-09-09,#f56f00
Monero,$104.14 XMR,1734804636,2018-10-28,#f56f00
Monero,$103.84 XMR,1734894272,2018-10-21,#f56f00
Bitcoin,$103 BTC,1211789250,2013-08-11,#f2a900
Monero,$102.15 XMR,1663862341,2018-10-14,#f56f00
NEO,$101.12 NEO,6657885000,2018-01-07,#00db1d
Dash,$100.72 DASH,745883148,2017-05-21,#008de4
Dash,$100.42 DASH,792050609,2017-05-28,#008de4
Litecoin,$100.19 LTC,5479554408,2017-12-03,#7d7d7d
Monero,$99.94 XMR,1444160248,2017-10-15,#f56f00
Bitcoin,$99.8 BTC,1124306272,2013-06-16,#f2a900
Dash,$99.53 DASH,774010031,2017-05-07,#008de4
Bitcoin,$98.7 BTC,1080917760,2013-07-14,#f2a900
Monero,$98.21 XMR,1607490813,2018-08-19,#f56f00
Ethereum,$97.87 ETH,8592854298,2017-05-07,#3c3c3d
Litecoin,$97.72 LTC,5480226337,2018-06-17,#7d7d7d
Zcash,$96.18 ZEC,112048508,2017-04-30,#f2ca07
Monero,$95.59 XMR,1413301392,2017-10-01,#f56f00
Bitcoin,$95 BTC,1096957771,2013-06-30,#f2a900
Monero,$94.97 XMR,1415252897,2017-09-17,#f56f00
Bitcoin,$94.4 BTC,1144602838,2013-07-28,#f2a900
Dash,$94.31 DASH,673067648,2017-03-26,#008de4
Dash,$94.21 DASH,664882851,2017-04-30,#008de4
Qtum,$94.07 QTUM,6328875593,2018-01-07,#0099cc
Monero,$93.49 XMR,1516148059,2018-08-12,#f56f00
Dash,$93.04 DASH,774064956,2018-11-25,#008de4
Monero,$92.8 XMR,1558438124,2018-08-26,#f56f00
Monero,$91.76 XMR,1354030337,2017-09-24,#f56f00
Monero,$91.39 XMR,1363880493,2017-10-08,#f56f00
Ethereum,$90.87 ETH,8317148601,2017-05-14,#3c3c3d
Bitcoin,$89.82 BTC,1038798980,2013-07-21,#f2a900
Dash,$89.56 DASH,655214204,2017-05-14,#008de4
Litecoin,$88.94 LTC,4640580647,2017-11-26,#7d7d7d
Monero,$88.33 XMR,1482156672,2018-11-18,#f56f00
Monero,$88.18 XMR,1320710396,2017-10-22,#f56f00
Monero,$87.31 XMR,1322357279,2017-11-05,#f56f00
Monero,$86.27 XMR,1355008519,2017-10-29,#f56f00
Litecoin,$86.26 LTC,4722977524,2018-07-08,#7d7d7d
NEO,$85.44 NEO,5927200500,2018-03-11,#00db1d
NEO,$84.3 NEO,5431127000,2018-05-06,#00db1d
Litecoin,$84.26 LTC,4783253313,2018-07-22,#7d7d7d
Litecoin,$84.05 LTC,4845428837,2018-07-29,#7d7d7d
Litecoin,$82.74 LTC,4614286500,2018-06-24,#7d7d7d
Litecoin,$81.5 LTC,4591723093,2018-07-01,#7d7d7d
Litecoin,$78.98 LTC,4054990308,2017-09-03,#7d7d7d
Omni,$78.31 OMNI,41102056,2014-02-16,#281c9b
Omni,$77.88 OMNI,53732345,2014-02-02,#281c9b
Litecoin,$76.7 LTC,4532784609,2018-07-15,#7d7d7d
NEO,$76.59 NEO,5919667000,2018-04-29,#00db1d
Omni,$75.18 OMNI,42697397,2014-04-20,#281c9b
Dash,$75.07 DASH,545099704,2017-04-16,#008de4
NEO,$74.53 NEO,4794510500,2018-04-22,#00db1d
Litecoin,$73.38 LTC,4305369689,2018-08-05,#7d7d7d
Zcash,$72.94 ZEC,78788831,2017-04-16,#f2ca07
Dash,$72.71 DASH,551935261,2017-03-12,#008de4
NEO,$72.56 NEO,4937439000,2017-12-31,#00db1d
Dash,$71.18 DASH,499348698,2017-04-23,#008de4
Litecoin,$69.51 LTC,3858885781,2017-11-19,#7d7d7d
Zcash,$68.75 ZEC,76417367,2017-04-23,#f2ca07
Bitcoin,$68.75 BTC,848838979,2013-07-07,#f2a900
Ethereum,$68.54 ETH,7206669917,2017-04-30,#3c3c3d
Dash,$68.26 DASH,411019134,2017-04-02,#008de4
Dash,$67.8 DASH,467186680,2017-04-09,#008de4
Omni,$66.58 OMNI,42309170,2014-03-16,#281c9b
Litecoin,$65.98 LTC,3815602461,2018-09-02,#7d7d7d
Litecoin,$65.8 LTC,3257755734,2017-09-10,#7d7d7d
NEO,$65.19 NEO,4252813500,2018-03-25,#00db1d
NEO,$64.76 NEO,4404211500,2018-05-13,#00db1d
Zcash,$64.57 ZEC,63812228,2017-04-02,#f2ca07
NEO,$64.33 NEO,4571534500,2018-04-15,#00db1d
Litecoin,$64.13 LTC,3495462090,2017-10-15,#7d7d7d
Zcash,$63.56 ZEC,57012533,2017-03-26,#f2ca07
Zcash,$63.53 ZEC,65783837,2017-04-09,#f2ca07
Zcash,$63.48 ZEC,62974801,2017-03-19,#f2ca07
Omni,$62.45 OMNI,38623710,2014-02-09,#281c9b
Litecoin,$62.31 LTC,3174662071,2017-11-12,#7d7d7d
Litecoin,$61.63 LTC,3578364984,2018-09-30,#7d7d7d
NEO,$61.18 NEO,4257597500,2018-03-18,#00db1d
Litecoin,$60.55 LTC,3585375264,2018-09-23,#7d7d7d
Qtum,$60.2 QTUM,4603333382,2017-12-31,#0099cc
NEO,$59.32 NEO,3880201000,2017-12-24,#00db1d
NEO,$59.23 NEO,4128007000,2018-05-20,#00db1d
Monero,$58.37 XMR,963569317,2018-11-25,#f56f00
Litecoin,$58.27 LTC,3038822573,2017-10-22,#7d7d7d
Litecoin,$58.22 LTC,3430379427,2018-08-12,#7d7d7d
Litecoin,$58.05 LTC,3326564888,2018-08-26,#7d7d7d
Litecoin,$57.93 LTC,3409620085,2018-10-07,#7d7d7d
Omni,$57.33 OMNI,39000538,2014-03-09,#281c9b
Litecoin,$57.22 LTC,3355770259,2018-08-19,#7d7d7d
Qtum,$56.71 QTUM,3956002636,2017-12-24,#0099cc
NEO,$56.65 NEO,3667020500,2018-06-03,#00db1d
Litecoin,$56.58 LTC,3322793504,2018-09-16,#7d7d7d
Monero,$55.79 XMR,818088979,2017-08-20,#f56f00
Litecoin,$55.14 LTC,2901076714,2017-10-01,#7d7d7d
Omni,$55.07 OMNI,38227244,2014-02-23,#281c9b
Litecoin,$55.03 LTC,2939687734,2017-11-05,#7d7d7d
Litecoin,$54.67 LTC,3060676463,2017-10-29,#7d7d7d
Litecoin,$53.51 LTC,3064779526,2018-10-14,#7d7d7d
Litecoin,$53.43 LTC,3112806425,2018-10-21,#7d7d7d
Litecoin,$53.27 LTC,3197781808,2018-09-09,#7d7d7d
Litecoin,$52.49 LTC,2832001431,2017-10-08,#7d7d7d
Monero,$52.37 XMR,857729185,2017-06-11,#f56f00
Litecoin,$52.36 LTC,2574185219,2017-07-09,#7d7d7d
NEO,$52.32 NEO,3440677500,2018-05-27,#00db1d
Litecoin,$52.32 LTC,3036594687,2018-11-11,#7d7d7d
Omni,$52.1 OMNI,32479851,2014-03-02,#281c9b
Litecoin,$52.05 LTC,3060378328,2018-10-28,#7d7d7d
Litecoin,$51.8 LTC,3220428680,2017-08-27,#7d7d7d
NEO,$51.13 NEO,2971065500,2018-06-10,#00db1d
Litecoin,$50.99 LTC,3164416254,2018-11-04,#7d7d7d
Ethereum,$50.77 ETH,4553738462,2017-03-26,#3c3c3d
Ethereum,$50.74 ETH,4404475423,2017-04-02,#3c3c3d
Monero,$50.49 XMR,726590857,2017-06-18,#f56f00
NEO,$50.34 NEO,3074773000,2018-04-01,#00db1d
NEO,$49.74 NEO,4427436000,2017-12-17,#00db1d
Monero,$49.38 XMR,713062037,2017-08-13,#f56f00
Litecoin,$49.25 LTC,2527746379,2017-09-24,#7d7d7d
Ethereum,$49.04 ETH,4422644315,2017-04-16,#3c3c3d
Ethereum,$48.59 ETH,4412126295,2017-04-23,#3c3c3d
Monero,$48.57 XMR,712456077,2017-08-06,#f56f00
Litecoin,$48.23 LTC,2568944479,2017-09-17,#7d7d7d
Monero,$47.84 XMR,673946787,2017-06-25,#f56f00
Litecoin,$47.44 LTC,2376272925,2017-06-18,#7d7d7d
Litecoin,$46.85 LTC,2360943929,2017-08-06,#7d7d7d
Monero,$46.69 XMR,661789785,2017-07-09,#f56f00
Litecoin,$46.63 LTC,2296964811,2017-07-23,#7d7d7d
Litecoin,$46.57 LTC,2402845047,2017-08-13,#7d7d7d
NEO,$46.54 NEO,3197343500,2018-04-08,#00db1d
Litecoin,$45.38 LTC,2429290296,2017-08-20,#7d7d7d
Monero,$44.64 XMR,632586036,2017-07-23,#f56f00
Litecoin,$44.49 LTC,2271527610,2017-06-25,#7d7d7d
Ethereum,$44.28 ETH,3918563431,2017-04-09,#3c3c3d
Monero,$43.95 XMR,588802954,2017-07-30,#f56f00
Dash,$43.14 DASH,302400297,2017-03-05,#008de4
NEO,$43.01 NEO,2583906000,2017-11-19,#00db1d
Monero,$42.34 XMR,625242551,2017-06-04,#f56f00
Litecoin,$42.09 LTC,2506544510,2018-11-18,#7d7d7d
BitBar,$42.02 BTB,128439,2013-05-19,#f2a900
Zcash,$41.67 ZEC,31578679,2017-03-05,#f2ca07
Litecoin,$41.18 LTC,2111806255,2017-07-30,#7d7d7d
Monero,$40.94 XMR,629999041,2017-07-02,#f56f00
Litecoin,$40.57 LTC,817326653,2013-12-01,#7d7d7d
Omni,$40.48 OMNI,21669526,2014-04-27,#281c9b
Zcash,$39.88 ZEC,34167724,2017-03-12,#f2ca07
NEO,$39.63 NEO,1909275000,2017-08-20,#00db1d
Omni,$39.33 OMNI,25107939,2014-03-23,#281c9b
NEO,$39.27 NEO,2543157500,2018-07-08,#00db1d
Litecoin,$38.95 LTC,2153776659,2017-07-02,#7d7d7d
Litecoin,$38.92 LTC,2128387551,2017-07-16,#7d7d7d
NEO,$38.58 NEO,2004660000,2017-08-27,#00db1d
NEO,$38.57 NEO,2519387000,2018-06-17,#00db1d
Eth Classic,$38.57 ETC,3645681506,2018-02-25,#19c83b
NEO,$38.04 NEO,2498866500,2017-11-26,#00db1d
Omni,$37.48 OMNI,23182292,2014-04-06,#281c9b
NEO,$36.86 NEO,2332275000,2017-08-13,#00db1d
NEO,$35.79 NEO,2165208500,2017-12-10,#00db1d
NEO,$35.64 NEO,1603285000,2017-10-08,#00db1d
Ethereum,$35.53 ETH,4022867100,2017-03-19,#3c3c3d
NEO,$35.1 NEO,2380495000,2017-12-03,#00db1d
Monero,$35.04 XMR,502280120,2017-05-21,#f56f00
Eth Classic,$35.01 ETC,3486470024,2018-02-18,#19c83b
Eth Classic,$34.78 ETC,3424596336,2017-12-17,#19c83b
NEO,$34.26 NEO,2163096000,2018-07-22,#00db1d
NEO,$34.24 NEO,2032459000,2018-06-24,#00db1d
NEO,$34.12 NEO,1786010000,2017-10-01,#00db1d
NEO,$34.03 NEO,2184058500,2018-07-29,#00db1d
Omni,$33.45 OMNI,20033795,2014-05-04,#281c9b
Monero,$33.43 XMR,535614540,2017-05-28,#f56f00
Lisk,$33.22 LSK,3509436887,2018-02-18,#181174
Omni,$33.14 OMNI,19361971,2014-05-11,#281c9b
NEO,$32.48 NEO,2171377000,2018-07-15,#00db1d
Omni,$32.24 OMNI,25965296,2014-03-30,#281c9b
Monero,$31.97 XMR,435296058,2017-07-16,#f56f00
NEO,$31.77 NEO,1515940000,2017-09-03,#00db1d
NEO,$30.81 NEO,2036612500,2018-07-01,#00db1d
Eth Classic,$30.77 ETC,2986400881,2017-12-03,#19c83b
Litecoin,$30.5 LTC,1710731870,2017-06-11,#7d7d7d
Litecoin,$30.46 LTC,750162438,2013-12-15,#7d7d7d
Litecoin,$29.23 LTC,1832205976,2018-11-25,#7d7d7d
Eth Classic,$29.22 ETC,2604940401,2017-12-10,#19c83b
Eth Classic,$29.16 ETC,2976992467,2018-03-04,#19c83b
Zcash,$29.14 ZEC,22108246,2017-02-26,#f2ca07
Litecoin,$29.09 LTC,1476620318,2017-05-14,#7d7d7d
Monero,$28.97 XMR,472833390,2017-05-07,#f56f00
Omni,$28.95 OMNI,19498318,2014-04-13,#281c9b
Monero,$28.51 XMR,412625005,2017-05-14,#f56f00
NEO,$28.44 NEO,1752510500,2017-11-12,#00db1d
HyperCash,$28.41 HC,700439040,2017-09-03,#7d11c0
Litecoin,$28.2 LTC,1544713042,2017-05-07,#7d7d7d
Auroracoin,$27.76 AUR,278477004,2014-03-09,#258860
NEO,$27.65 NEO,1386590000,2017-10-15,#00db1d
Litecoin,$27.65 LTC,1436512587,2017-06-04,#7d7d7d
Litecoin,$27.48 LTC,1346703403,2017-05-21,#7d7d7d
Lisk,$27.35 LSK,2982158439,2018-02-11,#181174
NEO,$27.2 NEO,1804556000,2017-10-29,#00db1d
NEO,$27.15 NEO,1439565000,2017-10-22,#00db1d
Litecoin,$27.05 LTC,622645032,2014-01-12,#7d7d7d
Dash,$26.67 DASH,200285014,2017-02-26,#008de4
NEO,$26.56 NEO,1784107000,2018-08-05,#00db1d
NEO,$26.48 NEO,1714732500,2017-11-05,#00db1d
Novacoin,$25.3 NVC,10848053,2013-12-01,#cfb230
Litecoin,$25.04 LTC,659901745,2014-01-05,#7d7d7d
Omni,$24.77 OMNI,14492688,2014-05-18,#281c9b
Litecoin,$24.56 LTC,636410661,2014-01-19,#7d7d7d
Omni,$24.46 OMNI,17674760,2014-05-25,#281c9b
Litecoin,$24.01 LTC,1242756137,2017-05-28,#7d7d7d
Omni,$23.87 OMNI,15309965,2014-06-08,#281c9b
Omni,$23.21 OMNI,10349619,2014-06-01,#281c9b
Litecoin,$23.2 LTC,607236052,2014-01-26,#7d7d7d
Litecoin,$23.18 LTC,648135999,2013-12-08,#7d7d7d
Lisk,$23.15 LSK,2355454013,2018-02-04,#181174
Eth Classic,$23.03 ETC,2046190120,2017-06-18,#19c83b
Monero,$22.74 XMR,341260182,2017-04-30,#f56f00
Eth Classic,$22.74 ETC,2574015402,2018-05-06,#19c83b
Litecoin,$22.56 LTC,586899466,2013-12-29,#7d7d7d
Litecoin,$22.5 LTC,568439658,2014-02-02,#7d7d7d
NEO,$22.43 NEO,1429077000,2018-09-02,#00db1d
NEO,$21.76 NEO,1137370000,2017-09-10,#00db1d
Eth Classic,$21.73 ETC,2173326720,2017-11-26,#19c83b
Ethereum,$21.46 ETH,2102276260,2017-03-12,#3c3c3d
Dash,$21.46 DASH,160338105,2017-02-19,#008de4
Monero,$21.42 XMR,286498173,2017-04-02,#f56f00
Monero,$20.84 XMR,294983359,2017-04-09,#f56f00
Monero,$20.71 XMR,292679417,2017-04-16,#f56f00
NEO,$20.64 NEO,992970000,2017-09-17,#00db1d
HyperCash,$20.45 HC,812348353,2017-11-19,#7d11c0
Eth Classic,$20.18 ETC,1767284718,2017-09-03,#19c83b
NEO,$20.17 NEO,989350000,2017-09-24,#00db1d
Monero,$20.16 XMR,278198979,2017-03-26,#f56f00
Eth Classic,$20.14 ETC,1990807768,2017-06-25,#19c83b
Monero,$20.12 XMR,282854716,2017-04-23,#f56f00
Monero,$20.11 XMR,329388534,2017-03-19,#f56f00
Eth Classic,$19.5 ETC,1995246912,2017-06-11,#19c83b
Eth Classic,$19.46 ETC,1478652812,2017-11-12,#19c83b
NEO,$19.17 NEO,1228695000,2018-09-30,#00db1d
Eth Classic,$18.96 ETC,1881532787,2018-07-08,#19c83b
EOS,$18.88 EOS,17769451250,2018-04-29,#2a0179
NEO,$18.83 NEO,1267701500,2018-09-23,#00db1d
Omni,$18.77 OMNI,12228000,2014-06-15,#281c9b
NEO,$18.75 NEO,1213127500,2018-08-12,#00db1d
NEO,$18.68 NEO,1267786000,2018-08-19,#00db1d
Omni,$18.59 OMNI,11745922,2014-07-06,#281c9b
Auroracoin,$18.56 AUR,103942077,2014-03-16,#258860
Ethereum,$18.5 ETH,1727148626,2017-03-05,#3c3c3d
NEO,$18.21 NEO,1175557500,2018-09-16,#00db1d
NEO,$18.12 NEO,1199009500,2018-09-09,#00db1d
Litecoin,$18.02 LTC,465931063,2014-02-09,#7d7d7d
NEO,$17.94 NEO,1174062500,2018-10-07,#00db1d
NEO,$17.74 NEO,1160198000,2018-08-26,#00db1d
Eth Classic,$17.74 ETC,1668372644,2017-07-02,#19c83b
EOS,$17.74 EOS,14658734341,2018-05-06,#2a0179
Eth Classic,$17.73 ETC,1748754545,2017-11-19,#19c83b
Augur,$17.65 REP,189706000,2017-05-07,#75008f
Dash,$17.54 DASH,120801633,2017-02-05,#008de4
Novacoin,$17.33 NVC,9066538,2013-12-15,#cfb230
Omni,$17.23 OMNI,10132864,2014-06-22,#281c9b
Dash,$17.15 DASH,119972246,2017-02-12,#008de4
Novacoin,$17.01 NVC,9501298,2014-01-05,#cfb230
Eth Classic,$16.97 ETC,1518485331,2017-07-09,#19c83b
Eth Classic,$16.96 ETC,1748907136,2018-07-29,#19c83b
Augur,$16.93 REP,184619600,2017-04-30,#75008f
Litecoin,$16.89 LTC,461985420,2014-03-16,#7d7d7d
BitBar,$16.82 BTB,52296,2013-06-02,#f2a900
NEO,$16.64 NEO,1073611500,2018-10-21,#00db1d
Litecoin,$16.6 LTC,407577142,2013-12-22,#7d7d7d
Eth Classic,$16.56 ETC,1485176874,2017-05-28,#19c83b
Novacoin,$16.53 NVC,8597871,2014-01-12,#cfb230
Eth Classic,$16.52 ETC,1480467102,2017-07-23,#19c83b
Eth Classic,$16.47 ETC,1832471903,2018-08-05,#19c83b
Eth Classic,$16.46 ETC,1710806696,2018-07-15,#19c83b
Qtum,$16.41 QTUM,902192600,2017-09-03,#0099cc
Eth Classic,$16.36 ETC,1612320530,2017-06-04,#19c83b
Eth Classic,$16.36 ETC,1664228347,2018-07-22,#19c83b
Augur,$16.22 REP,187020900,2017-05-14,#75008f
EOS,$16.17 EOS,8121857985,2018-01-14,#2a0179
NEO,$16.09 NEO,1052915500,2018-10-28,#00db1d
Litecoin,$16.09 LTC,391929166,2014-02-16,#7d7d7d
NEO,$16 NEO,1080976000,2018-11-04,#00db1d
NEO,$15.96 NEO,1039031500,2018-11-11,#00db1d
Eth Classic,$15.96 ETC,1447321985,2017-08-06,#19c83b
BitBar,$15.84 BTB,54030,2013-05-26,#f2a900
Binance Coin,$15.78 BNB,1890667740,2018-06-17,#ffd900
NEO,$15.76 NEO,1017757000,2018-10-14,#00db1d
Litecoin,$15.71 LTC,412287805,2014-03-23,#7d7d7d
Litecoin,$15.7 LTC,799087301,2017-04-30,#7d7d7d
EOS,$15.66 EOS,8322820708,2018-01-21,#2a0179
Decred,$15.66 DCR,75931587,2017-04-30,#2bf387
Binance Coin,$15.57 BNB,1647622943,2018-06-24,#ffd900
Qtum,$15.42 QTUM,926099400,2017-08-27,#0099cc
Litecoin,$15.41 LTC,422618819,2014-03-09,#7d7d7d
Auroracoin,$15.39 AUR,125736359,2014-03-23,#258860
Eth Classic,$15.27 ETC,1520676352,2017-08-27,#19c83b
Dash,$15.26 DASH,109461630,2017-01-29,#008de4
Auroracoin,$15.2 AUR,258801514,2014-03-02,#258860
DigixDAO,$15.17 DGD,27780200,2016-09-18,#355d73
Dash,$15 DASH,106448644,2017-01-22,#008de4
Litecoin,$14.98 LTC,402561438,2014-02-23,#7d7d7d
Novacoin,$14.92 NVC,8671704,2013-12-08,#cfb230
Eth Classic,$14.84 ETC,1303347495,2017-09-10,#19c83b
Novacoin,$14.81 NVC,8511835,2014-01-19,#cfb230
EOS,$14.81 EOS,13102422495,2018-06-03,#2a0179
Eth Classic,$14.78 ETC,1351013713,2017-08-13,#19c83b
Decred,$14.77 DCR,78226886,2017-04-23,#2bf387
Monero,$14.72 XMR,236820858,2017-03-12,#f56f00
Eth Classic,$14.71 ETC,1327397438,2017-07-16,#19c83b
Binance Coin,$14.68 BNB,1642662147,2018-07-01,#ffd900
Qtum,$14.51 QTUM,1089849233,2017-11-26,#0099cc
BitBar,$14.4 BTB,45586,2013-06-09,#f2a900
Novacoin,$14.38 NVC,8438033,2014-01-26,#cfb230
Omni,$14.34 OMNI,8152277,2014-07-13,#281c9b
EOS,$14.34 EOS,9516622285,2018-01-28,#2a0179
Eth Classic,$14.33 ETC,1298616237,2017-07-30,#19c83b
Ethereum,$14.3 ETH,1049423539,2016-07-24,#3c3c3d
Ethereum,$14.26 ETH,1127593040,2016-06-26,#3c3c3d
EOS,$14.23 EOS,12764867154,2018-05-13,#2a0179
Ethereum,$14.19 ETH,1274609697,2016-06-12,#3c3c3d
Omni,$14.18 OMNI,8285456,2014-06-29,#281c9b
NEO,$14.17 NEO,760545000,2017-08-06,#00db1d
Ethereum,$14.04 ETH,1146979484,2016-05-22,#3c3c3d
EOS,$14.04 EOS,10204723112,2018-06-10,#2a0179
Qtum,$14.01 QTUM,1033403506,2017-11-19,#0099cc
Qtum,$13.92 QTUM,894965100,2017-08-13,#0099cc
DigixDAO,$13.88 DGD,27264400,2016-10-02,#355d73
Monero,$13.79 XMR,190983757,2017-01-01,#f56f00
Ethereum,$13.76 ETH,1128276672,2016-06-05,#3c3c3d
Eth Classic,$13.68 ETC,1315548035,2017-08-20,#19c83b
Monero,$13.67 XMR,213468083,2017-03-05,#f56f00
Litecoin,$13.66 LTC,333811993,2014-03-02,#7d7d7d
Ethereum,$13.52 ETH,1296040794,2017-02-26,#3c3c3d
Ethereum,$13.51 ETH,1125287882,2016-03-13,#3c3c3d
Litecoin,$13.45 LTC,355252000,2014-03-30,#7d7d7d
Novacoin,$13.43 NVC,7426811,2013-12-29,#cfb230
DigixDAO,$13.43 DGD,28419200,2016-09-25,#355d73
Monero,$13.38 XMR,181243658,2017-02-19,#f56f00
Eth Classic,$13.29 ETC,1386073964,2018-08-19,#19c83b
Qtum,$13.27 QTUM,753972800,2017-09-10,#0099cc
Eth Classic,$13.25 ETC,1368887724,2018-08-12,#19c83b
Eth Classic,$13.25 ETC,1389416181,2018-09-02,#19c83b
Ethereum,$13.18 ETH,1116323115,2016-10-02,#3c3c3d
EOS,$13.17 EOS,12169908573,2018-05-20,#2a0179
Novacoin,$13.1 NVC,7464185,2014-02-02,#cfb230
Dash,$13.09 DASH,89617876,2016-08-21,#008de4
Litecoin,$13.07 LTC,707833525,2017-04-23,#7d7d7d
Monero,$13.01 XMR,184337891,2017-01-08,#f56f00
Eth Classic,$12.98 ETC,1223823593,2017-10-01,#19c83b
Decred,$12.86 DCR,50814388,2017-04-02,#2bf387
Monero,$12.85 XMR,175245621,2017-01-29,#f56f00
Litecoin,$12.85 LTC,348851803,2014-04-20,#7d7d7d
Ethereum,$12.85 ETH,1104901553,2016-09-25,#3c3c3d
BitBar,$12.85 BTB,82906,2013-05-12,#f2a900
DigixDAO,$12.84 DGD,31027600,2017-03-19,#355d73
Ethereum,$12.82 ETH,1136008890,2017-02-19,#3c3c3d
Dash,$12.82 DASH,96544763,2016-08-14,#008de4
EOS,$12.77 EOS,7375481946,2018-01-07,#2a0179
DigixDAO,$12.76 DGD,23831600,2016-05-08,#355d73
Ethereum,$12.69 ETH,1045462817,2016-09-18,#3c3c3d
Monero,$12.61 XMR,177836562,2017-02-05,#f56f00
Dash,$12.59 DASH,83140899,2016-08-28,#008de4
Augur,$12.58 REP,127546100,2017-04-02,#75008f
Eth Classic,$12.57 ETC,1307509032,2018-08-26,#19c83b
DigixDAO,$12.51 DGD,23768400,2016-06-19,#355d73
Ethereum,$12.44 ETH,980174931,2016-07-31,#3c3c3d
Dash,$12.42 DASH,87970527,2017-01-08,#008de4
OmiseGO,$12.29 OMG,1121238803,2017-09-10,#0033f5
EOS,$12.29 EOS,11049191257,2018-05-27,#2a0179
Eth Classic,$12.28 ETC,1167277844,2017-10-08,#19c83b
Monero,$12.27 XMR,171823003,2017-02-12,#f56f00
Monero,$12.26 XMR,137571401,2016-09-11,#f56f00
Eth Classic,$12.24 ETC,1153010248,2017-10-15,#19c83b
Ethereum,$12.22 ETH,1022264082,2016-10-09,#3c3c3d
Ethereum,$12.21 ETH,976259356,2016-09-11,#3c3c3d
Omni,$12.17 OMNI,6944013,2014-07-20,#281c9b
Decred,$12.16 DCR,57090683,2017-04-16,#2bf387
DigixDAO,$12.14 DGD,20386000,2016-05-15,#355d73
DigixDAO,$12.14 DGD,25887000,2016-10-09,#355d73
Ethereum,$12.13 ETH,1026301229,2016-10-23,#3c3c3d
Ethereum,$12.12 ETH,956815986,2016-07-03,#3c3c3d
Augur,$12.11 REP,128511900,2017-04-23,#75008f
Ethereum,$12.11 ETH,994349367,2016-05-29,#3c3c3d
DigixDAO,$12.11 DGD,23929400,2016-10-16,#355d73
Dash,$12.08 DASH,87076155,2017-01-15,#008de4
Dash,$12.06 DASH,65445382,2014-05-25,#008de4
Counterparty,$12.05 XCP,14682634,2014-02-23,#fe3e62
Monero,$12.01 XMR,168170901,2017-01-22,#f56f00
Ethereum,$11.98 ETH,1016373308,2016-10-16,#3c3c3d
Qtum,$11.96 QTUM,657419300,2017-10-08,#0099cc
Eth Classic,$11.86 ETC,1286744654,2017-11-05,#19c83b
Monero,$11.84 XMR,166672150,2017-02-26,#f56f00
Dash,$11.77 DASH,78547201,2016-09-18,#008de4
Ethereum,$11.75 ETH,977118527,2016-09-04,#3c3c3d
Dash,$11.73 DASH,78799967,2016-10-09,#008de4
Dash,$11.71 DASH,79826090,2016-10-02,#008de4
Ethereum,$11.63 ETH,914757199,2016-04-03,#3c3c3d
Ethereum,$11.62 ETH,915977475,2016-07-17,#3c3c3d
DigixDAO,$11.62 DGD,22679000,2016-06-26,#355d73
Qtum,$11.59 QTUM,728030500,2017-10-01,#0099cc
Qtum,$11.59 QTUM,818164559,2017-11-12,#0099cc
Ethereum,$11.58 ETH,928985642,2016-08-14,#3c3c3d
Qtum,$11.54 QTUM,695810600,2017-08-20,#0099cc
Dash,$11.52 DASH,78119549,2016-09-25,#008de4
Ethereum,$11.44 ETH,1005855021,2017-02-05,#3c3c3d
Eth Classic,$11.44 ETC,1215135239,2018-09-23,#19c83b
PayCoin,$11.42 XPY,118826848,2014-12-21,#3572c0
Dash,$11.42 DASH,75009150,2016-09-11,#008de4
Eth Classic,$11.38 ETC,1189145755,2018-09-30,#19c83b
Dash,$11.36 DASH,76412711,2016-09-04,#008de4
Ethereum,$11.35 ETH,1012466457,2017-02-12,#3c3c3d
Augur,$11.3 REP,131209100,2017-04-16,#75008f
Eth Classic,$11.3 ETC,1173514724,2018-09-16,#19c83b
Decred,$11.28 DCR,55629417,2017-04-09,#2bf387
Ethereum,$11.25 ETH,930217061,2016-08-21,#3c3c3d
Dash,$11.24 DASH,56208979,2014-06-01,#008de4
Novacoin,$11.23 NVC,6087486,2013-12-22,#cfb230
Dash,$11.21 DASH,78523984,2017-01-01,#008de4
Ethereum,$11.2 ETH,882886756,2016-03-06,#3c3c3d
Litecoin,$11.18 LTC,317257057,2014-04-06,#7d7d7d
Ethereum,$11.17 ETH,993283674,2016-06-19,#3c3c3d
Ethereum,$11.15 ETH,911883241,2016-08-28,#3c3c3d
Monero,$11.13 XMR,171660818,2016-09-04,#f56f00
Litecoin,$11.12 LTC,330645031,2014-05-25,#7d7d7d
Litecoin,$11.11 LTC,328136706,2014-06-08,#7d7d7d
Dash,$11.1 DASH,73947628,2016-10-16,#008de4
Monero,$11.07 XMR,148071309,2017-01-15,#f56f00
EOS,$11.07 EOS,9199206096,2018-04-22,#2a0179
DigixDAO,$11.03 DGD,22516800,2016-10-23,#355d73
Eth Classic,$11.01 ETC,1173628169,2018-09-09,#19c83b
Ethereum,$10.99 ETH,818048967,2016-03-27,#3c3c3d
Ethereum,$10.99 ETH,931947467,2016-11-06,#3c3c3d
Qtum,$10.97 QTUM,782770281,2017-10-22,#0099cc
Ethereum,$10.96 ETH,896201853,2016-07-10,#3c3c3d
Litecoin,$10.93 LTC,321886754,2014-06-01,#7d7d7d
Eth Classic,$10.93 ETC,1047198320,2017-10-22,#19c83b
Ethereum,$10.91 ETH,943567856,2017-01-22,#3c3c3d
Ethereum,$10.86 ETH,903026897,2016-08-07,#3c3c3d
DigixDAO,$10.83 DGD,21931600,2016-08-07,#355d73
DigixDAO,$10.81 DGD,21874000,2016-10-30,#355d73
OmiseGO,$10.79 OMG,1039040119,2017-09-03,#0033f5
Litecoin,$10.75 LTC,542862719,2017-04-16,#7d7d7d
Litecoin,$10.72 LTC,292764985,2014-05-11,#7d7d7d
Litecoin,$10.66 LTC,283018902,2014-04-13,#7d7d7d
Qtum,$10.64 QTUM,615942300,2017-10-15,#0099cc
EOS,$10.63 EOS,9359116451,2018-06-17,#2a0179
Monero,$10.62 XMR,132978253,2016-09-25,#f56f00
Eth Classic,$10.61 ETC,1000436734,2017-09-24,#19c83b
DigixDAO,$10.61 DGD,19939800,2016-08-14,#355d73
Litecoin,$10.59 LTC,242571852,2013-11-24,#7d7d7d
Eth Classic,$10.59 ETC,1052343080,2017-10-29,#19c83b
Dash,$10.59 DASH,68835323,2016-08-07,#008de4
Litecoin,$10.56 LTC,276208303,2014-04-27,#7d7d7d
Ethereum,$10.56 ETH,926548657,2017-01-29,#3c3c3d
Ethereum,$10.52 ETH,807256577,2016-03-20,#3c3c3d
DigixDAO,$10.51 DGD,21027400,2016-09-04,#355d73
DigixDAO,$10.49 DGD,22313800,2016-06-12,#355d73
Ethereum,$10.43 ETH,956007454,2016-10-30,#3c3c3d
Dash,$10.42 DASH,41481497,2014-06-08,#008de4
Binance Coin,$10.4 BNB,1235386083,2018-10-07,#ffd900
DigixDAO,$10.39 DGD,21949600,2016-11-06,#355d73
Dash,$10.37 DASH,68053841,2016-10-23,#008de4
Litecoin,$10.35 LTC,295067599,2014-05-18,#7d7d7d
DigixDAO,$10.33 DGD,20445800,2016-07-31,#355d73
Litecoin,$10.3 LTC,289710925,2014-05-04,#7d7d7d
DigixDAO,$10.3 DGD,19636380,2016-07-17,#355d73
ICON,$10.29 ICX,3375559726,2018-01-21,#27c6d3
Decred,$10.29 DCR,62499796,2017-03-26,#2bf387
Ethereum,$10.24 ETH,797607883,2016-05-15,#3c3c3d
Dash,$10.24 DASH,45394557,2014-06-15,#008de4
DigixDAO,$10.2 DGD,20116000,2016-07-03,#355d73
Qtum,$10.19 QTUM,767273334,2017-10-29,#0099cc
Namecoin,$10.17 NMC,62668959,2013-12-01,#4662b4
EOS,$10.16 EOS,6359357557,2018-02-18,#2a0179
OmiseGO,$10.11 OMG,965211722,2017-10-01,#0033f5
PayCoin,$10.1 XPY,151955595,2014-12-28,#3572c0
Qtum,$10.04 QTUM,745745240,2017-11-05,#0099cc
DigixDAO,$9.99 DGD,23629800,2016-08-28,#355d73
Augur,$9.94 REP,110335500,2017-04-09,#75008f
Eth Classic,$9.92 ETC,958400278,2017-09-17,#19c83b
OmiseGO,$9.9 OMG,970512706,2017-09-17,#0033f5
Litecoin,$9.89 LTC,440413412,2017-04-09,#7d7d7d
Ethereum,$9.89 ETH,868038290,2016-11-13,#3c3c3d
Litecoin,$9.87 LTC,291408646,2014-06-15,#7d7d7d
Ethereum,$9.87 ETH,902576769,2017-01-08,#3c3c3d
Litecoin,$9.85 LTC,288634366,2014-06-22,#7d7d7d
Ethereum,$9.83 ETH,870948977,2017-01-15,#3c3c3d
Dash,$9.82 DASH,69834108,2016-12-25,#008de4
EOS,$9.77 EOS,5572991931,2018-02-04,#2a0179
Binance Coin,$9.76 BNB,1274416966,2018-10-21,#ffd900
Dash,$9.72 DASH,68843103,2016-12-18,#008de4
Monero,$9.69 XMR,122201474,2016-09-18,#f56f00
DigixDAO,$9.69 DGD,20162400,2016-12-11,#355d73
Novacoin,$9.68 NVC,6916244,2014-02-09,#cfb230
Binance Coin,$9.67 BNB,1264409510,2018-10-28,#ffd900
Ethereum,$9.66 ETH,825305262,2016-11-20,#3c3c3d
DigixDAO,$9.66 DGD,19862180,2016-06-05,#355d73
Monero,$9.65 XMR,132525960,2016-12-25,#f56f00
DigixDAO,$9.64 DGD,18515140,2016-11-13,#355d73
Dash,$9.63 DASH,65300002,2016-11-13,#008de4
Binance Coin,$9.57 BNB,1238146316,2018-11-11,#ffd900
Binance Coin,$9.55 BNB,1115328494,2018-10-14,#ffd900
Binance Coin,$9.53 BNB,1259275637,2018-11-04,#ffd900
Dash,$9.51 DASH,40861670,2014-06-29,#008de4
DigixDAO,$9.42 DGD,19910240,2016-09-11,#355d73
Ethereum,$9.37 ETH,757112769,2016-05-08,#3c3c3d
Dash,$9.36 DASH,60893861,2016-07-24,#008de4
Qtum,$9.34 QTUM,594277500,2017-08-06,#0099cc
Ethereum,$9.31 ETH,777313922,2016-11-27,#3c3c3d
Dash,$9.3 DASH,41683299,2014-06-22,#008de4
DigixDAO,$9.26 DGD,16825700,2016-05-29,#355d73
Lisk,$9.25 LSK,1120630993,2017-11-19,#181174
Dash,$9.21 DASH,64522848,2016-11-06,#008de4
Litecoin,$9.2 LTC,266478903,2014-06-29,#7d7d7d
Dash,$9.18 DASH,63022053,2016-07-31,#008de4
Ethereum,$9.15 ETH,705565730,2016-04-10,#3c3c3d
EOS,$9.09 EOS,5585035906,2018-02-11,#2a0179
DigixDAO,$9.09 DGD,17228320,2016-11-27,#355d73
DigixDAO,$9.05 DGD,18323880,2016-07-10,#355d73
EOS,$9.04 EOS,7809915940,2018-07-08,#2a0179
Stratis,$9.02 STRAT,1031729213,2017-06-04,#00e6cd
OmiseGO,$9.01 OMG,851296596,2017-09-24,#0033f5
DigixDAO,$9 DGD,18525500,2016-05-22,#355d73
Dash,$8.9 DASH,62802349,2016-11-27,#008de4
Dash,$8.88 DASH,66303846,2016-12-11,#008de4
Dash,$8.87 DASH,61121611,2016-12-04,#008de4
Augur,$8.83 REP,96066850,2017-03-26,#75008f
Ethereum,$8.78 ETH,704335725,2016-05-01,#3c3c3d
DigixDAO,$8.76 DGD,17667020,2016-11-20,#355d73
NEO,$8.64 NEO,428255000,2017-07-23,#00db1d
EOS,$8.63 EOS,6677275381,2018-04-15,#2a0179
Dash,$8.63 DASH,66171146,2016-10-30,#008de4
Ethereum,$8.62 ETH,737045140,2016-04-17,#3c3c3d
Litecoin,$8.61 LTC,268580780,2014-07-13,#7d7d7d
Litecoin,$8.61 LTC,257181142,2014-07-20,#7d7d7d
EOS,$8.6 EOS,4482552439,2017-12-17,#2a0179
OmiseGO,$8.54 OMG,756803995,2017-10-08,#0033f5
EOS,$8.51 EOS,4564054845,2017-12-24,#2a0179
EOS,$8.51 EOS,5041642088,2017-12-31,#2a0179
Dash,$8.5 DASH,58696709,2016-11-20,#008de4
EOS,$8.46 EOS,7250010699,2018-06-24,#2a0179
EOS,$8.34 EOS,7478152436,2018-07-29,#2a0179
Monero,$8.33 XMR,116895334,2016-12-18,#f56f00
OmiseGO,$8.29 OMG,819091544,2017-08-27,#0033f5
Ethereum,$8.29 ETH,635274078,2016-04-24,#3c3c3d
Dash,$8.27 DASH,52345256,2016-05-22,#008de4
Monero,$8.26 XMR,105061317,2016-12-04,#f56f00
Dash,$8.25 DASH,53579401,2016-07-17,#008de4
Qtum,$8.19 QTUM,487785450,2017-09-17,#0099cc
EOS,$8.18 EOS,5467127018,2018-02-25,#2a0179
Dash,$8.16 DASH,52191427,2016-06-19,#008de4
EOS,$8.15 EOS,7286573598,2018-07-01,#2a0179
Novacoin,$8.13 NVC,4059829,2013-11-24,#cfb230
Ethereum,$8.13 ETH,711457159,2016-12-11,#3c3c3d
Qtum,$8.1 QTUM,474497470,2017-09-24,#0099cc
Dash,$8.04 DASH,49244478,2016-06-05,#008de4
OmiseGO,$8.03 OMG,783165381,2017-10-15,#0033f5
EOS,$8.02 EOS,7076310042,2018-07-22,#2a0179
EOS,$8 EOS,5783553012,2018-03-04,#2a0179
Ethereum,$7.98 ETH,715049208,2017-01-01,#3c3c3d
NEO,$7.96 NEO,404759500,2017-07-02,#00db1d
ICON,$7.94 ICX,3576766952,2018-01-28,#27c6d3
Dash,$7.93 DASH,49901691,2016-06-12,#008de4
Ethereum,$7.9 ETH,644685715,2016-12-04,#3c3c3d
DigixDAO,$7.87 DGD,16700460,2016-12-04,#355d73
Ethereum,$7.86 ETH,684696555,2016-12-18,#3c3c3d
Dash,$7.85 DASH,53072101,2016-05-29,#008de4
Peercoin,$7.82 PPC,133213827,2013-12-01,#29c249
Monero,$7.77 XMR,107014621,2016-12-11,#f56f00
Stratis,$7.76 STRAT,730618839,2017-06-18,#00e6cd
OmiseGO,$7.76 OMG,829751516,2017-08-20,#0033f5
Namecoin,$7.74 NMC,60232047,2014-01-05,#4662b4
Binance Coin,$7.74 BNB,1046363128,2018-11-18,#ffd900
Stratis,$7.67 STRAT,697417400,2017-06-25,#00e6cd
Monero,$7.63 XMR,106481831,2016-11-27,#f56f00
Litecoin,$7.63 LTC,232220398,2014-08-03,#7d7d7d
Counterparty,$7.62 XCP,24517495,2014-02-16,#fe3e62
Litecoin,$7.61 LTC,237272311,2014-07-27,#7d7d7d
Monero,$7.42 XMR,94701640,2016-11-13,#f56f00
Eth Classic,$7.39 ETC,863422623,2017-05-21,#19c83b
OmiseGO,$7.37 OMG,753794663,2017-10-22,#0033f5
Dash,$7.35 DASH,48860051,2016-07-10,#008de4
Monero,$7.33 XMR,108225500,2016-10-02,#f56f00
Litecoin,$7.3 LTC,213119531,2014-07-06,#7d7d7d
OmiseGO,$7.29 OMG,672296128,2017-11-12,#0033f5
Eth Classic,$7.29 ETC,651119139,2017-05-07,#19c83b
NEO,$7.27 NEO,357402500,2017-07-30,#00db1d
Ethereum,$7.26 ETH,626189631,2016-12-25,#3c3c3d
Dash,$7.21 DASH,44599545,2016-03-27,#008de4
Peercoin,$7.19 PPC,152073559,2014-01-05,#29c249
Dash,$7.19 DASH,46014347,2016-07-03,#008de4
OmiseGO,$7.16 OMG,717319919,2017-10-29,#0033f5
Stratis,$7.13 STRAT,661639453,2017-08-06,#00e6cd
Dash,$7.13 DASH,29617766,2014-07-06,#008de4
Dash,$7.06 DASH,31911748,2014-07-20,#008de4
Dash,$7.05 DASH,44369420,2016-04-03,#008de4
Primecoin,$7.01 XPM,18467629,2013-12-01,#f5e700
Counterparty,$7 XCP,20794512,2014-11-16,#fe3e62
Stratis,$7 STRAT,856339500,2017-06-11,#00e6cd
EOS,$7 EOS,6394257113,2018-08-05,#2a0179
EOS,$6.98 EOS,6634804072,2018-07-15,#2a0179
Litecoin,$6.95 LTC,215482540,2014-08-10,#7d7d7d
Dash,$6.95 DASH,45151179,2016-05-15,#008de4
Namecoin,$6.92 NMC,50554124,2014-01-12,#4662b4
Lisk,$6.91 LSK,736327894,2017-09-10,#181174
Monero,$6.9 XMR,97827789,2016-10-09,#f56f00
Augur,$6.86 REP,92770810,2017-03-19,#75008f
Litecoin,$6.86 LTC,390795465,2017-04-02,#7d7d7d
Dash,$6.86 DASH,44384064,2016-06-26,#008de4
Augur,$6.85 REP,77666160,2016-10-09,#75008f
Novacoin,$6.82 NVC,4887586,2014-03-16,#cfb230
Dash,$6.82 DASH,43576655,2016-05-01,#008de4
Stratis,$6.8 STRAT,607363927,2017-07-23,#00e6cd
Lisk,$6.74 LSK,790981019,2017-09-03,#181174
Stratis,$6.73 STRAT,641806535,2017-08-13,#00e6cd
Dash,$6.68 DASH,41637182,2016-04-10,#008de4
Counterparty,$6.67 XCP,18491698,2014-11-23,#fe3e62
EOS,$6.65 EOS,5980465593,2018-09-02,#2a0179
EOS,$6.6 EOS,4901277087,2018-03-25,#2a0179
BitBar,$6.6 BTB,24644,2013-06-23,#f2a900
Dash,$6.58 DASH,43072011,2016-05-08,#008de4
Monero,$6.57 XMR,83774544,2016-10-16,#f56f00
Monero,$6.56 XMR,88107230,2016-11-20,#f56f00
Dash,$6.54 DASH,28387009,2014-07-13,#008de4
Peercoin,$6.53 PPC,129685504,2014-01-12,#29c249
Monero,$6.52 XMR,85905978,2016-10-23,#f56f00
Dash,$6.5 DASH,41233711,2016-04-24,#008de4
BitBar,$6.49 BTB,21487,2013-06-16,#f2a900
OmiseGO,$6.44 OMG,618137834,2017-11-05,#0033f5
Ethereum,$6.41 ETH,500569665,2016-02-28,#3c3c3d
Factom,$6.38 FCT,57820614,2017-04-23,#349eb7
Dash,$6.31 DASH,40828174,2016-04-17,#008de4
Stratis,$6.3 STRAT,686660184,2017-08-27,#00e6cd
Omni,$6.23 OMNI,3824929,2014-08-10,#281c9b
Novacoin,$6.21 NVC,4793700,2014-03-23,#cfb230
OmiseGO,$6.18 OMG,682614792,2017-08-13,#0033f5
Eth Classic,$6.17 ETC,625418858,2017-05-14,#19c83b
Namecoin,$6.11 NMC,49990054,2014-01-19,#4662b4
Augur,$6.02 REP,80572470,2017-03-12,#75008f
Novacoin,$6.01 NVC,1976021,2013-07-28,#cfb230
EOS,$6 EOS,4335135885,2018-04-01,#2a0179
Dash,$5.97 DASH,26301195,2014-07-27,#008de4
Lisk,$5.96 LSK,648344787,2017-09-24,#181174
EOS,$5.95 EOS,5456166542,2018-09-23,#2a0179
Peercoin,$5.94 PPC,127305301,2014-01-26,#29c249
Namecoin,$5.93 NMC,43908849,2013-12-15,#4662b4
Namecoin,$5.91 NMC,48429701,2014-01-26,#4662b4
EOS,$5.9 EOS,4663653763,2018-04-08,#2a0179
Peercoin,$5.89 PPC,121775594,2014-02-02,#29c249
Counterparty,$5.86 XCP,14666566,2014-12-07,#fe3e62
Lisk,$5.85 LSK,622906884,2017-10-01,#181174
Peercoin,$5.83 PPC,125854793,2014-01-19,#29c249
Augur,$5.8 REP,62742900,2016-10-16,#75008f
EOS,$5.79 EOS,4431182115,2018-03-11,#2a0179
Lisk,$5.78 LSK,631276560,2017-11-12,#181174
Qtum,$5.77 QTUM,326183860,2017-07-30,#0099cc
Dash,$5.77 DASH,38640092,2016-03-20,#008de4
EOS,$5.76 EOS,5182997077,2018-09-30,#2a0179
Lisk,$5.75 LSK,765071433,2017-08-27,#181174
Stratis,$5.73 STRAT,577246327,2017-09-10,#00e6cd
EOS,$5.73 EOS,5219174382,2018-10-07,#2a0179
Dash,$5.7 DASH,26266312,2014-08-03,#008de4
BitBar,$5.7 BTB,23567,2013-06-30,#f2a900
Waves,$5.67 WAVES,632091000,2017-06-11,#00aaeb
Stratis,$5.66 STRAT,564014034,2017-08-20,#00e6cd
Namecoin,$5.62 NMC,43247839,2014-02-02,#4662b4
Dash,$5.6 DASH,26010556,2014-08-10,#008de4
Stratis,$5.59 STRAT,578879208,2017-07-02,#00e6cd
Litecoin,$5.56 LTC,259003907,2016-06-19,#7d7d7d
Lisk,$5.55 LSK,626100152,2017-09-17,#181174
Augur,$5.53 REP,67198560,2017-03-05,#75008f
Novacoin,$5.49 NVC,1855986,2013-08-04,#cfb230
Novacoin,$5.46 NVC,3794231,2014-03-30,#cfb230
Litecoin,$5.45 LTC,173142358,2014-09-14,#7d7d7d
Eth Classic,$5.44 ETC,594207939,2017-04-30,#19c83b
EOS,$5.41 EOS,4933408109,2018-11-11,#2a0179
Ethereum,$5.4 ETH,403647764,2016-02-14,#3c3c3d
EOS,$5.4 EOS,4916588199,2018-10-28,#2a0179
Augur,$5.39 REP,54527220,2016-11-06,#75008f
Counterparty,$5.38 XCP,15184989,2014-11-30,#fe3e62
Novacoin,$5.38 NVC,2458420,2013-11-10,#cfb230
EOS,$5.38 EOS,4911141666,2018-09-16,#2a0179
EOS,$5.37 EOS,4914612585,2018-10-21,#2a0179
Dash,$5.35 DASH,35745325,2016-03-13,#008de4
Augur,$5.32 REP,58186920,2016-10-23,#75008f
EOS,$5.31 EOS,4938410582,2018-11-04,#2a0179
Monero,$5.3 XMR,121421771,2016-08-28,#f56f00
Namecoin,$5.26 NMC,46654439,2013-12-08,#4662b4
Novacoin,$5.25 NVC,1890229,2013-08-18,#cfb230
EOS,$5.25 EOS,4682831334,2018-10-14,#2a0179
Litecoin,$5.21 LTC,153639055,2014-08-31,#7d7d7d
Stratis,$5.2 STRAT,477451268,2017-07-30,#00e6cd
Novacoin,$5.19 NVC,1799905,2013-08-11,#cfb230
Waves,$5.17 WAVES,498613000,2017-06-18,#00aaeb
Waves,$5.16 WAVES,534606000,2017-06-04,#00aaeb
Monero,$5.14 XMR,73765455,2016-10-30,#f56f00
EOS,$5.1 EOS,4809089404,2018-08-19,#2a0179
Binance Coin,$5.09 BNB,677616315,2018-11-25,#ffd900
Augur,$5.07 REP,57094400,2017-02-19,#75008f
Litecoin,$5.07 LTC,246401135,2016-06-12,#7d7d7d
Novacoin,$5.05 NVC,2355870,2013-11-17,#cfb230
EOS,$5.04 EOS,4489855498,2018-08-26,#2a0179
NEO,$5.03 NEO,252236500,2017-07-16,#00db1d
EOS,$5.03 EOS,4544058019,2018-08-12,#2a0179
Dash,$5.03 DASH,24101440,2015-03-29,#008de4
Litecoin,$4.99 LTC,164063885,2014-09-07,#7d7d7d
Monero,$4.98 XMR,6961750,2014-06-22,#f56f00
Monero,$4.98 XMR,65957149,2016-11-06,#f56f00
Stratis,$4.97 STRAT,421372799,2017-07-09,#00e6cd
Litecoin,$4.97 LTC,135275006,2014-08-17,#7d7d7d
Counterparty,$4.96 XCP,14341279,2014-03-16,#fe3e62
Dash,$4.92 DASH,28733377,2016-03-06,#008de4
Litecoin,$4.89 LTC,171314763,2014-08-24,#7d7d7d
Waves,$4.88 WAVES,462485000,2017-06-25,#00aaeb
Augur,$4.88 REP,51292010,2016-11-13,#75008f
Anoncoin,$4.82 ANC,4147471,2013-12-08,#ef0b2e
Namecoin,$4.81 NMC,38151822,2013-12-29,#4662b4
Litecoin,$4.8 LTC,221840383,2016-06-05,#7d7d7d
Counterparty,$4.76 XCP,12469799,2014-03-02,#fe3e62
Augur,$4.76 REP,53985030,2017-02-26,#75008f
EOS,$4.76 EOS,4502062620,2018-09-09,#2a0179
TenX,$4.75 PAY,534690561,2017-08-13,#4d4d4d
Counterparty,$4.74 XCP,13902045,2014-11-09,#fe3e62
Dash,$4.71 DASH,27439501,2014-05-18,#008de4
Novacoin,$4.7 NVC,1711802,2013-08-25,#cfb230
Lisk,$4.7 LSK,540257790,2017-10-22,#181174
Augur,$4.69 REP,50153070,2017-01-08,#75008f
Litecoin,$4.69 LTC,212056239,2016-05-29,#7d7d7d
IOTA,$4.66 MIOTA,11479626841,2017-12-10,#07d5d0
Litecoin,$4.66 LTC,197792783,2016-07-03,#7d7d7d
Peercoin,$4.65 PPC,98911643,2014-02-09,#29c249
EOS,$4.65 EOS,3424567122,2018-03-18,#2a0179
Dash,$4.64 DASH,24047795,2015-03-22,#008de4
Litecoin,$4.63 LTC,191810924,2015-07-26,#7d7d7d
Augur,$4.6 REP,49782700,2016-11-20,#75008f
Augur,$4.59 REP,51207860,2017-01-22,#75008f
Novacoin,$4.58 NVC,3458429,2014-04-06,#cfb230
EOS,$4.58 EOS,4157281665,2018-11-18,#2a0179
Novacoin,$4.57 NVC,2068553,2013-10-20,#cfb230
Litecoin,$4.56 LTC,213168342,2016-12-25,#7d7d7d
Dash,$4.51 DASH,27109170,2016-01-24,#008de4
Waves,$4.43 WAVES,486464000,2017-08-20,#00aaeb
Litecoin,$4.42 LTC,137354963,2014-09-28,#7d7d7d
Omni,$4.4 OMNI,2824173,2014-12-07,#281c9b
Primecoin,$4.39 XPM,17268325,2014-01-05,#f5e700
Litecoin,$4.39 LTC,215380645,2015-07-12,#7d7d7d
Ethereum,$4.36 ETH,359310563,2016-02-21,#3c3c3d
Litecoin,$4.34 LTC,90017056,2013-11-10,#7d7d7d
Litecoin,$4.33 LTC,94452714,2013-11-17,#7d7d7d
Litecoin,$4.33 LTC,221718275,2017-01-01,#7d7d7d
Waves,$4.32 WAVES,520620000,2017-08-06,#00aaeb
Augur,$4.32 REP,49193760,2017-02-12,#75008f
Novacoin,$4.32 NVC,1937981,2013-10-13,#cfb230
Litecoin,$4.3 LTC,74636938,2013-04-28,#7d7d7d
Peercoin,$4.29 PPC,91649292,2013-12-15,#29c249
Peercoin,$4.29 PPC,83374255,2014-02-16,#29c249
Dash,$4.29 DASH,25420328,2016-01-31,#008de4
Augur,$4.27 REP,45280620,2017-01-15,#75008f
Augur,$4.26 REP,47787190,2017-01-29,#75008f
Namecoin,$4.26 NMC,34226613,2014-02-09,#4662b4
Litecoin,$4.26 LTC,136868702,2014-09-21,#7d7d7d
Counterparty,$4.25 XCP,11742403,2014-10-19,#fe3e62
Litecoin,$4.24 LTC,189041381,2016-06-26,#7d7d7d
Augur,$4.23 REP,45676950,2017-02-05,#75008f
Peercoin,$4.22 PPC,89891463,2013-12-29,#29c249
Novacoin,$4.22 NVC,1162268,2013-04-28,#cfb230
Novacoin,$4.21 NVC,1230892,2013-07-14,#cfb230
Dash,$4.21 DASH,26137315,2016-02-07,#008de4
Novacoin,$4.19 NVC,1225594,2013-05-26,#cfb230
Novacoin,$4.19 NVC,1117980,2013-06-02,#cfb230
Counterparty,$4.17 XCP,11143373,2014-12-14,#fe3e62
Augur,$4.16 REP,51195540,2016-10-30,#75008f
Augur,$4.16 REP,47398450,2016-11-27,#75008f
Litecoin,$4.14 LTC,195701086,2016-07-17,#7d7d7d
Litecoin,$4.13 LTC,200743173,2015-07-05,#7d7d7d
Omni,$4.12 OMNI,2479760,2014-08-24,#281c9b
Litecoin,$4.12 LTC,191042871,2016-07-10,#7d7d7d
Dash,$4.12 DASH,21939774,2015-04-05,#008de4
Counterparty,$4.11 XCP,11292242,2014-12-28,#fe3e62
Novacoin,$4.1 NVC,1991594,2013-11-03,#cfb230
Litecoin,$4.1 LTC,194515844,2016-10-30,#7d7d7d
Novacoin,$4.09 NVC,1879720,2013-09-22,#cfb230
Litecoin,$4.09 LTC,172610028,2015-08-02,#7d7d7d
Litecoin,$4.08 LTC,188282594,2016-07-31,#7d7d7d
Dash,$4.08 DASH,25029705,2016-02-28,#008de4
Litecoin,$4.07 LTC,200777192,2017-02-05,#7d7d7d
Litecoin,$4.07 LTC,204508541,2017-03-26,#7d7d7d
EOS,$4.07 EOS,2001414471,2017-12-10,#2a0179
Novacoin,$4.06 NVC,1922213,2013-10-27,#cfb230
Litecoin,$4.06 LTC,131843268,2014-10-19,#7d7d7d
Litecoin,$4.06 LTC,190529253,2016-07-24,#7d7d7d
Novacoin,$4.02 NVC,1764750,2013-10-06,#cfb230
Litecoin,$4.01 LTC,186088260,2016-05-15,#7d7d7d
Litecoin,$4 LTC,154157208,2015-07-19,#7d7d7d
Namecoin,$3.98 NMC,30563720,2013-12-22,#4662b4
Litecoin,$3.97 LTC,183200109,2016-09-11,#7d7d7d
Litecoin,$3.97 LTC,190322156,2016-11-20,#7d7d7d
Litecoin,$3.96 LTC,180377459,2016-05-22,#7d7d7d
Litecoin,$3.96 LTC,196710013,2017-01-08,#7d7d7d
Litecoin,$3.96 LTC,198853053,2017-03-19,#7d7d7d
IOTA,$3.95 MIOTA,11314244789,2018-01-07,#07d5d0
Litecoin,$3.94 LTC,120786055,2014-10-05,#7d7d7d
Litecoin,$3.94 LTC,179970541,2016-05-08,#7d7d7d
EOS,$3.94 EOS,1862161181,2017-12-03,#2a0179
Primecoin,$3.93 XPM,14201570,2013-12-15,#f5e700
IOTA,$3.93 MIOTA,10383018758,2018-01-14,#07d5d0
Litecoin,$3.93 LTC,164973939,2015-08-16,#7d7d7d
Litecoin,$3.93 LTC,190052287,2016-12-04,#7d7d7d
Waves,$3.92 WAVES,374991000,2017-07-09,#00aaeb
Namecoin,$3.92 NMC,29679607,2014-02-16,#4662b4
BitBar,$3.92 BTB,15341,2013-07-07,#f2a900
Litecoin,$3.91 LTC,188840590,2016-11-27,#7d7d7d
Litecoin,$3.9 LTC,190064917,2017-01-22,#7d7d7d
Novacoin,$3.89 NVC,1659936,2013-09-29,#cfb230
Litecoin,$3.89 LTC,190349808,2016-09-04,#7d7d7d
Litecoin,$3.89 LTC,188503414,2016-10-23,#7d7d7d
Litecoin,$3.89 LTC,193747582,2017-01-15,#7d7d7d
Litecoin,$3.88 LTC,186560093,2016-10-16,#7d7d7d
Dash,$3.88 DASH,30466582,2016-01-17,#008de4
PayCoin,$3.86 XPY,37343721,2015-01-18,#3572c0
Peercoin,$3.86 PPC,82800022,2014-02-23,#29c249
Novacoin,$3.86 NVC,1552778,2013-09-01,#cfb230
Litecoin,$3.86 LTC,187941022,2016-11-06,#7d7d7d
Litecoin,$3.86 LTC,195313683,2017-03-05,#7d7d7d
Litecoin,$3.85 LTC,183737744,2016-10-02,#7d7d7d
Litecoin,$3.85 LTC,190910291,2017-01-29,#7d7d7d
Litecoin,$3.84 LTC,131559274,2014-11-16,#7d7d7d
Litecoin,$3.84 LTC,161969691,2015-08-09,#7d7d7d
Litecoin,$3.84 LTC,182812939,2016-10-09,#7d7d7d
Dash,$3.84 DASH,22803398,2015-07-12,#008de4
Primecoin,$3.83 XPM,14302349,2014-01-12,#f5e700
Litecoin,$3.82 LTC,170183326,2015-11-01,#7d7d7d
Litecoin,$3.82 LTC,191185638,2017-02-26,#7d7d7d
Steem,$3.81 STEEM,330869495,2016-07-24,#4600e6
Litecoin,$3.81 LTC,192536111,2016-09-18,#7d7d7d
Litecoin,$3.8 LTC,181734767,2016-09-25,#7d7d7d
Litecoin,$3.8 LTC,187313756,2017-02-12,#7d7d7d
Dash,$3.8 DASH,23662279,2016-02-14,#008de4
Counterparty,$3.79 XCP,9492294,2014-12-21,#fe3e62
Litecoin,$3.79 LTC,187593272,2017-02-19,#7d7d7d
Litecoin,$3.79 LTC,192734982,2017-03-12,#7d7d7d
Litecoin,$3.78 LTC,126491045,2014-10-12,#7d7d7d
Novacoin,$3.77 NVC,1204790,2013-07-21,#cfb230
Litecoin,$3.77 LTC,187793621,2016-11-13,#7d7d7d
Counterparty,$3.76 XCP,14048896,2014-03-09,#fe3e62
Litecoin,$3.76 LTC,177717112,2016-08-07,#7d7d7d
Augur,$3.75 REP,43994830,2017-01-01,#75008f
Dash,$3.75 DASH,21209940,2015-07-26,#008de4
Litecoin,$3.74 LTC,154493032,2015-12-20,#7d7d7d
Litecoin,$3.74 LTC,176944556,2016-08-28,#7d7d7d
Litecoin,$3.72 LTC,171973546,2016-08-14,#7d7d7d
Novacoin,$3.71 NVC,1398183,2013-09-08,#cfb230
Dash,$3.71 DASH,20242239,2015-07-19,#008de4
Litecoin,$3.7 LTC,179940572,2016-12-18,#7d7d7d
Litecoin,$3.69 LTC,177672525,2016-12-11,#7d7d7d
Novacoin,$3.67 NVC,1020003,2013-05-19,#cfb230
Litecoin,$3.67 LTC,123956713,2014-10-26,#7d7d7d
Litecoin,$3.66 LTC,168960181,2016-05-01,#7d7d7d
IOTA,$3.65 MIOTA,10921191411,2017-12-17,#07d5d0
Dash,$3.63 DASH,24969454,2016-02-21,#008de4
Litecoin,$3.62 LTC,128024050,2014-12-07,#7d7d7d
Litecoin,$3.62 LTC,147313317,2015-11-08,#7d7d7d
Litecoin,$3.62 LTC,170678858,2016-08-21,#7d7d7d
IOTA,$3.61 MIOTA,9674905623,2017-12-24,#07d5d0
Dash,$3.61 DASH,20390779,2015-08-02,#008de4
Litecoin,$3.6 LTC,158086733,2015-12-13,#7d7d7d
Litecoin,$3.59 LTC,122633403,2014-11-30,#7d7d7d
Counterparty,$3.58 XCP,9247927,2015-01-04,#fe3e62
Litecoin,$3.58 LTC,119949575,2014-11-02,#7d7d7d
Litecoin,$3.56 LTC,155590551,2016-01-10,#7d7d7d
Litecoin,$3.55 LTC,122264012,2014-11-09,#7d7d7d
Counterparty,$3.53 XCP,9327493,2014-10-26,#fe3e62
Novacoin,$3.53 NVC,1416044,2013-09-15,#cfb230
Litecoin,$3.53 LTC,159182008,2015-11-29,#7d7d7d
Litecoin,$3.53 LTC,151031958,2015-12-06,#7d7d7d
Litecoin,$3.52 LTC,122525241,2014-11-23,#7d7d7d
Counterparty,$3.51 XCP,10212426,2014-10-12,#fe3e62
Novacoin,$3.51 NVC,1015805,2013-05-05,#cfb230
Novacoin,$3.51 NVC,953098,2013-06-09,#cfb230
Litecoin,$3.51 LTC,142380571,2015-08-23,#7d7d7d
Litecoin,$3.5 LTC,152873557,2016-01-03,#7d7d7d
Factom,$3.5 FCT,31109203,2017-02-05,#349eb7
Counterparty,$3.49 XCP,9701764,2014-11-02,#fe3e62
Novacoin,$3.49 NVC,1042587,2013-06-23,#cfb230
Litecoin,$3.49 LTC,62298185,2013-05-05,#7d7d7d
Novacoin,$3.48 NVC,984531,2013-05-12,#cfb230
Litecoin,$3.48 LTC,120836016,2014-12-14,#7d7d7d
Augur,$3.46 REP,36474350,2016-12-04,#75008f
Litecoin,$3.46 LTC,154494927,2016-02-21,#7d7d7d
Namecoin,$3.44 NMC,29182773,2014-02-23,#4662b4
Dash,$3.43 DASH,17570343,2015-03-08,#008de4
Vertcoin,$3.42 VTC,6987064,2014-02-09,#0a8031
Litecoin,$3.42 LTC,152353811,2015-12-27,#7d7d7d
Litecoin,$3.41 LTC,153848564,2016-02-28,#7d7d7d
Factom,$3.4 FCT,29060424,2017-02-12,#349eb7
Namecoin,$3.39 NMC,27649400,2014-03-16,#4662b4
Namecoin,$3.38 NMC,26843648,2014-03-02,#4662b4
Factom,$3.38 FCT,28885185,2016-09-18,#349eb7
Factom,$3.38 FCT,31518679,2017-03-19,#349eb7
PayCoin,$3.36 XPY,36494269,2015-01-11,#3572c0
Litecoin,$3.36 LTC,57513320,2013-05-12,#7d7d7d
Peercoin,$3.35 PPC,84643542,2013-12-08,#29c249
Namecoin,$3.35 NMC,28155021,2014-03-09,#4662b4
Litecoin,$3.35 LTC,165243094,2016-04-24,#7d7d7d
Factom,$3.34 FCT,30103020,2017-01-29,#349eb7
Dash,$3.34 DASH,17401276,2015-04-12,#008de4
Peercoin,$3.3 PPC,63829728,2014-03-02,#29c249
IOTA,$3.3 MIOTA,9869750696,2017-12-31,#07d5d0
Litecoin,$3.3 LTC,58760676,2013-05-19,#7d7d7d
Litecoin,$3.29 LTC,148492590,2016-03-13,#7d7d7d
Dash,$3.29 DASH,19794725,2016-01-03,#008de4
Litecoin,$3.28 LTC,147898852,2016-04-17,#7d7d7d
Primecoin,$3.27 XPM,13569467,2014-01-19,#f5e700
Novacoin,$3.27 NVC,943738,2013-06-16,#cfb230
EOS,$3.27 EOS,3035993644,2018-11-25,#2a0179
Litecoin,$3.26 LTC,147483988,2016-04-03,#7d7d7d
Factom,$3.25 FCT,28675458,2017-02-19,#349eb7
Steem,$3.24 STEEM,283447820,2016-07-17,#4600e6
Dash,$3.24 DASH,17199103,2015-03-01,#008de4
Litecoin,$3.23 LTC,149001614,2016-03-27,#7d7d7d
Eth Classic,$3.23 ETC,321811402,2017-04-23,#19c83b
Litecoin,$3.22 LTC,146184990,2016-04-10,#7d7d7d
Peercoin,$3.21 PPC,68199227,2014-03-16,#29c249
Litecoin,$3.2 LTC,132390857,2015-11-15,#7d7d7d
Counterparty,$3.19 XCP,8984355,2014-06-08,#fe3e62
Litecoin,$3.19 LTC,144323561,2016-03-06,#7d7d7d
Factom,$3.19 FCT,26719901,2016-09-25,#349eb7
Peercoin,$3.18 PPC,68974652,2014-03-09,#29c249
Litecoin,$3.18 LTC,144255203,2016-03-20,#7d7d7d
Dash,$3.18 DASH,13874328,2014-09-21,#008de4
Dash,$3.18 DASH,20209363,2016-01-10,#008de4
Litecoin,$3.16 LTC,135756075,2015-11-22,#7d7d7d
Stratis,$3.15 STRAT,283154468,2017-07-16,#00e6cd
Litecoin,$3.15 LTC,142857614,2016-02-14,#7d7d7d
PayCoin,$3.13 XPY,53186779,2015-01-04,#3572c0
Primecoin,$3.12 XPM,12906267,2014-02-02,#f5e700
Litecoin,$3.12 LTC,58457958,2013-05-26,#7d7d7d
Litecoin,$3.11 LTC,134231126,2015-10-11,#7d7d7d
Litecoin,$3.11 LTC,131469615,2015-10-25,#7d7d7d
Litecoin,$3.11 LTC,140583334,2016-01-24,#7d7d7d
Litecoin,$3.11 LTC,137008440,2016-02-07,#7d7d7d
Counterparty,$3.1 XCP,9270133,2014-03-23,#fe3e62
Litecoin,$3.1 LTC,135182678,2016-01-31,#7d7d7d
Dash,$3.1 DASH,16223721,2015-04-26,#008de4
XRP,$3.09 XRP,130853470856,2018-01-07,#3572c0
Litecoin,$3.09 LTC,133312330,2015-06-28,#7d7d7d
Litecoin,$3.09 LTC,133437979,2016-01-17,#7d7d7d
Dash,$3.09 DASH,17135844,2015-07-05,#008de4
Novacoin,$3.08 NVC,931436,2013-06-30,#cfb230
Dash,$3.08 DASH,17591316,2015-08-09,#008de4
Primecoin,$3.07 XPM,14433318,2014-01-26,#f5e700
Litecoin,$3.07 LTC,129313854,2015-10-18,#7d7d7d
Augur,$3.06 REP,35055900,2016-12-11,#75008f
Factom,$3.06 FCT,27196952,2017-03-05,#349eb7
Factom,$3.05 FCT,30468905,2017-03-12,#349eb7
Litecoin,$3.04 LTC,121255283,2015-06-21,#7d7d7d
Litecoin,$3.03 LTC,128350199,2015-10-04,#7d7d7d
Factom,$3.03 FCT,25393001,2017-01-01,#349eb7
Counterparty,$3.02 XCP,8253567,2015-01-11,#fe3e62
Peercoin,$3.01 PPC,64141258,2013-12-22,#29c249
IOTA,$3.01 MIOTA,7690487773,2018-01-21,#07d5d0
Litecoin,$3.01 LTC,60288258,2013-08-04,#7d7d7d
Dash,$3 DASH,15746949,2015-05-17,#008de4
Dash,$2.99 DASH,14168300,2014-08-24,#008de4
Dash,$2.98 DASH,13444570,2014-09-07,#008de4
Dash,$2.98 DASH,16700483,2015-08-16,#008de4
Dash,$2.94 DASH,10795692,2014-08-17,#008de4
Litecoin,$2.93 LTC,56527604,2013-07-14,#7d7d7d
Dash,$2.93 DASH,14838952,2015-04-19,#008de4
Litecoin,$2.92 LTC,128537982,2015-09-06,#7d7d7d
Factom,$2.92 FCT,25468804,2017-02-26,#349eb7
Dash,$2.92 DASH,16245690,2015-03-15,#008de4
Litecoin,$2.91 LTC,99517958,2014-12-21,#7d7d7d
Litecoin,$2.9 LTC,58663905,2013-06-23,#7d7d7d
Factom,$2.9 FCT,27624196,2017-01-22,#349eb7
Litecoin,$2.89 LTC,121956212,2015-09-27,#7d7d7d
Dash,$2.89 DASH,14165278,2015-02-15,#008de4
Monero,$2.88 XMR,5885039,2014-07-20,#f56f00
Litecoin,$2.88 LTC,59091801,2013-07-28,#7d7d7d
Litecoin,$2.88 LTC,120624329,2015-09-20,#7d7d7d
Factom,$2.88 FCT,28482187,2016-09-11,#349eb7
Dash,$2.88 DASH,13024376,2014-09-14,#008de4
Litecoin,$2.87 LTC,57116000,2013-07-21,#7d7d7d
Litecoin,$2.87 LTC,119818261,2015-08-30,#7d7d7d
Dash,$2.87 DASH,15648552,2015-05-24,#008de4
Dash,$2.87 DASH,15581980,2015-06-21,#008de4
Factom,$2.85 FCT,25738928,2017-01-08,#349eb7
Dash,$2.84 DASH,13617947,2014-09-28,#008de4
Litecoin,$2.83 LTC,49625823,2013-06-02,#7d7d7d
Litecoin,$2.82 LTC,119039669,2015-09-13,#7d7d7d
Dash,$2.82 DASH,15278938,2015-06-07,#008de4
Augur,$2.8 REP,34103300,2016-12-18,#75008f
Litecoin,$2.8 LTC,57198038,2013-08-18,#7d7d7d
Factom,$2.8 FCT,24459382,2017-01-15,#349eb7
Dash,$2.8 DASH,15337238,2015-06-14,#008de4
Litecoin,$2.79 LTC,56721476,2013-06-30,#7d7d7d
Dash,$2.79 DASH,15062428,2015-06-28,#008de4
Dash,$2.78 DASH,12999946,2015-02-22,#008de4
Primecoin,$2.77 XPM,12090904,2013-12-08,#f5e700
Augur,$2.77 REP,30404660,2016-12-25,#75008f
Counterparty,$2.76 XCP,8432271,2014-05-25,#fe3e62
Factom,$2.76 FCT,24753140,2016-09-04,#349eb7
Dash,$2.76 DASH,14376375,2015-05-10,#008de4
Novacoin,$2.75 NVC,867502,2013-07-07,#cfb230
Eth Classic,$2.75 ETC,238854521,2017-04-02,#19c83b
Dash,$2.75 DASH,14424057,2015-05-03,#008de4
Namecoin,$2.74 NMC,24153118,2014-03-23,#4662b4
Factom,$2.73 FCT,26008702,2016-08-28,#349eb7
Dash,$2.73 DASH,14489446,2014-11-09,#008de4
Dash,$2.73 DASH,16121908,2015-12-27,#008de4
Peercoin,$2.72 PPC,56286562,2014-04-20,#29c249
Litecoin,$2.72 LTC,65383963,2013-11-03,#7d7d7d
Litecoin,$2.72 LTC,95993669,2014-12-28,#7d7d7d
Eth Classic,$2.72 ETC,239350923,2017-04-09,#19c83b
Namecoin,$2.71 NMC,20002031,2013-11-24,#4662b4
Dash,$2.71 DASH,14938828,2015-05-31,#008de4
Dash,$2.71 DASH,15118016,2015-11-08,#008de4
Litecoin,$2.7 LTC,57470353,2013-09-08,#7d7d7d
Eth Classic,$2.7 ETC,177588505,2016-08-07,#19c83b
Namecoin,$2.69 NMC,22302120,2014-04-20,#4662b4
Stratis,$2.68 STRAT,307323545,2017-05-28,#00e6cd
Litecoin,$2.68 LTC,53577807,2013-08-25,#7d7d7d
Eth Classic,$2.68 ETC,238129411,2017-04-16,#19c83b
Dash,$2.68 DASH,15049624,2015-08-23,#008de4
Peercoin,$2.67 PPC,60516443,2014-03-23,#29c249
Factom,$2.63 FCT,23540732,2016-10-23,#349eb7
Monero,$2.62 XMR,6098665,2014-07-27,#f56f00
Dash,$2.61 DASH,15152178,2015-12-20,#008de4
Counterparty,$2.6 XCP,6818839,2014-07-06,#fe3e62
EOS,$2.6 EOS,472683190,2017-07-09,#2a0179
Dash,$2.6 DASH,14650305,2015-08-30,#008de4
Litecoin,$2.59 LTC,53930572,2013-09-01,#7d7d7d
Litecoin,$2.59 LTC,56132471,2013-09-15,#7d7d7d
Dash,$2.59 DASH,16551885,2015-12-13,#008de4
Primecoin,$2.58 XPM,10266252,2013-12-29,#f5e700
Factom,$2.56 FCT,21953423,2016-10-16,#349eb7
Monero,$2.55 XMR,4480587,2014-06-29,#f56f00
Counterparty,$2.55 XCP,7268563,2014-04-06,#fe3e62
Litecoin,$2.55 LTC,43858290,2013-06-09,#7d7d7d
Litecoin,$2.55 LTC,54533791,2013-08-11,#7d7d7d
Factom,$2.54 FCT,21824226,2016-12-25,#349eb7
Ethereum,$2.54 ETH,227838892,2016-02-07,#3c3c3d
Dash,$2.54 DASH,10966982,2014-05-11,#008de4
Litecoin,$2.53 LTC,54298982,2013-09-22,#7d7d7d
Namecoin,$2.51 NMC,24066079,2014-05-25,#4662b4
Dash,$2.51 DASH,14304082,2015-09-06,#008de4
Monero,$2.5 XMR,6005348,2014-08-03,#f56f00
Factom,$2.49 FCT,23640606,2016-12-18,#349eb7
Counterparty,$2.48 XCP,6406210,2014-09-07,#fe3e62
Dash,$2.48 DASH,13315545,2014-11-16,#008de4
Monero,$2.47 XMR,4605920,2014-07-06,#f56f00
Counterparty,$2.46 XCP,7060674,2014-06-01,#fe3e62
Steem,$2.46 STEEM,233585669,2016-07-31,#4600e6
IOTA,$2.46 MIOTA,7009363877,2018-01-28,#07d5d0
Litecoin,$2.46 LTC,51099904,2013-07-07,#7d7d7d
Counterparty,$2.45 XCP,6263957,2014-07-13,#fe3e62
Monero,$2.44 XMR,32236010,2016-08-21,#f56f00
Counterparty,$2.44 XCP,6420050,2014-08-03,#fe3e62
Ethereum,$2.44 ETH,176834424,2016-01-31,#3c3c3d
Dash,$2.44 DASH,11087243,2014-08-31,#008de4
Dash,$2.44 DASH,14003612,2015-10-18,#008de4
Monero,$2.43 XMR,6814766,2014-08-31,#f56f00
Counterparty,$2.43 XCP,6435240,2014-07-20,#fe3e62
Dash,$2.43 DASH,13505950,2015-09-13,#008de4
Dash,$2.43 DASH,14050045,2015-10-11,#008de4
Namecoin,$2.41 NMC,19224305,2014-03-30,#4662b4
Dash,$2.4 DASH,11695823,2014-11-30,#008de4
Namecoin,$2.38 NMC,20355577,2014-06-01,#4662b4
IOTA,$2.38 MIOTA,6404037772,2018-05-06,#07d5d0
Megacoin,$2.38 MEC,31753500,2013-12-01,#d5070e
Factom,$2.38 FCT,20511418,2016-10-02,#349eb7
Dash,$2.38 DASH,13818371,2015-11-15,#008de4
Dash,$2.36 DASH,11664894,2014-12-07,#008de4
Dash,$2.36 DASH,13889296,2015-09-20,#008de4
Factom,$2.35 FCT,21530194,2016-03-13,#349eb7
Dash,$2.33 DASH,13777782,2015-09-27,#008de4
Monero,$2.32 XMR,3863688,2014-06-15,#f56f00
Counterparty,$2.32 XCP,5898459,2014-03-30,#fe3e62
Counterparty,$2.32 XCP,6448915,2014-09-14,#fe3e62
Dash,$2.32 DASH,14153997,2015-12-06,#008de4
Peercoin,$2.31 PPC,51949030,2014-05-25,#29c249
Dash,$2.31 DASH,15842398,2015-11-01,#008de4
Counterparty,$2.29 XCP,6471138,2014-06-15,#fe3e62
Dash,$2.29 DASH,10799829,2014-10-19,#008de4
Eth Classic,$2.28 ETC,208203114,2017-03-26,#19c83b
Litecoin,$2.27 LTC,49785052,2013-09-29,#7d7d7d
Factom,$2.27 FCT,19357306,2016-11-20,#349eb7
Waves,$2.26 WAVES,246542000,2017-05-28,#00aaeb
Dash,$2.26 DASH,11263780,2014-11-23,#008de4
Dash,$2.26 DASH,12869243,2015-10-25,#008de4
Primecoin,$2.24 XPM,10231018,2014-02-09,#f5e700
Dash,$2.24 DASH,10625201,2014-10-05,#008de4
Factom,$2.23 FCT,18760687,2016-11-13,#349eb7
Dash,$2.23 DASH,11065110,2014-12-14,#008de4
PayCoin,$2.22 XPY,31680216,2015-01-25,#3572c0
Counterparty,$2.22 XCP,5712687,2014-07-27,#fe3e62
Counterparty,$2.22 XCP,5933440,2014-08-10,#fe3e62
Steem,$2.22 STEEM,574412471,2017-06-11,#4600e6
Factom,$2.22 FCT,20827934,2016-08-21,#349eb7
Namecoin,$2.21 NMC,17141669,2014-04-27,#4662b4
IOTA,$2.2 MIOTA,5508445320,2018-02-18,#07d5d0
Litecoin,$2.2 LTC,47869226,2013-10-27,#7d7d7d
Factom,$2.2 FCT,19172788,2016-11-27,#349eb7
Dash,$2.2 DASH,12398399,2015-11-22,#008de4
Counterparty,$2.17 XCP,6161808,2015-01-25,#fe3e62
Peercoin,$2.17 PPC,43036847,2014-04-27,#29c249
Dash,$2.17 DASH,12708652,2015-10-04,#008de4
Dash,$2.16 DASH,10135155,2014-10-12,#008de4
Bullion,$2.16 CBX,1846881,2013-11-24,#0ed7e1
Peercoin,$2.15 PPC,44197149,2014-05-11,#29c249
Litecoin,$2.13 LTC,47387870,2013-10-06,#7d7d7d
Factom,$2.13 FCT,17360784,2016-12-04,#349eb7
Litecoin,$2.12 LTC,46962205,2013-10-13,#7d7d7d
Litecoin,$2.11 LTC,69101043,2015-01-04,#7d7d7d
XRP,$2.1 XRP,89122114461,2017-12-31,#3572c0
Primecoin,$2.1 XPM,8737517,2014-02-16,#f5e700
Peercoin,$2.09 PPC,44387419,2014-05-18,#29c249
Namecoin,$2.09 NMC,17897489,2014-05-11,#4662b4
Litecoin,$2.09 LTC,39617093,2013-06-16,#7d7d7d
Auroracoin,$2.09 AUR,19809804,2014-04-06,#258860
Peercoin,$2.08 PPC,42454406,2014-03-30,#29c249
Peercoin,$2.08 PPC,44692332,2014-05-04,#29c249
Dash,$2.08 DASH,12969492,2015-11-29,#008de4
Namecoin,$2.07 NMC,18203768,2014-05-04,#4662b4
Factom,$2.07 FCT,19428995,2016-10-30,#349eb7
Monero,$2.05 XMR,5538113,2014-08-10,#f56f00
EOS,$2.05 EOS,1229362445,2017-11-26,#2a0179
Counterparty,$2.04 XCP,5536209,2015-01-18,#fe3e62
Steem,$2.04 STEEM,227716177,2016-08-07,#4600e6
Peercoin,$2.04 PPC,43310424,2014-06-01,#29c249
Monero,$2.03 XMR,22802618,2016-06-19,#f56f00
IOTA,$2.03 MIOTA,5686112895,2018-04-29,#07d5d0
XRP,$2.02 XRP,72100905208,2018-01-14,#3572c0
Primecoin,$2.02 XPM,7517747,2013-12-22,#f5e700
Counterparty,$2.02 XCP,5043261,2014-09-28,#fe3e62
Auroracoin,$2.02 AUR,21142639,2014-03-30,#258860
Namecoin,$2.01 NMC,17412646,2014-05-18,#4662b4
Counterparty,$1.99 XCP,5559596,2014-09-21,#fe3e62
Litecoin,$1.99 LTC,75307617,2015-03-15,#7d7d7d
Monero,$1.98 XMR,24708148,2016-07-17,#f56f00
Monero,$1.98 XMR,25372377,2016-08-14,#f56f00
Namecoin,$1.98 NMC,18654035,2014-06-08,#4662b4
IOTA,$1.98 MIOTA,4847806562,2018-02-04,#07d5d0
Dash,$1.98 DASH,9490155,2014-12-21,#008de4
Namecoin,$1.97 NMC,16532342,2014-04-06,#4662b4
Monero,$1.96 XMR,23664699,2016-07-10,#f56f00
Counterparty,$1.96 XCP,4462404,2014-04-20,#fe3e62
EOS,$1.96 EOS,441892481,2017-07-23,#2a0179
Counterparty,$1.95 XCP,4108033,2014-04-27,#fe3e62
Dash,$1.95 DASH,9727879,2014-12-28,#008de4
Monero,$1.94 XMR,6163731,2014-09-07,#f56f00
Counterparty,$1.94 XCP,4903111,2014-06-29,#fe3e62
Litecoin,$1.94 LTC,67232455,2015-02-15,#7d7d7d
Counterparty,$1.93 XCP,5343943,2014-08-31,#fe3e62
Counterparty,$1.92 XCP,5210865,2015-02-01,#fe3e62
IOTA,$1.92 MIOTA,5577266489,2018-04-22,#07d5d0
EOS,$1.92 EOS,915391194,2017-11-19,#2a0179
Dash,$1.92 DASH,9235034,2014-10-26,#008de4
Monero,$1.91 XMR,22879579,2016-07-31,#f56f00
PIVX,$1.91 PIVX,106646556,2017-04-16,#6515a2
IOTA,$1.91 MIOTA,5590663825,2018-05-13,#07d5d0
Litecoin,$1.91 LTC,70182528,2015-03-08,#7d7d7d
Monero,$1.9 XMR,23485867,2016-07-24,#f56f00
Namecoin,$1.9 NMC,17590195,2014-07-13,#4662b4
Factom,$1.9 FCT,18118638,2016-12-11,#349eb7
Ethereum,$1.9 ETH,163819884,2016-01-24,#3c3c3d
EOS,$1.9 EOS,463462640,2017-08-06,#2a0179
IOTA,$1.89 MIOTA,5018163973,2018-06-03,#07d5d0
Monero,$1.88 XMR,23895875,2016-08-07,#f56f00
Litecoin,$1.88 LTC,65106989,2015-02-01,#7d7d7d
Peercoin,$1.87 PPC,39686523,2014-04-06,#29c249
Litecoin,$1.87 LTC,42968324,2013-10-20,#7d7d7d
Eth Classic,$1.87 ETC,159903688,2016-08-14,#19c83b
IOTA,$1.86 MIOTA,4730565975,2018-02-11,#07d5d0
IOTA,$1.86 MIOTA,5265542168,2018-03-04,#07d5d0
Litecoin,$1.86 LTC,79943263,2015-06-14,#7d7d7d
Dash,$1.86 DASH,9389051,2015-02-08,#008de4
Monero,$1.85 XMR,6242057,2014-09-14,#f56f00
Litecoin,$1.85 LTC,65918841,2015-02-22,#7d7d7d
Litecoin,$1.85 LTC,69797522,2015-03-01,#7d7d7d
Primecoin,$1.84 XPM,8501744,2014-02-23,#f5e700
Litecoin,$1.84 LTC,80704874,2015-01-25,#7d7d7d
Factom,$1.83 FCT,15036017,2016-03-27,#349eb7
EOS,$1.83 EOS,448515327,2017-07-30,#2a0179
Vertcoin,$1.82 VTC,5209595,2014-03-23,#0a8031
Peercoin,$1.82 PPC,36145631,2014-04-13,#29c249
Namecoin,$1.82 NMC,16610123,2014-06-15,#4662b4
Monero,$1.81 XMR,5825920,2014-08-24,#f56f00
Counterparty,$1.81 XCP,4991012,2014-05-11,#fe3e62
Litecoin,$1.81 LTC,64685622,2015-05-31,#7d7d7d
Namecoin,$1.8 NMC,16489957,2014-07-20,#4662b4
Namecoin,$1.79 NMC,16534883,2014-07-06,#4662b4
Litecoin,$1.79 LTC,64741025,2015-02-08,#7d7d7d
Litecoin,$1.79 LTC,71989343,2015-05-24,#7d7d7d
PayCoin,$1.78 XPY,19897229,2015-02-01,#3572c0
Counterparty,$1.78 XCP,4636838,2014-05-18,#fe3e62
Counterparty,$1.78 XCP,4894981,2014-06-22,#fe3e62
Counterparty,$1.78 XCP,4914840,2015-08-02,#fe3e62
Peercoin,$1.78 PPC,45055422,2013-11-24,#29c249
Namecoin,$1.77 NMC,13968239,2014-04-13,#4662b4
IOTA,$1.77 MIOTA,5047376836,2018-02-25,#07d5d0
Litecoin,$1.76 LTC,68733717,2015-06-07,#7d7d7d
Factom,$1.76 FCT,14015129,2016-03-20,#349eb7
Monero,$1.75 XMR,20965148,2016-07-03,#f56f00
Namecoin,$1.75 NMC,17313775,2014-06-22,#4662b4
IOTA,$1.75 MIOTA,5074449461,2018-05-20,#07d5d0
Litecoin,$1.75 LTC,67401564,2015-03-22,#7d7d7d
Eth Classic,$1.75 ETC,143211684,2016-08-21,#19c83b
Counterparty,$1.74 XCP,4926114,2014-10-05,#fe3e62
Dash,$1.74 DASH,9161222,2015-01-25,#008de4
Peercoin,$1.72 PPC,37412292,2014-06-15,#29c249
Dash,$1.72 DASH,8152177,2015-01-04,#008de4
PIVX,$1.71 PIVX,89735944,2017-04-30,#6515a2
Eth Classic,$1.71 ETC,172741857,2017-03-19,#19c83b
Steem,$1.7 STEEM,360491553,2017-07-09,#4600e6
Litecoin,$1.7 LTC,62429657,2015-03-29,#7d7d7d
Dash,$1.7 DASH,7100822,2014-04-27,#008de4
Monero,$1.69 XMR,17496542,2016-03-27,#f56f00
Counterparty,$1.69 XCP,4398119,2014-04-13,#fe3e62
Peercoin,$1.69 PPC,38408395,2014-06-22,#29c249
Namecoin,$1.69 NMC,15251347,2014-06-29,#4662b4
Counterparty,$1.68 XCP,4105554,2015-08-16,#fe3e62
Peercoin,$1.68 PPC,39714902,2014-06-08,#29c249
Litecoin,$1.68 LTC,64474777,2015-04-05,#7d7d7d
Ethereum,$1.68 ETH,94901005,2015-08-16,#3c3c3d
Dash,$1.67 DASH,8005087,2014-11-02,#008de4
NEM,$1.66 XEM,16584479998,2018-01-07,#0fc78a
Dash,$1.66 DASH,8234995,2015-01-11,#008de4
Litecoin,$1.65 LTC,61230338,2015-01-11,#7d7d7d
Peercoin,$1.64 PPC,32405321,2014-09-21,#29c249
Counterparty,$1.63 XCP,4391462,2015-07-26,#fe3e62
IOTA,$1.63 MIOTA,3818741065,2018-06-10,#07d5d0
Counterparty,$1.62 XCP,4204679,2014-08-17,#fe3e62
Factom,$1.61 FCT,14513887,2016-04-03,#349eb7
Dash,$1.61 DASH,9588399,2015-02-01,#008de4
Monero,$1.6 XMR,4042619,2014-08-17,#f56f00
Counterparty,$1.6 XCP,4583368,2014-08-24,#fe3e62
Namecoin,$1.6 NMC,14967428,2014-07-27,#4662b4
Steem,$1.59 STEEM,167525515,2016-08-14,#4600e6
XRP,$1.58 XRP,53461566645,2018-01-21,#3572c0
Factom,$1.58 FCT,16527400,2016-03-06,#349eb7
Counterparty,$1.57 XCP,4363704,2015-08-09,#fe3e62
Eth Classic,$1.57 ETC,148016084,2016-07-31,#19c83b
Monero,$1.56 XMR,18156660,2016-06-26,#f56f00
Namecoin,$1.55 NMC,14450318,2014-08-03,#4662b4
Counterparty,$1.54 XCP,3888343,2015-07-19,#fe3e62
Primecoin,$1.53 XPM,5360245,2013-11-24,#f5e700
Monero,$1.53 XMR,17739543,2016-04-03,#f56f00
Counterparty,$1.53 XCP,3667721,2015-02-15,#fe3e62
Peercoin,$1.53 PPC,33130256,2014-07-06,#29c249
NEM,$1.51 XEM,12523589999,2018-01-14,#0fc78a
Terracoin,$1.49 TRC,5460828,2013-12-01,#0b7f33
Factom,$1.49 FCT,10743526,2016-04-10,#349eb7
Primecoin,$1.48 XPM,6177085,2014-03-02,#f5e700
Primecoin,$1.48 XPM,6571073,2014-03-09,#f5e700
IOTA,$1.48 MIOTA,4051387750,2018-05-27,#07d5d0
Counterparty,$1.46 XCP,4056498,2015-07-12,#fe3e62
Namecoin,$1.46 NMC,13645252,2014-08-10,#4662b4
Litecoin,$1.46 LTC,55735030,2015-04-12,#7d7d7d
Counterparty,$1.45 XCP,3737981,2015-03-08,#fe3e62
PIVX,$1.45 PIVX,59591113,2017-04-23,#6515a2
Litecoin,$1.45 LTC,55988933,2015-05-10,#7d7d7d
Litecoin,$1.45 LTC,56876148,2015-05-17,#7d7d7d
Steem,$1.44 STEEM,170792096,2016-08-21,#4600e6
Peercoin,$1.44 PPC,30655480,2014-06-29,#29c249
Peercoin,$1.44 PPC,31007681,2014-07-13,#29c249
IOTA,$1.44 MIOTA,5229852999,2017-12-03,#07d5d0
IOTA,$1.44 MIOTA,4642037935,2018-04-15,#07d5d0
Eth Classic,$1.44 ETC,126922042,2017-01-08,#19c83b
Eth Classic,$1.43 ETC,125058864,2017-03-05,#19c83b
Peercoin,$1.42 PPC,30230869,2014-07-20,#29c249
Litecoin,$1.42 LTC,55458605,2015-05-03,#7d7d7d
Eth Classic,$1.42 ETC,112277174,2016-09-11,#19c83b
Litecoin,$1.41 LTC,53216330,2015-04-19,#7d7d7d
Eth Classic,$1.41 ETC,122203155,2017-01-01,#19c83b
Eth Classic,$1.41 ETC,121843597,2017-01-22,#19c83b
Litecoin,$1.4 LTC,50877800,2015-04-26,#7d7d7d
Factom,$1.39 FCT,12574612,2016-04-17,#349eb7
Eth Classic,$1.39 ETC,122956520,2017-02-05,#19c83b
Eth Classic,$1.39 ETC,127662841,2017-03-12,#19c83b
Ethereum,$1.38 ETH,98300351,2015-08-23,#3c3c3d
Anoncoin,$1.37 ANC,958866,2013-11-24,#ef0b2e
Eth Classic,$1.35 ETC,109972013,2016-08-28,#19c83b
Primecoin,$1.34 XPM,6198505,2014-03-16,#f5e700
Ethereum,$1.34 ETH,94580164,2015-09-06,#3c3c3d
Eth Classic,$1.34 ETC,121859012,2016-09-04,#19c83b
Counterparty,$1.32 XCP,3614433,2015-06-14,#fe3e62
Vertcoin,$1.32 VTC,3710939,2014-03-30,#0a8031
Eth Classic,$1.32 ETC,111328400,2016-09-18,#19c83b
Monero,$1.31 XMR,4528356,2014-09-28,#f56f00
IOTA,$1.31 MIOTA,3862018352,2018-03-11,#07d5d0
IOTA,$1.31 MIOTA,3672982497,2018-03-25,#07d5d0
Factom,$1.31 FCT,11337782,2016-04-24,#349eb7
CloakCoin,$1.31 CLOAK,5880252,2014-08-03,#f54019
Litecoin,$1.3 LTC,47586420,2015-01-18,#7d7d7d
Feathercoin,$1.3 FTC,24154271,2013-12-01,#605379
Eth Classic,$1.3 ETC,114709343,2017-01-29,#19c83b
Counterparty,$1.29 XCP,3371355,2015-03-15,#fe3e62
EOS,$1.29 EOS,278730236,2017-07-16,#2a0179
Monero,$1.27 XMR,4550686,2014-09-21,#f56f00
Eth Classic,$1.25 ETC,102040070,2016-09-25,#19c83b
Counterparty,$1.24 XCP,3364289,2015-02-08,#fe3e62
Eth Classic,$1.24 ETC,108822756,2017-02-12,#19c83b
Counterparty,$1.23 XCP,3358122,2015-06-21,#fe3e62
XRP,$1.22 XRP,54219304278,2018-01-28,#3572c0
NEM,$1.22 XEM,9599039999,2018-01-21,#0fc78a
Ethereum,$1.22 ETH,101329330,2016-01-17,#3c3c3d
Eth Classic,$1.22 ETC,108831634,2017-02-19,#19c83b
Dash,$1.22 DASH,6621059,2015-01-18,#008de4
Counterparty,$1.21 XCP,3376727,2015-03-22,#fe3e62
Namecoin,$1.21 NMC,10967595,2014-09-21,#4662b4
Eth Classic,$1.21 ETC,111374115,2017-02-26,#19c83b
XRP,$1.2 XRP,43708265978,2018-02-18,#3572c0
Monero,$1.2 XMR,13502761,2016-03-06,#f56f00
Monero,$1.2 XMR,17198499,2016-03-20,#f56f00
Counterparty,$1.2 XCP,3114446,2015-04-05,#fe3e62
Namecoin,$1.2 NMC,10818836,2014-09-28,#4662b4
IOTA,$1.2 MIOTA,3259610753,2018-06-17,#07d5d0
Eth Classic,$1.2 ETC,104366227,2017-01-15,#19c83b
Waves,$1.19 WAVES,137143000,2017-05-14,#00aaeb
Steem,$1.19 STEEM,303226506,2017-05-21,#4600e6
Eth Classic,$1.19 ETC,100869948,2016-10-02,#19c83b
Dash,$1.19 DASH,6537952,2014-05-04,#008de4
XRP,$1.18 XRP,40441730263,2017-12-24,#3572c0
PayCoin,$1.18 XPY,15303314,2015-02-08,#3572c0
Ethereum,$1.18 ETH,96097349,2015-08-30,#3c3c3d
Eth Classic,$1.18 ETC,99022339,2016-10-09,#19c83b
Auroracoin,$1.18 AUR,8944420,2014-04-13,#258860
Counterparty,$1.16 XCP,2996948,2015-03-29,#fe3e62
Peercoin,$1.16 PPC,25102411,2014-07-27,#29c249
Monero,$1.15 XMR,14056376,2016-03-13,#f56f00
Counterparty,$1.15 XCP,3311521,2015-02-22,#fe3e62
Peercoin,$1.15 PPC,24256422,2014-08-03,#29c249
Monero,$1.14 XMR,12669253,2016-04-10,#f56f00
Monero,$1.14 XMR,15189347,2016-06-12,#f56f00
Namecoin,$1.14 NMC,10364620,2014-08-31,#4662b4
IOTA,$1.14 MIOTA,3407676332,2018-03-18,#07d5d0
Factom,$1.14 FCT,10484956,2016-05-01,#349eb7
Counterparty,$1.12 XCP,3316125,2015-03-01,#fe3e62
IOTA,$1.12 MIOTA,3011982401,2018-07-08,#07d5d0
Eth Classic,$1.12 ETC,93537146,2016-12-25,#19c83b
Namecoin,$1.1 NMC,5995983,2013-04-28,#4662b4
Factom,$1.1 FCT,9907418,2016-05-22,#349eb7
Factom,$1.09 FCT,9521577,2016-05-08,#349eb7
Monero,$1.08 XMR,4331218,2014-10-12,#f56f00
Namecoin,$1.08 NMC,9477522,2014-08-17,#4662b4
Namecoin,$1.08 NMC,10894897,2014-08-24,#4662b4
IOTA,$1.08 MIOTA,2765071166,2018-04-01,#07d5d0
Factom,$1.08 FCT,9748950,2016-02-14,#349eb7
Bullion,$1.08 CBX,1031003,2013-11-17,#0ed7e1
XRP,$1.07 XRP,39171494176,2018-02-11,#3572c0
Peercoin,$1.07 PPC,21025566,2014-09-28,#29c249
Factom,$1.07 FCT,9186503,2016-05-15,#349eb7
NEM,$1.06 XEM,9275039999,2018-01-28,#0fc78a
Namecoin,$1.06 NMC,6290563,2013-05-05,#4662b4
Primecoin,$1.05 XPM,6330630,2014-03-23,#f5e700
Counterparty,$1.05 XCP,2626847,2015-04-12,#fe3e62
Counterparty,$1.05 XCP,2639324,2015-08-23,#fe3e62
Vertcoin,$1.05 VTC,4845191,2014-05-25,#0a8031
Namecoin,$1.05 NMC,10585434,2014-10-19,#4662b4
Eth Classic,$1.05 ETC,89133789,2016-10-23,#19c83b
Peercoin,$1.04 PPC,23227410,2014-10-12,#29c249
Namecoin,$1.04 NMC,10344652,2014-09-14,#4662b4
IOTA,$1.04 MIOTA,2719108854,2018-06-24,#07d5d0
Ethereum,$1.04 ETH,68480587,2015-09-13,#3c3c3d
Eth Classic,$1.04 ETC,84127046,2016-11-06,#19c83b
Monero,$1.03 XMR,11862893,2016-04-24,#f56f00
Vertcoin,$1.03 VTC,4456771,2014-05-18,#0a8031
Namecoin,$1.03 NMC,10812194,2014-10-12,#4662b4
IOTA,$1.03 MIOTA,2807853697,2018-07-29,#07d5d0
Factom,$1.03 FCT,8966799,2016-01-24,#349eb7
Factom,$1.03 FCT,8797795,2016-02-21,#349eb7
Counterparty,$1.02 XCP,2505749,2015-05-10,#fe3e62
Peercoin,$1.02 PPC,22370131,2014-10-19,#29c249
Namecoin,$1.02 NMC,10007428,2014-09-07,#4662b4
Cardano,$1.02 ADA,26147969179,2018-01-07,#2a71d0
NuBits,$1.01 USNBT,2239445,2015-01-25,#f5c500
NuBits,$1.01 USNBT,2170269,2015-02-15,#f5c500
Tether,$1.01 USDT,445388344,2017-09-17,#00bd5b
Tether,$1.01 USDT,2223969607,2018-03-18,#00bd5b
Tether,$1.01 USDT,2502665100,2018-06-10,#00bd5b
Tether,$1.01 USDT,2408319844,2018-08-12,#00bd5b
Tether,$1.01 USDT,2723555849,2018-08-19,#00bd5b
Peercoin,$1.01 PPC,21018927,2014-08-10,#29c249
IOTA,$1.01 MIOTA,2973402520,2018-07-01,#07d5d0
Factom,$1.01 FCT,9211923,2016-02-28,#349eb7
Eth Classic,$1.01 ETC,91648952,2016-12-18,#19c83b
NuBits,$1 USNBT,2240789,2014-10-05,#f5c500
NuBits,$1 USNBT,6283658,2014-10-19,#f5c500
NuBits,$1 USNBT,2252016,2014-11-02,#f5c500
NuBits,$1 USNBT,2266336,2014-11-30,#f5c500
NuBits,$1 USNBT,2210836,2014-12-14,#f5c500
NuBits,$1 USNBT,2273300,2015-01-18,#f5c500
Tether,$1 USDT,24948451,2017-02-19,#00bd5b
Tether,$1 USDT,24951236,2017-02-26,#00bd5b
Tether,$1 USDT,24951244,2017-03-05,#00bd5b
Tether,$1 USDT,34953174,2017-03-12,#00bd5b
Tether,$1 USDT,44953110,2017-03-19,#00bd5b
Tether,$1 USDT,294234258,2017-07-16,#00bd5b
Tether,$1 USDT,2225654634,2018-03-11,#00bd5b
Tether,$1 USDT,2286422651,2018-03-25,#00bd5b
Tether,$1 USDT,2279842547,2018-04-08,#00bd5b
Tether,$1 USDT,2278440530,2018-04-22,#00bd5b
Tether,$1 USDT,2504927008,2018-05-20,#00bd5b
Tether,$1 USDT,2505089972,2018-05-27,#00bd5b
Tether,$1 USDT,2621427475,2018-06-17,#00bd5b
Tether,$1 USDT,2618220692,2018-07-08,#00bd5b
Tether,$1 USDT,2702678978,2018-07-15,#00bd5b
Tether,$1 USDT,2656723175,2018-07-22,#00bd5b
Tether,$1 USDT,2789982011,2018-08-26,#00bd5b
Tether,$1 USDT,2770148716,2018-09-09,#00bd5b
Tether,$1 USDT,2759067900,2018-09-16,#00bd5b
Tether,$1 USDT,2807432047,2018-09-30,#00bd5b
IOTA,$1 MIOTA,2729470943,2018-07-22,#07d5d0
CloakCoin,$1 CLOAK,3191980,2014-08-10,#f54019
Tether,$1 USDT,24951566,2017-02-05,#00bd5b
Tether,$1 USDT,24950971,2017-02-12,#00bd5b
Tether,$1 USDT,44951302,2017-03-26,#00bd5b
NuBits,$1 USNBT,2234022,2014-12-21,#f5c500
Tether,$1 USDT,54948670,2017-04-09,#00bd5b
Tether,$1 USDT,55003071,2017-04-02,#00bd5b
NuBits,$1 USNBT,2212275,2015-01-11,#f5c500
Tether,$1 USDT,1756362381,2018-11-04,#00bd5b
Tether,$1 USDT,2620436761,2018-06-24,#00bd5b
Tether,$1 USDT,2412345206,2018-04-29,#00bd5b
Tether,$1 USDT,2435548893,2018-08-05,#00bd5b
Tether,$1 USDT,2796927611,2018-10-07,#00bd5b
Tether,$1 USDT,2703948627,2018-07-01,#00bd5b
Tether,$1 USDT,1690145885,2018-11-11,#00bd5b
Tether,$1 USDT,2835998470,2018-09-02,#00bd5b
Tether,$1 USDT,2504430127,2018-07-29,#00bd5b
Tether,$1 USDT,2283943391,2018-04-15,#00bd5b
Tether,$1 USDT,2805052202,2018-09-23,#00bd5b
Tether,$1 USDT,2286706257,2018-04-01,#00bd5b
Tether,$1 USDT,1923441561,2018-10-28,#00bd5b
NuBits,$0.99 USNBT,2239010,2014-11-23,#f5c500
NuBits,$0.99 USNBT,2304646,2015-02-01,#f5c500
Eth Classic,$0.99 ETC,102009229,2016-10-16,#19c83b
Tether,$0.99 USDT,2507391528,2018-06-03,#00bd5b
Primecoin,$0.99 XPM,5145905,2014-04-20,#f5e700
Vertcoin,$0.99 VTC,3334119,2014-04-13,#0a8031
Factom,$0.99 FCT,7599540,2016-01-31,#349eb7
NuBits,$0.99 USNBT,2234964,2014-11-16,#f5c500
Tether,$0.99 USDT,2480279757,2018-10-14,#00bd5b
Ethereum,$0.99 ETH,76097646,2016-01-10,#3c3c3d
Tether,$0.99 USDT,1743306535,2018-11-18,#00bd5b
Tether,$0.98 USDT,2042260445,2018-10-21,#00bd5b
Factom,$0.98 FCT,8452811,2016-02-07,#349eb7
IOTA,$0.98 MIOTA,2840096248,2018-04-08,#07d5d0
Ethereum,$0.98 ETH,72523507,2015-11-22,#3c3c3d
Tether,$0.98 USDT,1821092174,2018-11-25,#00bd5b
Monero,$0.98 XMR,12045719,2016-04-17,#f56f00
Monero,$0.98 XMR,3388833,2014-10-05,#f56f00
Monero,$0.98 XMR,11128232,2016-05-22,#f56f00
Megacoin,$0.97 MEC,21083637,2013-12-08,#d5070e
Monero,$0.97 XMR,12105466,2016-06-05,#f56f00
Counterparty,$0.97 XCP,2312327,2015-10-18,#fe3e62
IOTA,$0.97 MIOTA,2771452968,2018-07-15,#07d5d0
Ethereum,$0.97 ETH,71894531,2015-12-13,#3c3c3d
PayCoin,$0.97 XPY,13140252,2015-02-15,#3572c0
IOTA,$0.97 MIOTA,2618887330,2017-08-20,#07d5d0
Counterparty,$0.97 XCP,2396341,2015-05-31,#fe3e62
Monero,$0.97 XMR,4105863,2014-10-19,#f56f00
IOTA,$0.96 MIOTA,2558143475,2017-08-27,#07d5d0
XRP,$0.95 XRP,36885437636,2018-02-25,#3572c0
Vertcoin,$0.94 VTC,3929657,2014-05-11,#0a8031
Namecoin,$0.94 NMC,5251487,2013-05-26,#4662b4
Counterparty,$0.94 XCP,2493632,2015-05-03,#fe3e62
NEM,$0.94 XEM,9396179999,2017-12-24,#0fc78a
Primecoin,$0.94 XPM,1168856,2013-07-21,#f5e700
Ethereum,$0.94 ETH,73843292,2016-01-03,#3c3c3d
Monero,$0.93 XMR,10587887,2016-05-29,#f56f00
Namecoin,$0.93 NMC,9875358,2014-11-16,#4662b4
Counterparty,$0.92 XCP,2495701,2015-04-19,#fe3e62
Ethereum,$0.92 ETH,78530263,2015-11-01,#3c3c3d
NEM,$0.92 XEM,9306449999,2017-12-31,#0fc78a
Vertcoin,$0.92 VTC,4348694,2014-06-01,#0a8031
Monero,$0.92 XMR,10748807,2016-05-01,#f56f00
Ethereum,$0.92 ETH,76614488,2015-11-08,#3c3c3d
Ethereum,$0.91 ETH,65980042,2015-11-29,#3c3c3d
XRP,$0.91 XRP,31819934387,2018-02-04,#3572c0
Eth Classic,$0.91 ETC,77464317,2016-11-13,#19c83b
Ethereum,$0.91 ETH,68356313,2015-12-20,#3c3c3d
Factom,$0.91 FCT,8472209,2016-01-17,#349eb7
XRP,$0.91 XRP,39308526146,2018-03-04,#3572c0
Counterparty,$0.9 XCP,2477882,2015-09-13,#fe3e62
Namecoin,$0.9 NMC,9283082,2014-10-26,#4662b4
XRP,$0.9 XRP,34140875579,2018-05-06,#3572c0
PIVX,$0.9 PIVX,44026834,2017-04-09,#6515a2
Counterparty,$0.9 XCP,2365012,2015-09-20,#fe3e62
Namecoin,$0.9 NMC,9359836,2014-12-07,#4662b4
Ethereum,$0.89 ETH,67745801,2015-11-15,#3c3c3d
Namecoin,$0.89 NMC,9468342,2014-11-30,#4662b4
Auroracoin,$0.89 AUR,9051801,2014-04-20,#258860
Eth Classic,$0.89 ETC,79199175,2016-10-30,#19c83b
Primecoin,$0.89 XPM,1362819,2013-08-18,#f5e700
Cardano,$0.88 ADA,20800303464,2018-01-14,#2a71d0
Namecoin,$0.88 NMC,8752702,2014-10-05,#4662b4
Ethereum,$0.88 ETH,68822183,2015-09-20,#3c3c3d
Monero,$0.88 XMR,10054557,2016-05-08,#f56f00
PayCoin,$0.88 XPY,12654258,2015-03-01,#3572c0
Namecoin,$0.87 NMC,9278342,2014-11-09,#4662b4
Counterparty,$0.87 XCP,2314604,2015-10-11,#fe3e62
Namecoin,$0.87 NMC,9143173,2014-12-14,#4662b4
XRP,$0.87 XRP,34036636008,2018-04-22,#3572c0
Ethereum,$0.87 ETH,62889050,2015-12-06,#3c3c3d
Steem,$0.87 STEEM,99580122,2016-08-28,#4600e6
XRP,$0.86 XRP,34165945109,2018-04-29,#3572c0
Eth Classic,$0.86 ETC,73901905,2016-11-20,#19c83b
Peercoin,$0.86 PPC,18989628,2014-10-26,#29c249
Namecoin,$0.86 NMC,9127497,2014-11-23,#4662b4
Eth Classic,$0.86 ETC,80723000,2016-12-11,#19c83b
Monero,$0.86 XMR,6236430,2015-04-05,#f56f00
IOTA,$0.85 MIOTA,2531279315,2018-08-05,#07d5d0
Ethereum,$0.85 ETH,64913919,2015-12-27,#3c3c3d
Counterparty,$0.85 XCP,2249199,2015-09-06,#fe3e62
Namecoin,$0.85 NMC,8784312,2014-11-02,#4662b4
Peercoin,$0.85 PPC,19445504,2014-08-24,#29c249
Primecoin,$0.85 XPM,1351774,2013-08-11,#f5e700
Namecoin,$0.85 NMC,8385218,2014-12-21,#4662b4
Megacoin,$0.84 MEC,18619300,2013-12-15,#d5070e
Peercoin,$0.84 PPC,17026964,2014-08-31,#29c249
Peercoin,$0.84 PPC,15946757,2014-08-17,#29c249
Monero,$0.84 XMR,9765706,2016-05-15,#f56f00
Megacoin,$0.84 MEC,18931087,2014-01-05,#d5070e
Namecoin,$0.83 NMC,4674413,2013-05-12,#4662b4
Monero,$0.83 XMR,9711958,2016-02-28,#f56f00
Megacoin,$0.83 MEC,17005641,2014-01-12,#d5070e
Monero,$0.83 XMR,5733147,2015-04-12,#f56f00
Steem,$0.82 STEEM,110210826,2016-09-04,#4600e6
Monero,$0.82 XMR,8672484,2016-02-21,#f56f00
Primecoin,$0.82 XPM,4311891,2014-04-27,#f5e700
Megacoin,$0.82 MEC,18066150,2013-12-29,#d5070e
IOTA,$0.82 MIOTA,2403287505,2017-11-19,#07d5d0
Counterparty,$0.81 XCP,2270112,2015-09-27,#fe3e62
Primecoin,$0.81 XPM,4214371,2014-04-06,#f5e700
Namecoin,$0.81 NMC,4789083,2013-05-19,#4662b4
Monero,$0.81 XMR,4947462,2015-03-29,#f56f00
Monero,$0.81 XMR,9325708,2016-02-14,#f56f00
IOTA,$0.8 MIOTA,2340175490,2017-11-26,#07d5d0
Peercoin,$0.8 PPC,17791584,2014-10-05,#29c249
Vertcoin,$0.8 VTC,3822759,2014-06-08,#0a8031
XRP,$0.8 XRP,32490185241,2018-03-11,#3572c0
Ethereum,$0.79 ETH,52990396,2015-09-27,#3c3c3d
Peercoin,$0.78 PPC,17339576,2014-09-14,#29c249
Eth Classic,$0.78 ETC,67153606,2016-11-27,#19c83b
Peercoin,$0.78 PPC,17229266,2014-11-16,#29c249
Eth Classic,$0.77 ETC,66535433,2016-12-04,#19c83b
Primecoin,$0.77 XPM,1298229,2013-08-25,#f5e700
Factom,$0.77 FCT,6280055,2016-01-10,#349eb7
Primecoin,$0.77 XPM,2119653,2013-11-17,#f5e700
Peercoin,$0.76 PPC,16410856,2014-11-02,#29c249
XRP,$0.75 XRP,28216275976,2017-12-17,#3572c0
Eth Classic,$0.75 ETC,76439027,2016-07-24,#19c83b
Namecoin,$0.75 NMC,4038797,2013-06-02,#4662b4
PayCoin,$0.75 XPY,8837401,2015-03-08,#3572c0
Peercoin,$0.75 PPC,17540559,2014-11-09,#29c249
Primecoin,$0.74 XPM,4031674,2014-05-04,#f5e700
Monero,$0.74 XMR,5313919,2015-03-22,#f56f00
IOTA,$0.74 MIOTA,1981226949,2018-09-02,#07d5d0
WorldCoin,$0.74 WDC,16223772,2013-12-01,#0413c8
Peercoin,$0.74 PPC,15667331,2014-09-07,#29c249
Monero,$0.74 XMR,2960783,2014-10-26,#f56f00
Emercoin,$0.74 EMC,27537996,2016-07-24,#bb9fc6
Primecoin,$0.74 XPM,904374,2013-07-28,#f5e700
Peercoin,$0.73 PPC,16255393,2014-11-30,#29c249
Megacoin,$0.73 MEC,15193598,2014-01-19,#d5070e
Steem,$0.73 STEEM,176353694,2017-05-14,#4600e6
Primecoin,$0.73 XPM,3642410,2014-04-13,#f5e700
Steem,$0.72 STEEM,90055164,2016-09-11,#4600e6
IOTA,$0.72 MIOTA,2245062743,2017-08-13,#07d5d0
Primecoin,$0.72 XPM,2255477,2013-11-10,#f5e700
Namecoin,$0.72 NMC,7634723,2014-12-28,#4662b4
Peercoin,$0.72 PPC,15854608,2014-12-07,#29c249
PayCoin,$0.71 XPY,9831699,2015-02-22,#3572c0
Primecoin,$0.71 XPM,3267290,2014-03-30,#f5e700
Peercoin,$0.71 PPC,15956725,2013-11-17,#29c249
Stellar,$0.71 XLM,12508154526,2018-01-07,#00defa
Digitalcoin,$0.71 DGC,6431610,2013-12-15,#d4a025
Cardano,$0.71 ADA,15897520352,2018-01-21,#2a71d0
Ethereum,$0.71 ETH,42399573,2015-08-09,#3c3c3d
Namecoin,$0.71 NMC,9774992,2015-07-12,#4662b4
Primecoin,$0.71 XPM,1914906,2013-10-20,#f5e700
Peercoin,$0.7 PPC,15989005,2014-11-23,#29c249
Primecoin,$0.7 XPM,1943274,2013-11-03,#f5e700
IOTA,$0.7 MIOTA,2067881586,2017-09-03,#07d5d0
XRP,$0.7 XRP,29225840434,2018-05-13,#3572c0
Monero,$0.69 XMR,4814726,2015-04-19,#f56f00
Primecoin,$0.69 XPM,2332162,2013-10-13,#f5e700
PayCoin,$0.69 XPY,9580083,2015-03-15,#3572c0
Ethereum,$0.69 ETH,49249083,2015-10-04,#3c3c3d
Namecoin,$0.68 NMC,4624533,2013-11-10,#4662b4
Stratis,$0.68 STRAT,66567951,2017-04-16,#00e6cd
XRP,$0.68 XRP,27442540120,2018-05-20,#3572c0
Primecoin,$0.68 XPM,1801599,2013-10-27,#f5e700
Monero,$0.68 XMR,5973861,2015-08-09,#f56f00
Primecoin,$0.68 XPM,4044335,2014-05-25,#f5e700
Namecoin,$0.68 NMC,8699679,2015-07-05,#4662b4
Monero,$0.67 XMR,4669044,2015-03-15,#f56f00
Stellar,$0.67 XLM,11286324603,2018-01-14,#00defa
Factom,$0.67 FCT,5646931,2016-01-03,#349eb7
Namecoin,$0.67 NMC,4320532,2013-08-18,#4662b4
XRP,$0.66 XRP,23080600594,2018-06-10,#3572c0
Peercoin,$0.66 PPC,14620103,2014-12-14,#29c249
Namecoin,$0.66 NMC,4578179,2013-11-17,#4662b4
NEM,$0.66 XEM,6190442999,2017-12-17,#0fc78a
Megacoin,$0.66 MEC,13184008,2014-01-26,#d5070e
Terracoin,$0.65 TRC,1503099,2013-04-28,#0b7f33
CloakCoin,$0.65 CLOAK,4246357,2014-07-27,#f54019
PayCoin,$0.65 XPY,9042473,2015-03-22,#3572c0
Namecoin,$0.64 NMC,4222475,2013-08-11,#4662b4
Monero,$0.64 XMR,3268074,2014-11-09,#f56f00
XRP,$0.64 XRP,26339108357,2018-06-03,#3572c0
Cardano,$0.64 ADA,18659583031,2017-12-31,#2a71d0
Primecoin,$0.64 XPM,889983,2013-08-04,#f5e700
Monero,$0.64 XMR,3051899,2014-11-16,#f56f00
XRP,$0.64 XRP,25093607148,2018-03-25,#3572c0
Namecoin,$0.64 NMC,7742462,2015-07-26,#4662b4
XRP,$0.63 XRP,26702637741,2018-04-15,#3572c0
XRP,$0.63 XRP,25752723731,2018-03-18,#3572c0
Megacoin,$0.63 MEC,14452783,2014-02-02,#d5070e
PayCoin,$0.63 XPY,8547194,2015-03-29,#3572c0
Golem,$0.63 GNT,468100315,2017-06-25,#151372
WorldCoin,$0.63 WDC,22368303,2013-12-15,#0413c8
Ethereum,$0.63 ETH,46897253,2015-10-11,#3c3c3d
NEM,$0.63 XEM,4957829999,2018-02-04,#0fc78a
IOTA,$0.63 MIOTA,1650251602,2017-11-12,#07d5d0
Namecoin,$0.62 NMC,3844312,2013-08-04,#4662b4
IOTA,$0.62 MIOTA,1696022127,2017-10-01,#07d5d0
Golem,$0.62 GNT,480179200,2017-06-18,#151372
Cardano,$0.62 ADA,17378552403,2018-01-28,#2a71d0
Namecoin,$0.62 NMC,7263740,2015-07-19,#4662b4
Monero,$0.62 XMR,6721419,2016-01-24,#f56f00
Stellar,$0.62 XLM,11335884854,2018-01-28,#00defa
Namecoin,$0.61 NMC,3939436,2013-08-25,#4662b4
Namecoin,$0.61 NMC,4250852,2013-10-13,#4662b4
Monero,$0.61 XMR,5547215,2015-08-16,#f56f00
Namecoin,$0.61 NMC,3311798,2013-06-09,#4662b4
XRP,$0.61 XRP,23822837083,2018-05-27,#3572c0
IOTA,$0.61 MIOTA,1698782200,2018-09-23,#07d5d0
Namecoin,$0.61 NMC,7363747,2015-08-02,#4662b4
Namecoin,$0.61 NMC,3755530,2013-07-28,#4662b4
Peercoin,$0.6 PPC,15476472,2015-07-12,#29c249
Steem,$0.6 STEEM,93660531,2016-09-25,#4600e6
Monero,$0.6 XMR,4285731,2015-05-17,#f56f00
NEM,$0.6 XEM,4773662999,2018-02-18,#0fc78a
Peercoin,$0.59 PPC,12720287,2013-11-10,#29c249
Namecoin,$0.59 NMC,6074432,2015-01-04,#4662b4
Golem,$0.59 GNT,476921069,2017-06-11,#151372
Terracoin,$0.59 TRC,1367162,2013-05-05,#0b7f33
NEM,$0.59 XEM,4757759999,2018-02-11,#0fc78a
Namecoin,$0.59 NMC,3927497,2013-09-15,#4662b4
Monero,$0.59 XMR,5475627,2015-08-02,#f56f00
Monero,$0.59 XMR,2548848,2014-11-02,#f56f00
Namecoin,$0.58 NMC,3845496,2013-09-08,#4662b4
Peercoin,$0.58 PPC,12354537,2014-12-21,#29c249
Namecoin,$0.58 NMC,3689123,2013-09-01,#4662b4
Peercoin,$0.58 PPC,12955658,2014-12-28,#29c249
XRP,$0.58 XRP,22718597839,2018-09-23,#3572c0
Primecoin,$0.57 XPM,1167915,2013-09-01,#f5e700
IOTA,$0.57 MIOTA,1608425230,2018-09-16,#07d5d0
Monero,$0.57 XMR,2776543,2014-11-30,#f56f00
Namecoin,$0.57 NMC,3801056,2013-09-22,#4662b4
Monero,$0.57 XMR,5069282,2015-07-26,#f56f00
XRP,$0.57 XRP,23187803288,2018-09-30,#3572c0
IOTA,$0.57 MIOTA,1590149818,2018-10-07,#07d5d0
Namecoin,$0.57 NMC,5619924,2015-01-11,#4662b4
IOTA,$0.56 MIOTA,1576855325,2018-09-30,#07d5d0
Monero,$0.56 XMR,4105181,2015-04-26,#f56f00
Ethereum,$0.56 ETH,45716387,2015-10-25,#3c3c3d
Namecoin,$0.56 NMC,3329217,2013-06-23,#4662b4
IOTA,$0.56 MIOTA,1377554665,2017-09-10,#07d5d0
Primecoin,$0.56 XPM,3452775,2014-06-01,#f5e700
Namecoin,$0.56 NMC,3921038,2013-10-06,#4662b4
Namecoin,$0.56 NMC,3241519,2013-07-14,#4662b4
Monero,$0.55 XMR,4920218,2015-08-23,#f56f00
Ethereum,$0.55 ETH,38329702,2015-10-18,#3c3c3d
Peercoin,$0.55 PPC,12309451,2015-07-26,#29c249
Mincoin,$0.54 MNC,752031,2013-11-03,#ababab
IOTA,$0.54 MIOTA,1587931753,2018-08-26,#07d5d0
IOTA,$0.54 MIOTA,1449188719,2017-09-24,#07d5d0
Monero,$0.54 XMR,5295268,2015-07-12,#f56f00
Monero,$0.54 XMR,4286720,2015-06-21,#f56f00
Namecoin,$0.54 NMC,6477815,2015-01-25,#4662b4
Monero,$0.54 XMR,2525805,2014-11-23,#f56f00
XRP,$0.54 XRP,20729997855,2018-06-17,#3572c0
IOTA,$0.53 MIOTA,1389854086,2017-10-08,#07d5d0
Stellar,$0.53 XLM,8304227685,2018-01-21,#00defa
Steem,$0.53 STEEM,44511090,2016-07-10,#4600e6
IOTA,$0.53 MIOTA,1551289205,2018-09-09,#07d5d0
Monero,$0.53 XMR,5295954,2016-01-03,#f56f00
Namecoin,$0.53 NMC,5160060,2015-02-15,#4662b4
Namecoin,$0.53 NMC,6483351,2015-08-09,#4662b4
Namecoin,$0.53 NMC,4196110,2013-11-03,#4662b4
Steem,$0.53 STEEM,77235423,2016-09-18,#4600e6
Monero,$0.53 XMR,4613332,2015-07-19,#f56f00
Monero,$0.53 XMR,4140602,2015-06-07,#f56f00
Namecoin,$0.53 NMC,6167439,2015-08-16,#4662b4
IOTA,$0.53 MIOTA,1499462084,2018-08-12,#07d5d0
WorldCoin,$0.52 WDC,26148385,2013-12-08,#0413c8
Peercoin,$0.52 PPC,11483231,2015-07-19,#29c249
Primecoin,$0.52 XPM,1015902,2013-09-08,#f5e700
Monero,$0.52 XMR,4287549,2015-05-10,#f56f00
IOTA,$0.51 MIOTA,1308994771,2017-06-25,#07d5d0
XRP,$0.51 XRP,18964009158,2018-04-01,#3572c0
Peercoin,$0.51 PPC,12764804,2015-07-05,#29c249
Namecoin,$0.51 NMC,5885435,2015-12-20,#4662b4
Namecoin,$0.51 NMC,2995224,2013-06-30,#4662b4
Namecoin,$0.51 NMC,3517489,2013-09-29,#4662b4
Monero,$0.51 XMR,3061323,2014-12-28,#f56f00
Monero,$0.51 XMR,4376931,2015-07-05,#f56f00
XRP,$0.51 XRP,20340489540,2018-11-11,#3572c0
Namecoin,$0.51 NMC,5681491,2015-06-21,#4662b4
Namecoin,$0.5 NMC,5375613,2015-03-08,#4662b4
Peercoin,$0.5 PPC,9526224,2013-10-06,#29c249
Namecoin,$0.5 NMC,2962843,2013-07-21,#4662b4
Monero,$0.5 XMR,4561464,2015-09-20,#f56f00
Namecoin,$0.5 NMC,5072968,2015-02-22,#4662b4
PayCoin,$0.5 XPY,7337469,2015-04-05,#3572c0
Namecoin,$0.5 NMC,5797070,2015-06-28,#4662b4
Monero,$0.5 XMR,3705589,2015-05-03,#f56f00
IOTA,$0.49 MIOTA,1369866484,2018-10-21,#07d5d0
Peercoin,$0.49 PPC,11475468,2015-08-02,#29c249
IOTA,$0.49 MIOTA,1501463345,2018-08-19,#07d5d0
XRP,$0.49 XRP,20557640500,2018-11-18,#3572c0
XRP,$0.49 XRP,18757593701,2018-07-08,#3572c0
XRP,$0.49 XRP,18734923547,2018-06-24,#3572c0
Namecoin,$0.49 NMC,5475051,2015-03-01,#4662b4
Peercoin,$0.49 PPC,11885863,2016-03-13,#29c249
XRP,$0.49 XRP,19250425338,2018-10-07,#3572c0
Monero,$0.49 XMR,3901196,2015-06-28,#f56f00
XRP,$0.49 XRP,19562819931,2018-04-08,#3572c0
Monero,$0.49 XMR,4006123,2015-06-14,#f56f00
WorldCoin,$0.49 WDC,19546846,2013-12-29,#0413c8
IOTA,$0.49 MIOTA,1344675601,2018-10-14,#07d5d0
Peercoin,$0.49 PPC,11679601,2016-02-21,#29c249
Megacoin,$0.49 MEC,11094808,2013-12-22,#d5070e
IOTA,$0.49 MIOTA,1341982236,2018-11-11,#07d5d0
Peercoin,$0.48 PPC,10115674,2015-01-04,#29c249
IOTA,$0.48 MIOTA,1381554409,2017-09-17,#07d5d0
Auroracoin,$0.48 AUR,4133401,2014-04-27,#258860
Steem,$0.48 STEEM,18676994,2016-05-29,#4600e6
Monero,$0.48 XMR,4653004,2015-09-06,#f56f00
Stellar,$0.48 XLM,8317764784,2018-02-18,#00defa
IOTA,$0.48 MIOTA,1337151413,2018-10-28,#07d5d0
Namecoin,$0.48 NMC,5320527,2015-03-15,#4662b4
IOTA,$0.48 MIOTA,1380737227,2018-11-04,#07d5d0
Monero,$0.48 XMR,4188083,2015-08-30,#f56f00
Namecoin,$0.48 NMC,5060307,2015-02-08,#4662b4
Megacoin,$0.47 MEC,11582576,2014-02-09,#d5070e
Monero,$0.47 XMR,5295518,2015-12-20,#f56f00
Peercoin,$0.47 PPC,11028582,2016-02-28,#29c249
Auroracoin,$0.47 AUR,5013650,2014-05-04,#258860
Monero,$0.47 XMR,3737639,2015-05-24,#f56f00
Namecoin,$0.47 NMC,5252073,2015-02-01,#4662b4
Peercoin,$0.47 PPC,10966892,2016-03-27,#29c249
Monero,$0.47 XMR,2316421,2015-01-04,#f56f00
Factom,$0.47 FCT,3973899,2015-12-27,#349eb7
XRP,$0.47 XRP,18113882700,2018-07-01,#3572c0
Peercoin,$0.47 PPC,10664865,2016-03-20,#29c249
Monero,$0.47 XMR,3200805,2015-03-08,#f56f00
Monero,$0.46 XMR,4304320,2015-09-13,#f56f00
Freicoin,$0.46 FRC,10905462,2013-12-01,#75736c
Peercoin,$0.46 PPC,9605540,2015-12-20,#29c249
Auroracoin,$0.46 AUR,4569026,2014-05-11,#258860
WorldCoin,$0.46 WDC,18084843,2014-01-05,#0413c8
Peercoin,$0.46 PPC,10663724,2016-02-14,#29c249
Namecoin,$0.46 NMC,3329029,2013-10-20,#4662b4
Namecoin,$0.46 NMC,6074053,2015-12-13,#4662b4
Namecoin,$0.46 NMC,5528709,2015-11-08,#4662b4
Namecoin,$0.46 NMC,6310508,2015-11-29,#4662b4
Golem,$0.46 GNT,395861847,2017-06-04,#151372
XRP,$0.46 XRP,18266679643,2018-10-21,#3572c0
IOTA,$0.46 MIOTA,1218626682,2017-10-15,#07d5d0
Peercoin,$0.46 PPC,10757862,2016-03-06,#29c249
XRP,$0.46 XRP,18591270891,2018-10-28,#3572c0
XRP,$0.46 XRP,17822035214,2018-07-29,#3572c0
Iconomi,$0.46 ICN,38770071,2017-02-05,#218c50
Peercoin,$0.46 PPC,10948176,2016-06-19,#29c249
Monero,$0.46 XMR,4818949,2015-12-13,#f56f00
XRP,$0.46 XRP,18602729463,2018-11-04,#3572c0
Namecoin,$0.46 NMC,2598102,2013-07-07,#4662b4
XRP,$0.46 XRP,17664969058,2018-07-22,#3572c0
Lisk,$0.45 LSK,42187100,2016-06-12,#181174
Feathercoin,$0.45 FTC,2017433,2013-05-05,#605379
Peercoin,$0.45 PPC,10402591,2015-08-09,#29c249
Monero,$0.45 XMR,4960733,2015-11-08,#f56f00
Golem,$0.45 GNT,389886466,2017-07-02,#151372
Monero,$0.45 XMR,4746216,2015-12-27,#f56f00
Lisk,$0.45 LSK,48962800,2016-06-05,#181174
WorldCoin,$0.45 WDC,16296931,2014-01-12,#0413c8
Monero,$0.45 XMR,3559305,2015-05-31,#f56f00
Steem,$0.45 STEEM,71450177,2016-10-02,#4600e6
Steem,$0.45 STEEM,15118949,2016-05-22,#4600e6
Monero,$0.45 XMR,4145902,2015-09-27,#f56f00
NEM,$0.44 XEM,3545694000,2017-12-10,#0fc78a
Monero,$0.44 XMR,2377440,2014-12-07,#f56f00
Peercoin,$0.44 PPC,9755138,2015-08-16,#29c249
Iconomi,$0.44 ICN,34372743,2017-02-12,#218c50
Namecoin,$0.44 NMC,5275740,2015-01-18,#4662b4
Peercoin,$0.44 PPC,10137533,2016-05-08,#29c249
XRP,$0.44 XRP,17506888525,2018-07-15,#3572c0
Namecoin,$0.44 NMC,5066936,2015-03-22,#4662b4
Feathercoin,$0.44 FTC,11783586,2013-12-15,#605379
Peercoin,$0.44 PPC,9690654,2015-12-13,#29c249
Peercoin,$0.44 PPC,9846450,2016-04-17,#29c249
Emercoin,$0.44 EMC,17914287,2016-07-10,#bb9fc6
Namecoin,$0.44 NMC,5500777,2015-12-06,#4662b4
Namecoin,$0.43 NMC,3223965,2013-10-27,#4662b4
Peercoin,$0.43 PPC,9929501,2016-05-01,#29c249
Cardano,$0.43 ADA,9834215636,2018-02-04,#2a71d0
Stellar,$0.43 XLM,7669220382,2018-05-06,#00defa
Peercoin,$0.43 PPC,9395276,2015-11-08,#29c249
Stellar,$0.43 XLM,8513162207,2018-04-29,#00defa
Peercoin,$0.43 PPC,9733345,2016-04-10,#29c249
XRP,$0.43 XRP,17041919018,2018-08-05,#3572c0
NEM,$0.43 XEM,3766716000,2018-05-06,#0fc78a
Monero,$0.43 XMR,3984856,2015-10-18,#f56f00
Stellar,$0.43 XLM,6954714441,2018-02-04,#00defa
Monero,$0.43 XMR,4328674,2015-11-15,#f56f00
Peercoin,$0.42 PPC,9756969,2016-01-03,#29c249
Steem,$0.42 STEEM,17589446,2016-06-05,#4600e6
Peercoin,$0.42 PPC,9746273,2016-01-31,#29c249
Namecoin,$0.42 NMC,6073342,2016-01-03,#4662b4
Peercoin,$0.42 PPC,9212805,2015-06-28,#29c249
Feathercoin,$0.42 FTC,12636808,2014-01-05,#605379
NEM,$0.42 XEM,3843045000,2018-04-29,#0fc78a
IOTA,$0.42 MIOTA,1128105720,2017-06-18,#07d5d0
Peercoin,$0.42 PPC,8857456,2015-06-21,#29c249
Namecoin,$0.42 NMC,4504156,2015-03-29,#4662b4
Namecoin,$0.42 NMC,5675444,2016-01-10,#4662b4
Steem,$0.42 STEEM,7814065,2016-05-01,#4600e6
Peercoin,$0.42 PPC,8257889,2015-02-15,#29c249
XRP,$0.42 XRP,16130485985,2018-10-14,#3572c0
Cardano,$0.42 ADA,9997945087,2018-02-18,#2a71d0
Peercoin,$0.42 PPC,10214179,2016-04-24,#29c249
Peercoin,$0.42 PPC,9525069,2016-01-10,#29c249
Cardano,$0.42 ADA,10112309395,2017-12-24,#2a71d0
Peercoin,$0.42 PPC,10557230,2015-11-29,#29c249
Megacoin,$0.42 MEC,9263669,2014-02-23,#d5070e
Bullion,$0.41 CBX,472541,2013-11-10,#0ed7e1
Peercoin,$0.41 PPC,9445945,2015-12-06,#29c249
Bullion,$0.41 CBX,356814,2013-10-20,#0ed7e1
IOTA,$0.41 MIOTA,1146975951,2018-11-18,#07d5d0
Peercoin,$0.41 PPC,8714695,2015-01-11,#29c249
Namecoin,$0.41 NMC,4790633,2015-08-23,#4662b4
Peercoin,$0.41 PPC,9664845,2016-02-07,#29c249
Namecoin,$0.41 NMC,5068506,2015-09-06,#4662b4
Monero,$0.41 XMR,3825369,2015-10-04,#f56f00
Namecoin,$0.41 NMC,5541080,2015-12-27,#4662b4
IOTA,$0.41 MIOTA,1198372245,2017-08-06,#07d5d0
Stellar,$0.41 XLM,6820022864,2018-02-11,#00defa
Peercoin,$0.41 PPC,9427561,2016-01-17,#29c249
Peercoin,$0.41 PPC,8371551,2013-10-13,#29c249
Peercoin,$0.41 PPC,9872344,2015-12-27,#29c249
Cardano,$0.41 ADA,9587026946,2018-02-11,#2a71d0
NEM,$0.41 XEM,3587796000,2018-02-25,#0fc78a
Peercoin,$0.4 PPC,8713425,2015-03-08,#29c249
Peercoin,$0.4 PPC,9447250,2016-05-15,#29c249
Megacoin,$0.4 MEC,8648522,2014-02-16,#d5070e
Namecoin,$0.4 NMC,5046014,2015-08-30,#4662b4
Monero,$0.4 XMR,4187534,2015-11-01,#f56f00
Peercoin,$0.4 PPC,8828480,2015-03-15,#29c249
Namecoin,$0.4 NMC,2313383,2013-06-16,#4662b4
Namecoin,$0.4 NMC,5365110,2016-01-31,#4662b4
Terracoin,$0.4 TRC,954263,2013-05-12,#0b7f33
Steem,$0.4 STEEM,123885817,2017-05-07,#4600e6
Bullion,$0.4 CBX,346840,2013-10-13,#0ed7e1
Waves,$0.4 WAVES,39035000,2016-11-13,#00aaeb
Iconomi,$0.4 ICN,34393014,2017-01-22,#218c50
Namecoin,$0.4 NMC,5261464,2016-01-17,#4662b4
Namecoin,$0.4 NMC,4424021,2015-04-05,#4662b4
IOTA,$0.4 MIOTA,1122151966,2017-10-29,#07d5d0
Monero,$0.4 XMR,3991878,2015-10-25,#f56f00
Peercoin,$0.39 PPC,9558432,2016-01-24,#29c249
Peercoin,$0.39 PPC,8677776,2015-11-01,#29c249
Namecoin,$0.39 NMC,4918071,2015-11-15,#4662b4
IOTA,$0.39 MIOTA,1062472671,2017-07-02,#07d5d0
Iconomi,$0.39 ICN,34456959,2017-01-29,#218c50
IOTA,$0.39 MIOTA,1091082376,2017-10-22,#07d5d0
Namecoin,$0.39 NMC,5437708,2016-01-24,#4662b4
Namecoin,$0.39 NMC,4955225,2015-11-22,#4662b4
Peercoin,$0.39 PPC,8269006,2013-11-03,#29c249
Anoncoin,$0.39 ANC,174151,2013-09-01,#ef0b2e
Peercoin,$0.39 PPC,8120220,2015-02-22,#29c249
Monero,$0.39 XMR,3670204,2015-10-11,#f56f00
Namecoin,$0.39 NMC,5038320,2015-11-01,#4662b4
NEM,$0.39 XEM,3474819000,2018-04-22,#0fc78a
Peercoin,$0.39 PPC,7250189,2013-04-28,#29c249
Cardano,$0.39 ADA,13300872384,2017-12-17,#2a71d0
Peercoin,$0.39 PPC,8394545,2015-11-15,#29c249
Peercoin,$0.39 PPC,8853994,2015-09-20,#29c249
Peercoin,$0.39 PPC,10105328,2015-01-25,#29c249
Peercoin,$0.38 PPC,8763157,2015-10-11,#29c249
Steem,$0.38 STEEM,58937316,2016-10-09,#4600e6
Steem,$0.38 STEEM,20207248,2016-06-12,#4600e6
Namecoin,$0.38 NMC,4869128,2015-09-20,#4662b4
Peercoin,$0.38 PPC,8569209,2015-03-01,#29c249
Peercoin,$0.38 PPC,8549553,2015-11-22,#29c249
Namecoin,$0.38 NMC,4679819,2015-09-27,#4662b4
Peercoin,$0.38 PPC,8968002,2016-05-29,#29c249
Peercoin,$0.38 PPC,8309441,2015-10-18,#29c249
NEM,$0.38 XEM,3209859000,2018-03-04,#0fc78a
Feathercoin,$0.38 FTC,10222182,2014-01-12,#605379
Iconomi,$0.38 ICN,29958189,2017-03-12,#218c50
Peercoin,$0.38 PPC,8621197,2015-09-27,#29c249
Terracoin,$0.38 TRC,934992,2013-05-19,#0b7f33
Primecoin,$0.38 XPM,828381,2013-09-29,#f5e700
Steem,$0.38 STEEM,10920353,2016-05-15,#4600e6
Namecoin,$0.38 NMC,4763839,2015-10-11,#4662b4
WorldCoin,$0.38 WDC,14089208,2013-12-22,#0413c8
Stellar,$0.38 XLM,6836209709,2018-04-22,#00defa
XRP,$0.37 XRP,15104646163,2018-11-25,#3572c0
Peercoin,$0.37 PPC,8496702,2015-10-04,#29c249
Startcoin,$0.37 START,10705027,2014-06-15,#00e6cd
Auroracoin,$0.37 AUR,4060137,2014-05-18,#258860
Emercoin,$0.37 EMC,12278976,2016-03-27,#bb9fc6
Namecoin,$0.37 NMC,4664042,2015-10-04,#4662b4
IOTA,$0.37 MIOTA,973069080,2017-11-05,#07d5d0
Peercoin,$0.37 PPC,8418961,2016-06-05,#29c249
Feathercoin,$0.37 FTC,10211316,2014-01-26,#605379
Namecoin,$0.37 NMC,4465057,2015-09-13,#4662b4
Cardano,$0.37 ADA,9075019157,2018-05-06,#2a71d0
MonaCoin,$0.36 MONA,4866356,2014-08-03,#d4b9c2
Bullion,$0.36 CBX,263311,2013-09-22,#0ed7e1
Namecoin,$0.36 NMC,4585857,2015-10-18,#4662b4
Peercoin,$0.36 PPC,7935258,2015-08-30,#29c249
Cardano,$0.36 ADA,9464858589,2018-04-29,#2a71d0
Peercoin,$0.36 PPC,9029825,2016-06-12,#29c249
Stellar,$0.36 XLM,6981954503,2018-05-13,#00defa
Peercoin,$0.36 PPC,7653411,2015-08-23,#29c249
Lisk,$0.36 LSK,32354800,2016-06-26,#181174
Namecoin,$0.36 NMC,3996583,2015-05-24,#4662b4
BitShares,$0.36 BTS,1020272305,2017-06-11,#0ed7e1
Iconomi,$0.35 ICN,31240569,2017-01-15,#218c50
Stellar,$0.35 XLM,6598592820,2018-02-25,#00defa
WorldCoin,$0.35 WDC,14103450,2014-01-26,#0413c8
Peercoin,$0.35 PPC,8324850,2015-09-06,#29c249
Stellar,$0.35 XLM,6684166251,2018-03-04,#00defa
Lisk,$0.35 LSK,37733700,2016-05-29,#181174
Peercoin,$0.35 PPC,8221049,2015-03-22,#29c249
XRP,$0.35 XRP,12954677858,2017-05-21,#3572c0
Namecoin,$0.35 NMC,4439622,2015-10-25,#4662b4
Peercoin,$0.35 PPC,7585957,2015-09-13,#29c249
Waves,$0.35 WAVES,36827900,2016-11-06,#00aaeb
Lisk,$0.35 LSK,36306300,2016-06-19,#181174
XRP,$0.35 XRP,13581089398,2018-09-02,#3572c0
Waves,$0.35 WAVES,35374300,2016-10-30,#00aaeb
Primecoin,$0.35 XPM,112817,2013-07-14,#f5e700
Peercoin,$0.34 PPC,7434525,2015-02-01,#29c249
Golem,$0.34 GNT,396547316,2017-05-28,#151372
Terracoin,$0.34 TRC,842448,2013-05-26,#0b7f33
Bullion,$0.34 CBX,250854,2013-09-15,#0ed7e1
Peercoin,$0.34 PPC,8140849,2015-10-25,#29c249
NEM,$0.34 XEM,3153411000,2018-03-11,#0fc78a
BitShares,$0.34 BTS,845947742,2017-06-18,#0ed7e1
Peercoin,$0.34 PPC,7160929,2015-03-29,#29c249
Primecoin,$0.34 XPM,807007,2013-10-06,#f5e700
WorldCoin,$0.34 WDC,14244148,2014-01-19,#0413c8
Feathercoin,$0.33 FTC,9589252,2013-12-29,#605379
Feathercoin,$0.33 FTC,11388194,2013-12-08,#605379
Namecoin,$0.33 NMC,3805865,2015-05-31,#4662b4
NEM,$0.33 XEM,3204252000,2018-05-13,#0fc78a
Iconomi,$0.33 ICN,30215622,2017-02-19,#218c50
Peercoin,$0.33 PPC,7377605,2015-04-05,#29c249
Emercoin,$0.33 EMC,12050993,2016-04-03,#bb9fc6
Peercoin,$0.33 PPC,6537223,2015-05-31,#29c249
Peercoin,$0.33 PPC,7089298,2015-02-08,#29c249
Namecoin,$0.33 NMC,3775471,2015-04-19,#4662b4
XRP,$0.33 XRP,12797087412,2018-08-26,#3572c0
XRP,$0.33 XRP,13543239224,2018-08-19,#3572c0
Emercoin,$0.33 EMC,15052116,2016-07-03,#bb9fc6
Namecoin,$0.32 NMC,3535172,2015-04-26,#4662b4
MaidSafeCoin,$0.32 MAID,157857522,2017-05-14,#437db6
Peercoin,$0.32 PPC,7732709,2015-05-24,#29c249
Bullion,$0.32 CBX,258742,2013-09-29,#0ed7e1
Namecoin,$0.32 NMC,3755169,2015-04-12,#4662b4
WorldCoin,$0.32 WDC,14181230,2014-02-02,#0413c8
Lisk,$0.32 LSK,31546200,2016-07-17,#181174
Cardano,$0.32 ADA,8919767858,2018-02-25,#2a71d0
Namecoin,$0.32 NMC,3945225,2015-06-14,#4662b4
Iconomi,$0.32 ICN,30194829,2017-01-08,#218c50
Anoncoin,$0.32 ANC,174477,2013-09-22,#ef0b2e
Peercoin,$0.32 PPC,7776363,2013-10-27,#29c249
Feathercoin,$0.32 FTC,9798792,2014-01-19,#605379
Stellar,$0.32 XLM,6442729108,2017-12-31,#00defa
Stellar,$0.32 XLM,6182647215,2018-05-20,#00defa
Megacoin,$0.32 MEC,6249718,2014-03-02,#d5070e
Stellar,$0.32 XLM,5787857132,2018-07-29,#00defa
Primecoin,$0.32 XPM,665548,2013-09-22,#f5e700
Namecoin,$0.31 NMC,3645399,2015-05-03,#4662b4
Primecoin,$0.31 XPM,722531,2013-09-15,#f5e700
BitShares,$0.31 BTS,777821923,2017-06-25,#0ed7e1
Namecoin,$0.31 NMC,3644561,2015-06-07,#4662b4
Lisk,$0.31 LSK,28723800,2016-07-24,#181174
Namecoin,$0.31 NMC,3582345,2015-05-10,#4662b4
Lisk,$0.31 LSK,30140600,2016-07-03,#181174
XRP,$0.31 XRP,11427030819,2017-06-25,#3572c0
Peercoin,$0.31 PPC,7047109,2015-01-18,#29c249
Peercoin,$0.31 PPC,6650542,2013-10-20,#29c249
Peercoin,$0.31 PPC,7290453,2015-06-14,#29c249
Iconomi,$0.31 ICN,29514315,2017-02-26,#218c50
Feathercoin,$0.31 FTC,9240491,2014-02-02,#605379
Iconomi,$0.31 ICN,30185868,2017-03-05,#218c50
Iconomi,$0.31 ICN,26381271,2017-01-01,#218c50
NEM,$0.31 XEM,2892582000,2018-05-20,#0fc78a
Waves,$0.31 WAVES,27726300,2016-11-20,#00aaeb
NEM,$0.31 XEM,3225222000,2018-04-15,#0fc78a
Namecoin,$0.31 NMC,3566311,2015-05-17,#4662b4
Steem,$0.3 STEEM,20068863,2016-06-19,#4600e6
Bullion,$0.3 CBX,282232,2013-10-06,#0ed7e1
XRP,$0.3 XRP,11706253644,2018-08-12,#3572c0
Bullion,$0.3 CBX,255980,2013-09-08,#0ed7e1
Stellar,$0.3 XLM,5627962542,2018-06-03,#00defa
XRP,$0.3 XRP,11563837246,2017-06-04,#3572c0
NEM,$0.3 XEM,2765376000,2017-09-03,#0fc78a
IOTA,$0.3 MIOTA,841889148,2017-07-09,#07d5d0
Peercoin,$0.3 PPC,5718443,2013-05-05,#29c249
Peercoin,$0.3 PPC,6397577,2015-06-07,#29c249
Cardano,$0.3 ADA,7798525766,2018-03-04,#2a71d0
Mincoin,$0.29 MNC,118657,2013-05-05,#ababab
MaidSafeCoin,$0.29 MAID,146606617,2017-05-07,#437db6
Stellar,$0.29 XLM,5627534242,2018-03-11,#00defa
Stellar,$0.29 XLM,5321007291,2018-07-22,#00defa
Iconomi,$0.29 ICN,29921649,2016-12-25,#218c50
Cardano,$0.29 ADA,7403086086,2018-04-22,#2a71d0
Stellar,$0.28 XLM,5134532368,2018-05-27,#00defa
Lisk,$0.28 LSK,31119100,2016-08-21,#181174
NEM,$0.28 XEM,2535831000,2018-03-18,#0fc78a
Stellar,$0.28 XLM,4607292734,2018-06-10,#00defa
XRP,$0.28 XRP,11192956724,2018-09-16,#3572c0
Lisk,$0.28 LSK,26908700,2016-07-31,#181174
Lisk,$0.28 LSK,29568900,2016-07-10,#181174
IOTA,$0.28 MIOTA,799101059,2018-11-25,#07d5d0
NEM,$0.28 XEM,2599902000,2018-03-25,#0fc78a
XRP,$0.28 XRP,11049704672,2018-09-09,#3572c0
NEM,$0.28 XEM,2316051000,2017-08-13,#0fc78a
IOTA,$0.28 MIOTA,708182623,2017-07-30,#07d5d0
Waves,$0.28 WAVES,31363000,2016-10-23,#00aaeb
IOTA,$0.27 MIOTA,747893772,2017-07-23,#07d5d0
Cardano,$0.27 ADA,7412290196,2018-05-13,#2a71d0
NEM,$0.27 XEM,2471769000,2017-08-27,#0fc78a
Feathercoin,$0.27 FTC,5557748,2013-11-24,#605379
Terracoin,$0.27 TRC,662839,2013-06-02,#0b7f33
XRP,$0.27 XRP,10897411230,2017-06-18,#3572c0
Feathercoin,$0.27 FTC,9195537,2014-02-23,#605379
NEM,$0.27 XEM,2312775000,2017-09-10,#0fc78a
Emercoin,$0.27 EMC,10612957,2016-04-10,#bb9fc6
Mincoin,$0.27 MNC,451089,2013-10-13,#ababab
NEM,$0.26 XEM,2375766000,2018-06-03,#0fc78a
Lisk,$0.26 LSK,25840400,2016-08-28,#181174
Steem,$0.26 STEEM,45754081,2016-10-16,#4600e6
Peercoin,$0.26 PPC,5418260,2013-09-29,#29c249
Feathercoin,$0.26 FTC,8293352,2014-02-16,#605379
Stellar,$0.26 XLM,5181328059,2018-11-11,#00defa
MaidSafeCoin,$0.26 MAID,114767744,2017-04-30,#437db6
NEM,$0.26 XEM,2310552000,2018-05-27,#0fc78a
XRP,$0.26 XRP,10453865432,2017-06-11,#3572c0
Lisk,$0.26 LSK,25516900,2016-09-18,#181174
Peercoin,$0.26 PPC,4585556,2013-05-12,#29c249
XRP,$0.26 XRP,10171671239,2017-10-15,#3572c0
Lisk,$0.26 LSK,23917400,2016-08-14,#181174
XRP,$0.26 XRP,9754514905,2017-12-03,#3572c0
XRP,$0.25 XRP,9934662271,2017-07-02,#3572c0
Stellar,$0.25 XLM,4877853750,2018-09-30,#00defa
Golem,$0.25 GNT,197684780,2017-05-07,#151372
NEM,$0.25 XEM,2442969000,2017-08-20,#0fc78a
Golem,$0.25 GNT,261157775,2017-05-21,#151372
Mincoin,$0.25 MNC,457337,2013-11-10,#ababab
Peercoin,$0.25 PPC,5539538,2015-04-12,#29c249
Lisk,$0.25 LSK,24493900,2016-09-11,#181174
XRP,$0.25 XRP,9610065370,2017-11-26,#3572c0
Feathercoin,$0.25 FTC,7045556,2013-12-22,#605379
Peercoin,$0.25 PPC,5652601,2015-05-17,#29c249
NEM,$0.25 XEM,2483235000,2017-12-03,#0fc78a
Stellar,$0.25 XLM,5395711197,2018-04-15,#00defa
Waves,$0.25 WAVES,22132200,2017-01-01,#00aaeb
Emercoin,$0.25 EMC,8862570,2016-01-31,#bb9fc6
Bullion,$0.25 CBX,243762,2013-10-27,#0ed7e1
VeriCoin,$0.25 VRC,7000128,2014-06-29,#0a8031
PayCoin,$0.25 XPY,2805443,2015-04-12,#3572c0
BlackCoin,$0.25 BLK,15261420,2014-06-01,#dcad38
Waves,$0.25 WAVES,23771700,2016-12-04,#00aaeb
Megacoin,$0.25 MEC,5712717,2014-03-09,#d5070e
NEM,$0.25 XEM,1951443000,2018-06-10,#0fc78a
Emercoin,$0.25 EMC,9146559,2016-04-17,#bb9fc6
Lisk,$0.25 LSK,24672300,2016-09-25,#181174
Emercoin,$0.25 EMC,7754920,2016-01-17,#bb9fc6
XRP,$0.25 XRP,9194077464,2017-12-10,#3572c0
Emercoin,$0.25 EMC,8950230,2016-02-21,#bb9fc6
Waves,$0.25 WAVES,24091600,2017-02-19,#00aaeb
Stellar,$0.24 XLM,4811436295,2018-11-18,#00defa
Waves,$0.24 WAVES,23909500,2017-01-29,#00aaeb
Stellar,$0.24 XLM,4566989754,2018-10-21,#00defa
Lisk,$0.24 LSK,24339300,2016-09-04,#181174
Cardano,$0.24 ADA,6640856139,2018-05-20,#2a71d0
Mincoin,$0.24 MNC,259347,2013-11-17,#ababab
Waves,$0.24 WAVES,25004500,2017-02-12,#00aaeb
Stellar,$0.24 XLM,4610267780,2018-10-07,#00defa
VeriCoin,$0.24 VRC,6146651,2014-07-06,#0a8031
Waves,$0.24 WAVES,24954300,2017-01-22,#00aaeb
Stellar,$0.24 XLM,4584035686,2018-08-05,#00defa
Waves,$0.24 WAVES,22850300,2016-12-18,#00aaeb
Stellar,$0.24 XLM,5288807424,2018-09-23,#00defa
Quark,$0.24 QRK,61041427,2013-12-01,#236bb3
XRP,$0.24 XRP,10805038460,2017-10-08,#3572c0
XRP,$0.24 XRP,8937822572,2017-07-09,#3572c0
Stellar,$0.24 XLM,4008414571,2017-12-24,#00defa
Peercoin,$0.24 PPC,5218367,2015-04-19,#29c249
Stellar,$0.24 XLM,4570235952,2018-11-04,#00defa
VeriCoin,$0.24 VRC,6599570,2014-07-13,#0a8031
NEM,$0.24 XEM,2215620000,2017-10-01,#0fc78a
Stellar,$0.23 XLM,4759887397,2017-12-17,#00defa
Peercoin,$0.23 PPC,4908430,2015-04-26,#29c249
Lisk,$0.23 LSK,22549600,2016-10-02,#181174
Stellar,$0.23 XLM,4318401205,2018-06-17,#00defa
Stellar,$0.23 XLM,4450855712,2018-03-25,#00defa
Waves,$0.23 WAVES,22876800,2016-12-11,#00aaeb
Peercoin,$0.23 PPC,5233471,2015-05-03,#29c249
Waves,$0.23 WAVES,23728700,2017-01-15,#00aaeb
MonaCoin,$0.23 MONA,2695365,2014-08-17,#d4b9c2
Lisk,$0.23 LSK,22333600,2016-08-07,#181174
Stellar,$0.23 XLM,4219197140,2018-09-02,#00defa
NEM,$0.23 XEM,2234862000,2017-08-06,#0fc78a
Stellar,$0.23 XLM,4400041270,2018-10-28,#00defa
BlackCoin,$0.23 BLK,17752039,2014-04-20,#dcad38
XRP,$0.23 XRP,8922506124,2017-11-19,#3572c0
Cardano,$0.23 ADA,5915364852,2018-06-03,#2a71d0
Steem,$0.23 STEEM,37168024,2016-10-23,#4600e6
XRP,$0.23 XRP,8773492805,2017-09-03,#3572c0
Steem,$0.23 STEEM,13044827,2016-06-26,#4600e6
Feathercoin,$0.23 FTC,7248945,2014-03-02,#605379
Peercoin,$0.23 PPC,5061865,2015-05-10,#29c249
BitShares,$0.23 BTS,556410867,2017-07-02,#0ed7e1
MaidSafeCoin,$0.23 MAID,103686998,2017-04-23,#437db6
NEM,$0.23 XEM,2196369000,2017-05-21,#0fc78a
Waves,$0.22 WAVES,21833100,2016-07-10,#00aaeb
Stellar,$0.22 XLM,4033178256,2018-08-26,#00defa
Stellar,$0.22 XLM,4180901778,2018-08-19,#00defa
Waves,$0.22 WAVES,23521300,2016-10-16,#00aaeb
NEM,$0.22 XEM,2119410000,2018-04-08,#0fc78a
Mincoin,$0.22 MNC,207096,2013-05-19,#ababab
NEM,$0.22 XEM,1945386000,2017-09-24,#0fc78a
NEM,$0.22 XEM,1879110000,2018-04-01,#0fc78a
Emercoin,$0.22 EMC,8229962,2016-02-14,#bb9fc6
Steem,$0.22 STEEM,16971231,2016-07-03,#4600e6
Mincoin,$0.22 MNC,247204,2013-05-12,#ababab
Emercoin,$0.22 EMC,8108081,2016-03-20,#bb9fc6
Lisk,$0.22 LSK,21513500,2016-10-09,#181174
Waves,$0.22 WAVES,25681800,2017-03-12,#00aaeb
MonaCoin,$0.22 MONA,2568304,2014-08-31,#d4b9c2
NEM,$0.22 XEM,1924974000,2017-11-26,#0fc78a
Stellar,$0.22 XLM,4197304662,2018-08-12,#00defa
Waves,$0.22 WAVES,21354100,2017-01-08,#00aaeb
Golem,$0.22 GNT,172826276,2017-05-14,#151372
Steem,$0.22 STEEM,41447997,2016-11-06,#4600e6
Waves,$0.22 WAVES,25745100,2016-11-27,#00aaeb
Rubycoin,$0.22 RBY,4687616,2015-12-13,#d11700
NEM,$0.22 XEM,1940058000,2017-06-04,#0fc78a
Steem,$0.22 STEEM,42360759,2016-12-11,#4600e6
Emercoin,$0.22 EMC,8044516,2016-02-28,#bb9fc6
XRP,$0.22 XRP,8435834460,2017-05-14,#3572c0
Stellar,$0.21 XLM,3969750132,2018-10-14,#00defa
NEM,$0.21 XEM,1907541000,2017-10-22,#0fc78a
XRP,$0.21 XRP,8780287938,2017-05-28,#3572c0
XRP,$0.21 XRP,7783608183,2017-08-27,#3572c0
Waves,$0.21 WAVES,21225900,2016-10-09,#00aaeb
Peercoin,$0.21 PPC,3612506,2013-05-26,#29c249
XRP,$0.21 XRP,7867254022,2017-10-22,#3572c0
NEM,$0.21 XEM,1865700000,2017-10-15,#0fc78a
NEM,$0.21 XEM,1753263000,2017-10-08,#0fc78a
XRP,$0.21 XRP,7603775359,2017-11-12,#3572c0
PayCoin,$0.21 XPY,3263331,2015-04-19,#3572c0
Cardano,$0.21 ADA,5794648411,2018-03-11,#2a71d0
XRP,$0.21 XRP,8168426980,2017-09-10,#3572c0
Stellar,$0.21 XLM,3936673654,2018-07-08,#00defa
Feathercoin,$0.21 FTC,7388684,2014-03-16,#605379
Stellar,$0.21 XLM,4126123420,2018-07-15,#00defa
NEM,$0.21 XEM,1836603000,2017-09-17,#0fc78a
Stellar,$0.21 XLM,3832218919,2018-04-01,#00defa
Stellar,$0.21 XLM,4078460519,2018-03-18,#00defa
VeriCoin,$0.21 VRC,5360926,2014-07-20,#0a8031
NEM,$0.21 XEM,1782297000,2017-06-18,#0fc78a
Bullion,$0.21 CBX,186530,2013-11-03,#0ed7e1
Waves,$0.2 WAVES,16597700,2016-06-26,#00aaeb
XRP,$0.2 XRP,7785490097,2017-11-05,#3572c0
Stellar,$0.2 XLM,3632483912,2018-06-24,#00defa
Stellar,$0.2 XLM,3879098497,2018-09-16,#00defa
NEM,$0.2 XEM,1873134000,2017-05-28,#0fc78a
Feathercoin,$0.2 FTC,7263208,2014-03-09,#605379
Stellar,$0.2 XLM,3828492568,2018-04-08,#00defa
NEM,$0.2 XEM,1962153000,2017-06-11,#0fc78a
Cardano,$0.2 ADA,4585669112,2018-06-10,#2a71d0
Cardano,$0.2 ADA,5739994146,2018-04-15,#2a71d0
XRP,$0.2 XRP,7813618120,2017-10-29,#3572c0
Terracoin,$0.2 TRC,556762,2013-06-09,#0b7f33
MaidSafeCoin,$0.2 MAID,86428007,2017-02-19,#437db6
MaidSafeCoin,$0.2 MAID,84873942,2017-04-09,#437db6
Emercoin,$0.2 EMC,7167550,2016-02-07,#bb9fc6
XRP,$0.2 XRP,7919230352,2017-10-01,#3572c0
Lisk,$0.2 LSK,21519400,2016-11-06,#181174
NEM,$0.2 XEM,1812033000,2017-10-29,#0fc78a
MaidSafeCoin,$0.2 MAID,93792392,2017-04-16,#437db6
Cardano,$0.2 ADA,5018365992,2018-05-27,#2a71d0
WorldCoin,$0.2 WDC,7029160,2014-02-16,#0413c8
Feathercoin,$0.2 FTC,2066055,2013-08-04,#605379
NEM,$0.2 XEM,1817523000,2017-11-19,#0fc78a
Terracoin,$0.2 TRC,710540,2013-08-18,#0b7f33
Peercoin,$0.19 PPC,3767605,2013-09-08,#29c249
Stellar,$0.19 XLM,3621058411,2018-09-09,#00defa
Quark,$0.19 QRK,45754273,2013-12-15,#236bb3
Waves,$0.19 WAVES,19703100,2016-07-17,#00aaeb
XRP,$0.19 XRP,7469041520,2017-07-23,#3572c0
BitShares,$0.19 BTS,440919660,2017-07-09,#0ed7e1
Steem,$0.19 STEEM,47387576,2016-12-04,#4600e6
Stellar,$0.19 XLM,3725316690,2018-07-01,#00defa
Peercoin,$0.19 PPC,3944885,2013-09-15,#29c249
NEM,$0.19 XEM,1623654000,2017-11-12,#0fc78a
Peercoin,$0.19 PPC,3945801,2013-09-22,#29c249
Cardano,$0.19 ADA,4786266857,2018-03-25,#2a71d0
BitShares,$0.19 BTS,444704858,2017-07-23,#0ed7e1
Waves,$0.19 WAVES,19662900,2016-10-02,#00aaeb
Waves,$0.19 WAVES,20314900,2016-12-25,#00aaeb
XRP,$0.19 XRP,6918916205,2017-08-06,#3572c0
NEM,$0.19 XEM,1594638000,2017-06-25,#0fc78a
Terracoin,$0.18 TRC,668635,2013-09-15,#0b7f33
Emercoin,$0.18 EMC,7450597,2016-03-06,#bb9fc6
Waves,$0.18 WAVES,17492800,2016-09-25,#00aaeb
Steem,$0.18 STEEM,39828133,2017-03-26,#4600e6
Terracoin,$0.18 TRC,655735,2013-08-11,#0b7f33
Waves,$0.18 WAVES,19279300,2016-07-03,#00aaeb
Peercoin,$0.18 PPC,3593400,2013-09-01,#29c249
Waves,$0.18 WAVES,18663200,2016-09-18,#00aaeb
Terracoin,$0.18 TRC,519201,2013-07-07,#0b7f33
Peercoin,$0.18 PPC,3934411,2013-05-19,#29c249
XRP,$0.18 XRP,6840272985,2017-09-17,#3572c0
XRP,$0.18 XRP,6740348933,2017-09-24,#3572c0
WorldCoin,$0.18 WDC,7197880,2014-02-09,#0413c8
Terracoin,$0.18 TRC,668095,2013-09-01,#0b7f33
Steem,$0.18 STEEM,46349443,2017-03-19,#4600e6
MaidSafeCoin,$0.18 MAID,78871287,2017-04-02,#437db6
NEM,$0.18 XEM,1495224000,2017-07-23,#0fc78a
Terracoin,$0.17 TRC,628220,2013-08-25,#0b7f33
TRON,$0.17 TRX,13126955369,2018-01-07,#bd0e00
XRP,$0.17 XRP,6446772326,2017-08-13,#3572c0
Terracoin,$0.17 TRC,596396,2013-08-04,#0b7f33
Terracoin,$0.17 TRC,673687,2013-09-29,#0b7f33
Vertcoin,$0.17 VTC,2663455,2015-06-07,#0a8031
Mincoin,$0.17 MNC,264358,2013-10-20,#ababab
Bullion,$0.17 CBX,93796,2013-08-18,#0ed7e1
NEM,$0.17 XEM,1622781000,2017-11-05,#0fc78a
NEM,$0.17 XEM,1444500000,2017-07-30,#0fc78a
BlackCoin,$0.17 BLK,11803633,2014-06-08,#dcad38
Golem,$0.17 GNT,180337680,2017-04-30,#151372
Terracoin,$0.17 TRC,654520,2013-10-13,#0b7f33
Steem,$0.17 STEEM,36999680,2017-01-01,#4600e6
Terracoin,$0.17 TRC,602555,2013-09-08,#0b7f33
PayCoin,$0.17 XPY,2643853,2015-05-17,#3572c0
XRP,$0.17 XRP,6328103275,2017-07-30,#3572c0
XRP,$0.17 XRP,5669269711,2017-07-16,#3572c0
MonaCoin,$0.17 MONA,3923088,2015-07-05,#d4b9c2
MaidSafeCoin,$0.17 MAID,75819726,2017-03-05,#437db6
Steem,$0.17 STEEM,37808655,2017-01-29,#4600e6
Peercoin,$0.17 PPC,3363136,2013-08-18,#29c249
Peercoin,$0.17 PPC,3531627,2013-08-25,#29c249
MaidSafeCoin,$0.17 MAID,81989826,2017-02-12,#437db6
Terracoin,$0.17 TRC,497607,2013-07-14,#0b7f33
Terracoin,$0.17 TRC,468510,2013-06-16,#0b7f33
Terracoin,$0.17 TRC,649240,2013-10-06,#0b7f33
Steem,$0.17 STEEM,37220581,2017-01-22,#4600e6
Steem,$0.17 STEEM,37100671,2017-02-05,#4600e6
MaidSafeCoin,$0.17 MAID,79468204,2017-02-26,#437db6
Bullion,$0.16 CBX,135839,2013-09-01,#0ed7e1
Peercoin,$0.16 PPC,3194192,2013-08-04,#29c249
Cardano,$0.16 ADA,4234227671,2018-07-29,#2a71d0
BlackCoin,$0.16 BLK,10065266,2014-04-27,#dcad38
Cardano,$0.16 ADA,4414783790,2018-07-22,#2a71d0
Steem,$0.16 STEEM,38786540,2016-12-18,#4600e6
Cardano,$0.16 ADA,4184110643,2018-06-17,#2a71d0
Terracoin,$0.16 TRC,650840,2013-09-22,#0b7f33
Peercoin,$0.16 PPC,2899774,2013-06-02,#29c249
Startcoin,$0.16 START,4295191,2015-07-05,#00e6cd
Feathercoin,$0.16 FTC,5629602,2014-03-23,#605379
NEM,$0.16 XEM,1376937000,2017-07-09,#0fc78a
IOTA,$0.16 MIOTA,503033832,2017-07-16,#07d5d0
MaidSafeCoin,$0.16 MAID,76731167,2017-03-12,#437db6
PayCoin,$0.16 XPY,2361469,2015-04-26,#3572c0
Cardano,$0.16 ADA,3908972571,2018-04-01,#2a71d0
Peercoin,$0.16 PPC,3159446,2013-08-11,#29c249
Stellar,$0.16 XLM,3056464074,2018-11-25,#00defa
MonaCoin,$0.16 MONA,3286494,2015-06-28,#d4b9c2
XRP,$0.15 XRP,6086509741,2017-08-20,#3572c0
Steem,$0.15 STEEM,35132808,2017-01-08,#4600e6
Cardano,$0.15 ADA,4048641700,2018-03-18,#2a71d0
MaidSafeCoin,$0.15 MAID,67984234,2017-02-05,#437db6
BlackCoin,$0.15 BLK,11503664,2014-05-25,#dcad38
Steem,$0.15 STEEM,40623640,2016-11-27,#4600e6
Feathercoin,$0.15 FTC,2258193,2013-09-01,#605379
Mincoin,$0.15 MNC,183516,2013-10-06,#ababab
MaidSafeCoin,$0.15 MAID,75201539,2017-03-19,#437db6
Terracoin,$0.15 TRC,487872,2013-07-21,#0b7f33
Emercoin,$0.15 EMC,6007351,2016-01-10,#bb9fc6
MonaCoin,$0.15 MONA,3233315,2015-06-14,#d4b9c2
Feathercoin,$0.15 FTC,2001730,2013-08-11,#605379
Cardano,$0.15 ADA,3769510858,2018-07-08,#2a71d0
Cardano,$0.15 ADA,4060153319,2018-04-08,#2a71d0
Peercoin,$0.15 PPC,2753782,2013-07-21,#29c249
Feathercoin,$0.15 FTC,2041295,2013-08-18,#605379
Steem,$0.15 STEEM,33238971,2017-02-12,#4600e6
MonaCoin,$0.15 MONA,3110144,2015-07-26,#d4b9c2
NEM,$0.15 XEM,1433799000,2017-07-02,#0fc78a
Peercoin,$0.15 PPC,3141313,2013-07-14,#29c249
MonaCoin,$0.14 MONA,3235943,2015-07-19,#d4b9c2
BlackCoin,$0.14 BLK,9885897,2014-05-04,#dcad38
BlackCoin,$0.14 BLK,9910748,2014-06-22,#dcad38
MaidSafeCoin,$0.14 MAID,63030142,2017-03-26,#437db6
PayCoin,$0.14 XPY,2154414,2015-05-03,#3572c0
Terracoin,$0.14 TRC,599261,2013-11-10,#0b7f33
Synereo,$0.14 AMP,23953222,2016-07-24,#1188ee
Terracoin,$0.14 TRC,416782,2013-06-23,#0b7f33
Cardano,$0.14 ADA,3440600042,2018-06-24,#2a71d0
Cardano,$0.14 ADA,3687036847,2018-07-01,#2a71d0
Stellar,$0.14 XLM,2127332759,2017-12-10,#00defa
Feathercoin,$0.14 FTC,2074464,2013-09-08,#605379
Steem,$0.14 STEEM,32313191,2017-01-15,#4600e6
Cardano,$0.14 ADA,3688436909,2018-07-15,#2a71d0
Steem,$0.14 STEEM,31443995,2016-12-25,#4600e6
Feathercoin,$0.14 FTC,820221,2013-05-12,#605379
Mincoin,$0.14 MNC,199410,2013-09-29,#ababab
Terracoin,$0.13 TRC,461232,2013-07-28,#0b7f33
Peercoin,$0.13 PPC,2721117,2013-07-28,#29c249
Bullion,$0.13 CBX,104096,2013-08-25,#0ed7e1
BitShares,$0.13 BTS,326799916,2017-07-30,#0ed7e1
Synereo,$0.13 AMP,23336914,2016-07-17,#1188ee
Feathercoin,$0.13 FTC,2133929,2013-09-15,#605379
BlackCoin,$0.13 BLK,9606445,2014-06-29,#dcad38
Freicoin,$0.13 FRC,4514693,2013-12-08,#75736c
Cardano,$0.13 ADA,3417369386,2017-12-03,#2a71d0
Steem,$0.13 STEEM,25697236,2016-10-30,#4600e6
Feathercoin,$0.13 FTC,1885135,2013-08-25,#605379
Peercoin,$0.13 PPC,2582884,2013-07-07,#29c249
BlackCoin,$0.13 BLK,9506976,2014-07-06,#dcad38
Mincoin,$0.13 MNC,160396,2013-10-27,#ababab
Startcoin,$0.13 START,3978289,2015-07-12,#00e6cd
Feathercoin,$0.13 FTC,4592463,2014-03-30,#605379
Steem,$0.13 STEEM,25170124,2016-11-20,#4600e6
BlackCoin,$0.13 BLK,9023633,2014-06-15,#dcad38
WorldCoin,$0.13 WDC,6161483,2014-02-23,#0413c8
NEM,$0.13 XEM,1133514000,2017-05-14,#0fc78a
Cardano,$0.13 ADA,3415139658,2018-08-05,#2a71d0
Feathercoin,$0.13 FTC,833821,2013-05-19,#605379
Peercoin,$0.13 PPC,2358403,2013-06-23,#29c249
MaidSafeCoin,$0.12 MAID,60747920,2017-01-29,#437db6
BlackCoin,$0.12 BLK,8709880,2014-05-11,#dcad38
Terracoin,$0.12 TRC,395911,2013-06-30,#0b7f33
MonaCoin,$0.12 MONA,2487562,2015-06-07,#d4b9c2
Steem,$0.12 STEEM,24338317,2016-11-13,#4600e6
Synereo,$0.12 AMP,23578262,2016-08-21,#1188ee
Steem,$0.12 STEEM,27920654,2017-02-19,#4600e6
BlackCoin,$0.12 BLK,8449450,2014-07-13,#dcad38
Cardano,$0.12 ADA,2859263266,2017-12-10,#2a71d0
MaidSafeCoin,$0.12 MAID,54574200,2017-01-22,#437db6
Peercoin,$0.12 PPC,2367691,2013-06-30,#29c249
Synereo,$0.12 AMP,20101805,2016-07-31,#1188ee
Peercoin,$0.12 PPC,2267778,2013-06-09,#29c249
Feathercoin,$0.12 FTC,1981192,2013-09-22,#605379
Feathercoin,$0.12 FTC,4441857,2014-04-20,#605379
MonaCoin,$0.12 MONA,2622233,2015-05-17,#d4b9c2
Steem,$0.12 STEEM,25908672,2017-02-26,#4600e6
Feathercoin,$0.12 FTC,2408407,2013-11-10,#605379
Feathercoin,$0.11 FTC,817910,2013-06-16,#605379
Feathercoin,$0.11 FTC,2182887,2013-10-06,#605379
MonaCoin,$0.11 MONA,2455708,2015-08-30,#d4b9c2
Cardano,$0.11 ADA,2928981159,2018-08-12,#2a71d0
NEM,$0.11 XEM,875642400,2017-07-16,#0fc78a
MonaCoin,$0.11 MONA,2833092,2015-08-02,#d4b9c2
Freicoin,$0.11 FRC,1627438,2013-05-05,#75736c
Feathercoin,$0.11 FTC,4290017,2014-04-06,#605379
MaidSafeCoin,$0.11 MAID,48072833,2016-08-28,#437db6
Peercoin,$0.11 PPC,2131361,2013-06-16,#29c249
Mincoin,$0.11 MNC,130393,2013-05-26,#ababab
BlackCoin,$0.11 BLK,7716391,2014-07-20,#dcad38
VeriCoin,$0.11 VRC,4709198,2014-06-08,#0a8031
MaidSafeCoin,$0.11 MAID,47222487,2016-03-06,#437db6
Quark,$0.11 QRK,24838592,2014-02-02,#236bb3
Synereo,$0.11 AMP,19240267,2016-08-14,#1188ee
MaidSafeCoin,$0.11 MAID,42759188,2016-03-13,#437db6
Quark,$0.11 QRK,27406774,2013-12-29,#236bb3
Feathercoin,$0.11 FTC,654331,2013-05-26,#605379
Cardano,$0.11 ADA,2707615830,2018-09-02,#2a71d0
MaidSafeCoin,$0.11 MAID,45976157,2016-09-11,#437db6
Feathercoin,$0.11 FTC,2028659,2013-09-29,#605379
Terracoin,$0.11 TRC,464705,2013-10-20,#0b7f33
Synereo,$0.11 AMP,18569998,2016-08-07,#1188ee
Feathercoin,$0.1 FTC,852774,2013-06-09,#605379
MaidSafeCoin,$0.1 MAID,44717202,2016-12-25,#437db6
Feathercoin,$0.1 FTC,1907172,2013-10-13,#605379
TRON,$0.1 TRX,5574289554,2018-01-14,#bd0e00
MaidSafeCoin,$0.1 MAID,48947164,2016-08-14,#437db6
XRP,$0.1 XRP,5380696778,2017-05-07,#3572c0
MaidSafeCoin,$0.0999 MAID,48713647,2017-01-15,#437db6
Cardano,$0.0997 ADA,2655891325,2018-08-19,#2a71d0
MaidSafeCoin,$0.0993 MAID,43862013,2017-01-01,#437db6
BlackCoin,$0.0992 BLK,7650808,2014-07-27,#dcad38
Terracoin,$0.099 TRC,450861,2013-10-27,#0b7f33
MaidSafeCoin,$0.0987 MAID,48184160,2016-08-21,#437db6
Golem,$0.0982 GNT,79285390,2017-04-23,#151372
Steem,$0.0953 STEEM,23673972,2017-03-05,#4600e6
Cardano,$0.0943 ADA,2419973132,2018-08-26,#2a71d0
Stellar,$0.0935 XLM,1581524495,2017-12-03,#00defa
Quark,$0.0934 QRK,21670934,2014-01-05,#236bb3
MaidSafeCoin,$0.0931 MAID,39588878,2016-03-27,#437db6
Feathercoin,$0.0926 FTC,1388509,2013-11-17,#605379
MaidSafeCoin,$0.0922 MAID,43083804,2016-09-18,#437db6
NEM,$0.0922 XEM,839390400,2018-11-18,#0fc78a
MaidSafeCoin,$0.0915 MAID,42473447,2017-01-08,#437db6
MaidSafeCoin,$0.0912 MAID,42866986,2016-12-18,#437db6
BitShares,$0.0907 BTS,260929259,2017-05-21,#0ed7e1
Terracoin,$0.0906 TRC,487423,2013-11-03,#0b7f33
Golem,$0.0906 GNT,64154668,2017-04-02,#151372
Quark,$0.0896 QRK,22120792,2014-01-26,#236bb3
WorldCoin,$0.0893 WDC,2987080,2013-11-24,#0413c8
MaidSafeCoin,$0.0892 MAID,40210413,2016-10-02,#437db6
MaidSafeCoin,$0.0887 MAID,39937479,2016-09-04,#437db6
MaidSafeCoin,$0.0887 MAID,39827328,2016-10-23,#437db6
MaidSafeCoin,$0.0886 MAID,40395960,2016-10-16,#437db6
FairCoin,$0.088 FAIR,3713675,2015-05-24,#b79734
MaidSafeCoin,$0.0879 MAID,38787407,2016-08-07,#437db6
Feathercoin,$0.0878 FTC,825730,2013-07-14,#605379
Quark,$0.0874 QRK,20966263,2013-12-22,#236bb3
TRON,$0.0871 TRX,5573993409,2018-05-06,#bd0e00
Mincoin,$0.0869 MNC,87569,2013-08-11,#ababab
MaidSafeCoin,$0.0868 MAID,37868681,2016-03-20,#437db6
MaidSafeCoin,$0.0866 MAID,38614397,2016-09-25,#437db6
Feathercoin,$0.0859 FTC,1013854,2013-07-28,#605379
MaidSafeCoin,$0.0855 MAID,39656127,2016-02-28,#437db6
Feathercoin,$0.0853 FTC,545795,2013-06-02,#605379
TRON,$0.0849 TRX,4680357404,2018-01-21,#bd0e00
MaidSafeCoin,$0.0845 MAID,38571404,2016-10-09,#437db6
Feathercoin,$0.0844 FTC,799217,2013-06-23,#605379
Cardano,$0.0844 ADA,2208861960,2018-09-30,#2a71d0
BlackCoin,$0.0841 BLK,6270239,2014-08-03,#dcad38
Quark,$0.0838 QRK,26258964,2013-12-08,#236bb3
Cardano,$0.0835 ADA,2327045326,2018-09-23,#2a71d0
TRON,$0.0817 TRX,5861128562,2018-04-29,#bd0e00
Cardano,$0.0815 ADA,2194941716,2018-10-07,#2a71d0
Feathercoin,$0.0803 FTC,1806331,2013-11-03,#605379
MaidSafeCoin,$0.08 MAID,35130603,2016-07-31,#437db6
Feathercoin,$0.0799 FTC,882016,2013-07-21,#605379
MaidSafeCoin,$0.0798 MAID,36537679,2016-07-24,#437db6
MaidSafeCoin,$0.0798 MAID,37008605,2016-04-03,#437db6
Quark,$0.0796 QRK,18206130,2014-01-12,#236bb3
Megacoin,$0.079 MEC,2859162,2013-11-24,#d5070e
Cardano,$0.0784 ADA,1987128467,2018-09-09,#2a71d0
MaidSafeCoin,$0.0783 MAID,35381769,2016-11-06,#437db6
MaidSafeCoin,$0.0775 MAID,36252616,2016-04-17,#437db6
Golem,$0.0774 GNT,66494538,2017-04-16,#151372
Feathercoin,$0.0769 FTC,694354,2013-06-30,#605379
Golem,$0.0765 GNT,59143320,2017-04-09,#151372
Cardano,$0.0763 ADA,1967169808,2018-10-21,#2a71d0
MaidSafeCoin,$0.0762 MAID,36202835,2016-11-13,#437db6
Feathercoin,$0.0759 FTC,1548705,2013-10-27,#605379
Nxt,$0.0759 NXT,64633714,2014-06-08,#309bcf
MaidSafeCoin,$0.0755 MAID,33432174,2016-07-17,#437db6
MaidSafeCoin,$0.0752 MAID,31834166,2016-04-24,#437db6
Cardano,$0.0752 ADA,1982925689,2018-11-11,#2a71d0
MaidSafeCoin,$0.0747 MAID,30516560,2016-04-10,#437db6
MaidSafeCoin,$0.0746 MAID,35148524,2016-10-30,#437db6
MaidSafeCoin,$0.0745 MAID,34521196,2016-06-26,#437db6
Mincoin,$0.0737 MNC,78887,2013-06-02,#ababab
NEM,$0.0733 XEM,893950200,2017-05-07,#0fc78a
Cardano,$0.0731 ADA,1848416047,2018-10-14,#2a71d0
Nxt,$0.0731 NXT,78028445,2014-01-26,#309bcf
Cardano,$0.073 ADA,1896990414,2018-10-28,#2a71d0
TRON,$0.073 TRX,4641902155,2018-05-27,#bd0e00
Quark,$0.0728 QRK,19774665,2014-02-09,#236bb3
BlackCoin,$0.0723 BLK,6301694,2014-05-18,#dcad38
Feathercoin,$0.0722 FTC,711870,2013-07-07,#605379
Feathercoin,$0.0721 FTC,1428631,2013-10-20,#605379
MaidSafeCoin,$0.0716 MAID,32178196,2016-07-03,#437db6
Cardano,$0.0715 ADA,1976402438,2018-11-04,#2a71d0
MaidSafeCoin,$0.0711 MAID,31700527,2016-06-19,#437db6
MaidSafeCoin,$0.071 MAID,27710825,2016-12-04,#437db6
Nxt,$0.0704 NXT,76290680,2014-06-15,#309bcf
Quark,$0.0703 QRK,16952545,2014-02-16,#236bb3
MaidSafeCoin,$0.0702 MAID,31795292,2016-11-27,#437db6
Quark,$0.07 QRK,26709933,2014-01-19,#236bb3
TRON,$0.0693 TRX,5080290839,2018-05-20,#bd0e00
BlackCoin,$0.0692 BLK,11980896,2014-04-13,#dcad38
TRON,$0.0692 TRX,4971405391,2018-05-13,#bd0e00
Cardano,$0.0692 ADA,1813922673,2018-09-16,#2a71d0
Zetacoin,$0.069 ZET,10140255,2013-12-15,#1b6dc0
TRON,$0.0689 TRX,4306171291,2018-01-28,#bd0e00
MaidSafeCoin,$0.0688 MAID,31968302,2016-11-20,#437db6
NEM,$0.0685 XEM,623595600,2018-11-25,#0fc78a
BlackCoin,$0.0677 BLK,4753752,2014-08-10,#dcad38
Nxt,$0.0665 NXT,66887867,2014-02-02,#309bcf
Synereo,$0.0663 AMP,10187340,2016-04-24,#1188ee
MaidSafeCoin,$0.0663 MAID,30451347,2016-07-10,#437db6
MaidSafeCoin,$0.0656 MAID,29944262,2016-12-11,#437db6
Nxt,$0.0645 NXT,66344309,2014-06-22,#309bcf
Synereo,$0.0632 AMP,11438178,2016-04-10,#1188ee
Nxt,$0.063 NXT,63359974,2014-01-05,#309bcf
Quark,$0.0628 QRK,15333897,2014-02-23,#236bb3
BlackCoin,$0.0626 BLK,4050491,2014-09-14,#dcad38
MaidSafeCoin,$0.0612 MAID,27692406,2016-06-05,#437db6
TRON,$0.0612 TRX,4074962763,2018-06-03,#bd0e00
Cardano,$0.0608 ADA,1605295314,2018-11-18,#2a71d0
Digitalcoin,$0.0604 DGC,268641,2013-07-14,#d4a025
Synereo,$0.0604 AMP,12333885,2016-06-19,#1188ee
Nxt,$0.0595 NXT,56122989,2013-12-29,#309bcf
MaidSafeCoin,$0.0585 MAID,27172559,2016-05-22,#437db6
Nxt,$0.0581 NXT,57427586,2014-02-16,#309bcf
MaidSafeCoin,$0.0576 MAID,28887280,2016-05-29,#437db6
BlackCoin,$0.0574 BLK,4178251,2014-09-21,#dcad38
MaidSafeCoin,$0.0572 MAID,23562820,2016-06-12,#437db6
TRON,$0.0571 TRX,3156093454,2018-06-10,#bd0e00
BlackCoin,$0.0571 BLK,4164714,2014-09-28,#dcad38
MaidSafeCoin,$0.0571 MAID,26913699,2014-12-07,#437db6
Mincoin,$0.0563 MNC,44972,2013-06-09,#ababab
Nxt,$0.0562 NXT,57250328,2014-06-29,#309bcf
MaidSafeCoin,$0.056 MAID,26282027,2016-05-01,#437db6
BlackCoin,$0.0548 BLK,3932945,2015-06-21,#dcad38
CannabisCoin,$0.0547 CANN,5288580,2014-10-19,#15cb32
Nxt,$0.0543 NXT,50916299,2014-02-23,#309bcf
Stellar,$0.054 XLM,585609334,2017-05-21,#00defa
TRON,$0.0534 TRX,3446516012,2018-04-22,#bd0e00
Nxt,$0.0533 NXT,53393739,2014-07-06,#309bcf
XRP,$0.0528 XRP,1955141293,2017-04-30,#3572c0
Storjcoin X,$0.0523 SJCX,2143523,2014-12-14,#0069e6
Nxt,$0.0523 NXT,57204935,2014-06-01,#309bcf
MaidSafeCoin,$0.0512 MAID,22701296,2016-05-08,#437db6
BlackCoin,$0.0511 BLK,3766676,2014-08-24,#dcad38
MaidSafeCoin,$0.051 MAID,23398001,2016-05-15,#437db6
MaidSafeCoin,$0.0506 MAID,23620159,2014-12-14,#437db6
MaidSafeCoin,$0.0504 MAID,24984378,2016-02-21,#437db6
MaidSafeCoin,$0.0496 MAID,23908072,2014-12-28,#437db6
Feathercoin,$0.0495 FTC,9720777,2016-04-24,#605379
TRON,$0.0494 TRX,2979109774,2018-03-25,#bd0e00
Nxt,$0.0493 NXT,52393949,2014-07-20,#309bcf
Synereo,$0.0492 AMP,9681635,2016-05-08,#1188ee
BlackCoin,$0.0492 BLK,3623324,2014-08-17,#dcad38
TRON,$0.0488 TRX,3142829349,2018-03-04,#bd0e00
TRON,$0.0486 TRX,2787782534,2018-02-11,#bd0e00
Terracoin,$0.0485 TRC,212057,2013-11-17,#0b7f33
NEM,$0.048 XEM,458693100,2017-04-30,#0fc78a
BlackCoin,$0.048 BLK,3614766,2015-06-28,#dcad38
MaidSafeCoin,$0.0478 MAID,18266237,2015-01-04,#437db6
BlackCoin,$0.047 BLK,3368721,2014-10-05,#dcad38
Synereo,$0.0469 AMP,8431463,2016-05-01,#1188ee
Nxt,$0.0467 NXT,43748874,2014-07-13,#309bcf
DigiByte,$0.0466 DGB,405103520,2017-06-04,#008de4
Quark,$0.0465 QRK,9677954,2014-03-02,#236bb3
Rimbit,$0.0464 RBT,4925353,2015-02-22,#003366
Nxt,$0.0463 NXT,52563196,2014-01-19,#309bcf
Nxt,$0.0463 NXT,44079413,2014-03-02,#309bcf
Nxt,$0.0461 NXT,46856565,2014-03-09,#309bcf
MaidSafeCoin,$0.046 MAID,20525605,2015-01-11,#437db6
Nxt,$0.0459 NXT,47615262,2014-08-03,#309bcf
Nxt,$0.0456 NXT,48927803,2014-02-09,#309bcf
Nxt,$0.0455 NXT,44920471,2014-07-27,#309bcf
Freicoin,$0.0452 FRC,748243,2013-05-12,#75736c
WorldCoin,$0.045 WDC,1554778,2013-11-17,#0413c8
Nxt,$0.0447 NXT,40385620,2014-01-12,#309bcf
TRON,$0.0445 TRX,2494026185,2018-02-04,#bd0e00
BlackCoin,$0.0443 BLK,3129456,2014-08-31,#dcad38
TRON,$0.0442 TRX,2791651671,2018-06-24,#bd0e00
Rimbit,$0.0439 RBT,5024781,2015-03-01,#003366
MaidSafeCoin,$0.0436 MAID,19668742,2014-12-21,#437db6
TRON,$0.0432 TRX,2804038615,2018-06-17,#bd0e00
Nxt,$0.043 NXT,39047488,2014-05-18,#309bcf
BlackCoin,$0.0424 BLK,3311299,2014-10-12,#dcad38
Golem,$0.042 GNT,41434600,2017-03-26,#151372
BlackCoin,$0.0418 BLK,3189202,2014-09-07,#dcad38
BlackCoin,$0.0413 BLK,2958953,2014-10-19,#dcad38
Mincoin,$0.0413 MNC,37617,2013-06-16,#ababab
Nxt,$0.0413 NXT,37691591,2014-09-14,#309bcf
TRON,$0.0408 TRX,2622254885,2018-02-25,#bd0e00
Nxt,$0.0408 NXT,41788580,2014-03-23,#309bcf
Digitalcoin,$0.0408 DGC,681231,2013-11-24,#d4a025
TRON,$0.0401 TRX,2825262106,2018-04-15,#bd0e00
XRP,$0.0392 XRP,402593962,2013-12-01,#3572c0
Stellar,$0.039 XLM,386496757,2017-06-04,#00defa
Ixcoin,$0.039 IXC,1035454,2013-11-24,#bc0110
Cardano,$0.0386 ADA,978106514,2018-11-25,#2a71d0
TRON,$0.0384 TRX,2490873784,2018-07-01,#bd0e00
TRON,$0.0383 TRX,2439268092,2018-07-08,#bd0e00
Quark,$0.0382 QRK,10856819,2014-03-09,#236bb3
Nxt,$0.038 NXT,32350107,2014-03-16,#309bcf
Nxt,$0.038 NXT,40872382,2014-05-25,#309bcf
MaidSafeCoin,$0.0378 MAID,20771522,2016-02-14,#437db6
Mincoin,$0.0378 MNC,90902,2013-08-04,#ababab
Stellar,$0.0375 XLM,368698344,2017-05-14,#00defa
BitShares,$0.0374 BTS,73441322,2014-09-14,#0ed7e1
Nxt,$0.0371 NXT,35424897,2014-08-10,#309bcf
TRON,$0.037 TRX,2474232937,2018-04-08,#bd0e00
TRON,$0.0368 TRX,2579692909,2018-07-29,#bd0e00
Nxt,$0.0364 NXT,37189292,2014-09-07,#309bcf
Rimbit,$0.0364 RBT,5074375,2015-03-29,#003366
Phoenixcoin,$0.0362 PXC,126116,2013-07-21,#e67600
Digitalcoin,$0.0359 DGC,170031,2013-07-21,#d4a025
XRP,$0.0358 XRP,1276311434,2017-04-09,#3572c0
MaidSafeCoin,$0.0358 MAID,14302557,2015-02-15,#437db6
Zetacoin,$0.0357 ZET,5959027,2013-12-01,#1b6dc0
TRON,$0.0355 TRX,2309284075,2018-07-22,#bd0e00
MaidSafeCoin,$0.0355 MAID,15527571,2014-07-20,#437db6
WorldCoin,$0.0355 WDC,1003540,2013-11-10,#0413c8
Digitalcoin,$0.0355 DGC,227201,2013-08-04,#d4a025
Zetacoin,$0.0353 ZET,5296152,2013-12-22,#1b6dc0
TRON,$0.0348 TRX,2545487295,2018-03-11,#bd0e00
BlackCoin,$0.0347 BLK,2481639,2015-05-31,#dcad38
MaidSafeCoin,$0.0347 MAID,15476976,2015-01-25,#437db6
MaidSafeCoin,$0.0342 MAID,15290253,2015-07-26,#437db6
Quark,$0.0341 QRK,7619078,2014-03-16,#236bb3
TRON,$0.034 TRX,2113909585,2018-04-01,#bd0e00
BitShares,$0.0339 BTS,63548098,2014-09-28,#0ed7e1
XRP,$0.0339 XRP,1255906871,2017-04-16,#3572c0
Digitalcoin,$0.0338 DGC,248937,2013-08-25,#d4a025
TRON,$0.0334 TRX,2259381258,2018-07-15,#bd0e00
Digitalcoin,$0.0333 DGC,70347,2013-06-09,#d4a025
Stellar,$0.0332 XLM,341743614,2017-05-28,#00defa
BlackCoin,$0.0329 BLK,2616759,2014-11-09,#dcad38
Cardano,$0.0329 ADA,779072172,2017-10-15,#2a71d0
BitShares,$0.0328 BTS,65339523,2014-09-07,#0ed7e1
XRP,$0.0328 XRP,285005081,2013-12-08,#3572c0
BlackCoin,$0.0327 BLK,2436049,2014-10-26,#dcad38
Mincoin,$0.0326 MNC,42678,2013-06-30,#ababab
MaidSafeCoin,$0.0326 MAID,13714058,2015-08-02,#437db6
NEM,$0.0321 XEM,282965400,2017-04-23,#0fc78a
XRP,$0.032 XRP,227789073,2013-12-15,#3572c0
XRP,$0.0319 XRP,1184979852,2017-04-23,#3572c0
Freicoin,$0.0319 FRC,711435,2013-05-19,#75736c
MaidSafeCoin,$0.0318 MAID,12357442,2014-07-13,#437db6
Freicoin,$0.0317 FRC,687220,2013-05-26,#75736c
BlackCoin,$0.0315 BLK,2380655,2014-11-16,#dcad38
BitShares,$0.0315 BTS,60535574,2014-08-31,#0ed7e1
BitShares,$0.0312 BTS,60055102,2014-09-21,#0ed7e1
MaidSafeCoin,$0.0311 MAID,14812221,2015-03-01,#437db6
Nxt,$0.031 NXT,28646617,2014-09-28,#309bcf
BlackCoin,$0.031 BLK,2259690,2014-11-02,#dcad38
Digitalcoin,$0.0309 DGC,212140,2013-08-11,#d4a025
Nxt,$0.0307 NXT,29994114,2014-05-11,#309bcf
Cardano,$0.0304 ADA,941982327,2017-11-26,#2a71d0
Synereo,$0.0303 AMP,18856068,2016-04-03,#1188ee
MaidSafeCoin,$0.0302 MAID,11118127,2015-02-22,#437db6
MaidSafeCoin,$0.0301 MAID,14029351,2015-02-01,#437db6
Nxt,$0.03 NXT,26616323,2014-08-31,#309bcf
BitShares,$0.03 BTS,58148413,2014-10-05,#0ed7e1
Freicoin,$0.0298 FRC,1179400,2013-11-24,#75736c
Nxt,$0.0298 NXT,29747514,2014-09-21,#309bcf
Phoenixcoin,$0.0298 PXC,70514,2013-07-14,#e67600
Nxt,$0.0296 NXT,28347124,2016-08-07,#309bcf
MaidSafeCoin,$0.0294 MAID,13321559,2015-02-08,#437db6
Digitalcoin,$0.0293 DGC,251721,2013-08-18,#d4a025
Quark,$0.0293 QRK,7688030,2014-03-23,#236bb3
Golem,$0.0293 GNT,24209352,2017-01-29,#151372
Digitalcoin,$0.0292 DGC,84169,2013-06-23,#d4a025
Nxt,$0.0292 NXT,28436618,2014-04-06,#309bcf
Nxt,$0.0291 NXT,29448422,2016-08-14,#309bcf
TRON,$0.0289 TRX,1994067903,2018-08-05,#bd0e00
WorldCoin,$0.0289 WDC,777202,2013-11-03,#0413c8
Nxt,$0.0289 NXT,26801671,2016-07-24,#309bcf
MaidSafeCoin,$0.0289 MAID,12768676,2014-07-27,#437db6
Nxt,$0.0288 NXT,26851422,2016-07-31,#309bcf
Nxt,$0.0288 NXT,29476114,2014-08-24,#309bcf
Digitalcoin,$0.0287 DGC,71554,2013-06-16,#d4a025
Cardano,$0.0286 ADA,718926554,2017-10-22,#2a71d0
Nxt,$0.0285 NXT,28028119,2014-03-30,#309bcf
TRON,$0.0283 TRX,1881779017,2018-03-18,#bd0e00
MaidSafeCoin,$0.0283 MAID,13308435,2015-01-18,#437db6
XRP,$0.0281 XRP,197241451,2014-01-05,#3572c0
Nxt,$0.0281 NXT,32686605,2014-08-17,#309bcf
BitShares,$0.0281 BTS,54371833,2014-10-12,#0ed7e1
MaidSafeCoin,$0.0279 MAID,10321272,2015-03-08,#437db6
MaidSafeCoin,$0.0279 MAID,12359840,2015-07-19,#437db6
Nxt,$0.0279 NXT,26872500,2016-08-21,#309bcf
MaidSafeCoin,$0.0277 MAID,12924897,2015-07-12,#437db6
Digitalcoin,$0.0275 DGC,177526,2013-07-28,#d4a025
Golem,$0.0274 GNT,24399346,2017-02-05,#151372
MaidSafeCoin,$0.0273 MAID,13696091,2014-11-23,#437db6
XRP,$0.0273 XRP,212784197,2013-12-29,#3572c0
BlackCoin,$0.0273 BLK,2226930,2015-10-04,#dcad38
MaidSafeCoin,$0.0269 MAID,12603449,2014-11-30,#437db6
Phoenixcoin,$0.0269 PXC,94141,2013-07-28,#e67600
Digitalcoin,$0.0267 DGC,93810,2013-06-30,#d4a025
TRON,$0.0266 TRX,1681284412,2018-09-02,#bd0e00
Nxt,$0.0266 NXT,25294280,2016-07-17,#309bcf
WorldCoin,$0.0264 WDC,61369,2013-05-26,#0413c8
Zetacoin,$0.0264 ZET,4237290,2014-04-27,#1b6dc0
MaidSafeCoin,$0.026 MAID,12186241,2014-08-10,#437db6
Quark,$0.0259 QRK,5938171,2014-04-20,#236bb3
Zetacoin,$0.0259 ZET,4014073,2014-05-04,#1b6dc0
Freicoin,$0.0259 FRC,417750,2013-06-02,#75736c
Cardano,$0.0258 ADA,741693114,2017-10-29,#2a71d0
Nxt,$0.0255 NXT,25749626,2014-04-20,#309bcf
MaidSafeCoin,$0.0252 MAID,12263446,2014-11-16,#437db6
BlackCoin,$0.0251 BLK,2077889,2014-11-23,#dcad38
BitShares,$0.0249 BTS,60734538,2014-08-24,#0ed7e1
MaidSafeCoin,$0.0247 MAID,10605883,2014-10-19,#437db6
BitShares,$0.0246 BTS,47045860,2014-10-19,#0ed7e1
NEM,$0.0245 XEM,217024200,2017-04-16,#0fc78a
MaidSafeCoin,$0.0245 MAID,11121113,2015-03-15,#437db6
Nxt,$0.0242 NXT,23841231,2014-10-05,#309bcf
XRP,$0.0242 XRP,771989123,2014-12-21,#3572c0
Mincoin,$0.0242 MNC,34857,2013-07-07,#ababab
XRP,$0.0242 XRP,172333654,2014-01-12,#3572c0
TRON,$0.0241 TRX,1590867609,2018-10-21,#bd0e00
XRP,$0.0241 XRP,736156783,2014-12-28,#3572c0
MaidSafeCoin,$0.024 MAID,10844740,2015-04-19,#437db6
Nxt,$0.024 NXT,24853628,2014-10-12,#309bcf
TRON,$0.0238 TRX,1767000225,2018-10-07,#bd0e00
TRON,$0.0236 TRX,1553128193,2018-10-14,#bd0e00
Zetacoin,$0.0235 ZET,3743612,2014-07-13,#1b6dc0
MaidSafeCoin,$0.0234 MAID,11160124,2014-11-09,#437db6
TRON,$0.0234 TRX,1548696770,2018-10-28,#bd0e00
TRON,$0.0232 TRX,1564239623,2018-09-23,#bd0e00
Nxt,$0.0231 NXT,21142039,2014-04-13,#309bcf
Nxt,$0.0231 NXT,22021856,2016-08-28,#309bcf
MaidSafeCoin,$0.0231 MAID,11189992,2014-08-03,#437db6
Nxt,$0.0231 NXT,23104333,2014-10-19,#309bcf
Nxt,$0.023 NXT,21318360,2016-07-03,#309bcf
TRON,$0.023 TRX,1499793324,2018-11-11,#bd0e00
Mincoin,$0.023 MNC,26894,2013-07-14,#ababab
Nxt,$0.023 NXT,22593035,2014-05-04,#309bcf
MaidSafeCoin,$0.0229 MAID,10501524,2015-09-06,#437db6
MaidSafeCoin,$0.0228 MAID,11012320,2015-03-22,#437db6
TRON,$0.0227 TRX,1530155802,2018-11-04,#bd0e00
BitShares,$0.0226 BTS,45404755,2014-10-26,#0ed7e1
TRON,$0.0226 TRX,1484644959,2018-08-12,#bd0e00
MaidSafeCoin,$0.0225 MAID,9502198,2015-04-26,#437db6
TRON,$0.0224 TRX,1496696588,2018-08-26,#bd0e00
Zetacoin,$0.0224 ZET,3949257,2014-04-20,#1b6dc0
Phoenixcoin,$0.0224 PXC,80724,2013-08-04,#e67600
MaidSafeCoin,$0.0223 MAID,10084361,2015-08-09,#437db6
Quark,$0.0223 QRK,5385800,2014-03-30,#236bb3
XRP,$0.0221 XRP,586349910,2015-01-04,#3572c0
Cardano,$0.0221 ADA,535005101,2017-11-05,#2a71d0
TRON,$0.022 TRX,1457287170,2018-09-30,#bd0e00
XRP,$0.0219 XRP,2294347627,2017-04-02,#3572c0
MaidSafeCoin,$0.0219 MAID,9667832,2014-11-02,#437db6
Mincoin,$0.0216 MNC,24316,2013-06-23,#ababab
WorldCoin,$0.0216 WDC,504449,2013-10-13,#0413c8
XRP,$0.0216 XRP,169773295,2013-12-22,#3572c0
TRON,$0.0216 TRX,1463756784,2018-08-19,#bd0e00
Nxt,$0.0215 NXT,21746637,2014-10-26,#309bcf
MaidSafeCoin,$0.0215 MAID,10222254,2015-04-12,#437db6
Stellar,$0.0214 XLM,409807811,2017-05-07,#00defa
XRP,$0.0213 XRP,163201577,2014-01-19,#3572c0
Nxt,$0.0212 NXT,19938641,2016-09-04,#309bcf
MaidSafeCoin,$0.0212 MAID,9575602,2015-08-16,#437db6
Zetacoin,$0.0211 ZET,3455728,2014-04-13,#1b6dc0
Digitalcoin,$0.0211 DGC,169894,2013-09-08,#d4a025
MaidSafeCoin,$0.0211 MAID,8766936,2015-05-10,#437db6
Nxt,$0.021 NXT,19811443,2014-04-27,#309bcf
MaidSafeCoin,$0.021 MAID,10525781,2015-05-03,#437db6
MaidSafeCoin,$0.021 MAID,9612304,2014-10-26,#437db6
MaidSafeCoin,$0.021 MAID,9526138,2015-09-13,#437db6
MaidSafeCoin,$0.0209 MAID,9064670,2016-01-31,#437db6
Cardano,$0.0209 ADA,530913809,2017-10-08,#2a71d0
MaidSafeCoin,$0.0208 MAID,9382950,2015-09-20,#437db6
Nxt,$0.0208 NXT,19868312,2016-09-11,#309bcf
MaidSafeCoin,$0.0208 MAID,9128389,2014-08-17,#437db6
XRP,$0.0207 XRP,168555267,2014-02-02,#3572c0
MaidSafeCoin,$0.0206 MAID,11340963,2015-07-05,#437db6
BitShares,$0.0206 BTS,40274654,2014-11-09,#0ed7e1
Digitalcoin,$0.0205 DGC,163789,2013-09-01,#d4a025
MaidSafeCoin,$0.0204 MAID,9227363,2015-03-29,#437db6
MaidSafeCoin,$0.0203 MAID,9070870,2015-09-27,#437db6
Ixcoin,$0.0202 IXC,175359,2013-09-29,#bc0110
MaidSafeCoin,$0.0202 MAID,9434089,2015-08-30,#437db6
BitShares,$0.0201 BTS,47475241,2014-11-30,#0ed7e1
MaidSafeCoin,$0.02 MAID,8710141,2015-10-11,#437db6
Zetacoin,$0.0199 ZET,4988694,2014-04-06,#1b6dc0
TRON,$0.0199 TRX,1313311955,2018-09-16,#bd0e00
Nxt,$0.0199 NXT,19224444,2014-11-30,#309bcf
Nxt,$0.0198 NXT,20523140,2014-11-09,#309bcf
MaidSafeCoin,$0.0198 MAID,9544466,2016-02-07,#437db6
MaidSafeCoin,$0.0198 MAID,8668279,2014-09-07,#437db6
MaidSafeCoin,$0.0197 MAID,9297916,2015-04-05,#437db6
Nxt,$0.0197 NXT,20333146,2016-07-10,#309bcf
MaidSafeCoin,$0.0197 MAID,8391634,2015-06-28,#437db6
Digitalcoin,$0.0196 DGC,177524,2013-09-22,#d4a025
MaidSafeCoin,$0.0195 MAID,9192064,2014-10-12,#437db6
Nxt,$0.0194 NXT,19416444,2014-11-16,#309bcf
Nxt,$0.0193 NXT,19323244,2014-12-07,#309bcf
TRON,$0.0193 TRX,1273192458,2018-09-09,#bd0e00
MaidSafeCoin,$0.0193 MAID,8265055,2014-08-24,#437db6
MaidSafeCoin,$0.0193 MAID,8883740,2014-09-14,#437db6
XRP,$0.0192 XRP,581306679,2015-01-11,#3572c0
MaidSafeCoin,$0.0192 MAID,8458702,2014-09-28,#437db6
Digitalcoin,$0.0192 DGC,153821,2013-09-29,#d4a025
XRP,$0.0191 XRP,157362395,2014-01-26,#3572c0
Digitalcoin,$0.019 DGC,261039,2013-11-17,#d4a025
MaidSafeCoin,$0.0189 MAID,8208803,2014-08-31,#437db6
TRON,$0.0188 TRX,1239266432,2018-11-18,#bd0e00
MaidSafeCoin,$0.0188 MAID,8503867,2015-10-04,#437db6
Quark,$0.0188 QRK,4315328,2014-04-27,#236bb3
MaidSafeCoin,$0.0187 MAID,8608362,2014-06-08,#437db6
Quark,$0.0187 QRK,4816431,2014-04-06,#236bb3
MaidSafeCoin,$0.0187 MAID,8954655,2015-08-23,#437db6
Quark,$0.0185 QRK,4236678,2014-04-13,#236bb3
MaidSafeCoin,$0.0185 MAID,8374890,2015-05-24,#437db6
NEM,$0.0185 XEM,180135900,2017-04-09,#0fc78a
MaidSafeCoin,$0.0185 MAID,8583697,2015-05-17,#437db6
MaidSafeCoin,$0.0181 MAID,8723355,2014-09-21,#437db6
Nxt,$0.0181 NXT,33240134,2013-12-22,#309bcf
Ixcoin,$0.0179 IXC,294131,2013-11-17,#bc0110
Quark,$0.0179 QRK,4162645,2014-05-11,#236bb3
Digitalcoin,$0.0179 DGC,90012,2013-07-07,#d4a025
Nxt,$0.0179 NXT,18890545,2014-11-02,#309bcf
MaidSafeCoin,$0.0178 MAID,7595549,2015-10-18,#437db6
Digitalcoin,$0.0177 DGC,149716,2013-09-15,#d4a025
Nxt,$0.0177 NXT,19063445,2014-11-23,#309bcf
Nxt,$0.0177 NXT,16068853,2015-01-04,#309bcf
BitShares,$0.0177 BTS,35940507,2014-11-16,#0ed7e1
MaidSafeCoin,$0.0177 MAID,8112636,2015-06-21,#437db6
MaidSafeCoin,$0.0176 MAID,8663573,2014-10-05,#437db6
MaidSafeCoin,$0.0176 MAID,9400147,2014-07-06,#437db6
NEM,$0.0176 XEM,144774000,2017-04-02,#0fc78a
MaidSafeCoin,$0.0175 MAID,8748743,2016-01-24,#437db6
Quark,$0.0175 QRK,4322038,2014-05-25,#236bb3
Freicoin,$0.0175 FRC,386099,2013-06-16,#75736c
XRP,$0.0174 XRP,135951540,2014-02-09,#3572c0
BitShares,$0.0173 BTS,43226687,2014-12-14,#0ed7e1
WorldCoin,$0.0171 WDC,492548,2013-10-20,#0413c8
BitShares,$0.0171 BTS,44292822,2014-12-07,#0ed7e1
Nxt,$0.0171 NXT,16687052,2014-12-21,#309bcf
MaidSafeCoin,$0.017 MAID,7693165,2016-01-10,#437db6
Quark,$0.017 QRK,4261713,2014-05-04,#236bb3
Nxt,$0.017 NXT,16782551,2014-12-14,#309bcf
XRP,$0.017 XRP,528898884,2014-12-14,#3572c0
MaidSafeCoin,$0.0169 MAID,7156392,2014-06-15,#437db6
Quark,$0.0169 QRK,4152966,2014-05-18,#236bb3
Freicoin,$0.0168 FRC,274485,2013-06-23,#75736c
XRP,$0.0167 XRP,513563824,2015-01-25,#3572c0
MaidSafeCoin,$0.0167 MAID,6512637,2014-06-01,#437db6
MaidSafeCoin,$0.0166 MAID,7476483,2015-06-14,#437db6
MaidSafeCoin,$0.0166 MAID,7555679,2015-05-31,#437db6
MaidSafeCoin,$0.0165 MAID,7297272,2015-12-13,#437db6
BitShares,$0.0163 BTS,40942789,2014-12-28,#0ed7e1
Quark,$0.0163 QRK,4231937,2014-06-15,#236bb3
Nxt,$0.0162 NXT,15541655,2015-01-11,#309bcf
Freicoin,$0.0162 FRC,344284,2013-06-09,#75736c
XRP,$0.0161 XRP,119913139,2014-02-16,#3572c0
Quark,$0.016 QRK,3978266,2014-06-01,#236bb3
BitShares,$0.016 BTS,41642559,2014-11-23,#0ed7e1
Quark,$0.016 QRK,4404586,2014-06-08,#236bb3
BitShares,$0.0159 BTS,40515386,2014-12-21,#0ed7e1
Nxt,$0.0159 NXT,16455152,2014-12-28,#309bcf
XRP,$0.0156 XRP,120487754,2014-02-23,#3572c0
Ixcoin,$0.0156 IXC,168801,2013-10-20,#bc0110
Ixcoin,$0.0155 IXC,251995,2013-10-13,#bc0110
MaidSafeCoin,$0.0154 MAID,6744072,2016-01-17,#437db6
XRP,$0.0154 XRP,483945686,2015-01-18,#3572c0
MaidSafeCoin,$0.0154 MAID,7178748,2015-06-07,#437db6
MaidSafeCoin,$0.0153 MAID,7089460,2015-12-06,#437db6
MaidSafeCoin,$0.0151 MAID,7370540,2015-11-01,#437db6
MaidSafeCoin,$0.0151 MAID,6974919,2014-06-29,#437db6
Nxt,$0.015 NXT,17725856,2016-06-26,#309bcf
MaidSafeCoin,$0.015 MAID,6798061,2015-12-20,#437db6
Nxt,$0.0149 NXT,14823457,2015-01-25,#309bcf
XRP,$0.0149 XRP,437542823,2015-02-15,#3572c0
Nxt,$0.0149 NXT,14658557,2015-07-12,#309bcf
BitShares,$0.0148 BTS,34255464,2015-01-04,#0ed7e1
MaidSafeCoin,$0.0147 MAID,6200556,2014-05-25,#437db6
MaidSafeCoin,$0.0147 MAID,6789463,2016-01-03,#437db6
BitShares,$0.0146 BTS,33064074,2014-11-02,#0ed7e1
XRP,$0.0146 XRP,460328719,2015-02-08,#3572c0
Siacoin,$0.0145 SC,382912755,2017-06-04,#12ce9c
XRP,$0.0144 XRP,115276349,2014-03-09,#3572c0
XRP,$0.0144 XRP,456865023,2014-12-07,#3572c0
Megacoin,$0.0144 MEC,298283,2013-11-10,#d5070e
XRP,$0.0144 XRP,111843513,2014-03-16,#3572c0
MaidSafeCoin,$0.0144 MAID,6812679,2015-11-15,#437db6
Megacoin,$0.0143 MEC,347574,2013-11-17,#d5070e
Nxt,$0.0143 NXT,14302758,2015-03-08,#309bcf
XRP,$0.0143 XRP,437986614,2015-02-01,#3572c0
WorldCoin,$0.0142 WDC,395416,2013-10-27,#0413c8
MaidSafeCoin,$0.0141 MAID,5984508,2014-05-18,#437db6
Nxt,$0.0141 NXT,13625060,2015-06-21,#309bcf
Quark,$0.0141 QRK,3392282,2014-06-22,#236bb3
Ixcoin,$0.0141 IXC,219656,2013-10-06,#bc0110
MaidSafeCoin,$0.0141 MAID,5458959,2014-05-11,#437db6
Ixcoin,$0.014 IXC,274794,2013-11-10,#bc0110
WorldCoin,$0.014 WDC,60438,2013-06-09,#0413c8
XRP,$0.014 XRP,346223285,2014-11-30,#3572c0
MaidSafeCoin,$0.0139 MAID,5836614,2015-11-08,#437db6
Ixcoin,$0.0139 IXC,147030,2013-05-12,#bc0110
XRP,$0.0138 XRP,100599042,2013-09-29,#3572c0
MaidSafeCoin,$0.0138 MAID,6362887,2014-06-22,#437db6
XRP,$0.0138 XRP,105880027,2014-03-02,#3572c0
MaidSafeCoin,$0.0138 MAID,6532956,2015-12-27,#437db6
BitShares,$0.0137 BTS,33407152,2015-01-11,#0ed7e1
MaidSafeCoin,$0.0136 MAID,5743614,2014-05-04,#437db6
MaidSafeCoin,$0.0136 MAID,6252102,2015-10-25,#437db6
Megacoin,$0.0135 MEC,234458,2013-10-13,#d5070e
Megacoin,$0.0134 MEC,153304,2013-07-28,#d5070e
Nxt,$0.0134 NXT,13018662,2015-03-15,#309bcf
Freicoin,$0.0133 FRC,274804,2013-06-30,#75736c
XRP,$0.0133 XRP,418946519,2015-02-22,#3572c0
Nxt,$0.0132 NXT,13380961,2015-03-01,#309bcf
Nxt,$0.0131 NXT,13126362,2015-07-05,#309bcf
XRP,$0.013 XRP,390515999,2015-03-01,#3572c0
MaidSafeCoin,$0.013 MAID,5962106,2015-11-29,#437db6
XRP,$0.013 XRP,98902560,2014-03-23,#3572c0
GridCoin,$0.0128 GRC,4639858,2015-12-06,#7d11c0
Freicoin,$0.0128 FRC,257106,2013-07-14,#75736c
Megacoin,$0.0128 MEC,228515,2013-10-06,#d5070e
Nxt,$0.0128 NXT,12882263,2015-07-26,#309bcf
Nxt,$0.0127 NXT,12650263,2015-07-19,#309bcf
NEM,$0.0127 XEM,121744800,2017-03-26,#0fc78a
Megacoin,$0.0126 MEC,258339,2013-11-03,#d5070e
GridCoin,$0.0126 GRC,4832648,2015-11-29,#7d11c0
Nxt,$0.0125 NXT,12081965,2015-06-28,#309bcf
TRON,$0.0125 TRX,813501385,2018-11-25,#bd0e00
MaidSafeCoin,$0.0124 MAID,5659304,2015-11-22,#437db6
Ixcoin,$0.0123 IXC,170055,2013-09-22,#bc0110
Nxt,$0.0121 NXT,10960468,2015-02-15,#309bcf
Nxt,$0.0121 NXT,11979365,2015-03-22,#309bcf
BitShares,$0.0121 BTS,29425132,2015-01-25,#0ed7e1
Nxt,$0.012 NXT,12587063,2015-01-18,#309bcf
NuShares,$0.0119 NSR,7508280,2015-01-18,#e44111
NEM,$0.0119 XEM,148270500,2017-03-19,#0fc78a
Nxt,$0.0119 NXT,11946465,2015-05-24,#309bcf
Nxt,$0.0118 NXT,11363767,2015-02-08,#309bcf
Megacoin,$0.0118 MEC,256422,2013-10-27,#d5070e
Nxt,$0.0117 NXT,11737166,2015-06-14,#309bcf
Nxt,$0.0116 NXT,11084268,2015-05-31,#309bcf
GridCoin,$0.0115 GRC,4146200,2015-11-08,#7d11c0
XRP,$0.0114 XRP,365898552,2015-06-28,#3572c0
Nxt,$0.0114 NXT,11113968,2015-06-07,#309bcf
WorldCoin,$0.0114 WDC,114749,2013-07-14,#0413c8
Nxt,$0.0113 NXT,11894265,2015-02-01,#309bcf
Nxt,$0.0112 NXT,10758569,2015-02-22,#309bcf
Nxt,$0.0112 NXT,11088568,2015-08-02,#309bcf
XRP,$0.0111 XRP,345161184,2015-03-15,#3572c0
XRP,$0.011 XRP,329104801,2015-06-21,#3572c0
BitShares,$0.011 BTS,21008438,2014-08-17,#0ed7e1
BitShares,$0.0109 BTS,26644755,2015-03-01,#0ed7e1
Nxt,$0.0109 NXT,10362170,2015-08-09,#309bcf
Nxt,$0.0108 NXT,10271970,2015-03-29,#309bcf
Freicoin,$0.0108 FRC,244977,2013-07-21,#75736c
XRP,$0.0108 XRP,319771550,2015-07-05,#3572c0
GridCoin,$0.0107 GRC,4064833,2015-11-22,#7d11c0
Nxt,$0.0107 NXT,11023668,2015-04-05,#309bcf
Ixcoin,$0.0106 IXC,143944,2013-10-27,#bc0110
NEM,$0.0105 XEM,96915600,2016-07-03,#0fc78a
XRP,$0.0105 XRP,317839487,2015-03-08,#3572c0
Phoenixcoin,$0.0105 PXC,34585,2013-07-07,#e67600
WorldCoin,$0.0104 WDC,145793,2013-07-21,#0413c8
Nxt,$0.0104 NXT,10525269,2015-04-12,#309bcf
XRP,$0.0104 XRP,75463510,2014-03-30,#3572c0
Ixcoin,$0.0103 IXC,183018,2013-11-03,#bc0110
BitShares,$0.0102 BTS,26257951,2015-01-18,#0ed7e1
XRP,$0.0102 XRP,325339592,2015-03-22,#3572c0
XRP,$0.0102 XRP,79811273,2013-11-17,#3572c0
BitShares,$0.0101 BTS,26143294,2015-02-01,#0ed7e1
Ixcoin,$0.0101 IXC,154516,2013-05-19,#bc0110
BitShares,$0.01 BTS,23344459,2015-03-08,#0ed7e1
BitShares,$0.0099 BTS,19069056,2014-08-03,#0ed7e1
BitShares,$0.0099 BTS,23679575,2015-02-08,#0ed7e1
NEM,$0.0098 XEM,89044380,2017-03-12,#0fc78a
Ixcoin,$0.0098 IXC,127368,2013-05-26,#bc0110
GridCoin,$0.0098 GRC,3778441,2015-11-01,#7d11c0
WorldCoin,$0.0098 WDC,67831,2013-06-23,#0413c8
WorldCoin,$0.0098 WDC,56980,2013-06-16,#0413c8
XRP,$0.0098 XRP,91218356,2013-11-24,#3572c0
Nxt,$0.0098 NXT,9822701,2015-08-16,#309bcf
Megacoin,$0.0098 MEC,206238,2013-09-22,#d5070e
XRP,$0.0097 XRP,81353743,2013-09-22,#3572c0
Nxt,$0.0097 NXT,8896444,2015-04-26,#309bcf
NEM,$0.0096 XEM,102037500,2017-03-05,#0fc78a
Megacoin,$0.0096 MEC,192051,2013-10-20,#d5070e
XRP,$0.0095 XRP,76764407,2013-10-06,#3572c0
Freicoin,$0.0094 FRC,208635,2013-07-28,#75736c
XRP,$0.0094 XRP,65761509,2013-10-13,#3572c0
Nxt,$0.0093 NXT,9262163,2015-05-17,#309bcf
Bytecoin,$0.0093 BCN,2220525199,2018-05-13,#f060b4
Nxt,$0.0093 NXT,9033574,2016-03-13,#309bcf
Nxt,$0.0093 NXT,9270983,2015-05-03,#309bcf
Nxt,$0.0092 NXT,8946594,2015-04-19,#309bcf
XRP,$0.0092 XRP,356889221,2017-03-26,#3572c0
BitShares,$0.009 BTS,16397276,2014-07-27,#0ed7e1
Nxt,$0.009 NXT,9042284,2015-09-27,#309bcf
BitShares,$0.009 BTS,21784478,2015-03-15,#0ed7e1
XRP,$0.009 XRP,335501923,2016-10-23,#3572c0
Nxt,$0.0089 NXT,9566192,2016-02-14,#309bcf
BitShares,$0.0089 BTS,18319020,2014-08-10,#0ed7e1
BitShares,$0.0089 BTS,20453803,2015-02-15,#0ed7e1
NuShares,$0.0089 NSR,5459823,2015-01-11,#e44111
XRP,$0.0089 XRP,67307340,2013-11-10,#3572c0
XRP,$0.0089 XRP,271170678,2015-03-29,#3572c0
XRP,$0.0088 XRP,278840855,2015-04-05,#3572c0
Nxt,$0.0087 NXT,8339056,2015-05-10,#309bcf
XRP,$0.0087 XRP,294382597,2016-03-13,#3572c0
Nxt,$0.0087 NXT,8482525,2015-08-23,#309bcf
Siacoin,$0.0086 SC,279243836,2017-05-21,#12ce9c
Megacoin,$0.0086 MEC,161426,2013-07-21,#d5070e
XRP,$0.0086 XRP,274849734,2015-07-12,#3572c0
WorldCoin,$0.0086 WDC,108739,2013-07-28,#0413c8
Nxt,$0.0086 NXT,8248666,2016-02-21,#309bcf
BitShares,$0.0085 BTS,21520803,2015-02-22,#0ed7e1
XRP,$0.0085 XRP,294425521,2015-12-13,#3572c0
Nxt,$0.0085 NXT,8756745,2016-02-07,#309bcf
XRP,$0.0085 XRP,281048608,2015-08-09,#3572c0
Nxt,$0.0085 NXT,8391526,2015-09-20,#309bcf
Freicoin,$0.0084 FRC,211349,2013-08-25,#75736c
XRP,$0.0084 XRP,265314820,2015-08-16,#3572c0
WorldCoin,$0.0084 WDC,123167,2013-08-04,#0413c8
XRP,$0.0084 XRP,264525084,2015-05-31,#3572c0
XRP,$0.0084 XRP,64471714,2014-04-06,#3572c0
Nxt,$0.0083 NXT,8106206,2015-10-04,#309bcf
Nxt,$0.0083 NXT,8071457,2015-08-30,#309bcf
Megacoin,$0.0083 MEC,143502,2013-09-15,#d5070e
XRP,$0.0083 XRP,274724971,2015-04-12,#3572c0
XRP,$0.0083 XRP,246977614,2015-04-26,#3572c0
XRP,$0.0083 XRP,292842373,2016-02-14,#3572c0
Freicoin,$0.0083 FRC,214535,2013-09-01,#75736c
XRP,$0.0082 XRP,276146724,2016-02-21,#3572c0
WorldCoin,$0.0082 WDC,132500,2013-08-18,#0413c8
XRP,$0.0082 XRP,292091183,2016-11-06,#3572c0
XRP,$0.0082 XRP,262606741,2015-08-02,#3572c0
Nxt,$0.0082 NXT,8190746,2016-01-31,#309bcf
XRP,$0.0082 XRP,277183878,2015-09-13,#3572c0
XRP,$0.0082 XRP,289655692,2016-10-02,#3572c0
Zetacoin,$0.0082 ZET,5725814,2013-12-08,#1b6dc0
XRP,$0.0081 XRP,286570104,2016-10-16,#3572c0
XRP,$0.0081 XRP,259949716,2015-06-14,#3572c0
Nxt,$0.0081 NXT,8077187,2015-09-13,#309bcf
XRP,$0.0081 XRP,276504976,2016-03-27,#3572c0
XRP,$0.0081 XRP,258180387,2015-07-19,#3572c0
NuShares,$0.008 NSR,5005297,2015-02-01,#e44111
Nxt,$0.008 NXT,8568765,2015-09-06,#309bcf
XRP,$0.008 XRP,295328431,2016-11-13,#3572c0
NEM,$0.008 XEM,73353600,2016-07-10,#0fc78a
XRP,$0.008 XRP,257037742,2015-05-03,#3572c0
XRP,$0.008 XRP,274132069,2016-03-20,#3572c0
BitShares,$0.008 BTS,19410439,2015-06-21,#0ed7e1
Nxt,$0.008 NXT,7743498,2015-10-11,#309bcf
Freicoin,$0.008 FRC,223995,2013-07-07,#75736c
XRP,$0.008 XRP,268939238,2016-02-28,#3572c0
NuShares,$0.008 NSR,4945753,2015-01-25,#e44111
WorldCoin,$0.008 WDC,126982,2013-08-11,#0413c8
XRP,$0.0079 XRP,282831191,2016-02-07,#3572c0
XRP,$0.0079 XRP,251248892,2015-06-07,#3572c0
BitShares,$0.0079 BTS,18510271,2016-03-13,#0ed7e1
NEM,$0.0079 XEM,69484230,2016-07-17,#0fc78a
XRP,$0.0079 XRP,250365983,2015-04-19,#3572c0
WorldCoin,$0.0079 WDC,55161,2013-06-30,#0413c8
Nxt,$0.0079 NXT,8226006,2016-03-20,#309bcf
XRP,$0.0079 XRP,258947150,2015-07-26,#3572c0
XRP,$0.0079 XRP,256355013,2015-09-06,#3572c0
XRP,$0.0079 XRP,267938672,2016-03-06,#3572c0
Megacoin,$0.0078 MEC,116160,2013-08-04,#d5070e
XRP,$0.0078 XRP,274408501,2016-11-20,#3572c0
XRP,$0.0078 XRP,261545011,2015-08-30,#3572c0
XRP,$0.0077 XRP,284757107,2016-10-30,#3572c0
XRP,$0.0077 XRP,240977211,2015-08-23,#3572c0
Nxt,$0.0077 NXT,7325019,2016-01-24,#309bcf
XRP,$0.0077 XRP,265561480,2014-11-23,#3572c0
Freicoin,$0.0076 FRC,216303,2013-11-10,#75736c
BitShares,$0.0076 BTS,19361516,2015-03-22,#0ed7e1
XRP,$0.0076 XRP,235563606,2015-05-10,#3572c0
Nxt,$0.0075 NXT,7469708,2016-02-28,#309bcf
XRP,$0.0075 XRP,258390982,2016-04-03,#3572c0
Nxt,$0.0075 NXT,7342569,2015-10-25,#309bcf
Ixcoin,$0.0075 IXC,86657,2013-06-02,#bc0110
XRP,$0.0075 XRP,248113070,2015-09-20,#3572c0
NEM,$0.0074 XEM,61357230,2016-06-26,#0fc78a
Nxt,$0.0074 NXT,7051740,2015-10-18,#309bcf
XRP,$0.0074 XRP,253777557,2016-11-27,#3572c0
Fastcoin,$0.0074 FST,72307,2013-07-28,#f0c700
XRP,$0.0074 XRP,278512115,2016-09-25,#3572c0
Freicoin,$0.0073 FRC,158973,2013-08-04,#75736c
XRP,$0.0073 XRP,252846394,2016-04-24,#3572c0
XRP,$0.0073 XRP,267594684,2016-10-09,#3572c0
BitShares,$0.0073 BTS,17336772,2015-06-28,#0ed7e1
NEM,$0.0072 XEM,61928910,2016-07-24,#0fc78a
Nxt,$0.0072 NXT,7624968,2015-11-01,#309bcf
XRP,$0.0072 XRP,52377125,2013-10-20,#3572c0
Freicoin,$0.0072 FRC,158240,2013-08-11,#75736c
Nxt,$0.0072 NXT,6864000,2016-01-03,#309bcf
NEM,$0.0072 XEM,57499830,2017-02-05,#0fc78a
GridCoin,$0.0072 GRC,3154105,2015-10-25,#7d11c0
Nxt,$0.0071 NXT,6990850,2016-01-17,#309bcf
Nxt,$0.0071 NXT,7398479,2016-03-06,#309bcf
XRP,$0.007 XRP,242976897,2016-09-18,#3572c0
Nxt,$0.007 NXT,6361862,2015-11-08,#309bcf
NEM,$0.007 XEM,62097840,2017-02-12,#0fc78a
Freicoin,$0.007 FRC,174528,2013-09-08,#75736c
BitShares,$0.0069 BTS,17506957,2015-06-14,#0ed7e1
BitShares,$0.0069 BTS,17413663,2015-06-07,#0ed7e1
WorldCoin,$0.0069 WDC,203604,2013-10-06,#0413c8
Freicoin,$0.0069 FRC,197891,2013-08-18,#75736c
XRP,$0.0069 XRP,247328329,2017-01-15,#3572c0
NEM,$0.0069 XEM,57168630,2017-02-19,#0fc78a
Rimbit,$0.0068 RBT,3750645,2015-02-08,#003366
Ixcoin,$0.0068 IXC,106166,2013-09-08,#bc0110
XRP,$0.0068 XRP,242740088,2016-12-11,#3572c0
XRP,$0.0068 XRP,236803663,2016-05-01,#3572c0
Nxt,$0.0068 NXT,6400111,2016-01-10,#309bcf
XRP,$0.0068 XRP,55978045,2013-11-03,#3572c0
XRP,$0.0068 XRP,217270752,2015-05-24,#3572c0
BitShares,$0.0068 BTS,16640224,2015-03-29,#0ed7e1
NEM,$0.0067 XEM,59920740,2016-07-31,#0fc78a
XRP,$0.0067 XRP,258098226,2017-03-19,#3572c0
BitShares,$0.0067 BTS,15875129,2016-03-27,#0ed7e1
BitShares,$0.0067 BTS,16209809,2015-07-05,#0ed7e1
XRP,$0.0067 XRP,233547096,2016-07-03,#3572c0
NuShares,$0.0067 NSR,4061763,2014-12-28,#e44111
XRP,$0.0067 XRP,247414439,2017-01-22,#3572c0
Nxt,$0.0067 NXT,6431311,2015-12-13,#309bcf
Freicoin,$0.0067 FRC,192525,2013-10-20,#75736c
XRP,$0.0067 XRP,235903258,2016-07-10,#3572c0
BitShares,$0.0067 BTS,17053951,2015-05-31,#0ed7e1
XRP,$0.0066 XRP,217061662,2016-01-31,#3572c0
XRP,$0.0066 XRP,234887732,2016-12-04,#3572c0
XRP,$0.0066 XRP,201953371,2015-05-17,#3572c0
XRP,$0.0066 XRP,239176180,2016-06-19,#3572c0
Nxt,$0.0066 NXT,6302552,2015-12-20,#309bcf
XRP,$0.0066 XRP,231694974,2016-07-17,#3572c0
NEM,$0.0066 XEM,58439700,2016-08-14,#0fc78a
NuShares,$0.0066 NSR,3525780,2015-01-04,#e44111
NuShares,$0.0065 NSR,4563013,2014-12-07,#e44111
XRP,$0.0065 XRP,235319644,2016-12-18,#3572c0
XRP,$0.0065 XRP,231408636,2017-01-01,#3572c0
XRP,$0.0065 XRP,212348708,2015-09-27,#3572c0
XRP,$0.0065 XRP,226618870,2016-04-17,#3572c0
NEM,$0.0065 XEM,56927160,2016-08-21,#0fc78a
XRP,$0.0065 XRP,237439242,2017-02-05,#3572c0
XRP,$0.0065 XRP,223293444,2016-05-08,#3572c0
GoldCoin,$0.0065 GLD,327066,2013-08-18,#e6c000
XRP,$0.0065 XRP,48577865,2014-04-20,#3572c0
XRP,$0.0065 XRP,46938141,2014-05-18,#3572c0
GoldCoin,$0.0065 GLD,170529,2013-08-25,#e6c000
Nxt,$0.0064 NXT,6430661,2015-11-15,#309bcf
XRP,$0.0064 XRP,226212527,2016-06-26,#3572c0
XRP,$0.0064 XRP,226499134,2017-01-08,#3572c0
XRP,$0.0064 XRP,235949571,2017-01-29,#3572c0
Nxt,$0.0064 NXT,6437781,2015-12-06,#309bcf
BitShares,$0.0064 BTS,15942965,2015-09-27,#0ed7e1
XRP,$0.0064 XRP,232006456,2016-12-25,#3572c0
XRP,$0.0063 XRP,50595585,2013-09-15,#3572c0
NEM,$0.0063 XEM,58023000,2017-02-26,#0fc78a
XRP,$0.0063 XRP,219668424,2016-08-07,#3572c0
XRP,$0.0063 XRP,223450777,2016-07-24,#3572c0
XRP,$0.0063 XRP,232223661,2017-02-12,#3572c0
XRP,$0.0063 XRP,209113987,2015-12-20,#3572c0
XRP,$0.0063 XRP,229273937,2017-03-05,#3572c0
XRP,$0.0063 XRP,204468477,2016-04-10,#3572c0
XRP,$0.0063 XRP,46807035,2014-04-13,#3572c0
BitShares,$0.0063 BTS,16003126,2015-07-12,#0ed7e1
Nxt,$0.0062 NXT,6435491,2015-12-27,#309bcf
XRP,$0.0062 XRP,233249975,2017-03-12,#3572c0
XRP,$0.0062 XRP,48338325,2013-09-08,#3572c0
XRP,$0.0062 XRP,212734354,2015-12-27,#3572c0
XRP,$0.0061 XRP,211342369,2016-07-31,#3572c0
XRP,$0.0061 XRP,215211001,2016-08-21,#3572c0
XRP,$0.0061 XRP,213138489,2016-08-14,#3572c0
Nxt,$0.0061 NXT,6049002,2015-11-22,#309bcf
Nxt,$0.0061 NXT,6055762,2015-11-29,#309bcf
NuShares,$0.0061 NSR,4764082,2015-12-06,#e44111
XRP,$0.0061 XRP,211328954,2016-05-15,#3572c0
XRP,$0.0061 XRP,201799471,2016-01-03,#3572c0
BitShares,$0.0061 BTS,14634641,2015-04-05,#0ed7e1
XRP,$0.006 XRP,53493207,2013-10-27,#3572c0
WorldCoin,$0.006 WDC,114698,2013-08-25,#0413c8
XRP,$0.006 XRP,49685444,2014-07-27,#3572c0
NuShares,$0.006 NSR,3783931,2014-12-14,#e44111
Stellar,$0.006 XLM,20620134,2014-12-28,#00defa
XRP,$0.006 XRP,206990942,2016-05-22,#3572c0
XRP,$0.006 XRP,199751004,2016-01-10,#3572c0
XRP,$0.006 XRP,212054160,2016-08-28,#3572c0
XRP,$0.006 XRP,210268888,2016-09-04,#3572c0
XRP,$0.0059 XRP,44981558,2014-05-11,#3572c0
BitShares,$0.0059 BTS,15416233,2015-05-24,#0ed7e1
NEM,$0.0059 XEM,51444630,2016-09-11,#0fc78a
BitShares,$0.0059 BTS,15155308,2016-04-03,#0ed7e1
Stellar,$0.0059 XLM,20856075,2014-12-21,#00defa
Freicoin,$0.0059 FRC,221760,2013-10-13,#75736c
XRP,$0.0059 XRP,45983577,2013-08-04,#3572c0
XRP,$0.0059 XRP,206330243,2016-09-11,#3572c0
BitShares,$0.0058 BTS,17856395,2015-09-20,#0ed7e1
BitShares,$0.0058 BTS,14167578,2016-03-20,#0ed7e1
NuShares,$0.0058 NSR,2794954,2015-02-08,#e44111
XRP,$0.0058 XRP,202093287,2016-06-05,#3572c0
XRP,$0.0058 XRP,204052210,2016-06-12,#3572c0
NuShares,$0.0057 NSR,4958679,2015-11-29,#e44111
NEM,$0.0057 XEM,50820210,2016-09-04,#0fc78a
BitShares,$0.0057 BTS,14883121,2015-10-11,#0ed7e1
NEM,$0.0057 XEM,53506800,2016-08-28,#0fc78a
XRP,$0.0057 XRP,43916527,2013-08-18,#3572c0
XRP,$0.0057 XRP,197443897,2016-05-29,#3572c0
XRP,$0.0057 XRP,210650136,2017-02-26,#3572c0
Nxt,$0.0057 NXT,3979350,2013-12-08,#309bcf
BitShares,$0.0056 BTS,12932496,2016-04-10,#0ed7e1
XRP,$0.0056 XRP,45239783,2013-09-01,#3572c0
BitShares,$0.0056 BTS,13809638,2015-07-26,#0ed7e1
XRP,$0.0056 XRP,217744953,2017-02-19,#3572c0
Ixcoin,$0.0056 IXC,85023,2013-08-11,#bc0110
XRP,$0.0055 XRP,47719539,2013-08-25,#3572c0
XRP,$0.0055 XRP,170115935,2015-10-04,#3572c0
NuShares,$0.0055 NSR,3345469,2015-03-08,#e44111
Megacoin,$0.0055 MEC,59964,2013-07-14,#d5070e
XRP,$0.0054 XRP,42720248,2014-08-17,#3572c0
XRP,$0.0054 XRP,37983608,2014-04-27,#3572c0
BitShares,$0.0053 BTS,13066879,2015-10-04,#0ed7e1
WorldCoin,$0.0053 WDC,56083,2013-07-07,#0413c8
NEM,$0.0053 XEM,45160380,2016-08-07,#0fc78a
XRP,$0.0053 XRP,179217036,2015-12-06,#3572c0
Freicoin,$0.0053 FRC,149093,2013-10-27,#75736c
NEM,$0.0053 XEM,46565280,2016-09-18,#0fc78a
Megacoin,$0.0053 MEC,93484,2013-08-11,#d5070e
XRP,$0.0053 XRP,43035992,2014-08-03,#3572c0
XRP,$0.0053 XRP,42080255,2014-07-20,#3572c0
XRP,$0.0052 XRP,41057101,2014-08-10,#3572c0
XRP,$0.0052 XRP,165079805,2015-10-18,#3572c0
NuShares,$0.0052 NSR,2709942,2014-11-09,#e44111
Stellar,$0.0052 XLM,18043861,2015-01-11,#00defa
Freicoin,$0.0052 FRC,125808,2013-09-15,#75736c
NEM,$0.0052 XEM,45594990,2016-09-25,#0fc78a
Freicoin,$0.0052 FRC,169416,2013-11-03,#75736c
XRP,$0.0051 XRP,175044643,2016-01-24,#3572c0
XRP,$0.0051 XRP,176601451,2016-01-17,#3572c0
NuShares,$0.0051 NSR,3102725,2014-12-21,#e44111
NuShares,$0.0051 NSR,3993024,2015-12-20,#e44111
BitShares,$0.005 BTS,11758478,2015-09-06,#0ed7e1
XRP,$0.005 XRP,150197085,2014-11-16,#3572c0
XRP,$0.005 XRP,168360595,2015-10-11,#3572c0
XRP,$0.005 XRP,39279346,2014-05-04,#3572c0
Stellar,$0.005 XLM,17153593,2015-01-25,#00defa
NuShares,$0.005 NSR,3799739,2015-11-15,#e44111
XRP,$0.005 XRP,42530520,2014-08-24,#3572c0
XRP,$0.005 XRP,143471868,2014-10-19,#3572c0
XRP,$0.005 XRP,141655981,2014-08-31,#3572c0
BitShares,$0.0049 BTS,13026210,2015-07-19,#0ed7e1
XRP,$0.0049 XRP,138819673,2014-10-05,#3572c0
Ixcoin,$0.0049 IXC,68433,2013-06-23,#bc0110
XRP,$0.0049 XRP,142804246,2014-11-09,#3572c0
NuShares,$0.0049 NSR,2672064,2014-10-26,#e44111
NuShares,$0.0049 NSR,4274037,2015-11-22,#e44111
BitShares,$0.0049 BTS,12177547,2015-08-02,#0ed7e1
WorldCoin,$0.0048 WDC,127463,2013-09-29,#0413c8
NEM,$0.0048 XEM,46473390,2017-01-29,#0fc78a
NEM,$0.0048 XEM,41819040,2016-11-13,#0fc78a
XRP,$0.0048 XRP,136357906,2014-09-07,#3572c0
BitShares,$0.0048 BTS,11908727,2015-04-19,#0ed7e1
GoldCoin,$0.0048 GLD,138116,2013-09-15,#e6c000
XRP,$0.0048 XRP,132477694,2014-09-21,#3572c0
XRP,$0.0048 XRP,140819351,2014-10-12,#3572c0
GoldCoin,$0.0047 GLD,134761,2013-09-01,#e6c000
XRP,$0.0047 XRP,131839641,2014-10-26,#3572c0
Fastcoin,$0.0047 FST,55913,2013-07-21,#f0c700
XRP,$0.0047 XRP,148899526,2014-09-14,#3572c0
XRP,$0.0047 XRP,153120071,2014-09-28,#3572c0
XRP,$0.0047 XRP,162511524,2015-11-01,#3572c0
XRP,$0.0047 XRP,154064648,2015-11-08,#3572c0
XRP,$0.0047 XRP,135218048,2014-11-02,#3572c0
NuShares,$0.0047 NSR,3115535,2015-03-15,#e44111
XRP,$0.0047 XRP,151059369,2015-10-25,#3572c0
BitShares,$0.0047 BTS,11591307,2015-08-16,#0ed7e1
Stellar,$0.0047 XLM,16924141,2015-01-18,#00defa
NuShares,$0.0046 NSR,3149220,2015-02-15,#e44111
Stellar,$0.0046 XLM,15717675,2015-01-04,#00defa
Nxt,$0.0045 NXT,7429500,2013-12-15,#309bcf
BitShares,$0.0045 BTS,11536315,2016-02-14,#0ed7e1
BitShares,$0.0045 BTS,11329752,2015-04-12,#0ed7e1
BitShares,$0.0044 BTS,10581115,2015-04-26,#0ed7e1
NEM,$0.0044 XEM,38802690,2016-10-02,#0fc78a
NuShares,$0.0044 NSR,3303362,2015-03-01,#e44111
BitShares,$0.0044 BTS,10509786,2016-04-24,#0ed7e1
BitShares,$0.0044 BTS,11351725,2016-04-17,#0ed7e1
XRP,$0.0043 XRP,138079707,2015-11-15,#3572c0
Stellar,$0.0043 XLM,14874634,2015-02-01,#00defa
BitShares,$0.0043 BTS,10740509,2015-09-13,#0ed7e1
XRP,$0.0043 XRP,33667425,2014-07-13,#3572c0
XRP,$0.0043 XRP,34518485,2013-08-11,#3572c0
XRP,$0.0042 XRP,141487171,2015-11-22,#3572c0
XRP,$0.0042 XRP,144183156,2015-11-29,#3572c0
BitShares,$0.0042 BTS,10921897,2015-11-01,#0ed7e1
Ixcoin,$0.0042 IXC,51165,2013-07-14,#bc0110
BitShares,$0.0042 BTS,10808658,2015-08-09,#0ed7e1
GoldCoin,$0.0042 GLD,103550,2013-09-08,#e6c000
XRP,$0.0042 XRP,32729674,2014-06-22,#3572c0
XRP,$0.0041 XRP,31988929,2014-06-01,#3572c0
BitShares,$0.0041 BTS,12936240,2016-03-06,#0ed7e1
BitShares,$0.0041 BTS,10554532,2016-02-21,#0ed7e1
XRP,$0.0041 XRP,28500195,2014-05-25,#3572c0
NuShares,$0.0041 NSR,2822855,2015-04-05,#e44111
BitShares,$0.0041 BTS,10672560,2015-10-18,#0ed7e1
Freicoin,$0.004 FRC,114800,2013-09-29,#75736c
BitShares,$0.004 BTS,10516220,2016-02-28,#0ed7e1
XRP,$0.004 XRP,32813872,2014-06-15,#3572c0
NEM,$0.004 XEM,35485110,2016-11-20,#0fc78a
NEM,$0.004 XEM,35889750,2016-10-16,#0fc78a
BitShares,$0.004 BTS,10367706,2016-05-01,#0ed7e1
NuShares,$0.004 NSR,3014368,2015-03-22,#e44111
XRP,$0.004 XRP,31071578,2014-06-08,#3572c0
NEM,$0.004 XEM,34896420,2016-10-09,#0fc78a
XRP,$0.0039 XRP,31372410,2014-06-29,#3572c0
BitShares,$0.0039 BTS,9325877,2015-10-25,#0ed7e1
BitShares,$0.0039 BTS,9981193,2016-05-08,#0ed7e1
NEM,$0.0039 XEM,33355710,2016-11-06,#0fc78a
Stellar,$0.0038 XLM,13436030,2015-02-08,#00defa
NuShares,$0.0038 NSR,2813107,2015-02-22,#e44111
Ixcoin,$0.0038 IXC,56789,2013-07-28,#bc0110
BitShares,$0.0038 BTS,9354876,2015-12-13,#0ed7e1
NEM,$0.0037 XEM,33759900,2016-10-23,#0fc78a
NEM,$0.0037 XEM,33006870,2017-01-15,#0fc78a
Stellar,$0.0037 XLM,11853368,2015-02-15,#00defa
NEM,$0.0037 XEM,33039180,2016-11-27,#0fc78a
NEM,$0.0037 XEM,33264720,2017-01-22,#0fc78a
NEM,$0.0037 XEM,30962250,2017-01-01,#0fc78a
Stellar,$0.0037 XLM,17058446,2015-06-21,#00defa
NuShares,$0.0037 NSR,3016888,2014-11-30,#e44111
BitShares,$0.0037 BTS,9303419,2015-05-03,#0ed7e1
BitShares,$0.0036 BTS,10103532,2016-06-12,#0ed7e1
BitShares,$0.0036 BTS,8935595,2016-05-22,#0ed7e1
NEM,$0.0036 XEM,34370460,2016-12-18,#0fc78a
BitShares,$0.0036 BTS,8907587,2015-12-20,#0ed7e1
Stellar,$0.0036 XLM,4231082,2014-09-21,#00defa
BitShares,$0.0036 BTS,9078215,2015-05-17,#0ed7e1
BitShares,$0.0036 BTS,9089232,2015-05-10,#0ed7e1
BitShares,$0.0036 BTS,8975485,2015-08-23,#0ed7e1
BitShares,$0.0036 BTS,8729967,2015-11-15,#0ed7e1
Stellar,$0.0036 XLM,16617336,2015-06-28,#00defa
Bytecoin,$0.0036 BCN,622202171,2017-06-11,#f060b4
BitShares,$0.0036 BTS,9090016,2016-06-05,#0ed7e1
NEM,$0.0035 XEM,32455710,2016-12-25,#0fc78a
NEM,$0.0035 XEM,30791250,2017-01-08,#0fc78a
Ixcoin,$0.0035 IXC,51205,2013-06-30,#bc0110
NEM,$0.0035 XEM,33411510,2016-10-30,#0fc78a
BitShares,$0.0035 BTS,8750389,2015-11-08,#0ed7e1
BitShares,$0.0035 BTS,8537806,2016-05-29,#0ed7e1
BitShares,$0.0035 BTS,8652614,2015-12-06,#0ed7e1
NEM,$0.0035 XEM,32069250,2016-12-04,#0fc78a
Ixcoin,$0.0034 IXC,55740,2013-07-21,#bc0110
BitShares,$0.0034 BTS,8591677,2016-01-03,#0ed7e1
BitShares,$0.0034 BTS,8487036,2015-08-30,#0ed7e1
NEM,$0.0033 XEM,30956400,2016-12-11,#0fc78a
BitShares,$0.0033 BTS,9314642,2016-02-07,#0ed7e1
BitShares,$0.0033 BTS,8377885,2015-11-22,#0ed7e1
BitShares,$0.0033 BTS,8999978,2015-12-27,#0ed7e1
BitShares,$0.0033 BTS,8507404,2016-01-31,#0ed7e1
Stellar,$0.0033 XLM,4044469,2014-09-28,#00defa
Stellar,$0.0033 XLM,16379475,2015-05-31,#00defa
BitShares,$0.0032 BTS,8136847,2015-11-29,#0ed7e1
Stellar,$0.0032 XLM,15774902,2015-06-14,#00defa
Stellar,$0.0032 XLM,10192439,2015-02-22,#00defa
Stellar,$0.0032 XLM,15101647,2015-07-05,#00defa
BitShares,$0.0031 BTS,7685868,2016-01-10,#0ed7e1
Stellar,$0.0031 XLM,14940169,2015-06-07,#00defa
XRP,$0.0031 XRP,21969912,2014-07-06,#3572c0
Bytecoin,$0.0031 BCN,480714029,2017-06-18,#f060b4
Stellar,$0.0031 XLM,3475762,2014-09-14,#00defa
Stellar,$0.0031 XLM,15403933,2015-07-12,#00defa
BitShares,$0.0031 BTS,7708838,2016-01-17,#0ed7e1
Stellar,$0.003 XLM,10061647,2015-03-01,#00defa
NEM,$0.003 XEM,45039690,2016-06-19,#0fc78a
BitShares,$0.003 BTS,7852415,2016-01-24,#0ed7e1
Stellar,$0.003 XLM,15096533,2015-05-24,#00defa
Stellar,$0.003 XLM,13694205,2015-03-22,#00defa
Stellar,$0.003 XLM,10915321,2015-03-15,#00defa
Stellar,$0.003 XLM,13079875,2015-03-29,#00defa
Stellar,$0.0029 XLM,10729150,2015-03-08,#00defa
Stellar,$0.0029 XLM,14587097,2015-07-26,#00defa
Stellar,$0.0029 XLM,13884810,2015-07-19,#00defa
Stellar,$0.0028 XLM,13491896,2015-05-10,#00defa
Stellar,$0.0028 XLM,13442122,2015-04-12,#00defa
Stellar,$0.0028 XLM,20072241,2016-12-18,#00defa
Stellar,$0.0027 XLM,12922360,2015-04-19,#00defa
NuShares,$0.0027 NSR,2222870,2015-04-26,#e44111
Stellar,$0.0027 XLM,12917739,2015-05-03,#00defa
Stellar,$0.0027 XLM,11465848,2015-04-05,#00defa
Bytecoin,$0.0027 BCN,460369110,2017-06-25,#f060b4
Stellar,$0.0027 XLM,12725726,2015-04-26,#00defa
Stellar,$0.0026 XLM,13182135,2015-08-02,#00defa
Bytecoin,$0.0026 BCN,460184772,2017-06-04,#f060b4
NuShares,$0.0026 NSR,2171049,2015-05-10,#e44111
Stellar,$0.0026 XLM,12455557,2015-05-17,#00defa
Dogecoin,$0.0026 DOGE,282586773,2017-05-28,#d9bd62
Stellar,$0.0026 XLM,11428594,2015-08-30,#00defa
Stellar,$0.0025 XLM,8782883,2014-12-14,#00defa
Stellar,$0.0025 XLM,7829175,2014-11-30,#00defa
Megacoin,$0.0025 MEC,38199,2013-07-07,#d5070e
Bytecoin,$0.0025 BCN,464423850,2017-05-28,#f060b4
Stellar,$0.0024 XLM,3161059,2014-10-05,#00defa
Stellar,$0.0024 XLM,11344230,2015-08-09,#00defa
Stellar,$0.0024 XLM,12225451,2015-09-06,#00defa
Bytecoin,$0.0024 BCN,402340277,2017-07-02,#f060b4
Stellar,$0.0024 XLM,8256784,2014-12-07,#00defa
Bytecoin,$0.0024 BCN,699214703,2017-05-21,#f060b4
Ixcoin,$0.0023 IXC,46861,2013-07-07,#bc0110
Stellar,$0.0023 XLM,3101679,2014-10-12,#00defa
Stellar,$0.0023 XLM,10755717,2015-09-20,#00defa
Stellar,$0.0023 XLM,11941556,2016-03-13,#00defa
Stellar,$0.0023 XLM,10325386,2015-08-16,#00defa
Stellar,$0.0022 XLM,10436597,2015-09-13,#00defa
Stellar,$0.0022 XLM,10594682,2016-02-14,#00defa
Stellar,$0.0022 XLM,10294814,2015-11-01,#00defa
Stellar,$0.0021 XLM,12125272,2016-04-03,#00defa
Stellar,$0.0021 XLM,10205081,2015-10-11,#00defa
Stellar,$0.0021 XLM,10001041,2015-09-27,#00defa
Stellar,$0.0021 XLM,2321955,2014-09-07,#00defa
Stellar,$0.0021 XLM,11117114,2016-03-27,#00defa
Stellar,$0.0021 XLM,10434710,2016-02-21,#00defa
Stellar,$0.0021 XLM,9921660,2015-10-04,#00defa
NEM,$0.002 XEM,18024930,2016-06-05,#0fc78a
Stellar,$0.002 XLM,10325036,2016-04-10,#00defa
Stellar,$0.002 XLM,9399032,2015-11-08,#00defa
Stellar,$0.002 XLM,9583481,2016-02-28,#00defa
Stellar,$0.002 XLM,9474060,2015-08-23,#00defa
Stellar,$0.002 XLM,11456458,2016-03-20,#00defa
Stellar,$0.002 XLM,9994898,2015-12-13,#00defa
Stellar,$0.002 XLM,9539074,2015-10-18,#00defa
Stellar,$0.002 XLM,9615069,2015-11-15,#00defa
NEM,$0.002 XEM,18843660,2016-06-12,#0fc78a
Stellar,$0.0019 XLM,10490320,2016-04-24,#00defa
Stellar,$0.0019 XLM,9122916,2015-10-25,#00defa
Stellar,$0.0019 XLM,10416099,2016-04-17,#00defa
Stellar,$0.0019 XLM,9540283,2015-11-22,#00defa
Dogecoin,$0.0019 DOGE,335148585,2017-05-21,#d9bd62
Stellar,$0.0019 XLM,2859326,2014-10-26,#00defa
Stellar,$0.0019 XLM,9289128,2015-12-06,#00defa
Stellar,$0.0019 XLM,8958881,2016-02-07,#00defa
Stellar,$0.0019 XLM,10326956,2016-05-01,#00defa
Dogecoin,$0.0018 DOGE,58716637,2014-01-26,#d9bd62
Stellar,$0.0018 XLM,8447379,2015-12-20,#00defa
Stellar,$0.0018 XLM,9376780,2016-03-06,#00defa
Stellar,$0.0018 XLM,9853817,2016-05-08,#00defa
Stellar,$0.0018 XLM,7666939,2014-11-23,#00defa
Stellar,$0.0018 XLM,9666590,2016-05-15,#00defa
Stellar,$0.0018 XLM,8436447,2016-01-03,#00defa
Stellar,$0.0017 XLM,8539676,2016-01-10,#00defa
Stellar,$0.0017 XLM,8293164,2016-01-17,#00defa
Stellar,$0.0017 XLM,8416275,2015-11-29,#00defa
Stellar,$0.0017 XLM,8591484,2016-01-31,#00defa
Stellar,$0.0017 XLM,6159914,2014-11-09,#00defa
Stellar,$0.0017 XLM,8336362,2016-01-24,#00defa
Stellar,$0.0016 XLM,8319866,2015-12-27,#00defa
Stellar,$0.0016 XLM,8921690,2016-05-22,#00defa
NEM,$0.0016 XEM,15285240,2016-05-22,#0fc78a
Stellar,$0.0016 XLM,5771103,2014-11-16,#00defa
NEM,$0.0016 XEM,14833260,2016-05-29,#0fc78a
NEM,$0.0016 XEM,14453100,2016-05-01,#0fc78a
NEM,$0.0016 XEM,13798440,2016-04-24,#0fc78a
NEM,$0.0016 XEM,13654260,2016-05-08,#0fc78a
Stellar,$0.0015 XLM,2360601,2014-11-02,#00defa
Dogecoin,$0.0015 DOGE,71890511,2014-02-16,#d9bd62
NEM,$0.0015 XEM,13085550,2016-03-27,#0fc78a
Dogecoin,$0.0014 DOGE,53548596,2014-02-02,#d9bd62
NEM,$0.0014 XEM,12242160,2016-04-03,#0fc78a
NEM,$0.0014 XEM,13233600,2016-05-15,#0fc78a
NEM,$0.0014 XEM,13503240,2016-04-17,#0fc78a
NEM,$0.0014 XEM,12601710,2016-04-10,#0fc78a
NEM,$0.0014 XEM,12072780,2016-03-13,#0fc78a
NEM,$0.0013 XEM,11146680,2016-03-20,#0fc78a
Dogecoin,$0.0013 DOGE,63278067,2014-02-23,#d9bd62
Dogecoin,$0.0012 DOGE,139315690,2017-05-14,#d9bd62
Dogecoin,$0.0012 DOGE,142549286,2017-05-07,#d9bd62
GoldCoin,$0.0012 GLD,19834,2013-06-16,#e6c000
Siacoin,$0.0011 SC,15487950,2016-06-26,#12ce9c
Dogecoin,$0.0011 DOGE,60542650,2014-02-09,#d9bd62
Dogecoin,$0.0011 DOGE,53288517,2014-03-02,#d9bd62
GoldCoin,$0.00099 GLD,18141,2013-06-23,#e6c000
Dogecoin,$0.00084 DOGE,50285348,2014-03-16,#d9bd62
Dogecoin,$0.00083 DOGE,50869813,2014-03-09,#d9bd62
Siacoin,$0.00083 SC,14358104,2016-06-19,#12ce9c
Dogecoin,$0.00074 DOGE,81479217,2017-04-30,#d9bd62
NEM,$0.00071 XEM,9384570,2016-03-06,#0fc78a
Dogecoin,$0.00069 DOGE,47012121,2014-03-23,#d9bd62
Dogecoin,$0.00065 DOGE,45497406,2014-04-20,#d9bd62
NEM,$0.00064 XEM,5883597,2016-02-28,#0fc78a
NEM,$0.00063 XEM,5455548,2016-02-07,#0fc78a
Dogecoin,$0.00059 DOGE,22169606,2014-01-19,#d9bd62
Dogecoin,$0.00059 DOGE,34736734,2014-03-30,#d9bd62
Dogecoin,$0.00048 DOGE,35195735,2014-05-11,#d9bd62
Dogecoin,$0.00047 DOGE,32876233,2014-04-27,#d9bd62
Dogecoin,$0.00047 DOGE,31183539,2014-04-06,#d9bd62
Dogecoin,$0.00046 DOGE,35579321,2014-05-04,#d9bd62
Dogecoin,$0.00046 DOGE,7634717,2013-12-29,#d9bd62
Dogecoin,$0.00045 DOGE,35125194,2014-05-18,#d9bd62
GoldCoin,$0.00045 GLD,6496,2013-06-30,#e6c000
Dogecoin,$0.00043 DOGE,33755004,2014-05-25,#d9bd62
Dogecoin,$0.00042 DOGE,27278892,2014-04-13,#d9bd62
Dogecoin,$0.00039 DOGE,3706592,2013-12-22,#d9bd62
Dogecoin,$0.00038 DOGE,30894940,2014-06-15,#d9bd62
Dogecoin,$0.00038 DOGE,36602460,2014-09-28,#d9bd62
Dogecoin,$0.00037 DOGE,29346443,2014-06-08,#d9bd62
Dogecoin,$0.00036 DOGE,9207368,2014-01-12,#d9bd62
Dogecoin,$0.00035 DOGE,28678379,2014-06-22,#d9bd62
Dogecoin,$0.00034 DOGE,32411547,2014-06-01,#d9bd62
Dogecoin,$0.00034 DOGE,53237771,2017-04-02,#d9bd62
Dogecoin,$0.00032 DOGE,35437220,2016-06-19,#d9bd62
Dogecoin,$0.00031 DOGE,29359857,2016-02-07,#d9bd62
Dogecoin,$0.00031 DOGE,29637410,2016-07-03,#d9bd62
Dogecoin,$0.0003 DOGE,5883644,2014-01-05,#d9bd62
Dogecoin,$0.0003 DOGE,25629221,2014-10-05,#d9bd62
Dogecoin,$0.0003 DOGE,31031000,2016-02-14,#d9bd62
Dogecoin,$0.00029 DOGE,26546617,2014-09-21,#d9bd62
Dogecoin,$0.00029 DOGE,29460405,2016-02-21,#d9bd62
Dogecoin,$0.00029 DOGE,29890362,2016-06-26,#d9bd62
Dogecoin,$0.00028 DOGE,27299820,2014-10-12,#d9bd62
Dogecoin,$0.00028 DOGE,22979320,2014-06-29,#d9bd62
Dogecoin,$0.00027 DOGE,23560761,2014-07-13,#d9bd62
Dogecoin,$0.00027 DOGE,28604050,2016-07-10,#d9bd62
Dogecoin,$0.00027 DOGE,31808853,2014-09-14,#d9bd62
Dogecoin,$0.00026 DOGE,27676728,2016-07-17,#d9bd62
Dogecoin,$0.00026 DOGE,28502888,2016-01-31,#d9bd62
Dogecoin,$0.00026 DOGE,22993792,2014-10-19,#d9bd62
Dogecoin,$0.00026 DOGE,26276133,2016-02-28,#d9bd62
Dogecoin,$0.00025 DOGE,26220814,2016-07-24,#d9bd62
Dogecoin,$0.00025 DOGE,28298546,2016-06-12,#d9bd62
Dogecoin,$0.00025 DOGE,23574300,2014-10-26,#d9bd62
Dogecoin,$0.00025 DOGE,21117050,2014-07-20,#d9bd62
Dogecoin,$0.00024 DOGE,23290366,2014-11-30,#d9bd62
Dogecoin,$0.00024 DOGE,25850681,2016-08-14,#d9bd62
Dogecoin,$0.00024 DOGE,24291484,2016-07-31,#d9bd62
Dogecoin,$0.00024 DOGE,24475341,2016-08-21,#d9bd62
Dogecoin,$0.00024 DOGE,25315142,2016-03-13,#d9bd62
Dogecoin,$0.00024 DOGE,24756834,2016-06-05,#d9bd62
Dogecoin,$0.00024 DOGE,24869504,2016-05-29,#d9bd62
Dogecoin,$0.00024 DOGE,24926696,2016-09-04,#d9bd62
Dogecoin,$0.00024 DOGE,25462906,2016-09-18,#d9bd62
Dogecoin,$0.00023 DOGE,24708695,2016-12-25,#d9bd62
Dogecoin,$0.00023 DOGE,23544140,2016-04-17,#d9bd62
Dogecoin,$0.00023 DOGE,24094649,2016-05-15,#d9bd62
Dogecoin,$0.00023 DOGE,27818992,2016-08-07,#d9bd62
Dogecoin,$0.00023 DOGE,22101740,2014-12-07,#d9bd62
Dogecoin,$0.00023 DOGE,24472566,2016-10-02,#d9bd62
Dogecoin,$0.00023 DOGE,21045221,2014-11-02,#d9bd62
Dogecoin,$0.00023 DOGE,23981364,2016-09-11,#d9bd62
Dogecoin,$0.00023 DOGE,24254551,2016-10-09,#d9bd62
Dogecoin,$0.00023 DOGE,23430312,2016-05-22,#d9bd62
Dogecoin,$0.00023 DOGE,23547370,2016-05-01,#d9bd62
Dogecoin,$0.00023 DOGE,24257422,2016-08-28,#d9bd62
Dogecoin,$0.00023 DOGE,23848219,2016-09-25,#d9bd62
Dogecoin,$0.00023 DOGE,23706842,2016-10-16,#d9bd62
Dogecoin,$0.00022 DOGE,19475972,2014-07-06,#d9bd62
Dogecoin,$0.00022 DOGE,21515035,2014-11-16,#d9bd62
Dogecoin,$0.00022 DOGE,22952774,2016-04-03,#d9bd62
Dogecoin,$0.00022 DOGE,23587050,2016-04-24,#d9bd62
Dogecoin,$0.00022 DOGE,23791268,2017-01-08,#d9bd62
Dogecoin,$0.00022 DOGE,22859336,2016-03-06,#d9bd62
Dogecoin,$0.00022 DOGE,23592543,2016-10-23,#d9bd62
Dogecoin,$0.00022 DOGE,23840400,2016-10-30,#d9bd62
Dogecoin,$0.00022 DOGE,24501969,2017-01-01,#d9bd62
Dogecoin,$0.00022 DOGE,23175375,2016-05-08,#d9bd62
Dogecoin,$0.00022 DOGE,22166772,2016-03-20,#d9bd62
Dogecoin,$0.00022 DOGE,23631366,2016-11-06,#d9bd62
Dogecoin,$0.00022 DOGE,24094780,2016-11-13,#d9bd62
Dogecoin,$0.00022 DOGE,23392329,2016-11-20,#d9bd62
Dogecoin,$0.00022 DOGE,23280831,2016-11-27,#d9bd62
Dogecoin,$0.00022 DOGE,23430700,2016-12-18,#d9bd62
Dogecoin,$0.00022 DOGE,20888049,2014-11-09,#d9bd62
ReddCoin,$0.00022 RDD,5421815,2014-07-27,#f51b00
Dogecoin,$0.00022 DOGE,23213390,2016-12-04,#d9bd62
Dogecoin,$0.00021 DOGE,24029027,2014-11-23,#d9bd62
Dogecoin,$0.00021 DOGE,23963512,2016-12-11,#d9bd62
Dogecoin,$0.00021 DOGE,22380383,2016-03-27,#d9bd62
Dogecoin,$0.00021 DOGE,20882581,2015-06-21,#d9bd62
Dogecoin,$0.00021 DOGE,17232466,2014-09-07,#d9bd62
Dogecoin,$0.00021 DOGE,18035611,2014-08-03,#d9bd62
Dogecoin,$0.00021 DOGE,19176772,2014-07-27,#d9bd62
Dogecoin,$0.00021 DOGE,20367986,2015-06-28,#d9bd62
Dogecoin,$0.00021 DOGE,21208837,2016-04-10,#d9bd62
Dogecoin,$0.00021 DOGE,22362119,2017-01-22,#d9bd62
Dogecoin,$0.00021 DOGE,22205669,2017-01-15,#d9bd62
Dogecoin,$0.00021 DOGE,18753467,2014-12-21,#d9bd62
Dogecoin,$0.0002 DOGE,18946408,2014-12-14,#d9bd62
Dogecoin,$0.0002 DOGE,21133446,2015-07-12,#d9bd62
Dogecoin,$0.00019 DOGE,19395768,2015-07-05,#d9bd62
Dogecoin,$0.00019 DOGE,18777361,2015-07-26,#d9bd62
Dogecoin,$0.00018 DOGE,17877579,2014-12-28,#d9bd62
Dogecoin,$0.00018 DOGE,17113857,2016-01-10,#d9bd62
Dogecoin,$0.00018 DOGE,16913543,2015-07-19,#d9bd62
Dogecoin,$0.00018 DOGE,17321531,2015-08-02,#d9bd62
Dogecoin,$0.00017 DOGE,19860133,2016-01-24,#d9bd62
Dogecoin,$0.00017 DOGE,15405090,2015-01-04,#d9bd62
Dogecoin,$0.00017 DOGE,14272391,2014-08-10,#d9bd62
Dogecoin,$0.00017 DOGE,16260214,2015-01-25,#d9bd62
Dogecoin,$0.00017 DOGE,16626622,2015-06-14,#d9bd62
Dogecoin,$0.00016 DOGE,15637425,2015-01-11,#d9bd62
Dogecoin,$0.00016 DOGE,15311674,2015-05-31,#d9bd62
Dogecoin,$0.00016 DOGE,15188372,2015-06-07,#d9bd62
Dogecoin,$0.00016 DOGE,16260288,2015-08-09,#d9bd62
Dogecoin,$0.00016 DOGE,15626966,2016-01-17,#d9bd62
Dogecoin,$0.00015 DOGE,14863632,2015-08-16,#d9bd62
Dogecoin,$0.00015 DOGE,14662212,2015-12-20,#d9bd62
Dogecoin,$0.00015 DOGE,13856155,2015-02-15,#d9bd62
Dogecoin,$0.00015 DOGE,14940643,2016-01-03,#d9bd62
Dogecoin,$0.00015 DOGE,13823884,2015-02-08,#d9bd62
Dogecoin,$0.00015 DOGE,13868682,2015-02-22,#d9bd62
Dogecoin,$0.00015 DOGE,14350882,2015-03-01,#d9bd62
Dogecoin,$0.00014 DOGE,13839459,2015-11-08,#d9bd62
Dogecoin,$0.00014 DOGE,14092425,2015-03-15,#d9bd62
Dogecoin,$0.00014 DOGE,13753684,2015-03-08,#d9bd62
Dogecoin,$0.00014 DOGE,14659932,2015-12-13,#d9bd62
Dogecoin,$0.00014 DOGE,14837686,2015-12-27,#d9bd62
Dogecoin,$0.00014 DOGE,14084167,2015-02-01,#d9bd62
Dogecoin,$0.00014 DOGE,13868028,2015-08-23,#d9bd62
Dogecoin,$0.00014 DOGE,14362050,2015-11-01,#d9bd62
Dogecoin,$0.00014 DOGE,14262220,2015-05-24,#d9bd62
Dogecoin,$0.00014 DOGE,11304365,2014-08-17,#d9bd62
Dogecoin,$0.00014 DOGE,11927738,2014-08-31,#d9bd62
Dogecoin,$0.00014 DOGE,13667180,2015-01-18,#d9bd62
Dogecoin,$0.00013 DOGE,13081140,2015-03-22,#d9bd62
Dogecoin,$0.00013 DOGE,12537007,2015-03-29,#d9bd62
Dogecoin,$0.00013 DOGE,13009747,2015-08-30,#d9bd62
Dogecoin,$0.00013 DOGE,13039820,2015-11-22,#d9bd62
Dogecoin,$0.00013 DOGE,13316968,2015-09-06,#d9bd62
Dogecoin,$0.00013 DOGE,12714355,2015-11-15,#d9bd62
Dogecoin,$0.00013 DOGE,13291008,2015-11-29,#d9bd62
Dogecoin,$0.00013 DOGE,13028404,2015-12-06,#d9bd62
Dogecoin,$0.00013 DOGE,12536724,2015-04-05,#d9bd62
Dogecoin,$0.00013 DOGE,12702642,2015-09-13,#d9bd62
Dogecoin,$0.00013 DOGE,12739988,2015-09-20,#d9bd62
Dogecoin,$0.00012 DOGE,12312037,2015-09-27,#d9bd62
Dogecoin,$0.00012 DOGE,11991350,2015-10-04,#d9bd62
Dogecoin,$0.00012 DOGE,12062313,2015-10-18,#d9bd62
Dogecoin,$0.00012 DOGE,11429908,2014-08-24,#d9bd62
Dogecoin,$0.00012 DOGE,12206139,2015-10-11,#d9bd62
Dogecoin,$0.00012 DOGE,11438215,2015-05-17,#d9bd62
Dogecoin,$0.00011 DOGE,11274866,2015-04-12,#d9bd62
Dogecoin,$0.00011 DOGE,11732819,2015-10-25,#d9bd62
Infinitecoin,$0.00011 IFC,9670083,2014-02-02,#f5ae00
Dogecoin,$0.00011 DOGE,10520469,2015-04-19,#d9bd62
Dogecoin,$0.0001 DOGE,9960150,2015-04-26,#d9bd62
Infinitecoin,$0.0001 IFC,9033263,2014-02-16,#f5ae00
Infinitecoin,$0.0001 IFC,12466182,2014-01-26,#f5ae00
Dogecoin,$0.0001 DOGE,8916783,2015-05-03,#d9bd62
Infinitecoin,$0.00009 IFC,9025799,2014-02-09,#f5ae00
Dogecoin,$0.00009 DOGE,8961293,2015-05-10,#d9bd62
Infinitecoin,$0.00008 IFC,7984794,2014-02-23,#f5ae00
Infinitecoin,$0.00008 IFC,7681404,2014-01-05,#f5ae00
Infinitecoin,$0.00008 IFC,9681869,2013-12-29,#f5ae00
Bytecoin,$0.00008 BCN,12779535,2015-08-02,#f060b4
Bytecoin,$0.00008 BCN,13091673,2015-08-16,#f060b4
Infinitecoin,$0.00008 IFC,5763849,2013-12-01,#f5ae00
Infinitecoin,$0.00008 IFC,6338832,2014-01-12,#f5ae00
Bytecoin,$0.00007 BCN,13222780,2015-08-09,#f060b4
Infinitecoin,$0.00007 IFC,5815953,2014-03-02,#f5ae00
Infinitecoin,$0.00007 IFC,6148622,2014-03-09,#f5ae00
Bytecoin,$0.00007 BCN,11300250,2016-04-03,#f060b4
Bytecoin,$0.00006 BCN,10855531,2015-08-23,#f060b4
Bytecoin,$0.00006 BCN,11216098,2015-09-06,#f060b4
Bytecoin,$0.00006 BCN,12230380,2014-06-22,#f060b4
Bytecoin,$0.00006 BCN,10666416,2015-08-30,#f060b4
Bytecoin,$0.00006 BCN,9573468,2015-09-13,#f060b4
Infinitecoin,$0.00006 IFC,5175877,2014-03-16,#f5ae00
Infinitecoin,$0.00006 IFC,5478057,2013-12-15,#f5ae00
Infinitecoin,$0.00006 IFC,6039925,2014-01-19,#f5ae00
Bytecoin,$0.00005 BCN,8488306,2014-06-29,#f060b4
Bytecoin,$0.00005 BCN,8783666,2015-07-19,#f060b4
Bytecoin,$0.00005 BCN,10334675,2015-07-26,#f060b4
Bytecoin,$0.00004 BCN,6985903,2014-07-06,#f060b4
Bytecoin,$0.00004 BCN,5924634,2014-07-13,#f060b4
Bytecoin,$0.00004 BCN,8405109,2015-07-12,#f060b4
Bytecoin,$0.00004 BCN,7599996,2016-02-14,#f060b4
Bytecoin,$0.00004 BCN,5921677,2014-07-20,#f060b4
Bytecoin,$0.00004 BCN,6498128,2015-07-05,#f060b4
Bytecoin,$0.00004 BCN,6311425,2016-01-31,#f060b4
Bytecoin,$0.00004 BCN,6684806,2016-02-07,#f060b4
Bytecoin,$0.00004 BCN,6296479,2015-09-20,#f060b4
Infinitecoin,$0.00004 IFC,3154709,2013-12-22,#f5ae00
Infinitecoin,$0.00004 IFC,3146363,2015-05-24,#f5ae00
Bytecoin,$0.00004 BCN,6020024,2016-01-17,#f060b4
Bytecoin,$0.00003 BCN,6292821,2015-05-31,#f060b4
Bytecoin,$0.00003 BCN,6323250,2015-11-01,#f060b4
Bytecoin,$0.00003 BCN,5983200,2016-01-10,#f060b4
Bytecoin,$0.00003 BCN,5867143,2015-10-25,#f060b4
Bytecoin,$0.00003 BCN,6051215,2016-01-24,#f060b4
Bytecoin,$0.00003 BCN,6054486,2016-02-21,#f060b4
Bytecoin,$0.00003 BCN,5264765,2015-10-18,#f060b4
Bytecoin,$0.00003 BCN,5345352,2015-11-08,#f060b4
Bytecoin,$0.00003 BCN,5187024,2015-12-20,#f060b4
Bytecoin,$0.00003 BCN,5575048,2015-12-27,#f060b4
Bytecoin,$0.00003 BCN,5582986,2016-01-03,#f060b4
FedoraCoin,$0.00003 TIPS,11017180,2016-03-13,#f06900
FedoraCoin,$0.00003 TIPS,12118087,2016-05-29,#f06900
Bytecoin,$0.00003 BCN,5040101,2015-06-07,#f060b4
FedoraCoin,$0.00003 TIPS,12408562,2016-06-05,#f06900
Bytecoin,$0.00003 BCN,4934857,2015-06-14,#f060b4
Bytecoin,$0.00003 BCN,5093502,2015-06-28,#f060b4
Bytecoin,$0.00003 BCN,5172319,2015-09-27,#f060b4
Bytecoin,$0.00003 BCN,5267037,2015-12-13,#f060b4
Bytecoin,$0.00003 BCN,5086827,2015-06-21,#f060b4
Bytecoin,$0.00003 BCN,4919439,2015-10-04,#f060b4
Bytecoin,$0.00003 BCN,4556350,2015-05-03,#f060b4
Bytecoin,$0.00003 BCN,4568143,2015-05-10,#f060b4
Bytecoin,$0.00003 BCN,5015436,2015-10-11,#f060b4
Bytecoin,$0.00003 BCN,4657562,2015-11-15,#f060b4
Bytecoin,$0.00003 BCN,4796972,2015-12-06,#f060b4
FedoraCoin,$0.00003 TIPS,9050572,2016-03-27,#f06900
Bytecoin,$0.00003 BCN,2687198,2014-08-17,#f060b4
Bytecoin,$0.00003 BCN,4526840,2015-05-17,#f060b4
Bytecoin,$0.00003 BCN,4316040,2015-11-22,#f060b4
Bytecoin,$0.00003 BCN,4620067,2015-11-29,#f060b4
FedoraCoin,$0.00003 TIPS,9872757,2016-05-15,#f06900
FedoraCoin,$0.00003 TIPS,15058679,2016-05-22,#f06900
FedoraCoin,$0.00003 TIPS,10946654,2016-06-12,#f06900
Bytecoin,$0.00002 BCN,4140445,2015-04-26,#f060b4
Bytecoin,$0.00002 BCN,3418052,2014-08-24,#f060b4
Bytecoin,$0.00002 BCN,4634326,2015-05-24,#f060b4
Bytecoin,$0.00002 BCN,4386443,2015-04-19,#f060b4
Bytecoin,$0.00002 BCN,2838446,2015-04-12,#f060b4
FedoraCoin,$0.00002 TIPS,7941525,2016-04-17,#f06900
Bytecoin,$0.00002 BCN,2607412,2014-08-31,#f060b4
Bytecoin,$0.00002 BCN,2864420,2014-09-07,#f060b4
Bytecoin,$0.00002 BCN,2775214,2014-09-14,#f060b4
Bytecoin,$0.00002 BCN,2711859,2014-09-21,#f060b4
Bytecoin,$0.00002 BCN,2455416,2014-09-28,#f060b4
Bytecoin,$0.00001 BCN,2387986,2014-10-12,#f060b4
Infinitecoin,$0.000006 IFC,435194,2013-08-25,#f5ae00
Infinitecoin,$0.000005 IFC,369519,2013-09-01,#f5ae00
Infinitecoin,$0.000004 IFC,385867,2013-08-18,#f5ae00
Infinitecoin,$0.000003 IFC,231026,2013-09-08,#f5ae00
Infinitecoin,$0.000002 IFC,169685,2013-09-15,#f5ae00
Infinitecoin,$0.000002 IFC,183574,2013-09-22,#f5ae00
Infinitecoin,$0.000002 IFC,166302,2013-10-06,#f5ae00
