name,type,value,date,color
Wizards,CHP,1302.3424,1961-10-28,#002B5C
Wizards,CHP,1269.3416,1961-11-14,#002B5C
Wizards,CHP,1266.1764,1961-11-28,#002B5C
Wizards,CHP,1247.0966,1961-12-14,#002B5C
Wizards,CHP,1266.2404,1961-12-28,#002B5C
Wizards,CHP,1260.2228,1962-01-14,#002B5C
Wizards,CHP,1224.3081,1962-01-28,#002B5C
Wizards,CHP,1269.7773,1962-02-14,#002B5C
Wizards,CHP,1248.5154,1962-02-28,#002B5C
Wizards,CHP,1253.2574,1962-03-14,#002B5C
Wizards,CHZ,1314.4192,1962-03-28,#002B5C
Wizards,CHZ,1314.4192,1962-04-14,#002B5C
Wizards,CHZ,1324.9565,1962-10-28,#002B5C
Wizards,CHZ,1336.34,1962-11-14,#002B5C
Wizards,CHZ,1314.0189,1962-11-28,#002B5C
Wizards,CHZ,1327.9592,1962-12-14,#002B5C
Wizards,CHZ,1318.2379,1962-12-28,#002B5C
Wizards,CHZ,1328.2965,1963-01-14,#002B5C
Wizards,CHZ,1335.6726,1963-02-14,#002B5C
Wizards,CHZ,1340.3816,1963-02-28,#002B5C
Wizards,CHZ,1369.9969,1963-03-14,#002B5C
Wizards,BAL,1389.6656,1963-03-28,#002B5C
Wizards,BAL,1389.6656,1963-04-14,#002B5C
Wizards,BAL,1371.5133,1963-11-14,#002B5C
Wizards,BAL,1367.201,1963-11-28,#002B5C
Wizards,BAL,1391.7677,1963-12-14,#002B5C
Wizards,BAL,1396.9371,1963-12-28,#002B5C
Wizards,BAL,1457.0599,1964-01-28,#002B5C
Wizards,BAL,1454.8562,1964-02-14,#002B5C
Wizards,BAL,1437.4192,1964-02-28,#002B5C
Wizards,BAL,1386.7052,1964-03-14,#002B5C
Wizards,BAL,1449.1732,1964-03-28,#002B5C
Wizards,BAL,1428.1418,1964-10-28,#002B5C
Wizards,BAL,1452.6259,1964-11-14,#002B5C
Wizards,BAL,1455.3971,1964-11-28,#002B5C
Wizards,BAL,1413.6318,1964-12-14,#002B5C
Wizards,BAL,1426.8539,1964-12-28,#002B5C
Wizards,BAL,1453.9093,1965-01-14,#002B5C
Wizards,BAL,1435.2063,1965-01-28,#002B5C
Wizards,BAL,1408.491,1965-02-14,#002B5C
Wizards,BAL,1413.8715,1965-02-28,#002B5C
Wizards,BAL,1457.2819,1965-03-14,#002B5C
Wizards,BAL,1487.2179,1965-03-28,#002B5C
Wizards,BAL,1443.913,1965-10-28,#002B5C
Wizards,BAL,1446.3955,1965-11-14,#002B5C
Wizards,BAL,1455.4576,1965-11-28,#002B5C
Wizards,BAL,1471.1609,1965-12-14,#002B5C
Wizards,BAL,1484.5283,1965-12-28,#002B5C
Wizards,BAL,1460.0304,1966-01-14,#002B5C
Wizards,BAL,1463.2117,1966-01-28,#002B5C
Wizards,BAL,1466.3984,1966-02-14,#002B5C
Wizards,BAL,1468.3685,1966-02-28,#002B5C
Wizards,BAL,1450.8121,1966-04-28,#002B5C
Wizards,BAL,1404.8558,1966-10-28,#002B5C
Wizards,BAL,1374.3514,1966-11-14,#002B5C
Wizards,BAL,1354.9514,1966-12-14,#002B5C
Wizards,BAL,1315.5605,1966-12-28,#002B5C
Wizards,BAL,1280.9688,1967-01-14,#002B5C
Wizards,BAL,1288.0903,1967-01-28,#002B5C
Wizards,BAL,1317.7542,1967-02-14,#002B5C
Wizards,BAL,1350.9205,1967-02-28,#002B5C
Wizards,BAL,1333.2532,1967-03-14,#002B5C
Wizards,BAL,1386.3408,1967-03-28,#002B5C
Wizards,BAL,1386.3408,1967-04-14,#002B5C
Wizards,BAL,1386.3408,1967-10-14,#002B5C
Wizards,BAL,1387.1696,1967-10-28,#002B5C
Wizards,BAL,1382.92,1967-11-14,#002B5C
Wizards,BAL,1400.489,1967-11-28,#002B5C
Wizards,BAL,1363.0996,1967-12-14,#002B5C
Wizards,BAL,1409.3972,1967-12-28,#002B5C
Wizards,BAL,1334.6797,1968-01-14,#002B5C
Wizards,BAL,1368.5404,1968-01-28,#002B5C
Wizards,BAL,1399.4017,1968-02-14,#002B5C
Wizards,BAL,1421.4692,1968-02-28,#002B5C
Wizards,BAL,1468.9243,1968-03-14,#002B5C
Wizards,BAL,1473.4534,1968-03-28,#002B5C
Wizards,BAL,1473.4534,1968-04-14,#002B5C
Wizards,BAL,1473.4534,1968-04-28,#002B5C
Wizards,BAL,1497.603,1968-10-28,#002B5C
Wizards,BAL,1528.542,1968-11-14,#002B5C
Wizards,BAL,1511.0403,1968-11-28,#002B5C
Wizards,BAL,1564.2543,1968-12-14,#002B5C
Wizards,BAL,1567.9486,1968-12-28,#002B5C
Wizards,BAL,1580.0828,1969-01-14,#002B5C
Wizards,BAL,1548.8645,1969-01-28,#002B5C
Wizards,BAL,1594.9907,1969-02-14,#002B5C
Wizards,BAL,1593.9044,1969-02-28,#002B5C
Wizards,BAL,1562.3258,1969-03-14,#002B5C
Wizards,BAL,1525.6606,1969-03-28,#002B5C
Wizards,BAL,1517.0116,1969-04-14,#002B5C
Wizards,BAL,1517.0116,1969-10-14,#002B5C
Wizards,BAL,1524.316,1969-10-28,#002B5C
Wizards,BAL,1512.1332,1969-11-14,#002B5C
Wizards,BAL,1545.231,1969-11-28,#002B5C
Wizards,BAL,1507.9818,1969-12-14,#002B5C
Wizards,BAL,1513.59,1969-12-28,#002B5C
Wizards,BAL,1511.1414,1970-01-14,#002B5C
Wizards,BAL,1512.3285,1970-01-28,#002B5C
Wizards,BAL,1521.9106,1970-02-14,#002B5C
Wizards,BAL,1528.3345,1970-02-28,#002B5C
Wizards,BAL,1536.3247,1970-03-14,#002B5C
Wizards,BAL,1540.6459,1970-03-28,#002B5C
Wizards,BAL,1532.2889,1970-04-14,#002B5C
Wizards,BAL,1532.2889,1970-04-28,#002B5C
Wizards,BAL,1532.2889,1970-10-14,#002B5C
Wizards,BAL,1505.6248,1970-10-28,#002B5C
Wizards,BAL,1503.9675,1970-11-14,#002B5C
Wizards,BAL,1480.3054,1970-11-28,#002B5C
Wizards,BAL,1507.3762,1970-12-28,#002B5C
Wizards,BAL,1521.819,1971-01-14,#002B5C
Wizards,BAL,1555.6267,1971-01-28,#002B5C
Wizards,BAL,1490.4113,1971-02-14,#002B5C
Wizards,BAL,1446.932,1971-02-28,#002B5C
Wizards,BAL,1437.1785,1971-03-14,#002B5C
Wizards,BAL,1447.4098,1971-03-28,#002B5C
Wizards,BAL,1491.7924,1971-04-14,#002B5C
Wizards,BAL,1491.8644,1971-04-28,#002B5C
Wizards,BAL,1478.4818,1971-10-14,#002B5C
Wizards,BAL,1432.0339,1971-10-28,#002B5C
Wizards,BAL,1428.1656,1971-11-14,#002B5C
Wizards,BAL,1418.3683,1971-11-28,#002B5C
Wizards,BAL,1383.7269,1971-12-14,#002B5C
Wizards,BAL,1384.3677,1971-12-28,#002B5C
Wizards,BAL,1428.3226,1972-01-14,#002B5C
Wizards,BAL,1453.2605,1972-01-28,#002B5C
Wizards,BAL,1420.7327,1972-02-14,#002B5C
Wizards,BAL,1485.8312,1972-03-14,#002B5C
Wizards,BAL,1440.3318,1972-03-28,#002B5C
Wizards,BAL,1439.2941,1972-04-14,#002B5C
Wizards,BAL,1446.2291,1972-10-14,#002B5C
Wizards,BAL,1454.8433,1972-10-28,#002B5C
Wizards,BAL,1448.2269,1972-11-14,#002B5C
Wizards,BAL,1479.7107,1972-11-28,#002B5C
Wizards,BAL,1481.526,1972-12-14,#002B5C
Wizards,BAL,1501.5712,1972-12-28,#002B5C
Wizards,BAL,1501.6321,1973-01-14,#002B5C
Wizards,BAL,1532.2631,1973-01-28,#002B5C
Wizards,BAL,1560.3,1973-02-14,#002B5C
Wizards,BAL,1532.7875,1973-02-28,#002B5C
Wizards,BAL,1551.6694,1973-03-14,#002B5C
Wizards,BAL,1528.1451,1973-03-28,#002B5C
Wizards,CAP,1500.4667,1973-04-14,#002B5C
Wizards,CAP,1500.4667,1973-04-28,#002B5C
Wizards,CAP,1456.5817,1973-10-14,#002B5C
Wizards,CAP,1493.0411,1973-10-28,#002B5C
Wizards,CAP,1530.6982,1973-11-14,#002B5C
Wizards,CAP,1519.1069,1973-11-28,#002B5C
Wizards,CAP,1512.1187,1973-12-14,#002B5C
Wizards,CAP,1545.4619,1973-12-28,#002B5C
Wizards,CAP,1531.0178,1974-01-14,#002B5C
Wizards,CAP,1499.4569,1974-01-28,#002B5C
Wizards,CAP,1524.5265,1974-02-14,#002B5C
Wizards,CAP,1514.7112,1974-02-28,#002B5C
Wizards,CAP,1490.2042,1974-03-14,#002B5C
Wizards,CAP,1501.274,1974-03-28,#002B5C
Wizards,WSB,1516.7969,1974-04-14,#002B5C
Wizards,WSB,1516.7969,1974-04-28,#002B5C
Wizards,WSB,1575.8164,1974-11-14,#002B5C
Wizards,WSB,1554.5275,1974-11-28,#002B5C
Wizards,WSB,1603.5206,1974-12-14,#002B5C
Wizards,WSB,1590.9603,1974-12-28,#002B5C
Wizards,WSB,1567.1285,1975-01-14,#002B5C
Wizards,WSB,1609.7838,1975-01-28,#002B5C
Wizards,WSB,1607.7583,1975-02-14,#002B5C
Wizards,WSB,1641.3458,1975-02-28,#002B5C
Wizards,WSB,1636.0038,1975-03-14,#002B5C
Wizards,WSB,1630.0913,1975-03-28,#002B5C
Wizards,WSB,1640.3036,1975-04-14,#002B5C
Wizards,WSB,1658.4968,1975-04-28,#002B5C
Wizards,WSB,1645.1249,1975-05-14,#002B5C
Wizards,WSB,1593.5496,1975-10-28,#002B5C
Wizards,WSB,1603.6458,1975-11-14,#002B5C
Wizards,WSB,1521.5509,1975-11-28,#002B5C
Wizards,WSB,1523.5537,1975-12-14,#002B5C
Wizards,WSB,1512.1227,1975-12-28,#002B5C
Wizards,WSB,1545.4802,1976-01-14,#002B5C
Wizards,WSB,1520.6362,1976-01-28,#002B5C
Wizards,WSB,1546.0016,1976-02-14,#002B5C
Wizards,WSB,1552.8037,1976-02-28,#002B5C
Wizards,WSB,1583.1627,1976-03-14,#002B5C
Wizards,WSB,1571.0583,1976-03-28,#002B5C
Wizards,WSB,1563.496,1976-04-14,#002B5C
Wizards,WSB,1560.1552,1976-04-28,#002B5C
Wizards,WSB,1519.2081,1976-05-14,#002B5C
Wizards,WSB,1508.7797,1976-10-28,#002B5C
Wizards,WSB,1503.7115,1976-11-14,#002B5C
Wizards,WSB,1490.7579,1976-11-28,#002B5C
Wizards,WSB,1499.7129,1976-12-14,#002B5C
Wizards,WSB,1507.3881,1976-12-28,#002B5C
Wizards,WSB,1522.931,1977-01-14,#002B5C
Wizards,WSB,1559.5165,1977-01-28,#002B5C
Wizards,WSB,1568.2025,1977-03-14,#002B5C
Wizards,WSB,1567.9762,1977-04-14,#002B5C
Wizards,WSB,1527.5631,1977-10-28,#002B5C
Wizards,WSB,1568.8713,1977-11-28,#002B5C
Wizards,WSB,1577.469,1977-12-14,#002B5C
Wizards,WSB,1579.2881,1977-12-28,#002B5C
Wizards,WSB,1554.6177,1978-01-14,#002B5C
Wizards,WSB,1541.6903,1978-01-28,#002B5C
Wizards,WSB,1502.1741,1978-02-14,#002B5C
Wizards,WSB,1504.6647,1978-02-28,#002B5C
Wizards,WSB,1542.8704,1978-03-14,#002B5C
Wizards,WSB,1501.286,1978-03-28,#002B5C
Wizards,WSB,1542.6196,1978-04-14,#002B5C
Wizards,WSB,1559.9677,1978-04-28,#002B5C
Wizards,WSB,1585.8918,1978-05-14,#002B5C
Wizards,WSB,1587.3457,1978-05-28,#002B5C
Wizards,WSB,1598.8423,1978-10-14,#002B5C
Wizards,WSB,1573.2422,1978-10-28,#002B5C
Wizards,WSB,1591.9891,1978-11-14,#002B5C
Wizards,WSB,1667.4095,1978-11-28,#002B5C
Wizards,WSB,1656.9879,1978-12-14,#002B5C
Wizards,WSB,1637.1224,1978-12-28,#002B5C
Wizards,WSB,1633.1014,1979-01-14,#002B5C
Wizards,WSB,1635.6211,1979-01-28,#002B5C
Wizards,WSB,1643.5127,1979-02-14,#002B5C
Wizards,WSB,1638.0603,1979-02-28,#002B5C
Wizards,WSB,1630.1923,1979-03-14,#002B5C
Wizards,WSB,1637.2014,1979-03-28,#002B5C
Wizards,WSB,1531.0106,1979-10-14,#002B5C
Wizards,WSB,1504.683,1979-10-28,#002B5C
Wizards,WSB,1500.0005,1979-11-14,#002B5C
Wizards,WSB,1462.6877,1979-11-28,#002B5C
Wizards,WSB,1437.7969,1979-12-14,#002B5C
Wizards,WSB,1434.5067,1979-12-28,#002B5C
Wizards,WSB,1447.4183,1980-01-28,#002B5C
Wizards,WSB,1444.4187,1980-02-14,#002B5C
Wizards,WSB,1462.5486,1980-02-28,#002B5C
Wizards,WSB,1460.6722,1980-03-14,#002B5C
Wizards,WSB,1475.9075,1980-03-28,#002B5C
Wizards,WSB,1489.2444,1980-04-14,#002B5C
Wizards,WSB,1489.2444,1980-05-14,#002B5C
Wizards,WSB,1478.922,1980-10-14,#002B5C
Wizards,WSB,1448.366,1980-10-28,#002B5C
Wizards,WSB,1467.4166,1980-11-14,#002B5C
Wizards,WSB,1466.0073,1980-11-28,#002B5C
Wizards,WSB,1493.3408,1980-12-14,#002B5C
Wizards,WSB,1475.2852,1980-12-28,#002B5C
Wizards,WSB,1451.791,1981-01-14,#002B5C
Wizards,WSB,1514.2522,1981-01-28,#002B5C
Wizards,WSB,1519.8748,1981-02-14,#002B5C
Wizards,WSB,1504.2024,1981-02-28,#002B5C
Wizards,WSB,1509.2839,1981-03-14,#002B5C
Wizards,WSB,1513.1644,1981-03-28,#002B5C
Wizards,WSB,1510.599,1981-04-14,#002B5C
Wizards,WSB,1510.599,1981-05-14,#002B5C
Wizards,WSB,1511.149,1981-11-14,#002B5C
Wizards,WSB,1478.9036,1981-11-28,#002B5C
Wizards,WSB,1531.5094,1981-12-28,#002B5C
Wizards,WSB,1537.452,1982-01-14,#002B5C
Wizards,WSB,1562.3212,1982-01-28,#002B5C
Wizards,WSB,1541.0713,1982-02-14,#002B5C
Wizards,WSB,1513.8787,1982-02-28,#002B5C
Wizards,WSB,1522.0802,1982-03-14,#002B5C
Wizards,WSB,1532.2235,1982-03-28,#002B5C
Wizards,WSB,1579.4166,1982-04-14,#002B5C
Wizards,WSB,1599.6505,1982-04-28,#002B5C
Wizards,WSB,1555.6023,1982-05-14,#002B5C
Wizards,WSB,1545.7776,1982-11-14,#002B5C
Wizards,WSB,1555.3933,1982-11-28,#002B5C
Wizards,WSB,1566.7433,1982-12-14,#002B5C
Wizards,WSB,1573.3076,1982-12-28,#002B5C
Wizards,WSB,1490.2041,1983-01-14,#002B5C
Wizards,WSB,1460.7455,1983-01-28,#002B5C
Wizards,WSB,1571.3729,1983-04-14,#002B5C
Wizards,WSB,1540.7135,1983-05-14,#002B5C
Wizards,WSB,1540.7135,1983-10-28,#002B5C
Wizards,WSB,1510.1328,1983-11-28,#002B5C
Wizards,WSB,1503.6907,1983-12-14,#002B5C
Wizards,WSB,1526.6282,1983-12-28,#002B5C
Wizards,WSB,1475.4026,1984-01-14,#002B5C
Wizards,WSB,1485.1241,1984-02-14,#002B5C
Wizards,WSB,1489.5923,1984-02-28,#002B5C
Wizards,WSB,1469.1632,1984-03-14,#002B5C
Wizards,WSB,1443.8019,1984-03-28,#002B5C
Wizards,WSB,1435.0675,1984-04-14,#002B5C
Wizards,WSB,1442.1162,1984-04-28,#002B5C
Wizards,WSB,1460.5927,1984-10-28,#002B5C
Wizards,WSB,1489.9199,1984-11-14,#002B5C
Wizards,WSB,1534.8829,1984-11-28,#002B5C
Wizards,WSB,1515.7889,1984-12-14,#002B5C
Wizards,WSB,1520.1644,1984-12-28,#002B5C
Wizards,WSB,1518.6564,1985-01-14,#002B5C
Wizards,WSB,1527.8143,1985-01-28,#002B5C
Wizards,WSB,1481.207,1985-02-14,#002B5C
Wizards,WSB,1469.8506,1985-02-28,#002B5C
Wizards,WSB,1483.6326,1985-03-14,#002B5C
Wizards,WSB,1477.5739,1985-03-28,#002B5C
Wizards,WSB,1481.3376,1985-04-14,#002B5C
Wizards,WSB,1500.9476,1985-04-28,#002B5C
Wizards,WSB,1500.9476,1985-05-14,#002B5C
Wizards,WSB,1466.9557,1985-11-14,#002B5C
Wizards,WSB,1512.7262,1985-12-14,#002B5C
Wizards,WSB,1511.1863,1985-12-28,#002B5C
Wizards,WSB,1479.8367,1986-01-14,#002B5C
Wizards,WSB,1500.299,1986-01-28,#002B5C
Wizards,WSB,1478.3142,1986-02-14,#002B5C
Wizards,WSB,1483.4324,1986-02-28,#002B5C
Wizards,WSB,1491.7499,1986-03-14,#002B5C
Wizards,WSB,1465.3251,1986-03-28,#002B5C
Wizards,WSB,1448.8571,1986-11-14,#002B5C
Wizards,WSB,1486.2867,1986-11-28,#002B5C
Wizards,WSB,1486.7773,1986-12-14,#002B5C
Wizards,WSB,1520.2441,1986-12-28,#002B5C
Wizards,WSB,1518.6438,1987-01-14,#002B5C
Wizards,WSB,1506.5265,1987-01-28,#002B5C
Wizards,WSB,1517.2552,1987-02-14,#002B5C
Wizards,WSB,1554.6486,1987-02-28,#002B5C
Wizards,WSB,1499.1816,1987-03-14,#002B5C
Wizards,WSB,1474.1228,1987-03-28,#002B5C
Wizards,WSB,1478.7573,1987-04-14,#002B5C
Wizards,WSB,1469.4824,1987-04-28,#002B5C
Wizards,WSB,1473.3673,1987-05-14,#002B5C
Wizards,WSB,1473.3673,1987-05-28,#002B5C
Wizards,WSB,1473.3673,1987-06-14,#002B5C
Wizards,WSB,1475.2213,1987-11-14,#002B5C
Wizards,WSB,1472.7534,1987-11-28,#002B5C
Wizards,WSB,1437.0555,1987-12-14,#002B5C
Wizards,WSB,1439.4449,1987-12-28,#002B5C
Wizards,WSB,1447.9226,1988-01-14,#002B5C
Wizards,WSB,1499.364,1988-01-28,#002B5C
Wizards,WSB,1471.6967,1988-02-14,#002B5C
Wizards,WSB,1496.9596,1988-02-28,#002B5C
Wizards,WSB,1513.1429,1988-03-14,#002B5C
Wizards,WSB,1487.6742,1988-03-28,#002B5C
Wizards,WSB,1518.2834,1988-04-14,#002B5C
Wizards,WSB,1502.3804,1988-04-28,#002B5C
Wizards,WSB,1494.7172,1988-05-14,#002B5C
Wizards,WSB,1494.7172,1988-05-28,#002B5C
Wizards,WSB,1494.7172,1988-06-14,#002B5C
Wizards,WSB,1468.0081,1988-11-14,#002B5C
Wizards,WSB,1448.5483,1988-11-28,#002B5C
Wizards,WSB,1420.1395,1988-12-14,#002B5C
Wizards,WSB,1442.528,1988-12-28,#002B5C
Wizards,WSB,1419.6124,1989-01-14,#002B5C
Wizards,WSB,1452.9091,1989-01-28,#002B5C
Wizards,WSB,1448.6201,1989-02-14,#002B5C
Wizards,WSB,1455.5256,1989-02-28,#002B5C
Wizards,WSB,1486.4456,1989-03-14,#002B5C
Wizards,WSB,1472.7278,1989-03-28,#002B5C
Wizards,WSB,1489.998,1989-04-14,#002B5C
Wizards,WSB,1513.9398,1989-04-28,#002B5C
Wizards,WSB,1513.9398,1989-05-14,#002B5C
Wizards,WSB,1513.9398,1989-05-28,#002B5C
Wizards,WSB,1527.418,1989-11-14,#002B5C
Wizards,WSB,1510.235,1989-11-28,#002B5C
Wizards,WSB,1509.3406,1989-12-14,#002B5C
Wizards,WSB,1466.4788,1989-12-28,#002B5C
Wizards,WSB,1413.0463,1990-01-14,#002B5C
Wizards,WSB,1375.355,1990-01-28,#002B5C
Wizards,WSB,1382.4446,1990-02-14,#002B5C
Wizards,WSB,1396.6824,1990-02-28,#002B5C
Wizards,WSB,1403.4091,1990-03-14,#002B5C
Wizards,WSB,1386.298,1990-03-28,#002B5C
Wizards,WSB,1404.9026,1990-04-14,#002B5C
Wizards,WSB,1396.8542,1990-04-28,#002B5C
Wizards,WSB,1396.8542,1990-05-28,#002B5C
Wizards,WSB,1396.8542,1990-06-14,#002B5C
Wizards,WSB,1380.5891,1990-11-14,#002B5C
Wizards,WSB,1365.75,1990-11-28,#002B5C
Wizards,WSB,1388.2605,1990-12-14,#002B5C
Wizards,WSB,1422.4165,1990-12-28,#002B5C
Wizards,WSB,1460.064,1991-01-14,#002B5C
Wizards,WSB,1436.9878,1991-01-28,#002B5C
Wizards,WSB,1434.552,1991-02-14,#002B5C
Wizards,WSB,1387.656,1991-02-28,#002B5C
Wizards,WSB,1357.4646,1991-03-14,#002B5C
Wizards,WSB,1360.6483,1991-03-28,#002B5C
Wizards,WSB,1363.8572,1991-04-14,#002B5C
Wizards,WSB,1405.7649,1991-04-28,#002B5C
Wizards,WSB,1405.7649,1991-05-14,#002B5C
Wizards,WSB,1405.7649,1991-05-28,#002B5C
Wizards,WSB,1399.6826,1991-11-14,#002B5C
Wizards,WSB,1363.2604,1991-12-14,#002B5C
Wizards,WSB,1413.192,1991-12-28,#002B5C
Wizards,WSB,1421.125,1992-01-14,#002B5C
Wizards,WSB,1376.8208,1992-01-28,#002B5C
Wizards,WSB,1396.4377,1992-02-14,#002B5C
Wizards,WSB,1357.0161,1992-02-28,#002B5C
Wizards,WSB,1358.4255,1992-03-14,#002B5C
Wizards,WSB,1342.6675,1992-03-28,#002B5C
Wizards,WSB,1335.2483,1992-04-14,#002B5C
Wizards,WSB,1375.5754,1992-04-28,#002B5C
Wizards,WSB,1375.5754,1992-05-14,#002B5C
Wizards,WSB,1375.5754,1992-05-28,#002B5C
Wizards,WSB,1375.5754,1992-06-14,#002B5C
Wizards,WSB,1352.9205,1992-11-14,#002B5C
Wizards,WSB,1354.67,1992-11-28,#002B5C
Wizards,WSB,1379.6877,1992-12-14,#002B5C
Wizards,WSB,1359.9354,1992-12-28,#002B5C
Wizards,WSB,1359.7499,1993-01-14,#002B5C
Wizards,WSB,1352.6001,1993-01-28,#002B5C
Wizards,WSB,1360.9205,1993-02-14,#002B5C
Wizards,WSB,1346.931,1993-02-28,#002B5C
Wizards,WSB,1336.8724,1993-03-14,#002B5C
Wizards,WSB,1334.8698,1993-03-28,#002B5C
Wizards,WSB,1324.0825,1993-04-14,#002B5C
Wizards,WSB,1344.1401,1993-05-14,#002B5C
Wizards,WSB,1344.1401,1993-05-28,#002B5C
Wizards,WSB,1366.4203,1993-11-14,#002B5C
Wizards,WSB,1386.0463,1993-11-28,#002B5C
Wizards,WSB,1353.3605,1993-12-14,#002B5C
Wizards,WSB,1342.7478,1993-12-28,#002B5C
Wizards,WSB,1401.5055,1994-01-14,#002B5C
Wizards,WSB,1378.0688,1994-01-28,#002B5C
Wizards,WSB,1329.6372,1994-02-28,#002B5C
Wizards,WSB,1305.87,1994-03-14,#002B5C
Wizards,WSB,1274.8558,1994-03-28,#002B5C
Wizards,WSB,1300.9702,1994-04-14,#002B5C
Wizards,WSB,1391.0999,1994-04-28,#002B5C
Wizards,WSB,1391.0999,1994-05-14,#002B5C
Wizards,WSB,1391.0999,1994-05-28,#002B5C
Wizards,WSB,1422.6949,1994-11-14,#002B5C
Wizards,WSB,1386.4746,1994-11-28,#002B5C
Wizards,WSB,1379.0889,1994-12-14,#002B5C
Wizards,WSB,1350.5984,1994-12-28,#002B5C
Wizards,WSB,1325.5428,1995-01-14,#002B5C
Wizards,WSB,1340.3577,1995-01-28,#002B5C
Wizards,WSB,1319.0197,1995-02-14,#002B5C
Wizards,WSB,1286.8702,1995-02-28,#002B5C
Wizards,WSB,1306.6056,1995-03-14,#002B5C
Wizards,WSB,1303.2146,1995-03-28,#002B5C
Wizards,WSB,1284.0808,1995-04-14,#002B5C
Wizards,WSB,1353.9354,1995-04-28,#002B5C
Wizards,WSB,1353.9354,1995-05-14,#002B5C
Wizards,WSB,1353.9354,1995-05-28,#002B5C
Wizards,WSB,1353.9354,1995-06-14,#002B5C
Wizards,WSB,1389.5992,1995-11-14,#002B5C
Wizards,WSB,1389.688,1995-11-28,#002B5C
Wizards,WSB,1435.2622,1995-12-14,#002B5C
Wizards,WSB,1464.9445,1995-12-28,#002B5C
Wizards,WSB,1464.1505,1996-01-14,#002B5C
Wizards,WSB,1498.6366,1996-01-28,#002B5C
Wizards,WSB,1465.4918,1996-02-14,#002B5C
Wizards,WSB,1433.6566,1996-02-28,#002B5C
Wizards,WSB,1476.4406,1996-03-14,#002B5C
Wizards,WSB,1473.505,1996-03-28,#002B5C
Wizards,WSB,1547.1453,1996-04-14,#002B5C
Wizards,WSB,1511.6364,1996-04-28,#002B5C
Wizards,WSB,1511.6364,1996-05-14,#002B5C
Wizards,WSB,1511.6364,1996-05-28,#002B5C
Wizards,WSB,1511.6364,1996-06-14,#002B5C
Wizards,WSB,1483.6167,1996-11-14,#002B5C
Wizards,WSB,1489.2068,1996-11-28,#002B5C
Wizards,WSB,1482.6724,1996-12-14,#002B5C
Wizards,WSB,1514.8224,1996-12-28,#002B5C
Wizards,WSB,1539.166,1997-01-14,#002B5C
Wizards,WSB,1531.9802,1997-01-28,#002B5C
Wizards,WSB,1485.1469,1997-02-14,#002B5C
Wizards,WSB,1479.8137,1997-02-28,#002B5C
Wizards,WSB,1488.879,1997-03-14,#002B5C
Wizards,WSB,1512.7729,1997-03-28,#002B5C
Wizards,WSB,1544.2039,1997-04-14,#002B5C
Wizards,WSB,1560.2122,1997-04-28,#002B5C
Wizards,WAS,1538.9349,1997-05-14,#002B5C
Wizards,WAS,1538.9349,1997-05-28,#002B5C
Wizards,WAS,1533.7336,1997-11-14,#002B5C
Wizards,WAS,1511.5875,1997-11-28,#002B5C
Wizards,WAS,1516.1389,1997-12-14,#002B5C
Wizards,WAS,1557.4301,1997-12-28,#002B5C
Wizards,WAS,1536.9309,1998-01-14,#002B5C
Wizards,WAS,1526.7883,1998-01-28,#002B5C
Wizards,WAS,1545.3528,1998-02-14,#002B5C
Wizards,WAS,1480.4672,1998-02-28,#002B5C
Wizards,WAS,1523.4766,1998-03-14,#002B5C
Wizards,WAS,1511.5724,1998-03-28,#002B5C
Wizards,WAS,1461.4559,1998-04-14,#002B5C
Wizards,WAS,1495.1259,1998-04-28,#002B5C
Wizards,WAS,1495.1259,1998-06-14,#002B5C
Wizards,WAS,1480.0619,1999-02-14,#002B5C
Wizards,WAS,1446.766,1999-02-28,#002B5C
Wizards,WAS,1485.8103,1999-03-14,#002B5C
Wizards,WAS,1502.7026,1999-03-28,#002B5C
Wizards,WAS,1475.281,1999-04-14,#002B5C
Wizards,WAS,1414.3505,1999-04-28,#002B5C
Wizards,WAS,1452.0154,1999-05-14,#002B5C
Wizards,WAS,1385.0691,1999-11-14,#002B5C
Wizards,WAS,1404.5881,1999-11-28,#002B5C
Wizards,WAS,1395.6189,1999-12-14,#002B5C
Wizards,WAS,1447.0978,1999-12-28,#002B5C
Wizards,WAS,1425.7063,2000-01-14,#002B5C
Wizards,WAS,1397.704,2000-01-28,#002B5C
Wizards,WAS,1407.9193,2000-02-28,#002B5C
Wizards,WAS,1408.5396,2000-03-14,#002B5C
Wizards,WAS,1445.4559,2000-03-28,#002B5C
Wizards,WAS,1449.7559,2000-04-14,#002B5C
Wizards,WAS,1431.0598,2000-04-28,#002B5C
Wizards,WAS,1431.0598,2000-05-14,#002B5C
Wizards,WAS,1431.0598,2000-05-28,#002B5C
Wizards,WAS,1431.0598,2000-06-14,#002B5C
Wizards,WAS,1413.9274,2000-11-14,#002B5C
Wizards,WAS,1384.8007,2000-11-28,#002B5C
Wizards,WAS,1342.0026,2000-12-14,#002B5C
Wizards,WAS,1329.3354,2000-12-28,#002B5C
Wizards,WAS,1325.9839,2001-01-14,#002B5C
Wizards,WAS,1359.0052,2001-01-28,#002B5C
Wizards,WAS,1340.3618,2001-02-14,#002B5C
Wizards,WAS,1318.2495,2001-02-28,#002B5C
Wizards,WAS,1330.225,2001-03-14,#002B5C
Wizards,WAS,1325.3364,2001-03-28,#002B5C
Wizards,WAS,1293.0851,2001-04-14,#002B5C
Wizards,WAS,1339.5891,2001-04-28,#002B5C
Wizards,WAS,1339.5891,2001-05-14,#002B5C
Wizards,WAS,1339.5891,2001-05-28,#002B5C
Wizards,WAS,1330.5774,2001-11-14,#002B5C
Wizards,WAS,1335.6238,2001-11-28,#002B5C
Wizards,WAS,1406.1965,2001-12-14,#002B5C
Wizards,WAS,1461.9697,2001-12-28,#002B5C
Wizards,WAS,1466.7776,2002-01-14,#002B5C
Wizards,WAS,1455.1581,2002-01-28,#002B5C
Wizards,WAS,1487.1903,2002-02-14,#002B5C
Wizards,WAS,1429.0138,2002-02-28,#002B5C
Wizards,WAS,1433.6866,2002-03-14,#002B5C
Wizards,WAS,1465.5148,2002-03-28,#002B5C
Wizards,WAS,1434.2605,2002-04-14,#002B5C
Wizards,WAS,1450.8893,2002-04-28,#002B5C
Wizards,WAS,1450.8893,2002-05-14,#002B5C
Wizards,WAS,1450.8893,2002-05-28,#002B5C
Wizards,WAS,1490.532,2002-11-14,#002B5C
Wizards,WAS,1459.798,2002-11-28,#002B5C
Wizards,WAS,1474.3022,2002-12-14,#002B5C
Wizards,WAS,1484.5819,2002-12-28,#002B5C
Wizards,WAS,1492.2957,2003-01-14,#002B5C
Wizards,WAS,1471.7371,2003-01-28,#002B5C
Wizards,WAS,1466.9562,2003-02-14,#002B5C
Wizards,WAS,1482.9296,2003-02-28,#002B5C
Wizards,WAS,1461.052,2003-03-14,#002B5C
Wizards,WAS,1465.4158,2003-03-28,#002B5C
Wizards,WAS,1428.7363,2003-04-14,#002B5C
Wizards,WAS,1468.5837,2003-04-28,#002B5C
Wizards,WAS,1468.5837,2003-05-14,#002B5C
Wizards,WAS,1468.5837,2003-10-28,#002B5C
Wizards,WAS,1446.1418,2003-11-14,#002B5C
Wizards,WAS,1430.2582,2003-11-28,#002B5C
Wizards,WAS,1400.6455,2003-12-14,#002B5C
Wizards,WAS,1362.5308,2003-12-28,#002B5C
Wizards,WAS,1358.6163,2004-01-14,#002B5C
Wizards,WAS,1369.3339,2004-01-28,#002B5C
Wizards,WAS,1358.3574,2004-02-28,#002B5C
Wizards,WAS,1314.2402,2004-03-14,#002B5C
Wizards,WAS,1333.8573,2004-03-28,#002B5C
Wizards,WAS,1324.2531,2004-04-14,#002B5C
Wizards,WAS,1394.1283,2004-04-28,#002B5C
Wizards,WAS,1394.1283,2004-05-14,#002B5C
Wizards,WAS,1394.1283,2004-05-28,#002B5C
Wizards,WAS,1380.9055,2004-11-14,#002B5C
Wizards,WAS,1424.5211,2004-11-28,#002B5C
Wizards,WAS,1448.5701,2004-12-14,#002B5C
Wizards,WAS,1452.8967,2004-12-28,#002B5C
Wizards,WAS,1489.7637,2005-01-14,#002B5C
Wizards,WAS,1515.5946,2005-01-28,#002B5C
Wizards,WAS,1504.2758,2005-02-14,#002B5C
Wizards,WAS,1500.3978,2005-02-28,#002B5C
Wizards,WAS,1477.8643,2005-03-14,#002B5C
Wizards,WAS,1491.829,2005-03-28,#002B5C
Wizards,WAS,1483.7157,2005-04-14,#002B5C
Wizards,WAS,1477.3196,2005-04-28,#002B5C
Wizards,WAS,1480.7588,2005-05-14,#002B5C
Wizards,WAS,1493.4185,2005-05-28,#002B5C
Wizards,WAS,1493.4185,2005-06-14,#002B5C
Wizards,WAS,1524.4592,2005-11-14,#002B5C
Wizards,WAS,1498.9921,2005-11-28,#002B5C
Wizards,WAS,1478.1693,2005-12-14,#002B5C
Wizards,WAS,1483.3689,2005-12-28,#002B5C
Wizards,WAS,1465.6469,2006-01-14,#002B5C
Wizards,WAS,1471.3339,2006-01-28,#002B5C
Wizards,WAS,1497.0182,2006-02-14,#002B5C
Wizards,WAS,1505.0671,2006-02-28,#002B5C
Wizards,WAS,1525.6548,2006-03-14,#002B5C
Wizards,WAS,1551.3733,2006-03-28,#002B5C
Wizards,WAS,1513.0591,2006-04-14,#002B5C
Wizards,WAS,1555.3979,2006-04-28,#002B5C
Wizards,WAS,1538.321,2006-05-14,#002B5C
Wizards,WAS,1538.321,2006-05-28,#002B5C
Wizards,WAS,1512.9348,2006-11-14,#002B5C
Wizards,WAS,1492.0063,2006-11-28,#002B5C
Wizards,WAS,1539.2682,2006-12-14,#002B5C
Wizards,WAS,1579.3333,2006-12-28,#002B5C
Wizards,WAS,1561.6206,2007-01-14,#002B5C
Wizards,WAS,1585.2692,2007-01-28,#002B5C
Wizards,WAS,1513.9034,2007-02-14,#002B5C
Wizards,WAS,1489.3412,2007-02-28,#002B5C
Wizards,WAS,1506.261,2007-03-14,#002B5C
Wizards,WAS,1503.4994,2007-03-28,#002B5C
Wizards,WAS,1445.7535,2007-04-14,#002B5C
Wizards,WAS,1431.0486,2007-04-28,#002B5C
Wizards,WAS,1437.8597,2007-05-14,#002B5C
Wizards,WAS,1437.8597,2007-05-28,#002B5C
Wizards,WAS,1437.8597,2007-06-14,#002B5C
Wizards,WAS,1415.6547,2007-11-14,#002B5C
Wizards,WAS,1467.3456,2007-11-28,#002B5C
Wizards,WAS,1508.2936,2007-12-14,#002B5C
Wizards,WAS,1477.8429,2007-12-28,#002B5C
Wizards,WAS,1524.6171,2008-01-14,#002B5C
Wizards,WAS,1517.3475,2008-01-28,#002B5C
Wizards,WAS,1445.8962,2008-02-14,#002B5C
Wizards,WAS,1468.0105,2008-02-28,#002B5C
Wizards,WAS,1477.2114,2008-03-14,#002B5C
Wizards,WAS,1497.885,2008-03-28,#002B5C
Wizards,WAS,1521.8406,2008-04-14,#002B5C
Wizards,WAS,1511.4618,2008-04-28,#002B5C
Wizards,WAS,1477.4908,2008-05-14,#002B5C
Wizards,WAS,1477.4908,2008-05-28,#002B5C
Wizards,WAS,1477.4908,2008-10-28,#002B5C
Wizards,WAS,1441.0684,2008-11-14,#002B5C
Wizards,WAS,1412.0566,2008-11-28,#002B5C
Wizards,WAS,1399.6228,2008-12-14,#002B5C
Wizards,WAS,1388.5072,2008-12-28,#002B5C
Wizards,WAS,1358.967,2009-01-14,#002B5C
Wizards,WAS,1343.88,2009-01-28,#002B5C
Wizards,WAS,1331.249,2009-02-28,#002B5C
Wizards,WAS,1325.0714,2009-03-14,#002B5C
Wizards,WAS,1305.5204,2009-03-28,#002B5C
Wizards,WAS,1313.5583,2009-04-14,#002B5C
Wizards,WAS,1387.2084,2009-04-28,#002B5C
Wizards,WAS,1387.2084,2009-05-14,#002B5C
Wizards,WAS,1387.2084,2009-05-28,#002B5C
Wizards,WAS,1387.2084,2009-06-14,#002B5C
Wizards,WAS,1383.197,2009-10-28,#002B5C
Wizards,WAS,1365.4109,2009-11-14,#002B5C
Wizards,WAS,1388.4305,2009-11-28,#002B5C
Wizards,WAS,1382.6633,2009-12-14,#002B5C
Wizards,WAS,1398.4346,2009-12-28,#002B5C
Wizards,WAS,1376.4294,2010-01-14,#002B5C
Wizards,WAS,1357.1833,2010-01-28,#002B5C
Wizards,WAS,1380.343,2010-02-28,#002B5C
Wizards,WAS,1331.7837,2010-03-14,#002B5C
Wizards,WAS,1308.9805,2010-03-28,#002B5C
Wizards,WAS,1351.1895,2010-04-14,#002B5C
Wizards,WAS,1386.6133,2010-04-28,#002B5C
Wizards,WAS,1386.6133,2010-05-28,#002B5C
Wizards,WAS,1386.6133,2010-10-28,#002B5C
Wizards,WAS,1382.6447,2010-11-14,#002B5C
Wizards,WAS,1373.2206,2010-11-28,#002B5C
Wizards,WAS,1339.1495,2010-12-14,#002B5C
Wizards,WAS,1362.3065,2010-12-28,#002B5C
Wizards,WAS,1348.0591,2011-01-14,#002B5C
Wizards,WAS,1341.6581,2011-01-28,#002B5C
Wizards,WAS,1347.691,2011-02-14,#002B5C
Wizards,WAS,1319.3629,2011-02-28,#002B5C
Wizards,WAS,1276.1729,2011-03-14,#002B5C
Wizards,WAS,1280.0924,2011-03-28,#002B5C
Wizards,WAS,1360.0172,2011-04-28,#002B5C
Wizards,WAS,1355.1809,2011-12-28,#002B5C
Wizards,WAS,1311.2224,2012-01-14,#002B5C
Wizards,WAS,1320.9491,2012-01-28,#002B5C
Wizards,WAS,1347.9233,2012-02-14,#002B5C
Wizards,WAS,1323.0333,2012-02-28,#002B5C
Wizards,WAS,1327.8519,2012-03-14,#002B5C
Wizards,WAS,1328.9526,2012-03-28,#002B5C
Wizards,WAS,1335.3049,2012-04-14,#002B5C
Wizards,WAS,1440.3092,2012-04-28,#002B5C
Wizards,WAS,1440.3092,2012-05-14,#002B5C
Wizards,WAS,1440.3092,2012-05-28,#002B5C
Wizards,WAS,1440.3092,2012-06-14,#002B5C
Wizards,WAS,1397.8965,2012-11-14,#002B5C
Wizards,WAS,1370.6677,2012-11-28,#002B5C
Wizards,WAS,1373.4869,2012-12-14,#002B5C
Wizards,WAS,1339.0852,2012-12-28,#002B5C
Wizards,WAS,1360.6876,2013-01-14,#002B5C
Wizards,WAS,1399.2565,2013-01-28,#002B5C
Wizards,WAS,1430.4768,2013-02-14,#002B5C
Wizards,WAS,1443.1537,2013-02-28,#002B5C
Wizards,WAS,1446.8918,2013-03-14,#002B5C
Wizards,WAS,1463.7645,2013-03-28,#002B5C
Wizards,WAS,1450.543,2013-04-14,#002B5C
Wizards,WAS,1452.7168,2013-04-28,#002B5C
Wizards,WAS,1452.7168,2013-05-14,#002B5C
Wizards,WAS,1452.7168,2013-05-28,#002B5C
Wizards,WAS,1440.7042,2013-11-14,#002B5C
Wizards,WAS,1450.0757,2013-12-14,#002B5C
Wizards,WAS,1480.6382,2013-12-28,#002B5C
Wizards,WAS,1506.1249,2014-01-14,#002B5C
Wizards,WAS,1507.5577,2014-01-28,#002B5C
Wizards,WAS,1555.61,2014-02-28,#002B5C
Wizards,WAS,1534.7859,2014-03-14,#002B5C
Wizards,WAS,1530.1364,2014-03-28,#002B5C
Wizards,WAS,1536.5858,2014-04-14,#002B5C
Wizards,WAS,1579.0647,2014-04-28,#002B5C
Wizards,WAS,1553.5851,2014-05-14,#002B5C
Wizards,WAS,1534.9141,2014-05-28,#002B5C
Wizards,WAS,1534.9141,2014-10-28,#002B5C
Wizards,WAS,1566.226,2014-11-14,#002B5C
Wizards,WAS,1545.6404,2014-11-28,#002B5C
Wizards,WAS,1577.3522,2014-12-14,#002B5C
Wizards,WAS,1573.8613,2014-12-28,#002B5C
Wizards,WAS,1583.3921,2015-01-14,#002B5C
Wizards,WAS,1555.5394,2015-01-28,#002B5C
Wizards,WAS,1460.9078,2015-02-28,#002B5C
Wizards,WAS,1512.1885,2015-03-14,#002B5C
Wizards,WAS,1489.1028,2015-03-28,#002B5C
Wizards,WAS,1511.4723,2015-04-14,#002B5C
Wizards,WAS,1568.2517,2015-04-28,#002B5C
Wizards,WAS,1546.1045,2015-05-14,#002B5C
Waterloo,WAT,1325.6467,1949-11-28,#1718a1
Waterloo,WAT,1323.1056,1949-12-14,#1718a1
Waterloo,WAT,1312.6948,1949-12-28,#1718a1
Waterloo,WAT,1283.2352,1950-01-14,#1718a1
Waterloo,WAT,1289.3055,1950-01-28,#1718a1
Waterloo,WAT,1287.676,1950-02-14,#1718a1
Waterloo,WAT,1307.5107,1950-02-28,#1718a1
Waterloo,WAT,1325.0997,1950-03-14,#1718a1
Warriors,PHW,1308.6625,1946-11-14,#006BB6
Warriors,PHW,1284.4366,1946-11-28,#006BB6
Warriors,PHW,1296.1072,1946-12-14,#006BB6
Warriors,PHW,1311.511,1946-12-28,#006BB6
Warriors,PHW,1338.6333,1947-01-14,#006BB6
Warriors,PHW,1343.9559,1947-01-28,#006BB6
Warriors,PHW,1371.8971,1947-02-14,#006BB6
Warriors,PHW,1364.3468,1947-02-28,#006BB6
Warriors,PHW,1353.7579,1947-03-14,#006BB6
Warriors,PHW,1389.9673,1947-03-28,#006BB6
Warriors,PHW,1423.2423,1947-04-14,#006BB6
Warriors,PHW,1470.8689,1947-11-14,#006BB6
Warriors,PHW,1419.7545,1947-11-28,#006BB6
Warriors,PHW,1380.2854,1947-12-28,#006BB6
Warriors,PHW,1388.9515,1948-01-14,#006BB6
Warriors,PHW,1405.7245,1948-01-28,#006BB6
Warriors,PHW,1395.3289,1948-02-14,#006BB6
Warriors,PHW,1424.5659,1948-02-28,#006BB6
Warriors,PHW,1449.249,1948-03-28,#006BB6
Warriors,PHW,1480.1963,1948-11-14,#006BB6
Warriors,PHW,1440.1847,1948-11-28,#006BB6
Warriors,PHW,1424.5607,1948-12-14,#006BB6
Warriors,PHW,1448.433,1948-12-28,#006BB6
Warriors,PHW,1438.5624,1949-01-14,#006BB6
Warriors,PHW,1480.6417,1949-01-28,#006BB6
Warriors,PHW,1465.479,1949-02-28,#006BB6
Warriors,PHW,1411.9678,1949-11-28,#006BB6
Warriors,PHW,1400.7847,1949-12-14,#006BB6
Warriors,PHW,1396.9976,1949-12-28,#006BB6
Warriors,PHW,1385.7598,1950-01-14,#006BB6
Warriors,PHW,1398.1494,1950-01-28,#006BB6
Warriors,PHW,1374.4346,1950-02-14,#006BB6
Warriors,PHW,1406.234,1950-02-28,#006BB6
Warriors,PHW,1416.0275,1950-03-14,#006BB6
Warriors,PHW,1446.0084,1950-03-28,#006BB6
Warriors,PHW,1446.0084,1950-04-14,#006BB6
Warriors,PHW,1461.0555,1950-11-14,#006BB6
Warriors,PHW,1487.4984,1950-11-28,#006BB6
Warriors,PHW,1502.6232,1950-12-14,#006BB6
Warriors,PHW,1508.9443,1950-12-28,#006BB6
Warriors,PHW,1479.837,1951-01-14,#006BB6
Warriors,PHW,1530.2538,1951-01-28,#006BB6
Warriors,PHW,1530.7014,1951-02-14,#006BB6
Warriors,PHW,1567.2013,1951-02-28,#006BB6
Warriors,PHW,1592.6072,1951-03-14,#006BB6
Warriors,PHW,1562.37,1951-03-28,#006BB6
Warriors,PHW,1531.3928,1951-11-14,#006BB6
Warriors,PHW,1510.1201,1951-11-28,#006BB6
Warriors,PHW,1519.1964,1951-12-14,#006BB6
Warriors,PHW,1495.6805,1952-02-14,#006BB6
Warriors,PHW,1541.4517,1952-02-28,#006BB6
Warriors,PHW,1522.3431,1952-03-14,#006BB6
Warriors,PHW,1483.2904,1952-11-14,#006BB6
Warriors,PHW,1445.9379,1952-11-28,#006BB6
Warriors,PHW,1422.0519,1952-12-14,#006BB6
Warriors,PHW,1387.4366,1952-12-28,#006BB6
Warriors,PHW,1365.8652,1953-01-14,#006BB6
Warriors,PHW,1349.6947,1953-01-28,#006BB6
Warriors,PHW,1355.6909,1953-02-14,#006BB6
Warriors,PHW,1339.9017,1953-02-28,#006BB6
Warriors,PHW,1335.5126,1953-03-14,#006BB6
Warriors,PHW,1387.302,1953-03-28,#006BB6
Warriors,PHW,1421.3851,1953-11-14,#006BB6
Warriors,PHW,1416.9714,1953-11-28,#006BB6
Warriors,PHW,1421.2324,1953-12-28,#006BB6
Warriors,PHW,1442.1694,1954-01-14,#006BB6
Warriors,PHW,1436.613,1954-01-28,#006BB6
Warriors,PHW,1446.7983,1954-02-14,#006BB6
Warriors,PHW,1502.4554,1954-02-28,#006BB6
Warriors,PHW,1480.1819,1954-03-14,#006BB6
Warriors,PHW,1489.7424,1954-03-28,#006BB6
Warriors,PHW,1485.3773,1954-11-14,#006BB6
Warriors,PHW,1507.2268,1954-11-28,#006BB6
Warriors,PHW,1547.733,1954-12-14,#006BB6
Warriors,PHW,1514.6222,1954-12-28,#006BB6
Warriors,PHW,1522.2714,1955-01-14,#006BB6
Warriors,PHW,1514.8854,1955-01-28,#006BB6
Warriors,PHW,1541.4855,1955-02-14,#006BB6
Warriors,PHW,1555.8062,1955-02-28,#006BB6
Warriors,PHW,1530.0278,1955-03-14,#006BB6
Warriors,PHW,1583.391,1955-12-14,#006BB6
Warriors,PHW,1575.3197,1955-12-28,#006BB6
Warriors,PHW,1611.3436,1956-01-14,#006BB6
Warriors,PHW,1644.5096,1956-01-28,#006BB6
Warriors,PHW,1638.5363,1956-02-14,#006BB6
Warriors,PHW,1655.3402,1956-02-28,#006BB6
Warriors,PHW,1608.5647,1956-03-14,#006BB6
Warriors,PHW,1613.4827,1956-03-28,#006BB6
Warriors,PHW,1595.9502,1956-10-28,#006BB6
Warriors,PHW,1579.715,1956-11-14,#006BB6
Warriors,PHW,1541.4004,1956-11-28,#006BB6
Warriors,PHW,1554.7355,1957-01-28,#006BB6
Warriors,PHW,1571.5778,1957-02-14,#006BB6
Warriors,PHW,1585.048,1957-02-28,#006BB6
Warriors,PHW,1554.7833,1957-03-14,#006BB6
Warriors,PHW,1544.2058,1957-11-14,#006BB6
Warriors,PHW,1514.1442,1957-11-28,#006BB6
Warriors,PHW,1489.8763,1957-12-14,#006BB6
Warriors,PHW,1507.7817,1957-12-28,#006BB6
Warriors,PHW,1522.2673,1958-01-14,#006BB6
Warriors,PHW,1507.2123,1958-01-28,#006BB6
Warriors,PHW,1555.2722,1958-02-14,#006BB6
Warriors,PHW,1518.6794,1958-11-14,#006BB6
Warriors,PHW,1511.0265,1958-11-28,#006BB6
Warriors,PHW,1458.6342,1958-12-14,#006BB6
Warriors,PHW,1490.8798,1958-12-28,#006BB6
Warriors,PHW,1444.8792,1959-01-14,#006BB6
Warriors,PHW,1473.1514,1959-01-28,#006BB6
Warriors,PHW,1485.8398,1959-02-14,#006BB6
Warriors,PHW,1473.7031,1959-02-28,#006BB6
Warriors,PHW,1512.6608,1959-03-14,#006BB6
Warriors,PHW,1512.6608,1959-03-28,#006BB6
Warriors,PHW,1517.6403,1959-10-28,#006BB6
Warriors,PHW,1555.2638,1959-11-14,#006BB6
Warriors,PHW,1580.1733,1959-11-28,#006BB6
Warriors,PHW,1562.4175,1959-12-28,#006BB6
Warriors,PHW,1615.6865,1960-01-14,#006BB6
Warriors,PHW,1593.2064,1960-02-14,#006BB6
Warriors,PHW,1616.7206,1960-02-28,#006BB6
Warriors,PHW,1617.8534,1960-03-14,#006BB6
Warriors,PHW,1610.0219,1960-10-28,#006BB6
Warriors,PHW,1620.8873,1960-11-28,#006BB6
Warriors,PHW,1608.0652,1960-12-14,#006BB6
Warriors,PHW,1619.8944,1960-12-28,#006BB6
Warriors,PHW,1620.8458,1961-01-14,#006BB6
Warriors,PHW,1568.9894,1961-01-28,#006BB6
Warriors,PHW,1525.0966,1961-02-14,#006BB6
Warriors,PHW,1567.3112,1961-02-28,#006BB6
Warriors,PHW,1518.0654,1961-03-14,#006BB6
Warriors,PHW,1522.2755,1961-10-28,#006BB6
Warriors,PHW,1532.7834,1961-11-14,#006BB6
Warriors,PHW,1542.304,1961-11-28,#006BB6
Warriors,PHW,1574.5439,1961-12-14,#006BB6
Warriors,PHW,1606.5063,1961-12-28,#006BB6
Warriors,PHW,1547.9581,1962-01-14,#006BB6
Warriors,PHW,1591.2092,1962-01-28,#006BB6
Warriors,PHW,1587.8207,1962-02-14,#006BB6
Warriors,PHW,1536.8744,1962-02-28,#006BB6
Warriors,PHW,1537.4166,1962-03-14,#006BB6
Warriors,PHW,1559.5922,1962-03-28,#006BB6
Warriors,SFW,1561.3008,1962-04-14,#006BB6
Warriors,SFW,1562.2856,1962-10-28,#006BB6
Warriors,SFW,1507.4775,1962-11-14,#006BB6
Warriors,SFW,1445.9547,1962-11-28,#006BB6
Warriors,SFW,1425.6016,1962-12-14,#006BB6
Warriors,SFW,1467.1272,1962-12-28,#006BB6
Warriors,SFW,1450.3635,1963-01-14,#006BB6
Warriors,SFW,1440.6093,1963-02-14,#006BB6
Warriors,SFW,1461.0837,1963-02-28,#006BB6
Warriors,SFW,1451.3204,1963-03-14,#006BB6
Warriors,SFW,1474.0691,1963-03-28,#006BB6
Warriors,SFW,1474.0691,1963-04-14,#006BB6
Warriors,SFW,1483.0339,1963-11-14,#006BB6
Warriors,SFW,1513.9486,1963-11-28,#006BB6
Warriors,SFW,1506.8097,1963-12-14,#006BB6
Warriors,SFW,1516.0759,1963-12-28,#006BB6
Warriors,SFW,1566.8365,1964-01-28,#006BB6
Warriors,SFW,1595.7836,1964-02-14,#006BB6
Warriors,SFW,1606.5399,1964-02-28,#006BB6
Warriors,SFW,1611.7211,1964-03-14,#006BB6
Warriors,SFW,1593.5248,1964-03-28,#006BB6
Warriors,SFW,1525.8097,1964-10-28,#006BB6
Warriors,SFW,1490.5988,1964-11-14,#006BB6
Warriors,SFW,1472.6782,1964-11-28,#006BB6
Warriors,SFW,1453.75,1964-12-14,#006BB6
Warriors,SFW,1444.2234,1964-12-28,#006BB6
Warriors,SFW,1385.874,1965-01-14,#006BB6
Warriors,SFW,1378.298,1965-01-28,#006BB6
Warriors,SFW,1339.2533,1965-02-14,#006BB6
Warriors,SFW,1310.1493,1965-02-28,#006BB6
Warriors,SFW,1296.2212,1965-03-14,#006BB6
Warriors,SFW,1380.4182,1965-03-28,#006BB6
Warriors,SFW,1419.4142,1965-10-28,#006BB6
Warriors,SFW,1442.1406,1965-11-14,#006BB6
Warriors,SFW,1439.5228,1965-11-28,#006BB6
Warriors,SFW,1411.2076,1965-12-14,#006BB6
Warriors,SFW,1439.785,1965-12-28,#006BB6
Warriors,SFW,1443.8451,1966-01-14,#006BB6
Warriors,SFW,1448.5304,1966-01-28,#006BB6
Warriors,SFW,1478.1636,1966-02-14,#006BB6
Warriors,SFW,1476.3271,1966-02-28,#006BB6
Warriors,SFW,1472.2821,1966-04-28,#006BB6
Warriors,SFW,1474.5958,1966-10-28,#006BB6
Warriors,SFW,1520.7982,1966-11-14,#006BB6
Warriors,SFW,1533.7247,1966-12-14,#006BB6
Warriors,SFW,1546.184,1966-12-28,#006BB6
Warriors,SFW,1573.2473,1967-01-14,#006BB6
Warriors,SFW,1582.6508,1967-01-28,#006BB6
Warriors,SFW,1563.8013,1967-02-14,#006BB6
Warriors,SFW,1530.9847,1967-02-28,#006BB6
Warriors,SFW,1482.1017,1967-03-14,#006BB6
Warriors,SFW,1524.8654,1967-03-28,#006BB6
Warriors,SFW,1538.9513,1967-04-14,#006BB6
Warriors,SFW,1534.0574,1967-10-14,#006BB6
Warriors,SFW,1545.8651,1967-10-28,#006BB6
Warriors,SFW,1573.9432,1967-11-14,#006BB6
Warriors,SFW,1607.8315,1967-11-28,#006BB6
Warriors,SFW,1539.5947,1967-12-14,#006BB6
Warriors,SFW,1542.8523,1967-12-28,#006BB6
Warriors,SFW,1504.3936,1968-01-14,#006BB6
Warriors,SFW,1448.0439,1968-01-28,#006BB6
Warriors,SFW,1452.6206,1968-02-14,#006BB6
Warriors,SFW,1436.7754,1968-02-28,#006BB6
Warriors,SFW,1388.8986,1968-03-14,#006BB6
Warriors,SFW,1398.8746,1968-03-28,#006BB6
Warriors,SFW,1386.5958,1968-04-14,#006BB6
Warriors,SFW,1386.5958,1968-04-28,#006BB6
Warriors,SFW,1402.6293,1968-10-28,#006BB6
Warriors,SFW,1429.4783,1968-11-14,#006BB6
Warriors,SFW,1430.0363,1968-11-28,#006BB6
Warriors,SFW,1359.9753,1968-12-14,#006BB6
Warriors,SFW,1386.1084,1968-12-28,#006BB6
Warriors,SFW,1378.7043,1969-01-14,#006BB6
Warriors,SFW,1408.9689,1969-01-28,#006BB6
Warriors,SFW,1441.2373,1969-02-14,#006BB6
Warriors,SFW,1463.1798,1969-02-28,#006BB6
Warriors,SFW,1480.0719,1969-03-14,#006BB6
Warriors,SFW,1477.6023,1969-03-28,#006BB6
Warriors,SFW,1436.7559,1969-04-14,#006BB6
Warriors,SFW,1436.7559,1969-10-14,#006BB6
Warriors,SFW,1441.0308,1969-10-28,#006BB6
Warriors,SFW,1441.5601,1969-11-14,#006BB6
Warriors,SFW,1456.8607,1969-11-28,#006BB6
Warriors,SFW,1450.7583,1969-12-14,#006BB6
Warriors,SFW,1417.1981,1969-12-28,#006BB6
Warriors,SFW,1396.8011,1970-01-14,#006BB6
Warriors,SFW,1348.882,1970-01-28,#006BB6
Warriors,SFW,1360.2643,1970-02-14,#006BB6
Warriors,SFW,1322.4797,1970-02-28,#006BB6
Warriors,SFW,1320.2208,1970-03-14,#006BB6
Warriors,SFW,1356.9191,1970-03-28,#006BB6
Warriors,SFW,1356.9191,1970-04-14,#006BB6
Warriors,SFW,1356.9191,1970-04-28,#006BB6
Warriors,SFW,1356.9191,1970-10-14,#006BB6
Warriors,SFW,1392.4187,1970-10-28,#006BB6
Warriors,SFW,1400.3104,1970-11-14,#006BB6
Warriors,SFW,1435.1973,1970-11-28,#006BB6
Warriors,SFW,1439.9524,1970-12-28,#006BB6
Warriors,SFW,1465.1925,1971-01-14,#006BB6
Warriors,SFW,1472.4216,1971-01-28,#006BB6
Warriors,SFW,1437.9373,1971-02-14,#006BB6
Warriors,SFW,1396.775,1971-02-28,#006BB6
Warriors,SFW,1385.3796,1971-03-14,#006BB6
Warriors,SFW,1408.5972,1971-03-28,#006BB6
Warriors,GSW,1462.4745,1971-04-14,#006BB6
Warriors,GSW,1462.4745,1971-04-28,#006BB6
Warriors,GSW,1462.4745,1971-10-14,#006BB6
Warriors,GSW,1478.1483,1971-10-28,#006BB6
Warriors,GSW,1519.7188,1971-11-14,#006BB6
Warriors,GSW,1507.7802,1971-11-28,#006BB6
Warriors,GSW,1442.6595,1971-12-14,#006BB6
Warriors,GSW,1425.5277,1971-12-28,#006BB6
Warriors,GSW,1473.5967,1972-01-14,#006BB6
Warriors,GSW,1502.209,1972-01-28,#006BB6
Warriors,GSW,1532.1627,1972-02-14,#006BB6
Warriors,GSW,1550.5691,1972-03-14,#006BB6
Warriors,GSW,1567.8293,1972-03-28,#006BB6
Warriors,GSW,1520.2581,1972-04-14,#006BB6
Warriors,GSW,1520.2581,1972-10-14,#006BB6
Warriors,GSW,1580.795,1972-10-28,#006BB6
Warriors,GSW,1577.9315,1972-11-14,#006BB6
Warriors,GSW,1561.6136,1972-11-28,#006BB6
Warriors,GSW,1557.7212,1972-12-14,#006BB6
Warriors,GSW,1558.2267,1972-12-28,#006BB6
Warriors,GSW,1566.0223,1973-01-14,#006BB6
Warriors,GSW,1569.2067,1973-01-28,#006BB6
Warriors,GSW,1564.5081,1973-02-14,#006BB6
Warriors,GSW,1554.1975,1973-02-28,#006BB6
Warriors,GSW,1561.7996,1973-03-14,#006BB6
Warriors,GSW,1505.2098,1973-03-28,#006BB6
Warriors,GSW,1538.0206,1973-04-14,#006BB6
Warriors,GSW,1497.2273,1973-04-28,#006BB6
Warriors,GSW,1520.2023,1973-10-14,#006BB6
Warriors,GSW,1518.2153,1973-10-28,#006BB6
Warriors,GSW,1515.6313,1973-11-14,#006BB6
Warriors,GSW,1552.6138,1973-11-28,#006BB6
Warriors,GSW,1530.924,1973-12-14,#006BB6
Warriors,GSW,1475.1459,1973-12-28,#006BB6
Warriors,GSW,1474.1465,1974-01-14,#006BB6
Warriors,GSW,1516.733,1974-01-28,#006BB6
Warriors,GSW,1538.4788,1974-02-14,#006BB6
Warriors,GSW,1550.7765,1974-02-28,#006BB6
Warriors,GSW,1553.3842,1974-03-14,#006BB6
Warriors,GSW,1496.859,1974-03-28,#006BB6
Warriors,GSW,1496.859,1974-04-14,#006BB6
Warriors,GSW,1496.859,1974-04-28,#006BB6
Warriors,GSW,1526.1338,1974-11-14,#006BB6
Warriors,GSW,1547.5707,1974-11-28,#006BB6
Warriors,GSW,1545.1689,1974-12-14,#006BB6
Warriors,GSW,1544.7568,1974-12-28,#006BB6
Warriors,GSW,1558.5537,1975-01-14,#006BB6
Warriors,GSW,1538.6381,1975-01-28,#006BB6
Warriors,GSW,1492.6495,1975-02-14,#006BB6
Warriors,GSW,1493.2964,1975-02-28,#006BB6
Warriors,GSW,1502.5332,1975-03-14,#006BB6
Warriors,GSW,1517.162,1975-03-28,#006BB6
Warriors,GSW,1544.3895,1975-04-14,#006BB6
Warriors,GSW,1564.8018,1975-04-28,#006BB6
Warriors,GSW,1571.3024,1975-05-14,#006BB6
Warriors,GSW,1589.1411,1975-10-28,#006BB6
Warriors,GSW,1612.8364,1975-11-14,#006BB6
Warriors,GSW,1639.8149,1975-11-28,#006BB6
Warriors,GSW,1643.6882,1975-12-14,#006BB6
Warriors,GSW,1645.2887,1975-12-28,#006BB6
Warriors,GSW,1687.5782,1976-01-14,#006BB6
Warriors,GSW,1666.8976,1976-01-28,#006BB6
Warriors,GSW,1641.2513,1976-02-14,#006BB6
Warriors,GSW,1629.2142,1976-02-28,#006BB6
Warriors,GSW,1620.6981,1976-03-14,#006BB6
Warriors,GSW,1607.017,1976-03-28,#006BB6
Warriors,GSW,1616.4443,1976-04-14,#006BB6
Warriors,GSW,1604.8766,1976-04-28,#006BB6
Warriors,GSW,1609.6012,1976-05-14,#006BB6
Warriors,GSW,1562.0057,1976-10-28,#006BB6
Warriors,GSW,1542.2703,1976-11-14,#006BB6
Warriors,GSW,1546.1394,1976-11-28,#006BB6
Warriors,GSW,1556.1588,1976-12-14,#006BB6
Warriors,GSW,1531.8153,1976-12-28,#006BB6
Warriors,GSW,1544.5227,1977-01-14,#006BB6
Warriors,GSW,1534.6307,1977-01-28,#006BB6
Warriors,GSW,1558.3215,1977-03-14,#006BB6
Warriors,GSW,1587.6597,1977-04-14,#006BB6
Warriors,GSW,1564.2104,1977-10-28,#006BB6
Warriors,GSW,1536.7042,1977-11-28,#006BB6
Warriors,GSW,1532.894,1977-12-14,#006BB6
Warriors,GSW,1474.4967,1977-12-28,#006BB6
Warriors,GSW,1488.1229,1978-01-14,#006BB6
Warriors,GSW,1517.2745,1978-01-28,#006BB6
Warriors,GSW,1479.3687,1978-02-14,#006BB6
Warriors,GSW,1456.5042,1978-02-28,#006BB6
Warriors,GSW,1508.1239,1978-03-14,#006BB6
Warriors,GSW,1523.5726,1978-03-28,#006BB6
Warriors,GSW,1555.0913,1978-04-14,#006BB6
Warriors,GSW,1555.0913,1978-04-28,#006BB6
Warriors,GSW,1555.0913,1978-05-14,#006BB6
Warriors,GSW,1555.0913,1978-05-28,#006BB6
Warriors,GSW,1555.0913,1978-10-14,#006BB6
Warriors,GSW,1545.9331,1978-10-28,#006BB6
Warriors,GSW,1557.9545,1978-11-14,#006BB6
Warriors,GSW,1544.1648,1978-11-28,#006BB6
Warriors,GSW,1518.3396,1978-12-14,#006BB6
Warriors,GSW,1511.1992,1978-12-28,#006BB6
Warriors,GSW,1515.2927,1979-01-14,#006BB6
Warriors,GSW,1490.7941,1979-01-28,#006BB6
Warriors,GSW,1479.7723,1979-02-14,#006BB6
Warriors,GSW,1476.6266,1979-02-28,#006BB6
Warriors,GSW,1491.2894,1979-03-14,#006BB6
Warriors,GSW,1480.1577,1979-03-28,#006BB6
Warriors,GSW,1492.3547,1979-10-14,#006BB6
Warriors,GSW,1502.6058,1979-10-28,#006BB6
Warriors,GSW,1500.0851,1979-11-14,#006BB6
Warriors,GSW,1479.9281,1979-11-28,#006BB6
Warriors,GSW,1400.1995,1979-12-14,#006BB6
Warriors,GSW,1378.863,1979-12-28,#006BB6
Warriors,GSW,1360.766,1980-01-28,#006BB6
Warriors,GSW,1375.3492,1980-02-14,#006BB6
Warriors,GSW,1411.6989,1980-02-28,#006BB6
Warriors,GSW,1413.1215,1980-03-14,#006BB6
Warriors,GSW,1398.1815,1980-03-28,#006BB6
Warriors,GSW,1418.5784,1980-04-14,#006BB6
Warriors,GSW,1418.5784,1980-05-14,#006BB6
Warriors,GSW,1432.2998,1980-10-14,#006BB6
Warriors,GSW,1437.6082,1980-10-28,#006BB6
Warriors,GSW,1475.9067,1980-11-14,#006BB6
Warriors,GSW,1483.0652,1980-11-28,#006BB6
Warriors,GSW,1478.4823,1980-12-14,#006BB6
Warriors,GSW,1500.0356,1980-12-28,#006BB6
Warriors,GSW,1499.72,1981-01-14,#006BB6
Warriors,GSW,1484.4146,1981-01-28,#006BB6
Warriors,GSW,1476.7906,1981-02-14,#006BB6
Warriors,GSW,1479.1493,1981-02-28,#006BB6
Warriors,GSW,1457.4064,1981-03-14,#006BB6
Warriors,GSW,1452.4993,1981-03-28,#006BB6
Warriors,GSW,1454.7932,1981-04-14,#006BB6
Warriors,GSW,1454.7932,1981-05-14,#006BB6
Warriors,GSW,1469.8231,1981-11-14,#006BB6
Warriors,GSW,1500.8036,1981-11-28,#006BB6
Warriors,GSW,1537.2814,1981-12-28,#006BB6
Warriors,GSW,1530.5167,1982-01-14,#006BB6
Warriors,GSW,1505.8484,1982-01-28,#006BB6
Warriors,GSW,1495.6368,1982-02-14,#006BB6
Warriors,GSW,1526.489,1982-02-28,#006BB6
Warriors,GSW,1509.3165,1982-03-14,#006BB6
Warriors,GSW,1505.6475,1982-03-28,#006BB6
Warriors,GSW,1536.4526,1982-04-14,#006BB6
Warriors,GSW,1546.0131,1982-04-28,#006BB6
Warriors,GSW,1546.0131,1982-05-14,#006BB6
Warriors,GSW,1501.2589,1982-11-14,#006BB6
Warriors,GSW,1456.4219,1982-11-28,#006BB6
Warriors,GSW,1476.6348,1982-12-14,#006BB6
Warriors,GSW,1453.3824,1982-12-28,#006BB6
Warriors,GSW,1447.3748,1983-01-14,#006BB6
Warriors,GSW,1440.8542,1983-01-28,#006BB6
Warriors,GSW,1399.1685,1983-04-14,#006BB6
Warriors,GSW,1444.2157,1983-05-14,#006BB6
Warriors,GSW,1444.2157,1983-10-28,#006BB6
Warriors,GSW,1414.6862,1983-11-28,#006BB6
Warriors,GSW,1420.068,1983-12-14,#006BB6
Warriors,GSW,1402.3218,1983-12-28,#006BB6
Warriors,GSW,1454.431,1984-01-14,#006BB6
Warriors,GSW,1429.8171,1984-02-14,#006BB6
Warriors,GSW,1437.8212,1984-02-28,#006BB6
Warriors,GSW,1426.6869,1984-03-14,#006BB6
Warriors,GSW,1415.3041,1984-03-28,#006BB6
Warriors,GSW,1435.7335,1984-04-14,#006BB6
Warriors,GSW,1443.4432,1984-04-28,#006BB6
Warriors,GSW,1432.7809,1984-10-28,#006BB6
Warriors,GSW,1432.49,1984-11-14,#006BB6
Warriors,GSW,1420.9012,1984-11-28,#006BB6
Warriors,GSW,1403.8539,1984-12-14,#006BB6
Warriors,GSW,1394.9775,1984-12-28,#006BB6
Warriors,GSW,1321.7178,1985-01-14,#006BB6
Warriors,GSW,1298.3374,1985-01-28,#006BB6
Warriors,GSW,1283.1954,1985-02-14,#006BB6
Warriors,GSW,1320.7462,1985-02-28,#006BB6
Warriors,GSW,1345.4049,1985-03-14,#006BB6
Warriors,GSW,1342.8424,1985-03-28,#006BB6
Warriors,GSW,1342.1578,1985-04-14,#006BB6
Warriors,GSW,1374.3004,1985-04-28,#006BB6
Warriors,GSW,1374.3004,1985-05-14,#006BB6
Warriors,GSW,1388.1359,1985-11-14,#006BB6
Warriors,GSW,1372.5406,1985-12-14,#006BB6
Warriors,GSW,1389.3837,1985-12-28,#006BB6
Warriors,GSW,1404.389,1986-01-14,#006BB6
Warriors,GSW,1353.0962,1986-01-28,#006BB6
Warriors,GSW,1393.1792,1986-02-14,#006BB6
Warriors,GSW,1392.2938,1986-02-28,#006BB6
Warriors,GSW,1422.5353,1986-03-14,#006BB6
Warriors,GSW,1437.7909,1986-03-28,#006BB6
Warriors,GSW,1451.8201,1986-11-14,#006BB6
Warriors,GSW,1478.2302,1986-11-28,#006BB6
Warriors,GSW,1498.1853,1986-12-14,#006BB6
Warriors,GSW,1467.5657,1986-12-28,#006BB6
Warriors,GSW,1488.1091,1987-01-14,#006BB6
Warriors,GSW,1455.1257,1987-01-28,#006BB6
Warriors,GSW,1451.6118,1987-02-14,#006BB6
Warriors,GSW,1427.1462,1987-02-28,#006BB6
Warriors,GSW,1458.9619,1987-03-14,#006BB6
Warriors,GSW,1488.2234,1987-03-28,#006BB6
Warriors,GSW,1456.9169,1987-04-14,#006BB6
Warriors,GSW,1463.4969,1987-04-28,#006BB6
Warriors,GSW,1467.1094,1987-05-14,#006BB6
Warriors,GSW,1467.1094,1987-05-28,#006BB6
Warriors,GSW,1467.1094,1987-06-14,#006BB6
Warriors,GSW,1447.8734,1987-11-14,#006BB6
Warriors,GSW,1423.329,1987-11-28,#006BB6
Warriors,GSW,1389.399,1987-12-14,#006BB6
Warriors,GSW,1372.8981,1987-12-28,#006BB6
Warriors,GSW,1361.6128,1988-01-14,#006BB6
Warriors,GSW,1360.3798,1988-01-28,#006BB6
Warriors,GSW,1403.1481,1988-02-14,#006BB6
Warriors,GSW,1379.7261,1988-02-28,#006BB6
Warriors,GSW,1373.9829,1988-03-14,#006BB6
Warriors,GSW,1328.6963,1988-03-28,#006BB6
Warriors,GSW,1305.0182,1988-04-14,#006BB6
Warriors,GSW,1350.382,1988-04-28,#006BB6
Warriors,GSW,1350.382,1988-05-14,#006BB6
Warriors,GSW,1350.382,1988-05-28,#006BB6
Warriors,GSW,1350.382,1988-06-14,#006BB6
Warriors,GSW,1369.5432,1988-11-14,#006BB6
Warriors,GSW,1366.6753,1988-11-28,#006BB6
Warriors,GSW,1372.1046,1988-12-14,#006BB6
Warriors,GSW,1393.6288,1988-12-28,#006BB6
Warriors,GSW,1436.1246,1989-01-14,#006BB6
Warriors,GSW,1495.2896,1989-01-28,#006BB6
Warriors,GSW,1501.3893,1989-02-14,#006BB6
Warriors,GSW,1541.2327,1989-02-28,#006BB6
Warriors,GSW,1495.8374,1989-03-14,#006BB6
Warriors,GSW,1474.9709,1989-03-28,#006BB6
Warriors,GSW,1495.4063,1989-04-14,#006BB6
Warriors,GSW,1483.048,1989-04-28,#006BB6
Warriors,GSW,1473.4673,1989-05-14,#006BB6
Warriors,GSW,1473.8756,1989-05-28,#006BB6
Warriors,GSW,1444.1276,1989-11-14,#006BB6
Warriors,GSW,1418.8218,1989-11-28,#006BB6
Warriors,GSW,1433.8243,1989-12-14,#006BB6
Warriors,GSW,1452.9576,1989-12-28,#006BB6
Warriors,GSW,1471.2932,1990-01-14,#006BB6
Warriors,GSW,1467.4612,1990-01-28,#006BB6
Warriors,GSW,1481.7661,1990-02-14,#006BB6
Warriors,GSW,1449.9803,1990-02-28,#006BB6
Warriors,GSW,1456.5847,1990-03-14,#006BB6
Warriors,GSW,1461.6395,1990-03-28,#006BB6
Warriors,GSW,1407.9329,1990-04-14,#006BB6
Warriors,GSW,1447.5645,1990-04-28,#006BB6
Warriors,GSW,1447.5645,1990-05-28,#006BB6
Warriors,GSW,1447.5645,1990-06-14,#006BB6
Warriors,GSW,1504.9136,1990-11-14,#006BB6
Warriors,GSW,1482.3751,1990-11-28,#006BB6
Warriors,GSW,1493.5874,1990-12-14,#006BB6
Warriors,GSW,1491.1882,1990-12-28,#006BB6
Warriors,GSW,1494.2354,1991-01-14,#006BB6
Warriors,GSW,1533.0327,1991-01-28,#006BB6
Warriors,GSW,1524.7329,1991-02-14,#006BB6
Warriors,GSW,1477.2406,1991-02-28,#006BB6
Warriors,GSW,1475.2421,1991-03-14,#006BB6
Warriors,GSW,1480.7023,1991-03-28,#006BB6
Warriors,GSW,1501.9929,1991-04-14,#006BB6
Warriors,GSW,1544.3926,1991-04-28,#006BB6
Warriors,GSW,1536.5691,1991-05-14,#006BB6
Warriors,GSW,1532.1229,1991-05-28,#006BB6
Warriors,GSW,1566.7255,1991-11-14,#006BB6
Warriors,GSW,1552.0765,1991-12-14,#006BB6
Warriors,GSW,1588.9001,1991-12-28,#006BB6
Warriors,GSW,1583.9786,1992-01-14,#006BB6
Warriors,GSW,1580.0002,1992-01-28,#006BB6
Warriors,GSW,1580.6191,1992-02-14,#006BB6
Warriors,GSW,1592.7955,1992-02-28,#006BB6
Warriors,GSW,1590.2157,1992-03-14,#006BB6
Warriors,GSW,1592.2822,1992-03-28,#006BB6
Warriors,GSW,1585.6667,1992-04-14,#006BB6
Warriors,GSW,1589.2236,1992-04-28,#006BB6
Warriors,GSW,1586.4419,1992-05-14,#006BB6
Warriors,GSW,1586.4419,1992-05-28,#006BB6
Warriors,GSW,1586.4419,1992-06-14,#006BB6
Warriors,GSW,1559.5977,1992-11-14,#006BB6
Warriors,GSW,1535.311,1992-11-28,#006BB6
Warriors,GSW,1537.4546,1992-12-14,#006BB6
Warriors,GSW,1550.5576,1992-12-28,#006BB6
Warriors,GSW,1552.175,1993-01-14,#006BB6
Warriors,GSW,1534.4825,1993-01-28,#006BB6
Warriors,GSW,1468.1101,1993-02-14,#006BB6
Warriors,GSW,1477.608,1993-02-28,#006BB6
Warriors,GSW,1417.1249,1993-03-14,#006BB6
Warriors,GSW,1419.5028,1993-03-28,#006BB6
Warriors,GSW,1429.8413,1993-04-14,#006BB6
Warriors,GSW,1451.0018,1993-05-14,#006BB6
Warriors,GSW,1451.0018,1993-05-28,#006BB6
Warriors,GSW,1444.306,1993-11-14,#006BB6
Warriors,GSW,1474.9111,1993-11-28,#006BB6
Warriors,GSW,1467.1466,1993-12-14,#006BB6
Warriors,GSW,1468.6959,1993-12-28,#006BB6
Warriors,GSW,1510.1737,1994-01-14,#006BB6
Warriors,GSW,1496.8713,1994-01-28,#006BB6
Warriors,GSW,1532.4656,1994-02-28,#006BB6
Warriors,GSW,1535.4901,1994-03-14,#006BB6
Warriors,GSW,1535.2522,1994-03-28,#006BB6
Warriors,GSW,1554.766,1994-04-14,#006BB6
Warriors,GSW,1559.9044,1994-04-28,#006BB6
Warriors,GSW,1548.5046,1994-05-14,#006BB6
Warriors,GSW,1548.5046,1994-05-28,#006BB6
Warriors,GSW,1569.2545,1994-11-14,#006BB6
Warriors,GSW,1537.3578,1994-11-28,#006BB6
Warriors,GSW,1469.1,1994-12-14,#006BB6
Warriors,GSW,1478.905,1994-12-28,#006BB6
Warriors,GSW,1421.1788,1995-01-14,#006BB6
Warriors,GSW,1392.5532,1995-01-28,#006BB6
Warriors,GSW,1393.9845,1995-02-14,#006BB6
Warriors,GSW,1393.6117,1995-02-28,#006BB6
Warriors,GSW,1401.1462,1995-03-14,#006BB6
Warriors,GSW,1390.9871,1995-03-28,#006BB6
Warriors,GSW,1376.8594,1995-04-14,#006BB6
Warriors,GSW,1392.5458,1995-04-28,#006BB6
Warriors,GSW,1392.5458,1995-05-14,#006BB6
Warriors,GSW,1392.5458,1995-05-28,#006BB6
Warriors,GSW,1392.5458,1995-06-14,#006BB6
Warriors,GSW,1386.9384,1995-11-14,#006BB6
Warriors,GSW,1394.4108,1995-11-28,#006BB6
Warriors,GSW,1402.8928,1995-12-14,#006BB6
Warriors,GSW,1445.7115,1995-12-28,#006BB6
Warriors,GSW,1450.3427,1996-01-14,#006BB6
Warriors,GSW,1441.2,1996-01-28,#006BB6
Warriors,GSW,1460.0793,1996-02-14,#006BB6
Warriors,GSW,1466.9622,1996-02-28,#006BB6
Warriors,GSW,1444.877,1996-03-14,#006BB6
Warriors,GSW,1451.8774,1996-03-28,#006BB6
Warriors,GSW,1447.6387,1996-04-14,#006BB6
Warriors,GSW,1437.9994,1996-04-28,#006BB6
Warriors,GSW,1437.9994,1996-05-14,#006BB6
Warriors,GSW,1437.9994,1996-05-28,#006BB6
Warriors,GSW,1437.9994,1996-06-14,#006BB6
Warriors,GSW,1423.6783,1996-11-14,#006BB6
Warriors,GSW,1416.5826,1996-11-28,#006BB6
Warriors,GSW,1419.7965,1996-12-14,#006BB6
Warriors,GSW,1434.3763,1996-12-28,#006BB6
Warriors,GSW,1398.1644,1997-01-14,#006BB6
Warriors,GSW,1407.5334,1997-01-28,#006BB6
Warriors,GSW,1411.4911,1997-02-14,#006BB6
Warriors,GSW,1402.1404,1997-02-28,#006BB6
Warriors,GSW,1410.2615,1997-03-14,#006BB6
Warriors,GSW,1373.8007,1997-03-28,#006BB6
Warriors,GSW,1380.252,1997-04-14,#006BB6
Warriors,GSW,1398.2869,1997-04-28,#006BB6
Warriors,GSW,1398.2869,1997-05-14,#006BB6
Warriors,GSW,1398.2869,1997-05-28,#006BB6
Warriors,GSW,1340.53,1997-11-14,#006BB6
Warriors,GSW,1324.2114,1997-11-28,#006BB6
Warriors,GSW,1336.3807,1997-12-14,#006BB6
Warriors,GSW,1328.5083,1997-12-28,#006BB6
Warriors,GSW,1291.302,1998-01-14,#006BB6
Warriors,GSW,1271.1895,1998-01-28,#006BB6
Warriors,GSW,1260.632,1998-02-14,#006BB6
Warriors,GSW,1283.6367,1998-02-28,#006BB6
Warriors,GSW,1278.2423,1998-03-14,#006BB6
Warriors,GSW,1259.0981,1998-03-28,#006BB6
Warriors,GSW,1283.2765,1998-04-14,#006BB6
Warriors,GSW,1344.2788,1998-04-28,#006BB6
Warriors,GSW,1344.2788,1998-06-14,#006BB6
Warriors,GSW,1335.3108,1999-02-14,#006BB6
Warriors,GSW,1368.6166,1999-02-28,#006BB6
Warriors,GSW,1383.84,1999-03-14,#006BB6
Warriors,GSW,1414.6761,1999-03-28,#006BB6
Warriors,GSW,1424.5842,1999-04-14,#006BB6
Warriors,GSW,1416.4985,1999-04-28,#006BB6
Warriors,GSW,1425.0591,1999-05-14,#006BB6
Warriors,GSW,1400.9471,1999-11-14,#006BB6
Warriors,GSW,1357.2271,1999-11-28,#006BB6
Warriors,GSW,1403.564,1999-12-14,#006BB6
Warriors,GSW,1372.6227,1999-12-28,#006BB6
Warriors,GSW,1319.9436,2000-01-14,#006BB6
Warriors,GSW,1371.058,2000-01-28,#006BB6
Warriors,GSW,1384.3429,2000-02-28,#006BB6
Warriors,GSW,1329.5818,2000-03-14,#006BB6
Warriors,GSW,1300.1058,2000-03-28,#006BB6
Warriors,GSW,1301.5024,2000-04-14,#006BB6
Warriors,GSW,1354.5343,2000-04-28,#006BB6
Warriors,GSW,1354.5343,2000-05-14,#006BB6
Warriors,GSW,1354.5343,2000-05-28,#006BB6
Warriors,GSW,1354.5343,2000-06-14,#006BB6
Warriors,GSW,1325.3716,2000-11-14,#006BB6
Warriors,GSW,1345.0789,2000-11-28,#006BB6
Warriors,GSW,1328.4678,2000-12-14,#006BB6
Warriors,GSW,1377.3777,2000-12-28,#006BB6
Warriors,GSW,1359.7043,2001-01-14,#006BB6
Warriors,GSW,1373.9769,2001-01-28,#006BB6
Warriors,GSW,1353.2999,2001-02-14,#006BB6
Warriors,GSW,1314.333,2001-02-28,#006BB6
Warriors,GSW,1289.9443,2001-03-14,#006BB6
Warriors,GSW,1271.4017,2001-03-28,#006BB6
Warriors,GSW,1232.8403,2001-04-14,#006BB6
Warriors,GSW,1288.4938,2001-04-28,#006BB6
Warriors,GSW,1288.4938,2001-05-14,#006BB6
Warriors,GSW,1288.4938,2001-05-28,#006BB6
Warriors,GSW,1362.9968,2001-11-14,#006BB6
Warriors,GSW,1353.8954,2001-11-28,#006BB6
Warriors,GSW,1334.3229,2001-12-14,#006BB6
Warriors,GSW,1369.3895,2001-12-28,#006BB6
Warriors,GSW,1331.1704,2002-01-14,#006BB6
Warriors,GSW,1341.4763,2002-01-28,#006BB6
Warriors,GSW,1339.4386,2002-02-14,#006BB6
Warriors,GSW,1320.6262,2002-02-28,#006BB6
Warriors,GSW,1320.2848,2002-03-14,#006BB6
Warriors,GSW,1307.0343,2002-03-28,#006BB6
Warriors,GSW,1312.501,2002-04-14,#006BB6
Warriors,GSW,1382.5889,2002-04-28,#006BB6
Warriors,GSW,1382.5889,2002-05-14,#006BB6
Warriors,GSW,1382.5889,2002-05-28,#006BB6
Warriors,GSW,1364.6145,2002-11-14,#006BB6
Warriors,GSW,1391.1493,2002-11-28,#006BB6
Warriors,GSW,1388.2063,2002-12-14,#006BB6
Warriors,GSW,1403.1097,2002-12-28,#006BB6
Warriors,GSW,1435.0181,2003-01-14,#006BB6
Warriors,GSW,1470.2296,2003-01-28,#006BB6
Warriors,GSW,1485.3523,2003-02-14,#006BB6
Warriors,GSW,1501.5875,2003-02-28,#006BB6
Warriors,GSW,1491.991,2003-03-14,#006BB6
Warriors,GSW,1495.5865,2003-03-28,#006BB6
Warriors,GSW,1459.7512,2003-04-14,#006BB6
Warriors,GSW,1459.5038,2003-04-28,#006BB6
Warriors,GSW,1459.5038,2003-05-14,#006BB6
Warriors,GSW,1459.5038,2003-10-28,#006BB6
Warriors,GSW,1472.1335,2003-11-14,#006BB6
Warriors,GSW,1492.5598,2003-11-28,#006BB6
Warriors,GSW,1498.5884,2003-12-14,#006BB6
Warriors,GSW,1488.6073,2003-12-28,#006BB6
Warriors,GSW,1441.8198,2004-01-14,#006BB6
Warriors,GSW,1470.3954,2004-01-28,#006BB6
Warriors,GSW,1479.4419,2004-02-28,#006BB6
Warriors,GSW,1458.485,2004-03-14,#006BB6
Warriors,GSW,1507.1191,2004-03-28,#006BB6
Warriors,GSW,1499.526,2004-04-14,#006BB6
Warriors,GSW,1493.538,2004-04-28,#006BB6
Warriors,GSW,1493.538,2004-05-14,#006BB6
Warriors,GSW,1493.538,2004-05-28,#006BB6
Warriors,GSW,1444.6906,2004-11-14,#006BB6
Warriors,GSW,1420.5543,2004-11-28,#006BB6
Warriors,GSW,1434.4341,2004-12-14,#006BB6
Warriors,GSW,1444.0625,2004-12-28,#006BB6
Warriors,GSW,1391.2867,2005-01-14,#006BB6
Warriors,GSW,1360.661,2005-01-28,#006BB6
Warriors,GSW,1353.4852,2005-02-14,#006BB6
Warriors,GSW,1372.0481,2005-02-28,#006BB6
Warriors,GSW,1425.333,2005-03-14,#006BB6
Warriors,GSW,1472.2566,2005-03-28,#006BB6
Warriors,GSW,1513.0659,2005-04-14,#006BB6
Warriors,GSW,1524.9905,2005-04-28,#006BB6
Warriors,GSW,1524.9905,2005-05-14,#006BB6
Warriors,GSW,1524.9905,2005-05-28,#006BB6
Warriors,GSW,1524.9905,2005-06-14,#006BB6
Warriors,GSW,1528.6521,2005-11-14,#006BB6
Warriors,GSW,1527.7531,2005-11-28,#006BB6
Warriors,GSW,1519.6245,2005-12-14,#006BB6
Warriors,GSW,1485.0853,2005-12-28,#006BB6
Warriors,GSW,1463.2542,2006-01-14,#006BB6
Warriors,GSW,1467.3956,2006-01-28,#006BB6
Warriors,GSW,1490.2394,2006-02-14,#006BB6
Warriors,GSW,1460.0398,2006-02-28,#006BB6
Warriors,GSW,1437.9563,2006-03-14,#006BB6
Warriors,GSW,1444.3729,2006-03-28,#006BB6
Warriors,GSW,1441.8353,2006-04-14,#006BB6
Warriors,GSW,1449.9508,2006-04-28,#006BB6
Warriors,GSW,1449.9508,2006-05-14,#006BB6
Warriors,GSW,1449.9508,2006-05-28,#006BB6
Warriors,GSW,1488.9312,2006-11-14,#006BB6
Warriors,GSW,1502.7682,2006-11-28,#006BB6
Warriors,GSW,1495.0056,2006-12-14,#006BB6
Warriors,GSW,1502.9294,2006-12-28,#006BB6
Warriors,GSW,1458.3899,2007-01-14,#006BB6
Warriors,GSW,1451.5306,2007-01-28,#006BB6
Warriors,GSW,1449.1151,2007-02-14,#006BB6
Warriors,GSW,1407.0529,2007-02-28,#006BB6
Warriors,GSW,1479.6478,2007-03-14,#006BB6
Warriors,GSW,1478.8551,2007-03-28,#006BB6
Warriors,GSW,1544.5779,2007-04-14,#006BB6
Warriors,GSW,1622.6206,2007-04-28,#006BB6
Warriors,GSW,1602.8751,2007-05-14,#006BB6
Warriors,GSW,1554.9601,2007-05-28,#006BB6
Warriors,GSW,1554.9601,2007-06-14,#006BB6
Warriors,GSW,1515.7177,2007-11-14,#006BB6
Warriors,GSW,1576.1047,2007-11-28,#006BB6
Warriors,GSW,1586.5408,2007-12-14,#006BB6
Warriors,GSW,1582.5968,2007-12-28,#006BB6
Warriors,GSW,1589.176,2008-01-14,#006BB6
Warriors,GSW,1585.7009,2008-01-28,#006BB6
Warriors,GSW,1598.0021,2008-02-14,#006BB6
Warriors,GSW,1592.9269,2008-02-28,#006BB6
Warriors,GSW,1616.8031,2008-03-14,#006BB6
Warriors,GSW,1603.0184,2008-03-28,#006BB6
Warriors,GSW,1580.434,2008-04-14,#006BB6
Warriors,GSW,1539.7312,2008-04-28,#006BB6
Warriors,GSW,1539.7312,2008-05-14,#006BB6
Warriors,GSW,1539.7312,2008-05-28,#006BB6
Warriors,GSW,1539.7312,2008-10-28,#006BB6
Warriors,GSW,1516.5758,2008-11-14,#006BB6
Warriors,GSW,1478.0557,2008-11-28,#006BB6
Warriors,GSW,1440.8835,2008-12-14,#006BB6
Warriors,GSW,1446.3334,2008-12-28,#006BB6
Warriors,GSW,1416.6117,2009-01-14,#006BB6
Warriors,GSW,1421.5035,2009-01-28,#006BB6
Warriors,GSW,1440.0671,2009-02-28,#006BB6
Warriors,GSW,1431.4731,2009-03-14,#006BB6
Warriors,GSW,1427.2496,2009-03-28,#006BB6
Warriors,GSW,1416.9824,2009-04-14,#006BB6
Warriors,GSW,1436.0221,2009-04-28,#006BB6
Warriors,GSW,1436.0221,2009-05-14,#006BB6
Warriors,GSW,1436.0221,2009-05-28,#006BB6
Warriors,GSW,1436.0221,2009-06-14,#006BB6
Warriors,GSW,1436.0221,2009-10-28,#006BB6
Warriors,GSW,1407.0909,2009-11-14,#006BB6
Warriors,GSW,1425.1453,2009-11-28,#006BB6
Warriors,GSW,1411.3569,2009-12-14,#006BB6
Warriors,GSW,1399.0964,2009-12-28,#006BB6
Warriors,GSW,1379.1589,2010-01-14,#006BB6
Warriors,GSW,1368.9419,2010-01-28,#006BB6
Warriors,GSW,1367.3251,2010-02-28,#006BB6
Warriors,GSW,1362.1396,2010-03-14,#006BB6
Warriors,GSW,1386.4617,2010-03-28,#006BB6
Warriors,GSW,1408.7064,2010-04-14,#006BB6
Warriors,GSW,1438.4199,2010-04-28,#006BB6
Warriors,GSW,1438.4199,2010-05-28,#006BB6
Warriors,GSW,1445.4368,2010-10-28,#006BB6
Warriors,GSW,1456.0579,2010-11-14,#006BB6
Warriors,GSW,1417.3511,2010-11-28,#006BB6
Warriors,GSW,1396.4489,2010-12-14,#006BB6
Warriors,GSW,1413.3601,2010-12-28,#006BB6
Warriors,GSW,1427.6068,2011-01-14,#006BB6
Warriors,GSW,1409.5734,2011-01-28,#006BB6
Warriors,GSW,1452.3523,2011-02-14,#006BB6
Warriors,GSW,1425.2406,2011-02-28,#006BB6
Warriors,GSW,1435.5851,2011-03-14,#006BB6
Warriors,GSW,1427.3433,2011-03-28,#006BB6
Warriors,GSW,1469.1144,2011-04-28,#006BB6
Warriors,GSW,1489.4154,2011-12-28,#006BB6
Warriors,GSW,1437.4564,2012-01-14,#006BB6
Warriors,GSW,1448.4509,2012-01-28,#006BB6
Warriors,GSW,1476.2719,2012-02-14,#006BB6
Warriors,GSW,1475.3462,2012-02-28,#006BB6
Warriors,GSW,1509.2937,2012-03-14,#006BB6
Warriors,GSW,1437.0936,2012-03-28,#006BB6
Warriors,GSW,1414.7848,2012-04-14,#006BB6
Warriors,GSW,1430.105,2012-04-28,#006BB6
Warriors,GSW,1430.105,2012-05-14,#006BB6
Warriors,GSW,1430.105,2012-05-28,#006BB6
Warriors,GSW,1430.105,2012-06-14,#006BB6
Warriors,GSW,1428.04,2012-11-14,#006BB6
Warriors,GSW,1462.369,2012-11-28,#006BB6
Warriors,GSW,1492.4109,2012-12-14,#006BB6
Warriors,GSW,1534.4449,2012-12-28,#006BB6
Warriors,GSW,1527.6548,2013-01-14,#006BB6
Warriors,GSW,1547.2969,2013-01-28,#006BB6
Warriors,GSW,1505.4,2013-02-14,#006BB6
Warriors,GSW,1511.8562,2013-02-28,#006BB6
Warriors,GSW,1487.3052,2013-03-14,#006BB6
Warriors,GSW,1544.3188,2013-03-28,#006BB6
Warriors,GSW,1541.4036,2013-04-14,#006BB6
Warriors,GSW,1592.3418,2013-04-28,#006BB6
Warriors,GSW,1595.077,2013-05-14,#006BB6
Warriors,GSW,1574.8977,2013-05-28,#006BB6
Warriors,GSW,1595.3452,2013-11-14,#006BB6
Warriors,GSW,1566.6694,2013-12-14,#006BB6
Warriors,GSW,1604.2646,2013-12-28,#006BB6
Warriors,GSW,1626.0665,2014-01-14,#006BB6
Warriors,GSW,1611.5844,2014-01-28,#006BB6
Warriors,GSW,1612.1351,2014-02-28,#006BB6
Warriors,GSW,1610.5607,2014-03-14,#006BB6
Warriors,GSW,1614.3938,2014-03-28,#006BB6
Warriors,GSW,1612.3101,2014-04-14,#006BB6
Warriors,GSW,1619.4177,2014-04-28,#006BB6
Warriors,GSW,1602.8633,2014-05-14,#006BB6
Warriors,GSW,1602.8633,2014-05-28,#006BB6
Warriors,GSW,1602.8633,2014-10-28,#006BB6
Warriors,GSW,1627.0153,2014-11-14,#006BB6
Warriors,GSW,1670.6064,2014-11-28,#006BB6
Warriors,GSW,1715.5958,2014-12-14,#006BB6
Warriors,GSW,1686.6736,2014-12-28,#006BB6
Warriors,GSW,1716.9376,2015-01-14,#006BB6
Warriors,GSW,1707.0234,2015-01-28,#006BB6
Warriors,GSW,1729.8295,2015-02-28,#006BB6
Warriors,GSW,1723.3567,2015-03-14,#006BB6
Warriors,GSW,1773.1761,2015-03-28,#006BB6
Warriors,GSW,1772.3469,2015-04-14,#006BB6
Warriors,GSW,1789.2944,2015-04-28,#006BB6
Warriors,GSW,1787.3469,2015-05-14,#006BB6
Warriors,GSW,1813.6349,2015-06-14,#006BB6
Trailblazers,POR,1279.8137,1970-10-28,#E03A3E
Trailblazers,POR,1253.8296,1970-11-14,#E03A3E
Trailblazers,POR,1251.3702,1970-11-28,#E03A3E
Trailblazers,POR,1259.7592,1970-12-28,#E03A3E
Trailblazers,POR,1314.6122,1971-01-14,#E03A3E
Trailblazers,POR,1283.5333,1971-01-28,#E03A3E
Trailblazers,POR,1337.0631,1971-02-14,#E03A3E
Trailblazers,POR,1304.5505,1971-02-28,#E03A3E
Trailblazers,POR,1287.3516,1971-03-14,#E03A3E
Trailblazers,POR,1339.6632,1971-03-28,#E03A3E
Trailblazers,POR,1339.6632,1971-04-14,#E03A3E
Trailblazers,POR,1339.6632,1971-04-28,#E03A3E
Trailblazers,POR,1339.6632,1971-10-14,#E03A3E
Trailblazers,POR,1318.698,1971-10-28,#E03A3E
Trailblazers,POR,1280.0747,1971-11-14,#E03A3E
Trailblazers,POR,1263.6251,1971-11-28,#E03A3E
Trailblazers,POR,1272.5759,1971-12-14,#E03A3E
Trailblazers,POR,1254.6705,1971-12-28,#E03A3E
Trailblazers,POR,1279.9071,1972-01-14,#E03A3E
Trailblazers,POR,1259.2495,1972-01-28,#E03A3E
Trailblazers,POR,1256.3589,1972-02-14,#E03A3E
Trailblazers,POR,1214.0697,1972-03-14,#E03A3E
Trailblazers,POR,1324.3083,1972-03-28,#E03A3E
Trailblazers,POR,1324.3083,1972-04-14,#E03A3E
Trailblazers,POR,1320.3884,1972-10-14,#E03A3E
Trailblazers,POR,1293.5491,1972-10-28,#E03A3E
Trailblazers,POR,1295.5107,1972-11-14,#E03A3E
Trailblazers,POR,1321.1167,1972-11-28,#E03A3E
Trailblazers,POR,1301.1532,1972-12-14,#E03A3E
Trailblazers,POR,1305.691,1972-12-28,#E03A3E
Trailblazers,POR,1289.7754,1973-01-14,#E03A3E
Trailblazers,POR,1321.0547,1973-01-28,#E03A3E
Trailblazers,POR,1311.3098,1973-02-14,#E03A3E
Trailblazers,POR,1305.9985,1973-02-28,#E03A3E
Trailblazers,POR,1296.3058,1973-03-14,#E03A3E
Trailblazers,POR,1393.2246,1973-03-28,#E03A3E
Trailblazers,POR,1393.2246,1973-04-14,#E03A3E
Trailblazers,POR,1393.2246,1973-04-28,#E03A3E
Trailblazers,POR,1403.5294,1973-10-14,#E03A3E
Trailblazers,POR,1389.4015,1973-10-28,#E03A3E
Trailblazers,POR,1420.6229,1973-11-14,#E03A3E
Trailblazers,POR,1397.9916,1973-11-28,#E03A3E
Trailblazers,POR,1412.3798,1973-12-14,#E03A3E
Trailblazers,POR,1410.5273,1973-12-28,#E03A3E
Trailblazers,POR,1399.1969,1974-01-14,#E03A3E
Trailblazers,POR,1371.1631,1974-01-28,#E03A3E
Trailblazers,POR,1344.9241,1974-02-14,#E03A3E
Trailblazers,POR,1299.9849,1974-02-28,#E03A3E
Trailblazers,POR,1320.8552,1974-03-14,#E03A3E
Trailblazers,POR,1379.2933,1974-03-28,#E03A3E
Trailblazers,POR,1379.2933,1974-04-14,#E03A3E
Trailblazers,POR,1379.2933,1974-04-28,#E03A3E
Trailblazers,POR,1387.9752,1974-11-14,#E03A3E
Trailblazers,POR,1407.3702,1974-11-28,#E03A3E
Trailblazers,POR,1392.1583,1974-12-14,#E03A3E
Trailblazers,POR,1400.2772,1974-12-28,#E03A3E
Trailblazers,POR,1401.5781,1975-01-14,#E03A3E
Trailblazers,POR,1450.569,1975-01-28,#E03A3E
Trailblazers,POR,1422.8226,1975-02-14,#E03A3E
Trailblazers,POR,1433.5983,1975-02-28,#E03A3E
Trailblazers,POR,1450.2322,1975-03-14,#E03A3E
Trailblazers,POR,1469.4769,1975-03-28,#E03A3E
Trailblazers,POR,1490.4536,1975-04-14,#E03A3E
Trailblazers,POR,1490.4536,1975-04-28,#E03A3E
Trailblazers,POR,1490.4536,1975-05-14,#E03A3E
Trailblazers,POR,1473.9783,1975-10-28,#E03A3E
Trailblazers,POR,1499.4918,1975-11-14,#E03A3E
Trailblazers,POR,1488.396,1975-11-28,#E03A3E
Trailblazers,POR,1451.1877,1975-12-14,#E03A3E
Trailblazers,POR,1440.644,1975-12-28,#E03A3E
Trailblazers,POR,1450.8693,1976-01-14,#E03A3E
Trailblazers,POR,1498.9926,1976-01-28,#E03A3E
Trailblazers,POR,1481.6873,1976-02-14,#E03A3E
Trailblazers,POR,1463.2108,1976-02-28,#E03A3E
Trailblazers,POR,1454.5255,1976-03-14,#E03A3E
Trailblazers,POR,1437.7017,1976-03-28,#E03A3E
Trailblazers,POR,1476.6681,1976-04-14,#E03A3E
Trailblazers,POR,1476.6681,1976-04-28,#E03A3E
Trailblazers,POR,1476.6681,1976-05-14,#E03A3E
Trailblazers,POR,1480.967,1976-10-28,#E03A3E
Trailblazers,POR,1526.7982,1976-11-14,#E03A3E
Trailblazers,POR,1555.3308,1976-11-28,#E03A3E
Trailblazers,POR,1585.6149,1976-12-14,#E03A3E
Trailblazers,POR,1597.4459,1976-12-28,#E03A3E
Trailblazers,POR,1618.5631,1977-01-14,#E03A3E
Trailblazers,POR,1623.5392,1977-01-28,#E03A3E
Trailblazers,POR,1512.2179,1977-03-14,#E03A3E
Trailblazers,POR,1579.514,1977-04-14,#E03A3E
Trailblazers,POR,1626.9929,1977-10-28,#E03A3E
Trailblazers,POR,1683.502,1977-11-28,#E03A3E
Trailblazers,POR,1707.079,1977-12-14,#E03A3E
Trailblazers,POR,1706.2587,1977-12-28,#E03A3E
Trailblazers,POR,1713.2993,1978-01-14,#E03A3E
Trailblazers,POR,1714.8585,1978-01-28,#E03A3E
Trailblazers,POR,1723.704,1978-02-14,#E03A3E
Trailblazers,POR,1742.7434,1978-02-28,#E03A3E
Trailblazers,POR,1679.6182,1978-03-14,#E03A3E
Trailblazers,POR,1603.5846,1978-03-28,#E03A3E
Trailblazers,POR,1545.5708,1978-04-14,#E03A3E
Trailblazers,POR,1557.5045,1978-04-28,#E03A3E
Trailblazers,POR,1520.274,1978-05-14,#E03A3E
Trailblazers,POR,1520.274,1978-05-28,#E03A3E
Trailblazers,POR,1520.274,1978-10-14,#E03A3E
Trailblazers,POR,1513.1428,1978-10-28,#E03A3E
Trailblazers,POR,1531.563,1978-11-14,#E03A3E
Trailblazers,POR,1507.3151,1978-11-28,#E03A3E
Trailblazers,POR,1492.1879,1978-12-14,#E03A3E
Trailblazers,POR,1516.4971,1978-12-28,#E03A3E
Trailblazers,POR,1476.02,1979-01-14,#E03A3E
Trailblazers,POR,1499.7959,1979-01-28,#E03A3E
Trailblazers,POR,1542.7201,1979-02-14,#E03A3E
Trailblazers,POR,1504.4176,1979-02-28,#E03A3E
Trailblazers,POR,1543.4948,1979-03-14,#E03A3E
Trailblazers,POR,1563.675,1979-03-28,#E03A3E
Trailblazers,POR,1573.7935,1979-10-14,#E03A3E
Trailblazers,POR,1611.4911,1979-10-28,#E03A3E
Trailblazers,POR,1598.9634,1979-11-14,#E03A3E
Trailblazers,POR,1598.349,1979-11-28,#E03A3E
Trailblazers,POR,1529.678,1979-12-14,#E03A3E
Trailblazers,POR,1509.266,1979-12-28,#E03A3E
Trailblazers,POR,1474.1539,1980-01-28,#E03A3E
Trailblazers,POR,1460.9286,1980-02-14,#E03A3E
Trailblazers,POR,1473.941,1980-02-28,#E03A3E
Trailblazers,POR,1488.5194,1980-03-14,#E03A3E
Trailblazers,POR,1493.7357,1980-03-28,#E03A3E
Trailblazers,POR,1483.7214,1980-04-14,#E03A3E
Trailblazers,POR,1483.7214,1980-05-14,#E03A3E
Trailblazers,POR,1489.7533,1980-10-14,#E03A3E
Trailblazers,POR,1483.2546,1980-10-28,#E03A3E
Trailblazers,POR,1443.3281,1980-11-14,#E03A3E
Trailblazers,POR,1436.9447,1980-11-28,#E03A3E
Trailblazers,POR,1467.828,1980-12-14,#E03A3E
Trailblazers,POR,1510.6934,1980-12-28,#E03A3E
Trailblazers,POR,1512.933,1981-01-14,#E03A3E
Trailblazers,POR,1535.8331,1981-01-28,#E03A3E
Trailblazers,POR,1507.943,1981-02-14,#E03A3E
Trailblazers,POR,1521.0325,1981-02-28,#E03A3E
Trailblazers,POR,1517.1071,1981-03-14,#E03A3E
Trailblazers,POR,1560.7147,1981-03-28,#E03A3E
Trailblazers,POR,1543.6309,1981-04-14,#E03A3E
Trailblazers,POR,1543.6309,1981-05-14,#E03A3E
Trailblazers,POR,1542.2631,1981-11-14,#E03A3E
Trailblazers,POR,1551.9967,1981-11-28,#E03A3E
Trailblazers,POR,1518.4916,1981-12-28,#E03A3E
Trailblazers,POR,1524.2167,1982-01-14,#E03A3E
Trailblazers,POR,1524.9125,1982-01-28,#E03A3E
Trailblazers,POR,1527.0023,1982-02-14,#E03A3E
Trailblazers,POR,1500.8235,1982-02-28,#E03A3E
Trailblazers,POR,1489.4396,1982-03-14,#E03A3E
Trailblazers,POR,1472.4209,1982-03-28,#E03A3E
Trailblazers,POR,1490.8025,1982-04-14,#E03A3E
Trailblazers,POR,1485.2477,1982-04-28,#E03A3E
Trailblazers,POR,1485.2477,1982-05-14,#E03A3E
Trailblazers,POR,1504.9414,1982-11-14,#E03A3E
Trailblazers,POR,1521.767,1982-11-28,#E03A3E
Trailblazers,POR,1537.6036,1982-12-14,#E03A3E
Trailblazers,POR,1526.246,1982-12-28,#E03A3E
Trailblazers,POR,1564.3546,1983-01-14,#E03A3E
Trailblazers,POR,1559.7837,1983-01-28,#E03A3E
Trailblazers,POR,1501.931,1983-04-14,#E03A3E
Trailblazers,POR,1533.4425,1983-05-14,#E03A3E
Trailblazers,POR,1533.4425,1983-10-28,#E03A3E
Trailblazers,POR,1583.554,1983-11-28,#E03A3E
Trailblazers,POR,1591.9999,1983-12-14,#E03A3E
Trailblazers,POR,1580.3567,1983-12-28,#E03A3E
Trailblazers,POR,1557.3918,1984-01-14,#E03A3E
Trailblazers,POR,1547.9305,1984-02-14,#E03A3E
Trailblazers,POR,1580.9229,1984-02-28,#E03A3E
Trailblazers,POR,1544.8617,1984-03-14,#E03A3E
Trailblazers,POR,1583.8436,1984-03-28,#E03A3E
Trailblazers,POR,1523.8688,1984-04-14,#E03A3E
Trailblazers,POR,1528.214,1984-04-28,#E03A3E
Trailblazers,POR,1541.1194,1984-10-28,#E03A3E
Trailblazers,POR,1541.8282,1984-11-14,#E03A3E
Trailblazers,POR,1552.2485,1984-11-28,#E03A3E
Trailblazers,POR,1537.526,1984-12-14,#E03A3E
Trailblazers,POR,1492.9653,1984-12-28,#E03A3E
Trailblazers,POR,1507.7684,1985-01-14,#E03A3E
Trailblazers,POR,1498.2776,1985-01-28,#E03A3E
Trailblazers,POR,1516.9091,1985-02-14,#E03A3E
Trailblazers,POR,1506.9095,1985-02-28,#E03A3E
Trailblazers,POR,1527.7831,1985-03-14,#E03A3E
Trailblazers,POR,1570.703,1985-03-28,#E03A3E
Trailblazers,POR,1570.9862,1985-04-14,#E03A3E
Trailblazers,POR,1570.2955,1985-04-28,#E03A3E
Trailblazers,POR,1558.8776,1985-05-14,#E03A3E
Trailblazers,POR,1566.7841,1985-11-14,#E03A3E
Trailblazers,POR,1532.3772,1985-12-14,#E03A3E
Trailblazers,POR,1557.3494,1985-12-28,#E03A3E
Trailblazers,POR,1583.5183,1986-01-14,#E03A3E
Trailblazers,POR,1561.8295,1986-01-28,#E03A3E
Trailblazers,POR,1513.326,1986-02-14,#E03A3E
Trailblazers,POR,1461.8864,1986-02-28,#E03A3E
Trailblazers,POR,1472.7421,1986-03-14,#E03A3E
Trailblazers,POR,1477.2152,1986-03-28,#E03A3E
Trailblazers,POR,1462.205,1986-11-14,#E03A3E
Trailblazers,POR,1476.1862,1986-11-28,#E03A3E
Trailblazers,POR,1550.1604,1986-12-14,#E03A3E
Trailblazers,POR,1570.9902,1986-12-28,#E03A3E
Trailblazers,POR,1578.7234,1987-01-14,#E03A3E
Trailblazers,POR,1551.1273,1987-01-28,#E03A3E
Trailblazers,POR,1563.453,1987-02-14,#E03A3E
Trailblazers,POR,1593.6782,1987-02-28,#E03A3E
Trailblazers,POR,1598.7666,1987-03-14,#E03A3E
Trailblazers,POR,1587.4438,1987-03-28,#E03A3E
Trailblazers,POR,1551.7162,1987-04-14,#E03A3E
Trailblazers,POR,1531.8964,1987-04-28,#E03A3E
Trailblazers,POR,1526.5232,1987-05-14,#E03A3E
Trailblazers,POR,1526.5232,1987-05-28,#E03A3E
Trailblazers,POR,1526.5232,1987-06-14,#E03A3E
Trailblazers,POR,1508.5201,1987-11-14,#E03A3E
Trailblazers,POR,1525.2106,1987-11-28,#E03A3E
Trailblazers,POR,1571.3668,1987-12-14,#E03A3E
Trailblazers,POR,1572.2468,1987-12-28,#E03A3E
Trailblazers,POR,1558.6506,1988-01-14,#E03A3E
Trailblazers,POR,1568.4012,1988-01-28,#E03A3E
Trailblazers,POR,1550.9696,1988-02-14,#E03A3E
Trailblazers,POR,1566.3051,1988-02-28,#E03A3E
Trailblazers,POR,1612.8203,1988-03-14,#E03A3E
Trailblazers,POR,1606.4641,1988-03-28,#E03A3E
Trailblazers,POR,1594.2185,1988-04-14,#E03A3E
Trailblazers,POR,1613.0876,1988-04-28,#E03A3E
Trailblazers,POR,1569.3738,1988-05-14,#E03A3E
Trailblazers,POR,1569.3738,1988-05-28,#E03A3E
Trailblazers,POR,1569.3738,1988-06-14,#E03A3E
Trailblazers,POR,1539.2894,1988-11-14,#E03A3E
Trailblazers,POR,1560.3978,1988-11-28,#E03A3E
Trailblazers,POR,1541.012,1988-12-14,#E03A3E
Trailblazers,POR,1562.2639,1988-12-28,#E03A3E
Trailblazers,POR,1557.3921,1989-01-14,#E03A3E
Trailblazers,POR,1526.5424,1989-01-28,#E03A3E
Trailblazers,POR,1520.3997,1989-02-14,#E03A3E
Trailblazers,POR,1514.9705,1989-02-28,#E03A3E
Trailblazers,POR,1519.2607,1989-03-14,#E03A3E
Trailblazers,POR,1476.3059,1989-03-28,#E03A3E
Trailblazers,POR,1500.4689,1989-04-14,#E03A3E
Trailblazers,POR,1473.4724,1989-04-28,#E03A3E
Trailblazers,POR,1484.245,1989-05-14,#E03A3E
Trailblazers,POR,1484.245,1989-05-28,#E03A3E
Trailblazers,POR,1485.3562,1989-11-14,#E03A3E
Trailblazers,POR,1537.0941,1989-11-28,#E03A3E
Trailblazers,POR,1528.6678,1989-12-14,#E03A3E
Trailblazers,POR,1519.9656,1989-12-28,#E03A3E
Trailblazers,POR,1557.3301,1990-01-14,#E03A3E
Trailblazers,POR,1599.4957,1990-01-28,#E03A3E
Trailblazers,POR,1614.5901,1990-02-14,#E03A3E
Trailblazers,POR,1583.1797,1990-02-28,#E03A3E
Trailblazers,POR,1638.0194,1990-03-14,#E03A3E
Trailblazers,POR,1653.2177,1990-03-28,#E03A3E
Trailblazers,POR,1630.973,1990-04-14,#E03A3E
Trailblazers,POR,1679.5841,1990-04-28,#E03A3E
Trailblazers,POR,1655.0288,1990-05-28,#E03A3E
Trailblazers,POR,1635.1643,1990-06-14,#E03A3E
Trailblazers,POR,1637.5145,1990-11-14,#E03A3E
Trailblazers,POR,1653.2781,1990-11-28,#E03A3E
Trailblazers,POR,1669.015,1990-12-14,#E03A3E
Trailblazers,POR,1689.4772,1990-12-28,#E03A3E
Trailblazers,POR,1682.3384,1991-01-14,#E03A3E
Trailblazers,POR,1697.5022,1991-01-28,#E03A3E
Trailblazers,POR,1685.0208,1991-02-14,#E03A3E
Trailblazers,POR,1661.9242,1991-02-28,#E03A3E
Trailblazers,POR,1664.4673,1991-03-14,#E03A3E
Trailblazers,POR,1649.5627,1991-03-28,#E03A3E
Trailblazers,POR,1702.0415,1991-04-14,#E03A3E
Trailblazers,POR,1701.1097,1991-04-28,#E03A3E
Trailblazers,POR,1696.0201,1991-05-14,#E03A3E
Trailblazers,POR,1681.7648,1991-05-28,#E03A3E
Trailblazers,POR,1612.1621,1991-11-14,#E03A3E
Trailblazers,POR,1597.507,1991-12-14,#E03A3E
Trailblazers,POR,1617.5409,1991-12-28,#E03A3E
Trailblazers,POR,1638.485,1992-01-14,#E03A3E
Trailblazers,POR,1670.5964,1992-01-28,#E03A3E
Trailblazers,POR,1685.8242,1992-02-14,#E03A3E
Trailblazers,POR,1677.6073,1992-02-28,#E03A3E
Trailblazers,POR,1691.2435,1992-03-14,#E03A3E
Trailblazers,POR,1694.1155,1992-03-28,#E03A3E
Trailblazers,POR,1671.4485,1992-04-14,#E03A3E
Trailblazers,POR,1655.121,1992-04-28,#E03A3E
Trailblazers,POR,1683.1136,1992-05-14,#E03A3E
Trailblazers,POR,1702.3734,1992-05-28,#E03A3E
Trailblazers,POR,1682.4734,1992-06-14,#E03A3E
Trailblazers,POR,1664.901,1992-11-14,#E03A3E
Trailblazers,POR,1657.1354,1992-11-28,#E03A3E
Trailblazers,POR,1628.7896,1992-12-14,#E03A3E
Trailblazers,POR,1610.8682,1992-12-28,#E03A3E
Trailblazers,POR,1610.6804,1993-01-14,#E03A3E
Trailblazers,POR,1636.6823,1993-01-28,#E03A3E
Trailblazers,POR,1564.3783,1993-02-14,#E03A3E
Trailblazers,POR,1550.1227,1993-02-28,#E03A3E
Trailblazers,POR,1556.433,1993-03-14,#E03A3E
Trailblazers,POR,1586.8513,1993-03-28,#E03A3E
Trailblazers,POR,1566.5552,1993-04-14,#E03A3E
Trailblazers,POR,1539.8647,1993-05-14,#E03A3E
Trailblazers,POR,1539.8647,1993-05-28,#E03A3E
Trailblazers,POR,1544.0337,1993-11-14,#E03A3E
Trailblazers,POR,1547.5651,1993-11-28,#E03A3E
Trailblazers,POR,1543.0842,1993-12-14,#E03A3E
Trailblazers,POR,1549.2644,1993-12-28,#E03A3E
Trailblazers,POR,1553.7915,1994-01-14,#E03A3E
Trailblazers,POR,1570.8542,1994-01-28,#E03A3E
Trailblazers,POR,1567.9562,1994-02-28,#E03A3E
Trailblazers,POR,1606.9724,1994-03-14,#E03A3E
Trailblazers,POR,1573.3138,1994-03-28,#E03A3E
Trailblazers,POR,1579.442,1994-04-14,#E03A3E
Trailblazers,POR,1562.2473,1994-04-28,#E03A3E
Trailblazers,POR,1573.4103,1994-05-14,#E03A3E
Trailblazers,POR,1573.4103,1994-05-28,#E03A3E
Trailblazers,POR,1566.0254,1994-11-14,#E03A3E
Trailblazers,POR,1548.8994,1994-11-28,#E03A3E
Trailblazers,POR,1551.3624,1994-12-14,#E03A3E
Trailblazers,POR,1545.8169,1994-12-28,#E03A3E
Trailblazers,POR,1572.8346,1995-01-14,#E03A3E
Trailblazers,POR,1578.9756,1995-01-28,#E03A3E
Trailblazers,POR,1595.6471,1995-02-14,#E03A3E
Trailblazers,POR,1597.6365,1995-02-28,#E03A3E
Trailblazers,POR,1596.1687,1995-03-14,#E03A3E
Trailblazers,POR,1542.38,1995-03-28,#E03A3E
Trailblazers,POR,1539.8485,1995-04-14,#E03A3E
Trailblazers,POR,1558.9077,1995-04-28,#E03A3E
Trailblazers,POR,1506.7478,1995-05-14,#E03A3E
Trailblazers,POR,1506.7478,1995-05-28,#E03A3E
Trailblazers,POR,1506.7478,1995-06-14,#E03A3E
Trailblazers,POR,1498.7941,1995-11-14,#E03A3E
Trailblazers,POR,1514.5328,1995-11-28,#E03A3E
Trailblazers,POR,1526.976,1995-12-14,#E03A3E
Trailblazers,POR,1488.0817,1995-12-28,#E03A3E
Trailblazers,POR,1514.9255,1996-01-14,#E03A3E
Trailblazers,POR,1518.0507,1996-01-28,#E03A3E
Trailblazers,POR,1498.9414,1996-02-14,#E03A3E
Trailblazers,POR,1467.8379,1996-02-28,#E03A3E
Trailblazers,POR,1502.4285,1996-03-14,#E03A3E
Trailblazers,POR,1516.7393,1996-03-28,#E03A3E
Trailblazers,POR,1559.1268,1996-04-14,#E03A3E
Trailblazers,POR,1569.4547,1996-04-28,#E03A3E
Trailblazers,POR,1559.103,1996-05-14,#E03A3E
Trailblazers,POR,1559.103,1996-05-28,#E03A3E
Trailblazers,POR,1559.103,1996-06-14,#E03A3E
Trailblazers,POR,1543.7346,1996-11-14,#E03A3E
Trailblazers,POR,1579.0981,1996-11-28,#E03A3E
Trailblazers,POR,1532.2288,1996-12-14,#E03A3E
Trailblazers,POR,1512.9517,1996-12-28,#E03A3E
Trailblazers,POR,1550.3488,1997-01-14,#E03A3E
Trailblazers,POR,1538.8346,1997-01-28,#E03A3E
Trailblazers,POR,1518.734,1997-02-14,#E03A3E
Trailblazers,POR,1511.6987,1997-02-28,#E03A3E
Trailblazers,POR,1565.8759,1997-03-14,#E03A3E
Trailblazers,POR,1596.9564,1997-03-28,#E03A3E
Trailblazers,POR,1567.1351,1997-04-14,#E03A3E
Trailblazers,POR,1571.6877,1997-04-28,#E03A3E
Trailblazers,POR,1538.9633,1997-05-14,#E03A3E
Trailblazers,POR,1538.9633,1997-05-28,#E03A3E
Trailblazers,POR,1565.0883,1997-11-14,#E03A3E
Trailblazers,POR,1567.8654,1997-11-28,#E03A3E
Trailblazers,POR,1568.5576,1997-12-14,#E03A3E
Trailblazers,POR,1577.9778,1997-12-28,#E03A3E
Trailblazers,POR,1540.2749,1998-01-14,#E03A3E
Trailblazers,POR,1544.1609,1998-01-28,#E03A3E
Trailblazers,POR,1579.224,1998-02-14,#E03A3E
Trailblazers,POR,1560.9812,1998-02-28,#E03A3E
Trailblazers,POR,1531.7589,1998-03-14,#E03A3E
Trailblazers,POR,1514.8375,1998-03-28,#E03A3E
Trailblazers,POR,1520.9495,1998-04-14,#E03A3E
Trailblazers,POR,1503.9957,1998-04-28,#E03A3E
Trailblazers,POR,1496.2026,1998-06-14,#E03A3E
Trailblazers,POR,1507.8503,1999-02-14,#E03A3E
Trailblazers,POR,1548.4233,1999-02-28,#E03A3E
Trailblazers,POR,1588.748,1999-03-14,#E03A3E
Trailblazers,POR,1614.9594,1999-03-28,#E03A3E
Trailblazers,POR,1604.734,1999-04-14,#E03A3E
Trailblazers,POR,1621.7285,1999-04-28,#E03A3E
Trailblazers,POR,1604.3618,1999-05-14,#E03A3E
Trailblazers,POR,1614.6195,1999-11-14,#E03A3E
Trailblazers,POR,1636.1216,1999-11-28,#E03A3E
Trailblazers,POR,1647.1063,1999-12-14,#E03A3E
Trailblazers,POR,1632.0945,1999-12-28,#E03A3E
Trailblazers,POR,1678.6139,2000-01-14,#E03A3E
Trailblazers,POR,1696.1172,2000-01-28,#E03A3E
Trailblazers,POR,1711.3071,2000-02-28,#E03A3E
Trailblazers,POR,1670.0094,2000-03-14,#E03A3E
Trailblazers,POR,1627.4834,2000-03-28,#E03A3E
Trailblazers,POR,1631.8279,2000-04-14,#E03A3E
Trailblazers,POR,1623.8512,2000-04-28,#E03A3E
Trailblazers,POR,1665.2466,2000-05-14,#E03A3E
Trailblazers,POR,1673.778,2000-05-28,#E03A3E
Trailblazers,POR,1629.7705,2000-06-14,#E03A3E
Trailblazers,POR,1628.1688,2000-11-14,#E03A3E
Trailblazers,POR,1627.9319,2000-11-28,#E03A3E
Trailblazers,POR,1645.7019,2000-12-14,#E03A3E
Trailblazers,POR,1636.5156,2000-12-28,#E03A3E
Trailblazers,POR,1685.222,2001-01-14,#E03A3E
Trailblazers,POR,1644.9817,2001-01-28,#E03A3E
Trailblazers,POR,1666.6846,2001-02-14,#E03A3E
Trailblazers,POR,1660.3882,2001-02-28,#E03A3E
Trailblazers,POR,1586.3168,2001-03-14,#E03A3E
Trailblazers,POR,1596.027,2001-03-28,#E03A3E
Trailblazers,POR,1580.0568,2001-04-14,#E03A3E
Trailblazers,POR,1548.7462,2001-04-28,#E03A3E
Trailblazers,POR,1534.6942,2001-05-14,#E03A3E
Trailblazers,POR,1534.6942,2001-05-28,#E03A3E
Trailblazers,POR,1530.7079,2001-11-14,#E03A3E
Trailblazers,POR,1545.3782,2001-11-28,#E03A3E
Trailblazers,POR,1519.8097,2001-12-14,#E03A3E
Trailblazers,POR,1504.2531,2001-12-28,#E03A3E
Trailblazers,POR,1540.915,2002-01-14,#E03A3E
Trailblazers,POR,1567.8978,2002-01-28,#E03A3E
Trailblazers,POR,1559.7191,2002-02-14,#E03A3E
Trailblazers,POR,1612.1652,2002-02-28,#E03A3E
Trailblazers,POR,1639.0099,2002-03-14,#E03A3E
Trailblazers,POR,1635.2745,2002-03-28,#E03A3E
Trailblazers,POR,1594.8419,2002-04-14,#E03A3E
Trailblazers,POR,1585.4902,2002-04-28,#E03A3E
Trailblazers,POR,1577.1372,2002-05-14,#E03A3E
Trailblazers,POR,1577.1372,2002-05-28,#E03A3E
Trailblazers,POR,1555.8134,2002-11-14,#E03A3E
Trailblazers,POR,1559.3829,2002-11-28,#E03A3E
Trailblazers,POR,1572.2384,2002-12-14,#E03A3E
Trailblazers,POR,1609.1216,2002-12-28,#E03A3E
Trailblazers,POR,1601.9878,2003-01-14,#E03A3E
Trailblazers,POR,1620.3832,2003-01-28,#E03A3E
Trailblazers,POR,1606.6096,2003-02-14,#E03A3E
Trailblazers,POR,1606.6172,2003-02-28,#E03A3E
Trailblazers,POR,1592.6378,2003-03-14,#E03A3E
Trailblazers,POR,1582.8413,2003-03-28,#E03A3E
Trailblazers,POR,1593.6532,2003-04-14,#E03A3E
Trailblazers,POR,1588.0812,2003-04-28,#E03A3E
Trailblazers,POR,1567.8673,2003-05-14,#E03A3E
Trailblazers,POR,1567.8673,2003-10-28,#E03A3E
Trailblazers,POR,1544.4346,2003-11-14,#E03A3E
Trailblazers,POR,1538.8538,2003-11-28,#E03A3E
Trailblazers,POR,1520.6599,2003-12-14,#E03A3E
Trailblazers,POR,1515.131,2003-12-28,#E03A3E
Trailblazers,POR,1466.8417,2004-01-14,#E03A3E
Trailblazers,POR,1483.0841,2004-01-28,#E03A3E
Trailblazers,POR,1515.2386,2004-02-28,#E03A3E
Trailblazers,POR,1526.8031,2004-03-14,#E03A3E
Trailblazers,POR,1525.0607,2004-03-28,#E03A3E
Trailblazers,POR,1524.2948,2004-04-14,#E03A3E
Trailblazers,POR,1526.8276,2004-04-28,#E03A3E
Trailblazers,POR,1526.8276,2004-05-14,#E03A3E
Trailblazers,POR,1526.8276,2004-05-28,#E03A3E
Trailblazers,POR,1497.0137,2004-11-14,#E03A3E
Trailblazers,POR,1523.5179,2004-11-28,#E03A3E
Trailblazers,POR,1505.39,2004-12-14,#E03A3E
Trailblazers,POR,1485.8575,2004-12-28,#E03A3E
Trailblazers,POR,1467.5586,2005-01-14,#E03A3E
Trailblazers,POR,1456.6263,2005-01-28,#E03A3E
Trailblazers,POR,1447.0497,2005-02-14,#E03A3E
Trailblazers,POR,1419.2379,2005-02-28,#E03A3E
Trailblazers,POR,1403.9299,2005-03-14,#E03A3E
Trailblazers,POR,1374.5798,2005-03-28,#E03A3E
Trailblazers,POR,1355.0396,2005-04-14,#E03A3E
Trailblazers,POR,1397.437,2005-04-28,#E03A3E
Trailblazers,POR,1397.437,2005-05-14,#E03A3E
Trailblazers,POR,1397.437,2005-05-28,#E03A3E
Trailblazers,POR,1397.437,2005-06-14,#E03A3E
Trailblazers,POR,1402.4902,2005-11-14,#E03A3E
Trailblazers,POR,1387.0789,2005-11-28,#E03A3E
Trailblazers,POR,1343.1195,2005-12-14,#E03A3E
Trailblazers,POR,1389.3584,2005-12-28,#E03A3E
Trailblazers,POR,1379.1542,2006-01-14,#E03A3E
Trailblazers,POR,1378.2836,2006-01-28,#E03A3E
Trailblazers,POR,1367.14,2006-02-14,#E03A3E
Trailblazers,POR,1339.7708,2006-02-28,#E03A3E
Trailblazers,POR,1343.1565,2006-03-14,#E03A3E
Trailblazers,POR,1303.696,2006-03-28,#E03A3E
Trailblazers,POR,1267.3722,2006-04-14,#E03A3E
Trailblazers,POR,1331.1892,2006-04-28,#E03A3E
Trailblazers,POR,1331.1892,2006-05-14,#E03A3E
Trailblazers,POR,1331.1892,2006-05-28,#E03A3E
Trailblazers,POR,1340.7799,2006-11-14,#E03A3E
Trailblazers,POR,1344.6802,2006-11-28,#E03A3E
Trailblazers,POR,1388.0297,2006-12-14,#E03A3E
Trailblazers,POR,1388.4835,2006-12-28,#E03A3E
Trailblazers,POR,1354.772,2007-01-14,#E03A3E
Trailblazers,POR,1384.5925,2007-01-28,#E03A3E
Trailblazers,POR,1419.7107,2007-02-14,#E03A3E
Trailblazers,POR,1437.1971,2007-02-28,#E03A3E
Trailblazers,POR,1422.4199,2007-03-14,#E03A3E
Trailblazers,POR,1405.3983,2007-03-28,#E03A3E
Trailblazers,POR,1414.1528,2007-04-14,#E03A3E
Trailblazers,POR,1418.2196,2007-04-28,#E03A3E
Trailblazers,POR,1418.2196,2007-05-14,#E03A3E
Trailblazers,POR,1418.2196,2007-05-28,#E03A3E
Trailblazers,POR,1418.2196,2007-06-14,#E03A3E
Trailblazers,POR,1444.0209,2007-11-14,#E03A3E
Trailblazers,POR,1399.5758,2007-11-28,#E03A3E
Trailblazers,POR,1453.9091,2007-12-14,#E03A3E
Trailblazers,POR,1502.4634,2007-12-28,#E03A3E
Trailblazers,POR,1564.1245,2008-01-14,#E03A3E
Trailblazers,POR,1536.701,2008-01-28,#E03A3E
Trailblazers,POR,1491.812,2008-02-14,#E03A3E
Trailblazers,POR,1488.8058,2008-02-28,#E03A3E
Trailblazers,POR,1486.5861,2008-03-14,#E03A3E
Trailblazers,POR,1462.853,2008-03-28,#E03A3E
Trailblazers,POR,1464.799,2008-04-14,#E03A3E
Trailblazers,POR,1468.4658,2008-04-28,#E03A3E
Trailblazers,POR,1468.4658,2008-05-14,#E03A3E
Trailblazers,POR,1468.4658,2008-05-28,#E03A3E
Trailblazers,POR,1468.4658,2008-10-28,#E03A3E
Trailblazers,POR,1497.2936,2008-11-14,#E03A3E
Trailblazers,POR,1552.5272,2008-11-28,#E03A3E
Trailblazers,POR,1555.5905,2008-12-14,#E03A3E
Trailblazers,POR,1565.4609,2008-12-28,#E03A3E
Trailblazers,POR,1550.3708,2009-01-14,#E03A3E
Trailblazers,POR,1569.0542,2009-01-28,#E03A3E
Trailblazers,POR,1591.2056,2009-02-28,#E03A3E
Trailblazers,POR,1580.806,2009-03-14,#E03A3E
Trailblazers,POR,1600.5239,2009-03-28,#E03A3E
Trailblazers,POR,1664.187,2009-04-14,#E03A3E
Trailblazers,POR,1641.4307,2009-04-28,#E03A3E
Trailblazers,POR,1608.024,2009-05-14,#E03A3E
Trailblazers,POR,1608.024,2009-05-28,#E03A3E
Trailblazers,POR,1608.024,2009-06-14,#E03A3E
Trailblazers,POR,1600.6754,2009-10-28,#E03A3E
Trailblazers,POR,1630.0698,2009-11-14,#E03A3E
Trailblazers,POR,1584.3402,2009-11-28,#E03A3E
Trailblazers,POR,1560.9053,2009-12-14,#E03A3E
Trailblazers,POR,1572.9918,2009-12-28,#E03A3E
Trailblazers,POR,1572.3314,2010-01-14,#E03A3E
Trailblazers,POR,1546.9637,2010-01-28,#E03A3E
Trailblazers,POR,1564.8107,2010-02-28,#E03A3E
Trailblazers,POR,1582.8533,2010-03-14,#E03A3E
Trailblazers,POR,1605.4503,2010-03-28,#E03A3E
Trailblazers,POR,1594.3167,2010-04-14,#E03A3E
Trailblazers,POR,1568.7521,2010-04-28,#E03A3E
Trailblazers,POR,1565.2162,2010-05-28,#E03A3E
Trailblazers,POR,1578.1362,2010-10-28,#E03A3E
Trailblazers,POR,1563.1505,2010-11-14,#E03A3E
Trailblazers,POR,1524.1609,2010-11-28,#E03A3E
Trailblazers,POR,1524.2432,2010-12-14,#E03A3E
Trailblazers,POR,1532.6135,2010-12-28,#E03A3E
Trailblazers,POR,1529.8103,2011-01-14,#E03A3E
Trailblazers,POR,1523.6808,2011-01-28,#E03A3E
Trailblazers,POR,1538.3489,2011-02-14,#E03A3E
Trailblazers,POR,1507.484,2011-02-28,#E03A3E
Trailblazers,POR,1543.6154,2011-03-14,#E03A3E
Trailblazers,POR,1574.3575,2011-03-28,#E03A3E
Trailblazers,POR,1548.7833,2011-04-28,#E03A3E
Trailblazers,POR,1558.2308,2011-12-28,#E03A3E
Trailblazers,POR,1549.1431,2012-01-14,#E03A3E
Trailblazers,POR,1562.1401,2012-01-28,#E03A3E
Trailblazers,POR,1526.3767,2012-02-14,#E03A3E
Trailblazers,POR,1552.8318,2012-02-28,#E03A3E
Trailblazers,POR,1485.1863,2012-03-14,#E03A3E
Trailblazers,POR,1477.7811,2012-03-28,#E03A3E
Trailblazers,POR,1465.0153,2012-04-14,#E03A3E
Trailblazers,POR,1460.7015,2012-04-28,#E03A3E
Trailblazers,POR,1460.7015,2012-05-14,#E03A3E
Trailblazers,POR,1460.7015,2012-05-28,#E03A3E
Trailblazers,POR,1460.7015,2012-06-14,#E03A3E
Trailblazers,POR,1462.4033,2012-11-14,#E03A3E
Trailblazers,POR,1444.8044,2012-11-28,#E03A3E
Trailblazers,POR,1446.0409,2012-12-14,#E03A3E
Trailblazers,POR,1451.371,2012-12-28,#E03A3E
Trailblazers,POR,1476.6056,2013-01-14,#E03A3E
Trailblazers,POR,1467.1333,2013-01-28,#E03A3E
Trailblazers,POR,1427.1913,2013-02-14,#E03A3E
Trailblazers,POR,1437.2772,2013-02-28,#E03A3E
Trailblazers,POR,1497.1321,2013-03-14,#E03A3E
Trailblazers,POR,1483.1565,2013-03-28,#E03A3E
Trailblazers,POR,1417.8959,2013-04-14,#E03A3E
Trailblazers,POR,1420.1797,2013-04-28,#E03A3E
Trailblazers,POR,1420.1797,2013-05-14,#E03A3E
Trailblazers,POR,1420.1797,2013-05-28,#E03A3E
Trailblazers,POR,1494.5765,2013-11-14,#E03A3E
Trailblazers,POR,1597.952,2013-12-14,#E03A3E
Trailblazers,POR,1598.7457,2013-12-28,#E03A3E
Trailblazers,POR,1598.2849,2014-01-14,#E03A3E
Trailblazers,POR,1593.4541,2014-01-28,#E03A3E
Trailblazers,POR,1616.0415,2014-02-28,#E03A3E
Trailblazers,POR,1597.0054,2014-03-14,#E03A3E
Trailblazers,POR,1590.4929,2014-03-28,#E03A3E
Trailblazers,POR,1602.3768,2014-04-14,#E03A3E
Trailblazers,POR,1609.521,2014-04-28,#E03A3E
Trailblazers,POR,1588.7758,2014-05-14,#E03A3E
Trailblazers,POR,1579.9985,2014-05-28,#E03A3E
Trailblazers,POR,1579.9985,2014-10-28,#E03A3E
Trailblazers,POR,1599.6815,2014-11-14,#E03A3E
Trailblazers,POR,1610.5342,2014-11-28,#E03A3E
Trailblazers,POR,1627.9717,2014-12-14,#E03A3E
Trailblazers,POR,1663.6108,2014-12-28,#E03A3E
Trailblazers,POR,1651.9821,2015-01-14,#E03A3E
Trailblazers,POR,1620.4965,2015-01-28,#E03A3E
Trailblazers,POR,1622.5796,2015-02-28,#E03A3E
Trailblazers,POR,1648.7816,2015-03-14,#E03A3E
Trailblazers,POR,1612.1013,2015-03-28,#E03A3E
Trailblazers,POR,1579.5515,2015-04-14,#E03A3E
Trailblazers,POR,1556.7389,2015-04-28,#E03A3E
Timberwolves,MIN,1301.7524,1989-11-14,#0C2340
Timberwolves,MIN,1280.5435,1989-11-28,#0C2340
Timberwolves,MIN,1303.1956,1989-12-14,#0C2340
Timberwolves,MIN,1298.4407,1989-12-28,#0C2340
Timberwolves,MIN,1276.0959,1990-01-14,#0C2340
Timberwolves,MIN,1284.9418,1990-01-28,#0C2340
Timberwolves,MIN,1319.4951,1990-02-14,#0C2340
Timberwolves,MIN,1344.2445,1990-02-28,#0C2340
Timberwolves,MIN,1360.4761,1990-03-14,#0C2340
Timberwolves,MIN,1365.0443,1990-03-28,#0C2340
Timberwolves,MIN,1357.2441,1990-04-14,#0C2340
Timberwolves,MIN,1395.7946,1990-04-28,#0C2340
Timberwolves,MIN,1395.7946,1990-05-28,#0C2340
Timberwolves,MIN,1395.7946,1990-06-14,#0C2340
Timberwolves,MIN,1392.9839,1990-11-14,#0C2340
Timberwolves,MIN,1386.7251,1990-11-28,#0C2340
Timberwolves,MIN,1357.3203,1990-12-14,#0C2340
Timberwolves,MIN,1336.1622,1990-12-28,#0C2340
Timberwolves,MIN,1362.3011,1991-01-14,#0C2340
Timberwolves,MIN,1358.9208,1991-01-28,#0C2340
Timberwolves,MIN,1355.7838,1991-02-14,#0C2340
Timberwolves,MIN,1342.1473,1991-02-28,#0C2340
Timberwolves,MIN,1341.0253,1991-03-14,#0C2340
Timberwolves,MIN,1344.8586,1991-03-28,#0C2340
Timberwolves,MIN,1378.6276,1991-04-14,#0C2340
Timberwolves,MIN,1420.9362,1991-04-28,#0C2340
Timberwolves,MIN,1420.9362,1991-05-14,#0C2340
Timberwolves,MIN,1420.9362,1991-05-28,#0C2340
Timberwolves,MIN,1391.8622,1991-11-14,#0C2340
Timberwolves,MIN,1361.1365,1991-12-14,#0C2340
Timberwolves,MIN,1346.0012,1991-12-28,#0C2340
Timberwolves,MIN,1361.0077,1992-01-14,#0C2340
Timberwolves,MIN,1310.874,1992-01-28,#0C2340
Timberwolves,MIN,1307.3221,1992-02-14,#0C2340
Timberwolves,MIN,1297.0232,1992-02-28,#0C2340
Timberwolves,MIN,1280.2014,1992-03-14,#0C2340
Timberwolves,MIN,1234.5822,1992-03-28,#0C2340
Timberwolves,MIN,1245.4049,1992-04-14,#0C2340
Timberwolves,MIN,1322.6052,1992-04-28,#0C2340
Timberwolves,MIN,1322.6052,1992-05-14,#0C2340
Timberwolves,MIN,1322.6052,1992-05-28,#0C2340
Timberwolves,MIN,1322.6052,1992-06-14,#0C2340
Timberwolves,MIN,1337.8562,1992-11-14,#0C2340
Timberwolves,MIN,1337.6687,1992-11-28,#0C2340
Timberwolves,MIN,1326.1238,1992-12-14,#0C2340
Timberwolves,MIN,1301.8914,1992-12-28,#0C2340
Timberwolves,MIN,1285.6768,1993-01-14,#0C2340
Timberwolves,MIN,1269.65,1993-01-28,#0C2340
Timberwolves,MIN,1315.7351,1993-02-14,#0C2340
Timberwolves,MIN,1315.7882,1993-02-28,#0C2340
Timberwolves,MIN,1281.1554,1993-03-14,#0C2340
Timberwolves,MIN,1273.5033,1993-03-28,#0C2340
Timberwolves,MIN,1287.6338,1993-04-14,#0C2340
Timberwolves,MIN,1323.0094,1993-05-14,#0C2340
Timberwolves,MIN,1323.0094,1993-05-28,#0C2340
Timberwolves,MIN,1299.8595,1993-11-14,#0C2340
Timberwolves,MIN,1314.9778,1993-11-28,#0C2340
Timberwolves,MIN,1331.1378,1993-12-14,#0C2340
Timberwolves,MIN,1315.5237,1993-12-28,#0C2340
Timberwolves,MIN,1365.7344,1994-01-14,#0C2340
Timberwolves,MIN,1370.395,1994-01-28,#0C2340
Timberwolves,MIN,1327.5596,1994-02-28,#0C2340
Timberwolves,MIN,1302.1603,1994-03-14,#0C2340
Timberwolves,MIN,1301.7476,1994-03-28,#0C2340
Timberwolves,MIN,1281.7856,1994-04-14,#0C2340
Timberwolves,MIN,1315.0299,1994-04-28,#0C2340
Timberwolves,MIN,1315.0299,1994-05-14,#0C2340
Timberwolves,MIN,1315.0299,1994-05-28,#0C2340
Timberwolves,MIN,1280.6559,1994-11-14,#0C2340
Timberwolves,MIN,1236.5872,1994-11-28,#0C2340
Timberwolves,MIN,1253.8445,1994-12-14,#0C2340
Timberwolves,MIN,1270.3617,1994-12-28,#0C2340
Timberwolves,MIN,1256.8706,1995-01-14,#0C2340
Timberwolves,MIN,1319.4424,1995-01-28,#0C2340
Timberwolves,MIN,1280.8761,1995-02-14,#0C2340
Timberwolves,MIN,1300.3235,1995-02-28,#0C2340
Timberwolves,MIN,1321.5963,1995-03-14,#0C2340
Timberwolves,MIN,1313.2156,1995-03-28,#0C2340
Timberwolves,MIN,1318.2394,1995-04-14,#0C2340
Timberwolves,MIN,1350.0461,1995-04-28,#0C2340
Timberwolves,MIN,1350.0461,1995-05-14,#0C2340
Timberwolves,MIN,1350.0461,1995-05-28,#0C2340
Timberwolves,MIN,1350.0461,1995-06-14,#0C2340
Timberwolves,MIN,1337.6428,1995-11-14,#0C2340
Timberwolves,MIN,1328.7169,1995-11-28,#0C2340
Timberwolves,MIN,1352.0208,1995-12-14,#0C2340
Timberwolves,MIN,1337.8197,1995-12-28,#0C2340
Timberwolves,MIN,1342.7197,1996-01-14,#0C2340
Timberwolves,MIN,1346.5447,1996-01-28,#0C2340
Timberwolves,MIN,1370.4789,1996-02-14,#0C2340
Timberwolves,MIN,1352.9681,1996-02-28,#0C2340
Timberwolves,MIN,1355.718,1996-03-14,#0C2340
Timberwolves,MIN,1383.2163,1996-03-28,#0C2340
Timberwolves,MIN,1360.7954,1996-04-14,#0C2340
Timberwolves,MIN,1396.9335,1996-04-28,#0C2340
Timberwolves,MIN,1396.9335,1996-05-14,#0C2340
Timberwolves,MIN,1396.9335,1996-05-28,#0C2340
Timberwolves,MIN,1396.9335,1996-06-14,#0C2340
Timberwolves,MIN,1409.9467,1996-11-14,#0C2340
Timberwolves,MIN,1406.0302,1996-11-28,#0C2340
Timberwolves,MIN,1382.9203,1996-12-14,#0C2340
Timberwolves,MIN,1421.1504,1996-12-28,#0C2340
Timberwolves,MIN,1439.8955,1997-01-14,#0C2340
Timberwolves,MIN,1439.5112,1997-01-28,#0C2340
Timberwolves,MIN,1451.9551,1997-02-14,#0C2340
Timberwolves,MIN,1470.9714,1997-02-28,#0C2340
Timberwolves,MIN,1442.5007,1997-03-14,#0C2340
Timberwolves,MIN,1434.8947,1997-03-28,#0C2340
Timberwolves,MIN,1469.8289,1997-04-14,#0C2340
Timberwolves,MIN,1432.4592,1997-04-28,#0C2340
Timberwolves,MIN,1458.2317,1997-05-14,#0C2340
Timberwolves,MIN,1458.2317,1997-05-28,#0C2340
Timberwolves,MIN,1479.9802,1997-11-14,#0C2340
Timberwolves,MIN,1450.3801,1997-11-28,#0C2340
Timberwolves,MIN,1444.1709,1997-12-14,#0C2340
Timberwolves,MIN,1489.5779,1997-12-28,#0C2340
Timberwolves,MIN,1507.4539,1998-01-14,#0C2340
Timberwolves,MIN,1522.5374,1998-01-28,#0C2340
Timberwolves,MIN,1504.6952,1998-02-14,#0C2340
Timberwolves,MIN,1480.9622,1998-02-28,#0C2340
Timberwolves,MIN,1464.7166,1998-03-14,#0C2340
Timberwolves,MIN,1468.7889,1998-03-28,#0C2340
Timberwolves,MIN,1503.8472,1998-04-14,#0C2340
Timberwolves,MIN,1530.396,1998-04-28,#0C2340
Timberwolves,MIN,1524.355,1998-06-14,#0C2340
Timberwolves,MIN,1546.5499,1999-02-14,#0C2340
Timberwolves,MIN,1530.0475,1999-02-28,#0C2340
Timberwolves,MIN,1535.1415,1999-03-14,#0C2340
Timberwolves,MIN,1496.6053,1999-03-28,#0C2340
Timberwolves,MIN,1486.1564,1999-04-14,#0C2340
Timberwolves,MIN,1457.7468,1999-04-28,#0C2340
Timberwolves,MIN,1461.0366,1999-05-14,#0C2340
Timberwolves,MIN,1481.8666,1999-11-14,#0C2340
Timberwolves,MIN,1491.0308,1999-11-28,#0C2340
Timberwolves,MIN,1402.9397,1999-12-14,#0C2340
Timberwolves,MIN,1445.2186,1999-12-28,#0C2340
Timberwolves,MIN,1483.5948,2000-01-14,#0C2340
Timberwolves,MIN,1529.36,2000-01-28,#0C2340
Timberwolves,MIN,1538.1257,2000-02-28,#0C2340
Timberwolves,MIN,1575.9202,2000-03-14,#0C2340
Timberwolves,MIN,1600.9142,2000-03-28,#0C2340
Timberwolves,MIN,1587.8372,2000-04-14,#0C2340
Timberwolves,MIN,1577.3743,2000-04-28,#0C2340
Timberwolves,MIN,1561.5936,2000-05-14,#0C2340
Timberwolves,MIN,1561.5936,2000-05-28,#0C2340
Timberwolves,MIN,1561.5936,2000-06-14,#0C2340
Timberwolves,MIN,1559.3844,2000-11-14,#0C2340
Timberwolves,MIN,1550.4526,2000-11-28,#0C2340
Timberwolves,MIN,1546.0459,2000-12-14,#0C2340
Timberwolves,MIN,1502.7129,2000-12-28,#0C2340
Timberwolves,MIN,1493.8397,2001-01-14,#0C2340
Timberwolves,MIN,1554.2394,2001-01-28,#0C2340
Timberwolves,MIN,1580.4064,2001-02-14,#0C2340
Timberwolves,MIN,1542.3679,2001-02-28,#0C2340
Timberwolves,MIN,1569.1857,2001-03-14,#0C2340
Timberwolves,MIN,1575.8217,2001-03-28,#0C2340
Timberwolves,MIN,1581.2579,2001-04-14,#0C2340
Timberwolves,MIN,1564.0125,2001-04-28,#0C2340
Timberwolves,MIN,1548.1243,2001-05-14,#0C2340
Timberwolves,MIN,1548.1243,2001-05-28,#0C2340
Timberwolves,MIN,1586.0365,2001-11-14,#0C2340
Timberwolves,MIN,1569.5741,2001-11-28,#0C2340
Timberwolves,MIN,1620.1858,2001-12-14,#0C2340
Timberwolves,MIN,1602.2627,2001-12-28,#0C2340
Timberwolves,MIN,1663.5359,2002-01-14,#0C2340
Timberwolves,MIN,1587.4955,2002-01-28,#0C2340
Timberwolves,MIN,1575.0084,2002-02-14,#0C2340
Timberwolves,MIN,1624.2979,2002-02-28,#0C2340
Timberwolves,MIN,1567.5781,2002-03-14,#0C2340
Timberwolves,MIN,1535.7936,2002-03-28,#0C2340
Timberwolves,MIN,1548.2681,2002-04-14,#0C2340
Timberwolves,MIN,1533.8674,2002-04-28,#0C2340
Timberwolves,MIN,1529.5978,2002-05-14,#0C2340
Timberwolves,MIN,1529.5978,2002-05-28,#0C2340
Timberwolves,MIN,1510.6835,2002-11-14,#0C2340
Timberwolves,MIN,1524.0311,2002-11-28,#0C2340
Timberwolves,MIN,1533.1853,2002-12-14,#0C2340
Timberwolves,MIN,1537.8197,2002-12-28,#0C2340
Timberwolves,MIN,1549.0978,2003-01-14,#0C2340
Timberwolves,MIN,1576.1869,2003-01-28,#0C2340
Timberwolves,MIN,1590.4761,2003-02-14,#0C2340
Timberwolves,MIN,1610.957,2003-02-28,#0C2340
Timberwolves,MIN,1596.3892,2003-03-14,#0C2340
Timberwolves,MIN,1587.8394,2003-03-28,#0C2340
Timberwolves,MIN,1591.3822,2003-04-14,#0C2340
Timberwolves,MIN,1574.1006,2003-04-28,#0C2340
Timberwolves,MIN,1556.4121,2003-05-14,#0C2340
Timberwolves,MIN,1556.4121,2003-10-28,#0C2340
Timberwolves,MIN,1549.5347,2003-11-14,#0C2340
Timberwolves,MIN,1548.2356,2003-11-28,#0C2340
Timberwolves,MIN,1594.849,2003-12-14,#0C2340
Timberwolves,MIN,1630.2446,2003-12-28,#0C2340
Timberwolves,MIN,1662.5878,2004-01-14,#0C2340
Timberwolves,MIN,1653.5933,2004-01-28,#0C2340
Timberwolves,MIN,1672.65,2004-02-28,#0C2340
Timberwolves,MIN,1637.2289,2004-03-14,#0C2340
Timberwolves,MIN,1642.3008,2004-03-28,#0C2340
Timberwolves,MIN,1695.3839,2004-04-14,#0C2340
Timberwolves,MIN,1689.5616,2004-04-28,#0C2340
Timberwolves,MIN,1684.1267,2004-05-14,#0C2340
Timberwolves,MIN,1665.0115,2004-05-28,#0C2340
Timberwolves,MIN,1629.3237,2004-11-14,#0C2340
Timberwolves,MIN,1634.4464,2004-11-28,#0C2340
Timberwolves,MIN,1640.2788,2004-12-14,#0C2340
Timberwolves,MIN,1609.0095,2004-12-28,#0C2340
Timberwolves,MIN,1535.978,2005-01-14,#0C2340
Timberwolves,MIN,1550.1672,2005-01-28,#0C2340
Timberwolves,MIN,1477.7926,2005-02-14,#0C2340
Timberwolves,MIN,1471.1891,2005-02-28,#0C2340
Timberwolves,MIN,1500.0121,2005-03-14,#0C2340
Timberwolves,MIN,1542.1384,2005-03-28,#0C2340
Timberwolves,MIN,1556.0005,2005-04-14,#0C2340
Timberwolves,MIN,1547.5425,2005-04-28,#0C2340
Timberwolves,MIN,1547.5425,2005-05-14,#0C2340
Timberwolves,MIN,1547.5425,2005-05-28,#0C2340
Timberwolves,MIN,1547.5425,2005-06-14,#0C2340
Timberwolves,MIN,1536.1104,2005-11-14,#0C2340
Timberwolves,MIN,1536.3126,2005-11-28,#0C2340
Timberwolves,MIN,1560.5753,2005-12-14,#0C2340
Timberwolves,MIN,1534.4161,2005-12-28,#0C2340
Timberwolves,MIN,1532.4812,2006-01-14,#0C2340
Timberwolves,MIN,1505.7352,2006-01-28,#0C2340
Timberwolves,MIN,1455.5714,2006-02-14,#0C2340
Timberwolves,MIN,1446.1964,2006-02-28,#0C2340
Timberwolves,MIN,1433.6581,2006-03-14,#0C2340
Timberwolves,MIN,1442.9095,2006-03-28,#0C2340
Timberwolves,MIN,1417.3883,2006-04-14,#0C2340
Timberwolves,MIN,1439.833,2006-04-28,#0C2340
Timberwolves,MIN,1439.833,2006-05-14,#0C2340
Timberwolves,MIN,1439.833,2006-05-28,#0C2340
Timberwolves,MIN,1428.1909,2006-11-14,#0C2340
Timberwolves,MIN,1443.9917,2006-11-28,#0C2340
Timberwolves,MIN,1473.231,2006-12-14,#0C2340
Timberwolves,MIN,1472.1357,2006-12-28,#0C2340
Timberwolves,MIN,1511.2141,2007-01-14,#0C2340
Timberwolves,MIN,1491.7966,2007-01-28,#0C2340
Timberwolves,MIN,1479.3936,2007-02-14,#0C2340
Timberwolves,MIN,1433.6674,2007-02-28,#0C2340
Timberwolves,MIN,1421.7032,2007-03-14,#0C2340
Timberwolves,MIN,1411.4589,2007-03-28,#0C2340
Timberwolves,MIN,1378.8762,2007-04-14,#0C2340
Timberwolves,MIN,1381.9695,2007-04-28,#0C2340
Timberwolves,MIN,1381.9695,2007-05-14,#0C2340
Timberwolves,MIN,1381.9695,2007-05-28,#0C2340
Timberwolves,MIN,1381.9695,2007-06-14,#0C2340
Timberwolves,MIN,1367.5326,2007-11-14,#0C2340
Timberwolves,MIN,1344.4567,2007-11-28,#0C2340
Timberwolves,MIN,1314.8973,2007-12-14,#0C2340
Timberwolves,MIN,1311.1677,2007-12-28,#0C2340
Timberwolves,MIN,1282.9885,2008-01-14,#0C2340
Timberwolves,MIN,1314.3445,2008-01-28,#0C2340
Timberwolves,MIN,1337.2902,2008-02-14,#0C2340
Timberwolves,MIN,1343.2506,2008-02-28,#0C2340
Timberwolves,MIN,1340.8136,2008-03-14,#0C2340
Timberwolves,MIN,1349.6794,2008-03-28,#0C2340
Timberwolves,MIN,1350.5552,2008-04-14,#0C2340
Timberwolves,MIN,1397.2357,2008-04-28,#0C2340
Timberwolves,MIN,1397.2357,2008-05-14,#0C2340
Timberwolves,MIN,1397.2357,2008-05-28,#0C2340
Timberwolves,MIN,1397.2357,2008-10-28,#0C2340
Timberwolves,MIN,1363.0959,2008-11-14,#0C2340
Timberwolves,MIN,1411.7604,2008-11-28,#0C2340
Timberwolves,MIN,1343.1445,2008-12-14,#0C2340
Timberwolves,MIN,1345.1748,2008-12-28,#0C2340
Timberwolves,MIN,1400.7419,2009-01-14,#0C2340
Timberwolves,MIN,1426.9392,2009-01-28,#0C2340
Timberwolves,MIN,1361.9916,2009-02-28,#0C2340
Timberwolves,MIN,1337.1738,2009-03-14,#0C2340
Timberwolves,MIN,1327.6576,2009-03-28,#0C2340
Timberwolves,MIN,1326.1898,2009-04-14,#0C2340
Timberwolves,MIN,1375.4215,2009-04-28,#0C2340
Timberwolves,MIN,1375.4215,2009-05-14,#0C2340
Timberwolves,MIN,1375.4215,2009-05-28,#0C2340
Timberwolves,MIN,1375.4215,2009-06-14,#0C2340
Timberwolves,MIN,1375.4215,2009-10-28,#0C2340
Timberwolves,MIN,1308.1127,2009-11-14,#0C2340
Timberwolves,MIN,1307.9246,2009-11-28,#0C2340
Timberwolves,MIN,1311.7762,2009-12-14,#0C2340
Timberwolves,MIN,1312.2611,2009-12-28,#0C2340
Timberwolves,MIN,1288.9763,2010-01-14,#0C2340
Timberwolves,MIN,1291.5133,2010-01-28,#0C2340
Timberwolves,MIN,1312.004,2010-02-28,#0C2340
Timberwolves,MIN,1282.7975,2010-03-14,#0C2340
Timberwolves,MIN,1265.8186,2010-03-28,#0C2340
Timberwolves,MIN,1241.9395,2010-04-14,#0C2340
Timberwolves,MIN,1302.8744,2010-04-28,#0C2340
Timberwolves,MIN,1302.8744,2010-05-28,#0C2340
Timberwolves,MIN,1319.5037,2010-10-28,#0C2340
Timberwolves,MIN,1320.9683,2010-11-14,#0C2340
Timberwolves,MIN,1302.2815,2010-11-28,#0C2340
Timberwolves,MIN,1323.4467,2010-12-14,#0C2340
Timberwolves,MIN,1328.4725,2010-12-28,#0C2340
Timberwolves,MIN,1326.7472,2011-01-14,#0C2340
Timberwolves,MIN,1309.8333,2011-01-28,#0C2340
Timberwolves,MIN,1320.5385,2011-02-14,#0C2340
Timberwolves,MIN,1298.2776,2011-02-28,#0C2340
Timberwolves,MIN,1337.4691,2011-03-14,#0C2340
Timberwolves,MIN,1296.4717,2011-03-28,#0C2340
Timberwolves,MIN,1325.604,2011-04-28,#0C2340
Timberwolves,MIN,1322.3868,2011-12-28,#0C2340
Timberwolves,MIN,1372.4962,2012-01-14,#0C2340
Timberwolves,MIN,1422.7195,2012-01-28,#0C2340
Timberwolves,MIN,1437.3335,2012-02-14,#0C2340
Timberwolves,MIN,1485.9408,2012-02-28,#0C2340
Timberwolves,MIN,1487.1606,2012-03-14,#0C2340
Timberwolves,MIN,1485.3335,2012-03-28,#0C2340
Timberwolves,MIN,1400.3384,2012-04-14,#0C2340
Timberwolves,MIN,1419.6448,2012-04-28,#0C2340
Timberwolves,MIN,1419.6448,2012-05-14,#0C2340
Timberwolves,MIN,1419.6448,2012-05-28,#0C2340
Timberwolves,MIN,1419.6448,2012-06-14,#0C2340
Timberwolves,MIN,1443.3126,2012-11-14,#0C2340
Timberwolves,MIN,1420.9388,2012-11-28,#0C2340
Timberwolves,MIN,1475.2313,2012-12-14,#0C2340
Timberwolves,MIN,1478.9757,2012-12-28,#0C2340
Timberwolves,MIN,1450.5317,2013-01-14,#0C2340
Timberwolves,MIN,1420.8639,2013-01-28,#0C2340
Timberwolves,MIN,1416.005,2013-02-14,#0C2340
Timberwolves,MIN,1400.5547,2013-02-28,#0C2340
Timberwolves,MIN,1402.7214,2013-03-14,#0C2340
Timberwolves,MIN,1450.8481,2013-03-28,#0C2340
Timberwolves,MIN,1433.233,2013-04-14,#0C2340
Timberwolves,MIN,1473.6205,2013-04-28,#0C2340
Timberwolves,MIN,1473.6205,2013-05-14,#0C2340
Timberwolves,MIN,1473.6205,2013-05-28,#0C2340
Timberwolves,MIN,1525.8959,2013-11-14,#0C2340
Timberwolves,MIN,1542.6085,2013-12-14,#0C2340
Timberwolves,MIN,1553.8341,2013-12-28,#0C2340
Timberwolves,MIN,1548.46,2014-01-14,#0C2340
Timberwolves,MIN,1581.9779,2014-01-28,#0C2340
Timberwolves,MIN,1583.5338,2014-02-28,#0C2340
Timberwolves,MIN,1548.1974,2014-03-14,#0C2340
Timberwolves,MIN,1545.3639,2014-03-28,#0C2340
Timberwolves,MIN,1534.1494,2014-04-14,#0C2340
Timberwolves,MIN,1510.2198,2014-04-28,#0C2340
Timberwolves,MIN,1510.2198,2014-05-14,#0C2340
Timberwolves,MIN,1510.2198,2014-05-28,#0C2340
Timberwolves,MIN,1510.2198,2014-10-28,#0C2340
Timberwolves,MIN,1473.0338,2014-11-14,#0C2340
Timberwolves,MIN,1429.0366,2014-11-28,#0C2340
Timberwolves,MIN,1380.7058,2014-12-14,#0C2340
Timberwolves,MIN,1349.7793,2014-12-28,#0C2340
Timberwolves,MIN,1329.7178,2015-01-14,#0C2340
Timberwolves,MIN,1335.2246,2015-01-28,#0C2340
Timberwolves,MIN,1362.9276,2015-02-28,#0C2340
Timberwolves,MIN,1348.3278,2015-03-14,#0C2340
Timberwolves,MIN,1326.0941,2015-03-28,#0C2340
Timberwolves,MIN,1263.958,2015-04-14,#0C2340
Thunder,SEA,1283.9957,1967-10-14,#007AC1
Thunder,SEA,1281.2319,1967-10-28,#007AC1
Thunder,SEA,1245.4946,1967-11-14,#007AC1
Thunder,SEA,1329.5165,1967-11-28,#007AC1
Thunder,SEA,1339.8287,1967-12-14,#007AC1
Thunder,SEA,1301.4188,1967-12-28,#007AC1
Thunder,SEA,1332.2156,1968-01-14,#007AC1
Thunder,SEA,1361.9045,1968-01-28,#007AC1
Thunder,SEA,1390.5166,1968-02-14,#007AC1
Thunder,SEA,1359.4318,1968-02-28,#007AC1
Thunder,SEA,1329.0242,1968-03-14,#007AC1
Thunder,SEA,1356.8854,1968-03-28,#007AC1
Thunder,SEA,1356.8854,1968-04-14,#007AC1
Thunder,SEA,1356.8854,1968-04-28,#007AC1
Thunder,SEA,1324.7006,1968-10-28,#007AC1
Thunder,SEA,1296.6259,1968-11-14,#007AC1
Thunder,SEA,1316.5276,1968-11-28,#007AC1
Thunder,SEA,1334.6713,1968-12-14,#007AC1
Thunder,SEA,1308.8861,1968-12-28,#007AC1
Thunder,SEA,1287.4592,1969-01-14,#007AC1
Thunder,SEA,1337.8715,1969-01-28,#007AC1
Thunder,SEA,1356.458,1969-02-14,#007AC1
Thunder,SEA,1350.439,1969-02-28,#007AC1
Thunder,SEA,1401.9911,1969-03-14,#007AC1
Thunder,SEA,1406.1453,1969-03-28,#007AC1
Thunder,SEA,1406.1453,1969-04-14,#007AC1
Thunder,SEA,1406.1453,1969-10-14,#007AC1
Thunder,SEA,1365.8715,1969-10-28,#007AC1
Thunder,SEA,1381.2354,1969-11-14,#007AC1
Thunder,SEA,1347.4186,1969-11-28,#007AC1
Thunder,SEA,1348.5101,1969-12-14,#007AC1
Thunder,SEA,1374.8743,1969-12-28,#007AC1
Thunder,SEA,1376.2179,1970-01-14,#007AC1
Thunder,SEA,1390.725,1970-01-28,#007AC1
Thunder,SEA,1408.9252,1970-02-14,#007AC1
Thunder,SEA,1436.4587,1970-02-28,#007AC1
Thunder,SEA,1451.993,1970-03-14,#007AC1
Thunder,SEA,1463.9021,1970-03-28,#007AC1
Thunder,SEA,1463.9021,1970-04-14,#007AC1
Thunder,SEA,1463.9021,1970-04-28,#007AC1
Thunder,SEA,1463.9021,1970-10-14,#007AC1
Thunder,SEA,1444.0597,1970-10-28,#007AC1
Thunder,SEA,1447.5663,1970-11-14,#007AC1
Thunder,SEA,1437.7969,1970-11-28,#007AC1
Thunder,SEA,1438.5691,1970-12-28,#007AC1
Thunder,SEA,1443.6714,1971-01-14,#007AC1
Thunder,SEA,1415.5552,1971-01-28,#007AC1
Thunder,SEA,1392.8246,1971-02-14,#007AC1
Thunder,SEA,1372.6069,1971-02-28,#007AC1
Thunder,SEA,1429.4144,1971-03-14,#007AC1
Thunder,SEA,1467.7307,1971-03-28,#007AC1
Thunder,SEA,1467.7307,1971-04-14,#007AC1
Thunder,SEA,1467.7307,1971-04-28,#007AC1
Thunder,SEA,1489.6177,1971-10-14,#007AC1
Thunder,SEA,1501.3392,1971-10-28,#007AC1
Thunder,SEA,1496.8986,1971-11-14,#007AC1
Thunder,SEA,1498.2764,1971-11-28,#007AC1
Thunder,SEA,1526.5134,1971-12-14,#007AC1
Thunder,SEA,1480.3253,1971-12-28,#007AC1
Thunder,SEA,1509.2699,1972-01-14,#007AC1
Thunder,SEA,1500.4066,1972-01-28,#007AC1
Thunder,SEA,1536.5337,1972-02-14,#007AC1
Thunder,SEA,1521.8276,1972-03-14,#007AC1
Thunder,SEA,1464.2548,1972-03-28,#007AC1
Thunder,SEA,1464.2548,1972-04-14,#007AC1
Thunder,SEA,1467.8673,1972-10-14,#007AC1
Thunder,SEA,1459.0361,1972-10-28,#007AC1
Thunder,SEA,1389.3613,1972-11-14,#007AC1
Thunder,SEA,1376.3451,1972-11-28,#007AC1
Thunder,SEA,1373.9551,1972-12-14,#007AC1
Thunder,SEA,1361.1133,1972-12-28,#007AC1
Thunder,SEA,1336.0157,1973-01-14,#007AC1
Thunder,SEA,1341.4182,1973-01-28,#007AC1
Thunder,SEA,1329.5988,1973-02-14,#007AC1
Thunder,SEA,1330.2866,1973-02-28,#007AC1
Thunder,SEA,1374.0574,1973-03-14,#007AC1
Thunder,SEA,1345.9271,1973-03-28,#007AC1
Thunder,SEA,1382.7205,1973-04-14,#007AC1
Thunder,SEA,1382.7205,1973-04-28,#007AC1
Thunder,SEA,1403.2301,1973-10-14,#007AC1
Thunder,SEA,1352.9574,1973-10-28,#007AC1
Thunder,SEA,1348.2904,1973-11-14,#007AC1
Thunder,SEA,1378.566,1973-11-28,#007AC1
Thunder,SEA,1387.9413,1973-12-14,#007AC1
Thunder,SEA,1416.3726,1973-12-28,#007AC1
Thunder,SEA,1431.1217,1974-01-14,#007AC1
Thunder,SEA,1436.0885,1974-01-28,#007AC1
Thunder,SEA,1466.3113,1974-02-14,#007AC1
Thunder,SEA,1472.7461,1974-02-28,#007AC1
Thunder,SEA,1440.1147,1974-03-14,#007AC1
Thunder,SEA,1438.3728,1974-03-28,#007AC1
Thunder,SEA,1438.3728,1974-04-14,#007AC1
Thunder,SEA,1438.3728,1974-04-28,#007AC1
Thunder,SEA,1468.8379,1974-11-14,#007AC1
Thunder,SEA,1443.3231,1974-11-28,#007AC1
Thunder,SEA,1422.9822,1974-12-14,#007AC1
Thunder,SEA,1420.953,1974-12-28,#007AC1
Thunder,SEA,1414.1317,1975-01-14,#007AC1
Thunder,SEA,1421.9762,1975-01-28,#007AC1
Thunder,SEA,1408.426,1975-02-14,#007AC1
Thunder,SEA,1435.7458,1975-02-28,#007AC1
Thunder,SEA,1482.0076,1975-03-14,#007AC1
Thunder,SEA,1468.4313,1975-03-28,#007AC1
Thunder,SEA,1484.2738,1975-04-14,#007AC1
Thunder,SEA,1486.1018,1975-04-28,#007AC1
Thunder,SEA,1486.1018,1975-05-14,#007AC1
Thunder,SEA,1485.9785,1975-10-28,#007AC1
Thunder,SEA,1443.5343,1975-11-14,#007AC1
Thunder,SEA,1466.8723,1975-11-28,#007AC1
Thunder,SEA,1477.2786,1975-12-14,#007AC1
Thunder,SEA,1442.1786,1975-12-28,#007AC1
Thunder,SEA,1461.084,1976-01-14,#007AC1
Thunder,SEA,1425.9216,1976-01-28,#007AC1
Thunder,SEA,1454.2606,1976-02-14,#007AC1
Thunder,SEA,1516.0824,1976-02-28,#007AC1
Thunder,SEA,1496.8145,1976-03-14,#007AC1
Thunder,SEA,1518.6444,1976-03-28,#007AC1
Thunder,SEA,1517.3304,1976-04-14,#007AC1
Thunder,SEA,1510.9988,1976-04-28,#007AC1
Thunder,SEA,1510.9988,1976-05-14,#007AC1
Thunder,SEA,1488.6001,1976-10-28,#007AC1
Thunder,SEA,1479.4819,1976-11-14,#007AC1
Thunder,SEA,1505.1165,1976-11-28,#007AC1
Thunder,SEA,1496.4747,1976-12-14,#007AC1
Thunder,SEA,1481.842,1976-12-28,#007AC1
Thunder,SEA,1531.3927,1977-01-14,#007AC1
Thunder,SEA,1511.6528,1977-01-28,#007AC1
Thunder,SEA,1496.0947,1977-03-14,#007AC1
Thunder,SEA,1461.6263,1977-04-14,#007AC1
Thunder,SEA,1434.6177,1977-10-28,#007AC1
Thunder,SEA,1403.1167,1977-11-28,#007AC1
Thunder,SEA,1493.7303,1977-12-14,#007AC1
Thunder,SEA,1505.0969,1977-12-28,#007AC1
Thunder,SEA,1541.3156,1978-01-14,#007AC1
Thunder,SEA,1549.0126,1978-01-28,#007AC1
Thunder,SEA,1531.4099,1978-02-14,#007AC1
Thunder,SEA,1560.0251,1978-02-28,#007AC1
Thunder,SEA,1541.3134,1978-03-14,#007AC1
Thunder,SEA,1571.1418,1978-03-28,#007AC1
Thunder,SEA,1587.203,1978-04-14,#007AC1
Thunder,SEA,1594.1321,1978-04-28,#007AC1
Thunder,SEA,1603.9814,1978-05-14,#007AC1
Thunder,SEA,1612.6865,1978-05-28,#007AC1
Thunder,SEA,1571.5009,1978-10-14,#007AC1
Thunder,SEA,1609.0166,1978-10-28,#007AC1
Thunder,SEA,1621.2538,1978-11-14,#007AC1
Thunder,SEA,1605.8079,1978-11-28,#007AC1
Thunder,SEA,1614.1228,1978-12-14,#007AC1
Thunder,SEA,1561.5005,1978-12-28,#007AC1
Thunder,SEA,1545.9209,1979-01-14,#007AC1
Thunder,SEA,1581.7531,1979-01-28,#007AC1
Thunder,SEA,1557.6976,1979-02-14,#007AC1
Thunder,SEA,1531.6583,1979-02-28,#007AC1
Thunder,SEA,1552.1321,1979-03-14,#007AC1
Thunder,SEA,1585.0403,1979-03-28,#007AC1
Thunder,SEA,1601.4,1979-10-14,#007AC1
Thunder,SEA,1581.9689,1979-10-28,#007AC1
Thunder,SEA,1614.4535,1979-11-14,#007AC1
Thunder,SEA,1634.6926,1979-11-28,#007AC1
Thunder,SEA,1643.7258,1979-12-14,#007AC1
Thunder,SEA,1636.6783,1979-12-28,#007AC1
Thunder,SEA,1637.3088,1980-01-28,#007AC1
Thunder,SEA,1680.8738,1980-02-14,#007AC1
Thunder,SEA,1648.1218,1980-02-28,#007AC1
Thunder,SEA,1633.9309,1980-03-14,#007AC1
Thunder,SEA,1631.05,1980-03-28,#007AC1
Thunder,SEA,1620.3728,1980-04-14,#007AC1
Thunder,SEA,1582.6802,1980-05-14,#007AC1
Thunder,SEA,1574.1927,1980-10-14,#007AC1
Thunder,SEA,1552.9977,1980-10-28,#007AC1
Thunder,SEA,1514.1724,1980-11-14,#007AC1
Thunder,SEA,1486.2832,1980-11-28,#007AC1
Thunder,SEA,1497.9154,1980-12-14,#007AC1
Thunder,SEA,1479.5153,1980-12-28,#007AC1
Thunder,SEA,1473.7599,1981-01-14,#007AC1
Thunder,SEA,1447.101,1981-01-28,#007AC1
Thunder,SEA,1465.1045,1981-02-14,#007AC1
Thunder,SEA,1446.0626,1981-02-28,#007AC1
Thunder,SEA,1455.7981,1981-03-14,#007AC1
Thunder,SEA,1425.6617,1981-03-28,#007AC1
Thunder,SEA,1456.1091,1981-04-14,#007AC1
Thunder,SEA,1456.1091,1981-05-14,#007AC1
Thunder,SEA,1447.0009,1981-11-14,#007AC1
Thunder,SEA,1466.9865,1981-11-28,#007AC1
Thunder,SEA,1549.8624,1981-12-28,#007AC1
Thunder,SEA,1593.3969,1982-01-14,#007AC1
Thunder,SEA,1626.4458,1982-01-28,#007AC1
Thunder,SEA,1602.6266,1982-02-14,#007AC1
Thunder,SEA,1576.3663,1982-02-28,#007AC1
Thunder,SEA,1589.6774,1982-03-14,#007AC1
Thunder,SEA,1589.5187,1982-03-28,#007AC1
Thunder,SEA,1566.8617,1982-04-14,#007AC1
Thunder,SEA,1567.0439,1982-04-28,#007AC1
Thunder,SEA,1550.2211,1982-05-14,#007AC1
Thunder,SEA,1620.228,1982-11-14,#007AC1
Thunder,SEA,1602.4329,1982-11-28,#007AC1
Thunder,SEA,1569.3143,1982-12-14,#007AC1
Thunder,SEA,1592.5244,1982-12-28,#007AC1
Thunder,SEA,1516.661,1983-01-14,#007AC1
Thunder,SEA,1510.7876,1983-01-28,#007AC1
Thunder,SEA,1591.2235,1983-04-14,#007AC1
Thunder,SEA,1532.6714,1983-05-14,#007AC1
Thunder,SEA,1532.6714,1983-10-28,#007AC1
Thunder,SEA,1525.6708,1983-11-28,#007AC1
Thunder,SEA,1483.297,1983-12-14,#007AC1
Thunder,SEA,1458.2102,1983-12-28,#007AC1
Thunder,SEA,1514.5018,1984-01-14,#007AC1
Thunder,SEA,1510.9225,1984-02-14,#007AC1
Thunder,SEA,1505.9772,1984-02-28,#007AC1
Thunder,SEA,1489.9141,1984-03-14,#007AC1
Thunder,SEA,1476.0635,1984-03-28,#007AC1
Thunder,SEA,1508.3549,1984-04-14,#007AC1
Thunder,SEA,1507.7736,1984-04-28,#007AC1
Thunder,SEA,1491.1742,1984-10-28,#007AC1
Thunder,SEA,1471.15,1984-11-14,#007AC1
Thunder,SEA,1445.3866,1984-11-28,#007AC1
Thunder,SEA,1474.4509,1984-12-14,#007AC1
Thunder,SEA,1465.2899,1984-12-28,#007AC1
Thunder,SEA,1449.0757,1985-01-14,#007AC1
Thunder,SEA,1463.9106,1985-01-28,#007AC1
Thunder,SEA,1435.4603,1985-02-14,#007AC1
Thunder,SEA,1434.5294,1985-02-28,#007AC1
Thunder,SEA,1417.2631,1985-03-14,#007AC1
Thunder,SEA,1382.5427,1985-03-28,#007AC1
Thunder,SEA,1324.3304,1985-04-14,#007AC1
Thunder,SEA,1366.9537,1985-04-28,#007AC1
Thunder,SEA,1366.9537,1985-05-14,#007AC1
Thunder,SEA,1385.2716,1985-11-14,#007AC1
Thunder,SEA,1467.4211,1985-12-14,#007AC1
Thunder,SEA,1427.438,1985-12-28,#007AC1
Thunder,SEA,1422.2482,1986-01-14,#007AC1
Thunder,SEA,1411.8516,1986-01-28,#007AC1
Thunder,SEA,1424.1931,1986-02-14,#007AC1
Thunder,SEA,1436.799,1986-02-28,#007AC1
Thunder,SEA,1438.5295,1986-03-14,#007AC1
Thunder,SEA,1430.2814,1986-03-28,#007AC1
Thunder,SEA,1451.6802,1986-11-14,#007AC1
Thunder,SEA,1466.9694,1986-11-28,#007AC1
Thunder,SEA,1495.1718,1986-12-14,#007AC1
Thunder,SEA,1491.5116,1986-12-28,#007AC1
Thunder,SEA,1506.5354,1987-01-14,#007AC1
Thunder,SEA,1547.411,1987-01-28,#007AC1
Thunder,SEA,1492.5028,1987-02-14,#007AC1
Thunder,SEA,1494.6824,1987-02-28,#007AC1
Thunder,SEA,1503.4006,1987-03-14,#007AC1
Thunder,SEA,1490.0603,1987-03-28,#007AC1
Thunder,SEA,1475.1071,1987-04-14,#007AC1
Thunder,SEA,1508.387,1987-04-28,#007AC1
Thunder,SEA,1532.3381,1987-05-14,#007AC1
Thunder,SEA,1507.0981,1987-05-28,#007AC1
Thunder,SEA,1507.0981,1987-06-14,#007AC1
Thunder,SEA,1502.7847,1987-11-14,#007AC1
Thunder,SEA,1527.6448,1987-11-28,#007AC1
Thunder,SEA,1512.844,1987-12-14,#007AC1
Thunder,SEA,1528.6841,1987-12-28,#007AC1
Thunder,SEA,1555.5007,1988-01-14,#007AC1
Thunder,SEA,1569.1971,1988-01-28,#007AC1
Thunder,SEA,1511.7394,1988-02-14,#007AC1
Thunder,SEA,1520.7113,1988-02-28,#007AC1
Thunder,SEA,1486.7908,1988-03-14,#007AC1
Thunder,SEA,1505.9607,1988-03-28,#007AC1
Thunder,SEA,1536.2523,1988-04-14,#007AC1
Thunder,SEA,1527.4149,1988-04-28,#007AC1
Thunder,SEA,1547.0988,1988-05-14,#007AC1
Thunder,SEA,1547.0988,1988-05-28,#007AC1
Thunder,SEA,1547.0988,1988-06-14,#007AC1
Thunder,SEA,1541.1937,1988-11-14,#007AC1
Thunder,SEA,1517.1205,1988-11-28,#007AC1
Thunder,SEA,1532.0341,1988-12-14,#007AC1
Thunder,SEA,1527.5896,1988-12-28,#007AC1
Thunder,SEA,1563.1766,1989-01-14,#007AC1
Thunder,SEA,1574.7606,1989-01-28,#007AC1
Thunder,SEA,1541.5195,1989-02-14,#007AC1
Thunder,SEA,1531.5773,1989-02-28,#007AC1
Thunder,SEA,1529.5856,1989-03-14,#007AC1
Thunder,SEA,1514.3212,1989-03-28,#007AC1
Thunder,SEA,1529.722,1989-04-14,#007AC1
Thunder,SEA,1551.2032,1989-04-28,#007AC1
Thunder,SEA,1528.9823,1989-05-14,#007AC1
Thunder,SEA,1525.4795,1989-05-28,#007AC1
Thunder,SEA,1512.0353,1989-11-14,#007AC1
Thunder,SEA,1536.9818,1989-11-28,#007AC1
Thunder,SEA,1547.9316,1989-12-14,#007AC1
Thunder,SEA,1528.3521,1989-12-28,#007AC1
Thunder,SEA,1521.6085,1990-01-14,#007AC1
Thunder,SEA,1462.0255,1990-01-28,#007AC1
Thunder,SEA,1472.6239,1990-02-14,#007AC1
Thunder,SEA,1490.2749,1990-02-28,#007AC1
Thunder,SEA,1483.6317,1990-03-14,#007AC1
Thunder,SEA,1474.0867,1990-03-28,#007AC1
Thunder,SEA,1481.196,1990-04-14,#007AC1
Thunder,SEA,1501.3811,1990-04-28,#007AC1
Thunder,SEA,1501.3811,1990-05-28,#007AC1
Thunder,SEA,1501.3811,1990-06-14,#007AC1
Thunder,SEA,1471.3081,1990-11-14,#007AC1
Thunder,SEA,1447.0565,1990-11-28,#007AC1
Thunder,SEA,1421.6908,1990-12-14,#007AC1
Thunder,SEA,1471.9047,1990-12-28,#007AC1
Thunder,SEA,1465.0636,1991-01-14,#007AC1
Thunder,SEA,1490.4745,1991-01-28,#007AC1
Thunder,SEA,1499.745,1991-02-14,#007AC1
Thunder,SEA,1518.411,1991-02-28,#007AC1
Thunder,SEA,1499.5276,1991-03-14,#007AC1
Thunder,SEA,1506.261,1991-03-28,#007AC1
Thunder,SEA,1517.316,1991-04-14,#007AC1
Thunder,SEA,1511.4255,1991-04-28,#007AC1
Thunder,SEA,1516.032,1991-05-14,#007AC1
Thunder,SEA,1516.032,1991-05-28,#007AC1
Thunder,SEA,1522.5858,1991-11-14,#007AC1
Thunder,SEA,1515.437,1991-12-14,#007AC1
Thunder,SEA,1516.9205,1991-12-28,#007AC1
Thunder,SEA,1482.1344,1992-01-14,#007AC1
Thunder,SEA,1471.8784,1992-01-28,#007AC1
Thunder,SEA,1508.8296,1992-02-14,#007AC1
Thunder,SEA,1534.325,1992-02-28,#007AC1
Thunder,SEA,1543.3196,1992-03-14,#007AC1
Thunder,SEA,1551.3428,1992-03-28,#007AC1
Thunder,SEA,1585.2344,1992-04-14,#007AC1
Thunder,SEA,1593.3885,1992-04-28,#007AC1
Thunder,SEA,1580.3428,1992-05-14,#007AC1
Thunder,SEA,1580.4821,1992-05-28,#007AC1
Thunder,SEA,1580.4821,1992-06-14,#007AC1
Thunder,SEA,1585.4114,1992-11-14,#007AC1
Thunder,SEA,1584.7057,1992-11-28,#007AC1
Thunder,SEA,1585.71,1992-12-14,#007AC1
Thunder,SEA,1630.7426,1992-12-28,#007AC1
Thunder,SEA,1644.1591,1993-01-14,#007AC1
Thunder,SEA,1627.7881,1993-01-28,#007AC1
Thunder,SEA,1589.6963,1993-02-14,#007AC1
Thunder,SEA,1631.4479,1993-02-28,#007AC1
Thunder,SEA,1638.267,1993-03-14,#007AC1
Thunder,SEA,1637.1907,1993-03-28,#007AC1
Thunder,SEA,1638.3348,1993-04-14,#007AC1
Thunder,SEA,1629.7816,1993-05-14,#007AC1
Thunder,SEA,1620.7019,1993-05-28,#007AC1
Thunder,SEA,1629.3735,1993-11-14,#007AC1
Thunder,SEA,1651.9258,1993-11-28,#007AC1
Thunder,SEA,1671.4194,1993-12-14,#007AC1
Thunder,SEA,1681.6697,1993-12-28,#007AC1
Thunder,SEA,1669.6154,1994-01-14,#007AC1
Thunder,SEA,1626.4067,1994-01-28,#007AC1
Thunder,SEA,1644.9614,1994-02-28,#007AC1
Thunder,SEA,1651.2754,1994-03-14,#007AC1
Thunder,SEA,1677.1649,1994-03-28,#007AC1
Thunder,SEA,1693.5975,1994-04-14,#007AC1
Thunder,SEA,1713.3291,1994-04-28,#007AC1
Thunder,SEA,1638.6226,1994-05-14,#007AC1
Thunder,SEA,1638.6226,1994-05-28,#007AC1
Thunder,SEA,1617.113,1994-11-14,#007AC1
Thunder,SEA,1633.681,1994-11-28,#007AC1
Thunder,SEA,1623.6752,1994-12-14,#007AC1
Thunder,SEA,1649.8088,1994-12-28,#007AC1
Thunder,SEA,1694.7605,1995-01-14,#007AC1
Thunder,SEA,1681.2871,1995-01-28,#007AC1
Thunder,SEA,1709.7922,1995-02-14,#007AC1
Thunder,SEA,1680.3394,1995-02-28,#007AC1
Thunder,SEA,1685.6522,1995-03-14,#007AC1
Thunder,SEA,1702.0625,1995-03-28,#007AC1
Thunder,SEA,1708.476,1995-04-14,#007AC1
Thunder,SEA,1682.8491,1995-04-28,#007AC1
Thunder,SEA,1615.3959,1995-05-14,#007AC1
Thunder,SEA,1615.3959,1995-05-28,#007AC1
Thunder,SEA,1615.3959,1995-06-14,#007AC1
Thunder,SEA,1632.9712,1995-11-14,#007AC1
Thunder,SEA,1611.5779,1995-11-28,#007AC1
Thunder,SEA,1631.8069,1995-12-14,#007AC1
Thunder,SEA,1640.0591,1995-12-28,#007AC1
Thunder,SEA,1659.9167,1996-01-14,#007AC1
Thunder,SEA,1669.5171,1996-01-28,#007AC1
Thunder,SEA,1679.3741,1996-02-14,#007AC1
Thunder,SEA,1699.774,1996-02-28,#007AC1
Thunder,SEA,1699.9635,1996-03-14,#007AC1
Thunder,SEA,1708.0358,1996-03-28,#007AC1
Thunder,SEA,1727.5942,1996-04-14,#007AC1
Thunder,SEA,1684.6072,1996-04-28,#007AC1
Thunder,SEA,1725.0394,1996-05-14,#007AC1
Thunder,SEA,1710.0011,1996-05-28,#007AC1
Thunder,SEA,1708.1879,1996-06-14,#007AC1
Thunder,SEA,1660.1232,1996-11-14,#007AC1
Thunder,SEA,1684.8414,1996-11-28,#007AC1
Thunder,SEA,1627.8491,1996-12-14,#007AC1
Thunder,SEA,1634.9142,1996-12-28,#007AC1
Thunder,SEA,1653.1642,1997-01-14,#007AC1
Thunder,SEA,1657.3541,1997-01-28,#007AC1
Thunder,SEA,1653.059,1997-02-14,#007AC1
Thunder,SEA,1679.568,1997-02-28,#007AC1
Thunder,SEA,1682.3091,1997-03-14,#007AC1
Thunder,SEA,1684.6309,1997-03-28,#007AC1
Thunder,SEA,1638.6989,1997-04-14,#007AC1
Thunder,SEA,1635.4745,1997-04-28,#007AC1
Thunder,SEA,1651.2352,1997-05-14,#007AC1
Thunder,SEA,1621.4258,1997-05-28,#007AC1
Thunder,SEA,1630.2043,1997-11-14,#007AC1
Thunder,SEA,1648.6133,1997-11-28,#007AC1
Thunder,SEA,1652.7032,1997-12-14,#007AC1
Thunder,SEA,1657.6431,1997-12-28,#007AC1
Thunder,SEA,1699.2714,1998-01-14,#007AC1
Thunder,SEA,1684.8367,1998-01-28,#007AC1
Thunder,SEA,1663.1884,1998-02-14,#007AC1
Thunder,SEA,1647.7964,1998-02-28,#007AC1
Thunder,SEA,1646.4993,1998-03-14,#007AC1
Thunder,SEA,1641.6677,1998-03-28,#007AC1
Thunder,SEA,1635.0006,1998-04-14,#007AC1
Thunder,SEA,1620.1719,1998-04-28,#007AC1
Thunder,SEA,1577.5394,1998-06-14,#007AC1
Thunder,SEA,1604.0139,1999-02-14,#007AC1
Thunder,SEA,1580.4879,1999-02-28,#007AC1
Thunder,SEA,1554.743,1999-03-14,#007AC1
Thunder,SEA,1523.1674,1999-03-28,#007AC1
Thunder,SEA,1503.4354,1999-04-14,#007AC1
Thunder,SEA,1472.7927,1999-04-28,#007AC1
Thunder,SEA,1493.8604,1999-05-14,#007AC1
Thunder,SEA,1524.3599,1999-11-14,#007AC1
Thunder,SEA,1536.4087,1999-11-28,#007AC1
Thunder,SEA,1520.8302,1999-12-14,#007AC1
Thunder,SEA,1486.6704,1999-12-28,#007AC1
Thunder,SEA,1526.5087,2000-01-14,#007AC1
Thunder,SEA,1514.1078,2000-01-28,#007AC1
Thunder,SEA,1527.6676,2000-02-28,#007AC1
Thunder,SEA,1536.1803,2000-03-14,#007AC1
Thunder,SEA,1488.0288,2000-03-28,#007AC1
Thunder,SEA,1497.1825,2000-04-14,#007AC1
Thunder,SEA,1501.7064,2000-04-28,#007AC1
Thunder,SEA,1500.6969,2000-05-14,#007AC1
Thunder,SEA,1500.6969,2000-05-28,#007AC1
Thunder,SEA,1500.6969,2000-06-14,#007AC1
Thunder,SEA,1492.5167,2000-11-14,#007AC1
Thunder,SEA,1511.5563,2000-11-28,#007AC1
Thunder,SEA,1537.0793,2000-12-14,#007AC1
Thunder,SEA,1555.6086,2000-12-28,#007AC1
Thunder,SEA,1557.5419,2001-01-14,#007AC1
Thunder,SEA,1534.5626,2001-01-28,#007AC1
Thunder,SEA,1497.1967,2001-02-14,#007AC1
Thunder,SEA,1481.1321,2001-02-28,#007AC1
Thunder,SEA,1504.665,2001-03-14,#007AC1
Thunder,SEA,1526.6873,2001-03-28,#007AC1
Thunder,SEA,1522.3943,2001-04-14,#007AC1
Thunder,SEA,1542.1539,2001-04-28,#007AC1
Thunder,SEA,1542.1539,2001-05-14,#007AC1
Thunder,SEA,1542.1539,2001-05-28,#007AC1
Thunder,SEA,1521.6936,2001-11-14,#007AC1
Thunder,SEA,1528.3407,2001-11-28,#007AC1
Thunder,SEA,1521.9364,2001-12-14,#007AC1
Thunder,SEA,1569.12,2001-12-28,#007AC1
Thunder,SEA,1555.8401,2002-01-14,#007AC1
Thunder,SEA,1576.0875,2002-01-28,#007AC1
Thunder,SEA,1552.249,2002-02-14,#007AC1
Thunder,SEA,1607.5504,2002-02-28,#007AC1
Thunder,SEA,1600.125,2002-03-14,#007AC1
Thunder,SEA,1622.1738,2002-03-28,#007AC1
Thunder,SEA,1580.069,2002-04-14,#007AC1
Thunder,SEA,1587.046,2002-04-28,#007AC1
Thunder,SEA,1566.8488,2002-05-14,#007AC1
Thunder,SEA,1566.8488,2002-05-28,#007AC1
Thunder,SEA,1601.2318,2002-11-14,#007AC1
Thunder,SEA,1525.6753,2002-11-28,#007AC1
Thunder,SEA,1529.4379,2002-12-14,#007AC1
Thunder,SEA,1527.3719,2002-12-28,#007AC1
Thunder,SEA,1451.7985,2003-01-14,#007AC1
Thunder,SEA,1474.9038,2003-01-28,#007AC1
Thunder,SEA,1432.6992,2003-02-14,#007AC1
Thunder,SEA,1489.9374,2003-02-28,#007AC1
Thunder,SEA,1480.238,2003-03-14,#007AC1
Thunder,SEA,1502.6838,2003-03-28,#007AC1
Thunder,SEA,1518.7297,2003-04-14,#007AC1
Thunder,SEA,1550.9008,2003-04-28,#007AC1
Thunder,SEA,1550.9008,2003-05-14,#007AC1
Thunder,SEA,1550.9008,2003-10-28,#007AC1
Thunder,SEA,1535.1008,2003-11-14,#007AC1
Thunder,SEA,1489.8314,2003-11-28,#007AC1
Thunder,SEA,1506.4001,2003-12-14,#007AC1
Thunder,SEA,1503.0229,2003-12-28,#007AC1
Thunder,SEA,1497.0615,2004-01-14,#007AC1
Thunder,SEA,1489.3533,2004-01-28,#007AC1
Thunder,SEA,1466.3634,2004-02-28,#007AC1
Thunder,SEA,1456.6069,2004-03-14,#007AC1
Thunder,SEA,1495.1915,2004-03-28,#007AC1
Thunder,SEA,1514.579,2004-04-14,#007AC1
Thunder,SEA,1487.4177,2004-04-28,#007AC1
Thunder,SEA,1487.4177,2004-05-14,#007AC1
Thunder,SEA,1487.4177,2004-05-28,#007AC1
Thunder,SEA,1562.0674,2004-11-14,#007AC1
Thunder,SEA,1610.427,2004-11-28,#007AC1
Thunder,SEA,1616.8778,2004-12-14,#007AC1
Thunder,SEA,1606.5782,2004-12-28,#007AC1
Thunder,SEA,1590.832,2005-01-14,#007AC1
Thunder,SEA,1578.3501,2005-01-28,#007AC1
Thunder,SEA,1577.0171,2005-02-14,#007AC1
Thunder,SEA,1584.6113,2005-02-28,#007AC1
Thunder,SEA,1594.9255,2005-03-14,#007AC1
Thunder,SEA,1606.2518,2005-03-28,#007AC1
Thunder,SEA,1521.5339,2005-04-14,#007AC1
Thunder,SEA,1539.2803,2005-04-28,#007AC1
Thunder,SEA,1568.4905,2005-05-14,#007AC1
Thunder,SEA,1530.4636,2005-05-28,#007AC1
Thunder,SEA,1530.4636,2005-06-14,#007AC1
Thunder,SEA,1487.1654,2005-11-14,#007AC1
Thunder,SEA,1483.2842,2005-11-28,#007AC1
Thunder,SEA,1462.9408,2005-12-14,#007AC1
Thunder,SEA,1469.1149,2005-12-28,#007AC1
Thunder,SEA,1445.4142,2006-01-14,#007AC1
Thunder,SEA,1464.3433,2006-01-28,#007AC1
Thunder,SEA,1410.2137,2006-02-14,#007AC1
Thunder,SEA,1409.4044,2006-02-28,#007AC1
Thunder,SEA,1426.3751,2006-03-14,#007AC1
Thunder,SEA,1449.901,2006-03-28,#007AC1
Thunder,SEA,1449.2067,2006-04-14,#007AC1
Thunder,SEA,1473.391,2006-04-28,#007AC1
Thunder,SEA,1473.391,2006-05-14,#007AC1
Thunder,SEA,1473.391,2006-05-28,#007AC1
Thunder,SEA,1498.1516,2006-11-14,#007AC1
Thunder,SEA,1469.6128,2006-11-28,#007AC1
Thunder,SEA,1472.677,2006-12-14,#007AC1
Thunder,SEA,1463.4927,2006-12-28,#007AC1
Thunder,SEA,1433.4354,2007-01-14,#007AC1
Thunder,SEA,1423.8983,2007-01-28,#007AC1
Thunder,SEA,1447.6304,2007-02-14,#007AC1
Thunder,SEA,1454.8279,2007-02-28,#007AC1
Thunder,SEA,1438.0105,2007-03-14,#007AC1
Thunder,SEA,1461.6757,2007-03-28,#007AC1
Thunder,SEA,1436.3481,2007-04-14,#007AC1
Thunder,SEA,1434.995,2007-04-28,#007AC1
Thunder,SEA,1434.995,2007-05-14,#007AC1
Thunder,SEA,1434.995,2007-05-28,#007AC1
Thunder,SEA,1434.995,2007-06-14,#007AC1
Thunder,SEA,1408.0546,2007-11-14,#007AC1
Thunder,SEA,1371.8217,2007-11-28,#007AC1
Thunder,SEA,1397.3002,2007-12-14,#007AC1
Thunder,SEA,1390.7178,2007-12-28,#007AC1
Thunder,SEA,1353.1588,2008-01-14,#007AC1
Thunder,SEA,1327.0756,2008-01-28,#007AC1
Thunder,SEA,1354.3735,2008-02-14,#007AC1
Thunder,SEA,1322.8098,2008-02-28,#007AC1
Thunder,SEA,1300.8906,2008-03-14,#007AC1
Thunder,SEA,1295.8285,2008-03-28,#007AC1
Thunder,SEA,1303.0555,2008-04-14,#007AC1
Thunder,OKC,1337.1842,2008-04-28,#007AC1
Thunder,OKC,1337.1842,2008-05-14,#007AC1
Thunder,OKC,1337.1842,2008-05-28,#007AC1
Thunder,OKC,1337.1842,2008-10-28,#007AC1
Thunder,OKC,1314.6479,2008-11-14,#007AC1
Thunder,OKC,1266.3861,2008-11-28,#007AC1
Thunder,OKC,1258.2748,2008-12-14,#007AC1
Thunder,OKC,1249.9476,2008-12-28,#007AC1
Thunder,OKC,1312.3007,2009-01-14,#007AC1
Thunder,OKC,1338.9757,2009-01-28,#007AC1
Thunder,OKC,1338.9932,2009-02-28,#007AC1
Thunder,OKC,1369.8491,2009-03-14,#007AC1
Thunder,OKC,1361.6586,2009-03-28,#007AC1
Thunder,OKC,1367.1072,2009-04-14,#007AC1
Thunder,OKC,1407.7279,2009-04-28,#007AC1
Thunder,OKC,1407.7279,2009-05-14,#007AC1
Thunder,OKC,1407.7279,2009-05-28,#007AC1
Thunder,OKC,1407.7279,2009-06-14,#007AC1
Thunder,OKC,1407.7279,2009-10-28,#007AC1
Thunder,OKC,1455.293,2009-11-14,#007AC1
Thunder,OKC,1479.0953,2009-11-28,#007AC1
Thunder,OKC,1479.7703,2009-12-14,#007AC1
Thunder,OKC,1499.3794,2009-12-28,#007AC1
Thunder,OKC,1515.9424,2010-01-14,#007AC1
Thunder,OKC,1534.0193,2010-01-28,#007AC1
Thunder,OKC,1584.8949,2010-02-28,#007AC1
Thunder,OKC,1601.0436,2010-03-14,#007AC1
Thunder,OKC,1592.572,2010-03-28,#007AC1
Thunder,OKC,1604.6261,2010-04-14,#007AC1
Thunder,OKC,1594.6467,2010-04-28,#007AC1
Thunder,OKC,1577.2463,2010-05-28,#007AC1
Thunder,OKC,1580.057,2010-10-28,#007AC1
Thunder,OKC,1524.5411,2010-11-14,#007AC1
Thunder,OKC,1558.8066,2010-11-28,#007AC1
Thunder,OKC,1576.3015,2010-12-14,#007AC1
Thunder,OKC,1569.7704,2010-12-28,#007AC1
Thunder,OKC,1585.5746,2011-01-14,#007AC1
Thunder,OKC,1583.7455,2011-01-28,#007AC1
Thunder,OKC,1594.0428,2011-02-14,#007AC1
Thunder,OKC,1586.6526,2011-02-28,#007AC1
Thunder,OKC,1619.4205,2011-03-14,#007AC1
Thunder,OKC,1637.0037,2011-03-28,#007AC1
Thunder,OKC,1659.0131,2011-04-28,#007AC1
Thunder,OKC,1634.8025,2011-12-28,#007AC1
Thunder,OKC,1652.2936,2012-01-14,#007AC1
Thunder,OKC,1651.9301,2012-01-28,#007AC1
Thunder,OKC,1672.2307,2012-02-14,#007AC1
Thunder,OKC,1692.8612,2012-02-28,#007AC1
Thunder,OKC,1676.0184,2012-03-14,#007AC1
Thunder,OKC,1694.5084,2012-03-28,#007AC1
Thunder,OKC,1688.3552,2012-04-14,#007AC1
Thunder,OKC,1671.0098,2012-04-28,#007AC1
Thunder,OKC,1700.5254,2012-05-14,#007AC1
Thunder,OKC,1698.9551,2012-05-28,#007AC1
Thunder,OKC,1732.2164,2012-06-14,#007AC1
Thunder,OKC,1643.9785,2012-11-14,#007AC1
Thunder,OKC,1666.2805,2012-11-28,#007AC1
Thunder,OKC,1693.9326,2012-12-14,#007AC1
Thunder,OKC,1715.1938,2012-12-28,#007AC1
Thunder,OKC,1705.7251,2013-01-14,#007AC1
Thunder,OKC,1710.8381,2013-01-28,#007AC1
Thunder,OKC,1683.3494,2013-02-14,#007AC1
Thunder,OKC,1690.1934,2013-02-28,#007AC1
Thunder,OKC,1708.2631,2013-03-14,#007AC1
Thunder,OKC,1689.6833,2013-03-28,#007AC1
Thunder,OKC,1736.2958,2013-04-14,#007AC1
Thunder,OKC,1722.031,2013-04-28,#007AC1
Thunder,OKC,1684.151,2013-05-14,#007AC1
Thunder,OKC,1644.5868,2013-05-28,#007AC1
Thunder,OKC,1628.96,2013-11-14,#007AC1
Thunder,OKC,1701.4594,2013-12-14,#007AC1
Thunder,OKC,1734.7668,2013-12-28,#007AC1
Thunder,OKC,1677.2421,2014-01-14,#007AC1
Thunder,OKC,1738.1194,2014-01-28,#007AC1
Thunder,OKC,1664.9332,2014-02-28,#007AC1
Thunder,OKC,1627.3657,2014-03-14,#007AC1
Thunder,OKC,1649.5553,2014-03-28,#007AC1
Thunder,OKC,1646.824,2014-04-14,#007AC1
Thunder,OKC,1640.7734,2014-04-28,#007AC1
Thunder,OKC,1681.5292,2014-05-14,#007AC1
Thunder,OKC,1666.2584,2014-05-28,#007AC1
Thunder,OKC,1607.6138,2014-10-28,#007AC1
Thunder,OKC,1554.3212,2014-11-14,#007AC1
Thunder,OKC,1523.2277,2014-11-28,#007AC1
Thunder,OKC,1562.5314,2014-12-14,#007AC1
Thunder,OKC,1578.3894,2014-12-28,#007AC1
Thunder,OKC,1554.7244,2015-01-14,#007AC1
Thunder,OKC,1569.3021,2015-01-28,#007AC1
Thunder,OKC,1624.5492,2015-02-28,#007AC1
Thunder,OKC,1615.6298,2015-03-14,#007AC1
Thunder,OKC,1604.6492,2015-03-28,#007AC1
Thunder,OKC,1583.2285,2015-04-14,#007AC1
Suns,PHO,1315.5109,1968-10-28,#E56020
Suns,PHO,1307.3352,1968-11-14,#E56020
Suns,PHO,1275.2579,1968-11-28,#E56020
Suns,PHO,1274.9615,1968-12-14,#E56020
Suns,PHO,1254.2125,1968-12-28,#E56020
Suns,PHO,1231.3523,1969-01-14,#E56020
Suns,PHO,1216.1353,1969-01-28,#E56020
Suns,PHO,1220.9285,1969-02-14,#E56020
Suns,PHO,1220.0317,1969-02-28,#E56020
Suns,PHO,1207.2982,1969-03-14,#E56020
Suns,PHO,1257.821,1969-03-28,#E56020
Suns,PHO,1257.821,1969-04-14,#E56020
Suns,PHO,1257.821,1969-10-14,#E56020
Suns,PHO,1260.5684,1969-10-28,#E56020
Suns,PHO,1270.7859,1969-11-14,#E56020
Suns,PHO,1299.9442,1969-11-28,#E56020
Suns,PHO,1401.1793,1969-12-14,#E56020
Suns,PHO,1381.9341,1969-12-28,#E56020
Suns,PHO,1394.149,1970-01-14,#E56020
Suns,PHO,1404.6455,1970-01-28,#E56020
Suns,PHO,1405.6017,1970-02-14,#E56020
Suns,PHO,1450.6606,1970-02-28,#E56020
Suns,PHO,1422.5806,1970-03-14,#E56020
Suns,PHO,1458.2968,1970-03-28,#E56020
Suns,PHO,1464.7327,1970-04-14,#E56020
Suns,PHO,1464.7327,1970-04-28,#E56020
Suns,PHO,1464.7327,1970-10-14,#E56020
Suns,PHO,1441.7397,1970-10-28,#E56020
Suns,PHO,1475.9735,1970-11-14,#E56020
Suns,PHO,1489.1923,1970-11-28,#E56020
Suns,PHO,1477.6321,1970-12-28,#E56020
Suns,PHO,1508.2555,1971-01-14,#E56020
Suns,PHO,1516.3389,1971-01-28,#E56020
Suns,PHO,1514.5522,1971-02-14,#E56020
Suns,PHO,1557.1725,1971-02-28,#E56020
Suns,PHO,1529.5657,1971-03-14,#E56020
Suns,PHO,1500.0841,1971-03-28,#E56020
Suns,PHO,1500.0841,1971-04-14,#E56020
Suns,PHO,1500.0841,1971-04-28,#E56020
Suns,PHO,1500.0841,1971-10-14,#E56020
Suns,PHO,1506.2825,1971-10-28,#E56020
Suns,PHO,1501.6681,1971-11-14,#E56020
Suns,PHO,1501.7727,1971-11-28,#E56020
Suns,PHO,1562.3146,1971-12-14,#E56020
Suns,PHO,1571.4344,1971-12-28,#E56020
Suns,PHO,1566.5206,1972-01-14,#E56020
Suns,PHO,1569.5946,1972-01-28,#E56020
Suns,PHO,1588.052,1972-02-14,#E56020
Suns,PHO,1565.4955,1972-03-14,#E56020
Suns,PHO,1540.528,1972-03-28,#E56020
Suns,PHO,1540.528,1972-04-14,#E56020
Suns,PHO,1544.4479,1972-10-14,#E56020
Suns,PHO,1537.1047,1972-10-28,#E56020
Suns,PHO,1544.5591,1972-11-14,#E56020
Suns,PHO,1502.4878,1972-11-28,#E56020
Suns,PHO,1479.2991,1972-12-14,#E56020
Suns,PHO,1529.5494,1972-12-28,#E56020
Suns,PHO,1524.8486,1973-01-14,#E56020
Suns,PHO,1451.5493,1973-01-28,#E56020
Suns,PHO,1457.2588,1973-02-14,#E56020
Suns,PHO,1447.5927,1973-02-28,#E56020
Suns,PHO,1429.9747,1973-03-14,#E56020
Suns,PHO,1445.2908,1973-03-28,#E56020
Suns,PHO,1463.1929,1973-04-14,#E56020
Suns,PHO,1463.1929,1973-04-28,#E56020
Suns,PHO,1426.2401,1973-10-14,#E56020
Suns,PHO,1399.2021,1973-10-28,#E56020
Suns,PHO,1402.5743,1973-11-14,#E56020
Suns,PHO,1387.7227,1973-11-28,#E56020
Suns,PHO,1413.3243,1973-12-14,#E56020
Suns,PHO,1442.55,1973-12-28,#E56020
Suns,PHO,1375.77,1974-01-14,#E56020
Suns,PHO,1428.9403,1974-01-28,#E56020
Suns,PHO,1405.3478,1974-02-14,#E56020
Suns,PHO,1373.5895,1974-02-28,#E56020
Suns,PHO,1356.7681,1974-03-14,#E56020
Suns,PHO,1441.8831,1974-03-28,#E56020
Suns,PHO,1441.8831,1974-04-14,#E56020
Suns,PHO,1441.8831,1974-04-28,#E56020
Suns,PHO,1441.4474,1974-11-14,#E56020
Suns,PHO,1434.7369,1974-11-28,#E56020
Suns,PHO,1432.4398,1974-12-14,#E56020
Suns,PHO,1432.2246,1974-12-28,#E56020
Suns,PHO,1428.1788,1975-01-14,#E56020
Suns,PHO,1425.8186,1975-01-28,#E56020
Suns,PHO,1437.3779,1975-02-14,#E56020
Suns,PHO,1467.1563,1975-02-28,#E56020
Suns,PHO,1441.8849,1975-03-14,#E56020
Suns,PHO,1402.9233,1975-03-28,#E56020
Suns,PHO,1415.0223,1975-04-14,#E56020
Suns,PHO,1415.0223,1975-04-28,#E56020
Suns,PHO,1415.0223,1975-05-14,#E56020
Suns,PHO,1404.8773,1975-10-28,#E56020
Suns,PHO,1438.4137,1975-11-14,#E56020
Suns,PHO,1454.4034,1975-11-28,#E56020
Suns,PHO,1513.8018,1975-12-14,#E56020
Suns,PHO,1479.2655,1975-12-28,#E56020
Suns,PHO,1433.5621,1976-01-14,#E56020
Suns,PHO,1416.4174,1976-01-28,#E56020
Suns,PHO,1459.7959,1976-02-14,#E56020
Suns,PHO,1453.5311,1976-02-28,#E56020
Suns,PHO,1480.015,1976-03-14,#E56020
Suns,PHO,1495.7644,1976-03-28,#E56020
Suns,PHO,1511.2869,1976-04-14,#E56020
Suns,PHO,1520.4463,1976-04-28,#E56020
Suns,PHO,1528.7002,1976-05-14,#E56020
Suns,PHO,1515.9213,1976-10-28,#E56020
Suns,PHO,1503.5249,1976-11-14,#E56020
Suns,PHO,1498.9957,1976-11-28,#E56020
Suns,PHO,1517.4688,1976-12-14,#E56020
Suns,PHO,1514.6794,1976-12-28,#E56020
Suns,PHO,1509.7568,1977-01-14,#E56020
Suns,PHO,1538.6711,1977-01-28,#E56020
Suns,PHO,1467.324,1977-03-14,#E56020
Suns,PHO,1503.7488,1977-04-14,#E56020
Suns,PHO,1509.4741,1977-10-28,#E56020
Suns,PHO,1548.176,1977-11-28,#E56020
Suns,PHO,1561.4252,1977-12-14,#E56020
Suns,PHO,1583.957,1977-12-28,#E56020
Suns,PHO,1588.6942,1978-01-14,#E56020
Suns,PHO,1606.0698,1978-01-28,#E56020
Suns,PHO,1613.7705,1978-02-14,#E56020
Suns,PHO,1558.2798,1978-02-28,#E56020
Suns,PHO,1538.9813,1978-03-14,#E56020
Suns,PHO,1549.4615,1978-03-28,#E56020
Suns,PHO,1528.0248,1978-04-14,#E56020
Suns,PHO,1526.9757,1978-04-28,#E56020
Suns,PHO,1526.9757,1978-05-14,#E56020
Suns,PHO,1526.9757,1978-05-28,#E56020
Suns,PHO,1538.8746,1978-10-14,#E56020
Suns,PHO,1554.5109,1978-10-28,#E56020
Suns,PHO,1559.8655,1978-11-14,#E56020
Suns,PHO,1573.1803,1978-11-28,#E56020
Suns,PHO,1585.7886,1978-12-14,#E56020
Suns,PHO,1586.3032,1978-12-28,#E56020
Suns,PHO,1555.0388,1979-01-14,#E56020
Suns,PHO,1567.3479,1979-01-28,#E56020
Suns,PHO,1583.0083,1979-02-14,#E56020
Suns,PHO,1554.4504,1979-02-28,#E56020
Suns,PHO,1560.5735,1979-03-14,#E56020
Suns,PHO,1589.0612,1979-03-28,#E56020
Suns,PHO,1599.0646,1979-10-14,#E56020
Suns,PHO,1583.7203,1979-10-28,#E56020
Suns,PHO,1590.1473,1979-11-14,#E56020
Suns,PHO,1599.0413,1979-11-28,#E56020
Suns,PHO,1590.0251,1979-12-14,#E56020
Suns,PHO,1625.1324,1979-12-28,#E56020
Suns,PHO,1588.2849,1980-01-28,#E56020
Suns,PHO,1600.355,1980-02-14,#E56020
Suns,PHO,1577.0215,1980-02-28,#E56020
Suns,PHO,1596.3381,1980-03-14,#E56020
Suns,PHO,1622.3529,1980-03-28,#E56020
Suns,PHO,1620.9213,1980-04-14,#E56020
Suns,PHO,1596.6765,1980-05-14,#E56020
Suns,PHO,1610.6034,1980-10-14,#E56020
Suns,PHO,1654.894,1980-10-28,#E56020
Suns,PHO,1643.244,1980-11-14,#E56020
Suns,PHO,1649.5806,1980-11-28,#E56020
Suns,PHO,1635.2463,1980-12-14,#E56020
Suns,PHO,1650.0201,1980-12-28,#E56020
Suns,PHO,1653.1614,1981-01-14,#E56020
Suns,PHO,1640.1471,1981-01-28,#E56020
Suns,PHO,1631.2393,1981-02-14,#E56020
Suns,PHO,1633.7148,1981-02-28,#E56020
Suns,PHO,1612.2301,1981-03-14,#E56020
Suns,PHO,1588.1213,1981-03-28,#E56020
Suns,PHO,1581.4386,1981-04-14,#E56020
Suns,PHO,1551.6315,1981-05-14,#E56020
Suns,PHO,1554.9567,1981-11-14,#E56020
Suns,PHO,1573.2319,1981-11-28,#E56020
Suns,PHO,1548.7198,1981-12-28,#E56020
Suns,PHO,1568.5092,1982-01-14,#E56020
Suns,PHO,1561.2664,1982-01-28,#E56020
Suns,PHO,1544.0959,1982-02-14,#E56020
Suns,PHO,1568.0598,1982-02-28,#E56020
Suns,PHO,1560.2081,1982-03-14,#E56020
Suns,PHO,1551.234,1982-03-28,#E56020
Suns,PHO,1572.1365,1982-04-14,#E56020
Suns,PHO,1567.3621,1982-04-28,#E56020
Suns,PHO,1547.4744,1982-05-14,#E56020
Suns,PHO,1595.1411,1982-11-14,#E56020
Suns,PHO,1554.6108,1982-11-28,#E56020
Suns,PHO,1530.238,1982-12-14,#E56020
Suns,PHO,1572.767,1982-12-28,#E56020
Suns,PHO,1606.0497,1983-01-14,#E56020
Suns,PHO,1597.8619,1983-01-28,#E56020
Suns,PHO,1631.0149,1983-04-14,#E56020
Suns,PHO,1571.1609,1983-05-14,#E56020
Suns,PHO,1571.1609,1983-10-28,#E56020
Suns,PHO,1491.0023,1983-11-28,#E56020
Suns,PHO,1511.5604,1983-12-14,#E56020
Suns,PHO,1539.598,1983-12-28,#E56020
Suns,PHO,1510.0088,1984-01-14,#E56020
Suns,PHO,1511.3041,1984-02-14,#E56020
Suns,PHO,1511.7443,1984-02-28,#E56020
Suns,PHO,1515.5593,1984-03-14,#E56020
Suns,PHO,1504.423,1984-03-28,#E56020
Suns,PHO,1535.3915,1984-04-14,#E56020
Suns,PHO,1542.5046,1984-04-28,#E56020
Suns,PHO,1563.6481,1984-10-28,#E56020
Suns,PHO,1557.8533,1984-11-14,#E56020
Suns,PHO,1534.3706,1984-11-28,#E56020
Suns,PHO,1542.4951,1984-12-14,#E56020
Suns,PHO,1503.7838,1984-12-28,#E56020
Suns,PHO,1504.8051,1985-01-14,#E56020
Suns,PHO,1461.2003,1985-01-28,#E56020
Suns,PHO,1465.9197,1985-02-14,#E56020
Suns,PHO,1487.9357,1985-02-28,#E56020
Suns,PHO,1468.0443,1985-03-14,#E56020
Suns,PHO,1420.6154,1985-03-28,#E56020
Suns,PHO,1423.5475,1985-04-14,#E56020
Suns,PHO,1433.8291,1985-04-28,#E56020
Suns,PHO,1433.8291,1985-05-14,#E56020
Suns,PHO,1380.3107,1985-11-14,#E56020
Suns,PHO,1433.0526,1985-12-14,#E56020
Suns,PHO,1439.5334,1985-12-28,#E56020
Suns,PHO,1477.454,1986-01-14,#E56020
Suns,PHO,1453.2672,1986-01-28,#E56020
Suns,PHO,1462.1487,1986-02-14,#E56020
Suns,PHO,1448.2205,1986-02-28,#E56020
Suns,PHO,1452.3389,1986-03-14,#E56020
Suns,PHO,1439.5126,1986-03-28,#E56020
Suns,PHO,1454.1418,1986-11-14,#E56020
Suns,PHO,1442.6294,1986-11-28,#E56020
Suns,PHO,1478.1056,1986-12-14,#E56020
Suns,PHO,1439.6084,1986-12-28,#E56020
Suns,PHO,1412.1165,1987-01-14,#E56020
Suns,PHO,1436.6641,1987-01-28,#E56020
Suns,PHO,1420.6556,1987-02-14,#E56020
Suns,PHO,1389.3755,1987-02-28,#E56020
Suns,PHO,1385.2427,1987-03-14,#E56020
Suns,PHO,1379.9072,1987-03-28,#E56020
Suns,PHO,1454.4177,1987-04-14,#E56020
Suns,PHO,1467.8182,1987-04-28,#E56020
Suns,PHO,1467.8182,1987-05-14,#E56020
Suns,PHO,1467.8182,1987-05-28,#E56020
Suns,PHO,1467.8182,1987-06-14,#E56020
Suns,PHO,1457.3706,1987-11-14,#E56020
Suns,PHO,1429.8885,1987-11-28,#E56020
Suns,PHO,1423.0973,1987-12-14,#E56020
Suns,PHO,1424.2711,1987-12-28,#E56020
Suns,PHO,1442.718,1988-01-14,#E56020
Suns,PHO,1407.563,1988-01-28,#E56020
Suns,PHO,1376.3992,1988-02-14,#E56020
Suns,PHO,1379.7852,1988-02-28,#E56020
Suns,PHO,1369.5994,1988-03-14,#E56020
Suns,PHO,1409.2074,1988-03-28,#E56020
Suns,PHO,1399.5859,1988-04-14,#E56020
Suns,PHO,1418.731,1988-04-28,#E56020
Suns,PHO,1418.731,1988-05-14,#E56020
Suns,PHO,1418.731,1988-05-28,#E56020
Suns,PHO,1418.731,1988-06-14,#E56020
Suns,PHO,1446.1324,1988-11-14,#E56020
Suns,PHO,1458.026,1988-11-28,#E56020
Suns,PHO,1488.6479,1988-12-14,#E56020
Suns,PHO,1523.4977,1988-12-28,#E56020
Suns,PHO,1536.7448,1989-01-14,#E56020
Suns,PHO,1557.4252,1989-01-28,#E56020
Suns,PHO,1589.4175,1989-02-14,#E56020
Suns,PHO,1590.4518,1989-02-28,#E56020
Suns,PHO,1593.3673,1989-03-14,#E56020
Suns,PHO,1638.1289,1989-03-28,#E56020
Suns,PHO,1661.243,1989-04-14,#E56020
Suns,PHO,1652.4468,1989-04-28,#E56020
Suns,PHO,1684.3726,1989-05-14,#E56020
Suns,PHO,1656.389,1989-05-28,#E56020
Suns,PHO,1621.0889,1989-11-14,#E56020
Suns,PHO,1588.8423,1989-11-28,#E56020
Suns,PHO,1569.2034,1989-12-14,#E56020
Suns,PHO,1575.6124,1989-12-28,#E56020
Suns,PHO,1600.8228,1990-01-14,#E56020
Suns,PHO,1626.033,1990-01-28,#E56020
Suns,PHO,1656.3318,1990-02-14,#E56020
Suns,PHO,1679.8195,1990-02-28,#E56020
Suns,PHO,1699.8093,1990-03-14,#E56020
Suns,PHO,1644.894,1990-03-28,#E56020
Suns,PHO,1624.816,1990-04-14,#E56020
Suns,PHO,1622.4966,1990-04-28,#E56020
Suns,PHO,1662.126,1990-05-28,#E56020
Suns,PHO,1628.4114,1990-06-14,#E56020
Suns,PHO,1625.5463,1990-11-14,#E56020
Suns,PHO,1633.1302,1990-11-28,#E56020
Suns,PHO,1617.1517,1990-12-14,#E56020
Suns,PHO,1624.1729,1990-12-28,#E56020
Suns,PHO,1646.9214,1991-01-14,#E56020
Suns,PHO,1631.9978,1991-01-28,#E56020
Suns,PHO,1661.1857,1991-02-14,#E56020
Suns,PHO,1639.2216,1991-02-28,#E56020
Suns,PHO,1663.3766,1991-03-14,#E56020
Suns,PHO,1649.7756,1991-03-28,#E56020
Suns,PHO,1614.8207,1991-04-14,#E56020
Suns,PHO,1586.5547,1991-04-28,#E56020
Suns,PHO,1570.0586,1991-05-14,#E56020
Suns,PHO,1570.0586,1991-05-28,#E56020
Suns,PHO,1552.3517,1991-11-14,#E56020
Suns,PHO,1573.4658,1991-12-14,#E56020
Suns,PHO,1610.5625,1991-12-28,#E56020
Suns,PHO,1607.8962,1992-01-14,#E56020
Suns,PHO,1628.9626,1992-01-28,#E56020
Suns,PHO,1621.7073,1992-02-14,#E56020
Suns,PHO,1604.7694,1992-02-28,#E56020
Suns,PHO,1618.2596,1992-03-14,#E56020
Suns,PHO,1613.1653,1992-03-28,#E56020
Suns,PHO,1606.0675,1992-04-14,#E56020
Suns,PHO,1635.5894,1992-04-28,#E56020
Suns,PHO,1622.8434,1992-05-14,#E56020
Suns,PHO,1597.2618,1992-05-28,#E56020
Suns,PHO,1597.2618,1992-06-14,#E56020
Suns,PHO,1610.9731,1992-11-14,#E56020
Suns,PHO,1607.1687,1992-11-28,#E56020
Suns,PHO,1645.9635,1992-12-14,#E56020
Suns,PHO,1676.5603,1992-12-28,#E56020
Suns,PHO,1675.1917,1993-01-14,#E56020
Suns,PHO,1690.2268,1993-01-28,#E56020
Suns,PHO,1707.2136,1993-02-14,#E56020
Suns,PHO,1680.8397,1993-02-28,#E56020
Suns,PHO,1648.8728,1993-03-14,#E56020
Suns,PHO,1676.2753,1993-03-28,#E56020
Suns,PHO,1695.5409,1993-04-14,#E56020
Suns,PHO,1630.9385,1993-05-14,#E56020
Suns,PHO,1641.0222,1993-05-28,#E56020
Suns,PHO,1627.9994,1993-11-14,#E56020
Suns,PHO,1639.6284,1993-11-28,#E56020
Suns,PHO,1660.645,1993-12-14,#E56020
Suns,PHO,1653.8986,1993-12-28,#E56020
Suns,PHO,1651.5896,1994-01-14,#E56020
Suns,PHO,1629.3832,1994-01-28,#E56020
Suns,PHO,1596.4288,1994-02-28,#E56020
Suns,PHO,1633.2157,1994-03-14,#E56020
Suns,PHO,1634.7136,1994-03-28,#E56020
Suns,PHO,1645.0652,1994-04-14,#E56020
Suns,PHO,1658.8278,1994-04-28,#E56020
Suns,PHO,1644.3541,1994-05-14,#E56020
Suns,PHO,1581.4276,1994-05-28,#E56020
Suns,PHO,1598.1165,1994-11-14,#E56020
Suns,PHO,1614.6528,1994-11-28,#E56020
Suns,PHO,1630.238,1994-12-14,#E56020
Suns,PHO,1621.1791,1994-12-28,#E56020
Suns,PHO,1638.8336,1995-01-14,#E56020
Suns,PHO,1657.4417,1995-01-28,#E56020
Suns,PHO,1657.1095,1995-02-14,#E56020
Suns,PHO,1595.5231,1995-02-28,#E56020
Suns,PHO,1593.0524,1995-03-14,#E56020
Suns,PHO,1573.4213,1995-03-28,#E56020
Suns,PHO,1597.9235,1995-04-14,#E56020
Suns,PHO,1626.3735,1995-04-28,#E56020
Suns,PHO,1641.1063,1995-05-14,#E56020
Suns,PHO,1573.9341,1995-05-28,#E56020
Suns,PHO,1573.9341,1995-06-14,#E56020
Suns,PHO,1562.1145,1995-11-14,#E56020
Suns,PHO,1545.8663,1995-11-28,#E56020
Suns,PHO,1516.8617,1995-12-14,#E56020
Suns,PHO,1526.9565,1995-12-28,#E56020
Suns,PHO,1455.2927,1996-01-14,#E56020
Suns,PHO,1465.467,1996-01-28,#E56020
Suns,PHO,1551.6074,1996-02-14,#E56020
Suns,PHO,1562.7816,1996-02-28,#E56020
Suns,PHO,1545.9956,1996-03-14,#E56020
Suns,PHO,1545.9974,1996-03-28,#E56020
Suns,PHO,1538.8335,1996-04-14,#E56020
Suns,PHO,1525.4502,1996-04-28,#E56020
Suns,PHO,1506.7324,1996-05-14,#E56020
Suns,PHO,1506.7324,1996-05-28,#E56020
Suns,PHO,1506.7324,1996-06-14,#E56020
Suns,PHO,1436.9984,1996-11-14,#E56020
Suns,PHO,1415.2018,1996-11-28,#E56020
Suns,PHO,1483.8162,1996-12-14,#E56020
Suns,PHO,1455.4933,1996-12-28,#E56020
Suns,PHO,1464.3655,1997-01-14,#E56020
Suns,PHO,1447.2833,1997-01-28,#E56020
Suns,PHO,1477.3171,1997-02-14,#E56020
Suns,PHO,1467.8236,1997-02-28,#E56020
Suns,PHO,1494.3167,1997-03-14,#E56020
Suns,PHO,1523.7965,1997-03-28,#E56020
Suns,PHO,1559.9955,1997-04-14,#E56020
Suns,PHO,1536.8252,1997-04-28,#E56020
Suns,PHO,1522.1051,1997-05-14,#E56020
Suns,PHO,1522.1051,1997-05-28,#E56020
Suns,PHO,1543.1791,1997-11-14,#E56020
Suns,PHO,1539.7732,1997-11-28,#E56020
Suns,PHO,1535.2274,1997-12-14,#E56020
Suns,PHO,1546.9937,1997-12-28,#E56020
Suns,PHO,1553.3398,1998-01-14,#E56020
Suns,PHO,1571.6957,1998-01-28,#E56020
Suns,PHO,1586.4082,1998-02-14,#E56020
Suns,PHO,1599.5166,1998-02-28,#E56020
Suns,PHO,1581.7681,1998-03-14,#E56020
Suns,PHO,1572.8342,1998-03-28,#E56020
Suns,PHO,1636.8282,1998-04-14,#E56020
Suns,PHO,1624.8242,1998-04-28,#E56020
Suns,PHO,1599.1505,1998-06-14,#E56020
Suns,PHO,1562.3883,1999-02-14,#E56020
Suns,PHO,1549.194,1999-02-28,#E56020
Suns,PHO,1523.1364,1999-03-14,#E56020
Suns,PHO,1513.5922,1999-03-28,#E56020
Suns,PHO,1547.9705,1999-04-14,#E56020
Suns,PHO,1582.8278,1999-04-28,#E56020
Suns,PHO,1530.9352,1999-05-14,#E56020
Suns,PHO,1535.333,1999-11-14,#E56020
Suns,PHO,1576.7806,1999-11-28,#E56020
Suns,PHO,1569.5984,1999-12-14,#E56020
Suns,PHO,1580.4574,1999-12-28,#E56020
Suns,PHO,1539.6221,2000-01-14,#E56020
Suns,PHO,1552.9524,2000-01-28,#E56020
Suns,PHO,1606.452,2000-02-28,#E56020
Suns,PHO,1626.3356,2000-03-14,#E56020
Suns,PHO,1640.4348,2000-03-28,#E56020
Suns,PHO,1656.7239,2000-04-14,#E56020
Suns,PHO,1624.7062,2000-04-28,#E56020
Suns,PHO,1630.3107,2000-05-14,#E56020
Suns,PHO,1585.4465,2000-05-28,#E56020
Suns,PHO,1585.4465,2000-06-14,#E56020
Suns,PHO,1630.1307,2000-11-14,#E56020
Suns,PHO,1609.7493,2000-11-28,#E56020
Suns,PHO,1600.5089,2000-12-14,#E56020
Suns,PHO,1556.8608,2000-12-28,#E56020
Suns,PHO,1543.4972,2001-01-14,#E56020
Suns,PHO,1528.9966,2001-01-28,#E56020
Suns,PHO,1547.1307,2001-02-14,#E56020
Suns,PHO,1580.8171,2001-02-28,#E56020
Suns,PHO,1582.8635,2001-03-14,#E56020
Suns,PHO,1597.6829,2001-03-28,#E56020
Suns,PHO,1611.9576,2001-04-14,#E56020
Suns,PHO,1583.8643,2001-04-28,#E56020
Suns,PHO,1547.5313,2001-05-14,#E56020
Suns,PHO,1547.5313,2001-05-28,#E56020
Suns,PHO,1537.9291,2001-11-14,#E56020
Suns,PHO,1575.9211,2001-11-28,#E56020
Suns,PHO,1587.9445,2001-12-14,#E56020
Suns,PHO,1574.9825,2001-12-28,#E56020
Suns,PHO,1502.1952,2002-01-14,#E56020
Suns,PHO,1513.6287,2002-01-28,#E56020
Suns,PHO,1524.5458,2002-02-14,#E56020
Suns,PHO,1504.2898,2002-02-28,#E56020
Suns,PHO,1465.5795,2002-03-14,#E56020
Suns,PHO,1471.8639,2002-03-28,#E56020
Suns,PHO,1453.4204,2002-04-14,#E56020
Suns,PHO,1474.8954,2002-04-28,#E56020
Suns,PHO,1474.8954,2002-05-14,#E56020
Suns,PHO,1474.8954,2002-05-28,#E56020
Suns,PHO,1491.0005,2002-11-14,#E56020
Suns,PHO,1492.0919,2002-11-28,#E56020
Suns,PHO,1512.2623,2002-12-14,#E56020
Suns,PHO,1557.1699,2002-12-28,#E56020
Suns,PHO,1572.2393,2003-01-14,#E56020
Suns,PHO,1530.4905,2003-01-28,#E56020
Suns,PHO,1530.1472,2003-02-14,#E56020
Suns,PHO,1500.3074,2003-02-28,#E56020
Suns,PHO,1523.3547,2003-03-14,#E56020
Suns,PHO,1517.5394,2003-03-28,#E56020
Suns,PHO,1564.9938,2003-04-14,#E56020
Suns,PHO,1550.4369,2003-04-28,#E56020
Suns,PHO,1534.8578,2003-05-14,#E56020
Suns,PHO,1534.8578,2003-10-28,#E56020
Suns,PHO,1517.9565,2003-11-14,#E56020
Suns,PHO,1503.7172,2003-11-28,#E56020
Suns,PHO,1435.1437,2003-12-14,#E56020
Suns,PHO,1439.7946,2003-12-28,#E56020
Suns,PHO,1423.65,2004-01-14,#E56020
Suns,PHO,1443.58,2004-01-28,#E56020
Suns,PHO,1420.712,2004-02-28,#E56020
Suns,PHO,1413.1753,2004-03-14,#E56020
Suns,PHO,1431.1219,2004-03-28,#E56020
Suns,PHO,1435.0262,2004-04-14,#E56020
Suns,PHO,1465.6665,2004-04-28,#E56020
Suns,PHO,1465.6665,2004-05-14,#E56020
Suns,PHO,1465.6665,2004-05-28,#E56020
Suns,PHO,1531.4562,2004-11-14,#E56020
Suns,PHO,1585.4449,2004-11-28,#E56020
Suns,PHO,1627.4629,2004-12-14,#E56020
Suns,PHO,1639.0769,2004-12-28,#E56020
Suns,PHO,1657.9344,2005-01-14,#E56020
Suns,PHO,1639.9548,2005-01-28,#E56020
Suns,PHO,1657.405,2005-02-14,#E56020
Suns,PHO,1641.4906,2005-02-28,#E56020
Suns,PHO,1622.3319,2005-03-14,#E56020
Suns,PHO,1641.1637,2005-03-28,#E56020
Suns,PHO,1664.9377,2005-04-14,#E56020
Suns,PHO,1680.9814,2005-04-28,#E56020
Suns,PHO,1706.5221,2005-05-14,#E56020
Suns,PHO,1691.6771,2005-05-28,#E56020
Suns,PHO,1636.6637,2005-06-14,#E56020
Suns,PHO,1614.9788,2005-11-14,#E56020
Suns,PHO,1639.941,2005-11-28,#E56020
Suns,PHO,1627.2316,2005-12-14,#E56020
Suns,PHO,1647.0409,2005-12-28,#E56020
Suns,PHO,1663.8602,2006-01-14,#E56020
Suns,PHO,1628.3536,2006-01-28,#E56020
Suns,PHO,1663.2292,2006-02-14,#E56020
Suns,PHO,1689.5461,2006-02-28,#E56020
Suns,PHO,1670.4814,2006-03-14,#E56020
Suns,PHO,1617.5648,2006-03-28,#E56020
Suns,PHO,1622.2496,2006-04-14,#E56020
Suns,PHO,1604.9734,2006-04-28,#E56020
Suns,PHO,1609.8026,2006-05-14,#E56020
Suns,PHO,1614.7333,2006-05-28,#E56020
Suns,PHO,1565.5461,2006-11-14,#E56020
Suns,PHO,1592.1671,2006-11-28,#E56020
Suns,PHO,1651.5084,2006-12-14,#E56020
Suns,PHO,1649.4824,2006-12-28,#E56020
Suns,PHO,1695.8204,2007-01-14,#E56020
Suns,PHO,1742.8673,2007-01-28,#E56020
Suns,PHO,1644.829,2007-02-14,#E56020
Suns,PHO,1668.5935,2007-02-28,#E56020
Suns,PHO,1692.6467,2007-03-14,#E56020
Suns,PHO,1628.9603,2007-03-28,#E56020
Suns,PHO,1692.5206,2007-04-14,#E56020
Suns,PHO,1679.0236,2007-04-28,#E56020
Suns,PHO,1689.4398,2007-05-14,#E56020
Suns,PHO,1638.5508,2007-05-28,#E56020
Suns,PHO,1638.5508,2007-06-14,#E56020
Suns,PHO,1638.4708,2007-11-14,#E56020
Suns,PHO,1634.7731,2007-11-28,#E56020
Suns,PHO,1636.7123,2007-12-14,#E56020
Suns,PHO,1655.4695,2007-12-28,#E56020
Suns,PHO,1634.0256,2008-01-14,#E56020
Suns,PHO,1653.9943,2008-01-28,#E56020
Suns,PHO,1644.9855,2008-02-14,#E56020
Suns,PHO,1591.2834,2008-02-28,#E56020
Suns,PHO,1601.9287,2008-03-14,#E56020
Suns,PHO,1629.3003,2008-03-28,#E56020
Suns,PHO,1652.6147,2008-04-14,#E56020
Suns,PHO,1638.4008,2008-04-28,#E56020
Suns,PHO,1615.694,2008-05-14,#E56020
Suns,PHO,1615.694,2008-05-28,#E56020
Suns,PHO,1615.694,2008-10-28,#E56020
Suns,PHO,1603.3589,2008-11-14,#E56020
Suns,PHO,1576.6149,2008-11-28,#E56020
Suns,PHO,1557.9801,2008-12-14,#E56020
Suns,PHO,1559.0342,2008-12-28,#E56020
Suns,PHO,1575.4863,2009-01-14,#E56020
Suns,PHO,1546.5359,2009-01-28,#E56020
Suns,PHO,1555.4126,2009-02-28,#E56020
Suns,PHO,1524.2294,2009-03-14,#E56020
Suns,PHO,1551.6329,2009-03-28,#E56020
Suns,PHO,1540.4767,2009-04-14,#E56020
Suns,PHO,1534.6278,2009-04-28,#E56020
Suns,PHO,1534.6278,2009-05-14,#E56020
Suns,PHO,1534.6278,2009-05-28,#E56020
Suns,PHO,1534.6278,2009-06-14,#E56020
Suns,PHO,1534.6278,2009-10-28,#E56020
Suns,PHO,1582.2568,2009-11-14,#E56020
Suns,PHO,1617.2371,2009-11-28,#E56020
Suns,PHO,1581.307,2009-12-14,#E56020
Suns,PHO,1569.1683,2009-12-28,#E56020
Suns,PHO,1539.8018,2010-01-14,#E56020
Suns,PHO,1504.8306,2010-01-28,#E56020
Suns,PHO,1573.1613,2010-02-28,#E56020
Suns,PHO,1585.8059,2010-03-14,#E56020
Suns,PHO,1614.8419,2010-03-28,#E56020
Suns,PHO,1657.8505,2010-04-14,#E56020
Suns,PHO,1683.415,2010-04-28,#E56020
Suns,PHO,1689.0299,2010-05-28,#E56020
Suns,PHO,1646.4471,2010-10-28,#E56020
Suns,PHO,1636.4084,2010-11-14,#E56020
Suns,PHO,1586.2706,2010-11-28,#E56020
Suns,PHO,1564.2184,2010-12-14,#E56020
Suns,PHO,1520.2383,2010-12-28,#E56020
Suns,PHO,1480.7288,2011-01-14,#E56020
Suns,PHO,1508.8315,2011-01-28,#E56020
Suns,PHO,1537.1836,2011-02-14,#E56020
Suns,PHO,1553.3801,2011-02-28,#E56020
Suns,PHO,1517.9626,2011-03-14,#E56020
Suns,PHO,1505.2129,2011-03-28,#E56020
Suns,PHO,1490.8091,2011-04-28,#E56020
Suns,PHO,1469.5493,2011-12-28,#E56020
Suns,PHO,1467.9214,2012-01-14,#E56020
Suns,PHO,1466.1891,2012-01-28,#E56020
Suns,PHO,1482.4434,2012-02-14,#E56020
Suns,PHO,1488.3901,2012-02-28,#E56020
Suns,PHO,1505.3606,2012-03-14,#E56020
Suns,PHO,1522.5995,2012-03-28,#E56020
Suns,PHO,1568.0371,2012-04-14,#E56020
Suns,PHO,1521.2568,2012-04-28,#E56020
Suns,PHO,1521.2568,2012-05-14,#E56020
Suns,PHO,1521.2568,2012-05-28,#E56020
Suns,PHO,1521.2568,2012-06-14,#E56020
Suns,PHO,1503.223,2012-11-14,#E56020
Suns,PHO,1484.8025,2012-11-28,#E56020
Suns,PHO,1465.9503,2012-12-14,#E56020
Suns,PHO,1448.6066,2012-12-28,#E56020
Suns,PHO,1436.342,2013-01-14,#E56020
Suns,PHO,1449.2207,2013-01-28,#E56020
Suns,PHO,1431.1393,2013-02-14,#E56020
Suns,PHO,1430.9962,2013-02-28,#E56020
Suns,PHO,1386.3511,2013-03-14,#E56020
Suns,PHO,1337.571,2013-03-28,#E56020
Suns,PHO,1354.2295,2013-04-14,#E56020
Suns,PHO,1400.2277,2013-04-28,#E56020
Suns,PHO,1400.2277,2013-05-14,#E56020
Suns,PHO,1400.2277,2013-05-28,#E56020
Suns,PHO,1426.0646,2013-11-14,#E56020
Suns,PHO,1485.4679,2013-12-14,#E56020
Suns,PHO,1508.0319,2013-12-28,#E56020
Suns,PHO,1518.4436,2014-01-14,#E56020
Suns,PHO,1552.3999,2014-01-28,#E56020
Suns,PHO,1542.3623,2014-02-28,#E56020
Suns,PHO,1527.7955,2014-03-14,#E56020
Suns,PHO,1578.464,2014-03-28,#E56020
Suns,PHO,1572.9473,2014-04-14,#E56020
Suns,PHO,1565.3689,2014-04-28,#E56020
Suns,PHO,1565.3689,2014-05-14,#E56020
Suns,PHO,1565.3689,2014-05-28,#E56020
Suns,PHO,1565.3689,2014-10-28,#E56020
Suns,PHO,1532.83,2014-11-14,#E56020
Suns,PHO,1550.1757,2014-11-28,#E56020
Suns,PHO,1524.2839,2014-12-14,#E56020
Suns,PHO,1574.8698,2014-12-28,#E56020
Suns,PHO,1583.4771,2015-01-14,#E56020
Suns,PHO,1571.9408,2015-01-28,#E56020
Suns,PHO,1514.2789,2015-02-28,#E56020
Suns,PHO,1501.4518,2015-03-14,#E56020
Suns,PHO,1497.3383,2015-03-28,#E56020
Suns,PHO,1466.8416,2015-04-14,#E56020
Steamrollers,PRO,1302.3401,1946-11-14,#a11728
Steamrollers,PRO,1275.6881,1946-11-28,#a11728
Steamrollers,PRO,1262.4368,1946-12-14,#a11728
Steamrollers,PRO,1269.1937,1946-12-28,#a11728
Steamrollers,PRO,1282.308,1947-01-14,#a11728
Steamrollers,PRO,1271.6172,1947-01-28,#a11728
Steamrollers,PRO,1275.8646,1947-02-14,#a11728
Steamrollers,PRO,1274.8582,1947-02-28,#a11728
Steamrollers,PRO,1290.2058,1947-03-14,#a11728
Steamrollers,PRO,1276.7406,1947-03-28,#a11728
Steamrollers,PRO,1328.9529,1947-04-14,#a11728
Steamrollers,PRO,1324.8391,1947-11-14,#a11728
Steamrollers,PRO,1306.03,1947-11-28,#a11728
Steamrollers,PRO,1237.4949,1947-12-28,#a11728
Steamrollers,PRO,1229.9244,1948-01-14,#a11728
Steamrollers,PRO,1227.0356,1948-01-28,#a11728
Steamrollers,PRO,1219.4104,1948-02-14,#a11728
Steamrollers,PRO,1205.5682,1948-02-28,#a11728
Steamrollers,PRO,1245.8417,1948-03-28,#a11728
Steamrollers,PRO,1229.8804,1948-11-14,#a11728
Steamrollers,PRO,1200.9877,1948-11-28,#a11728
Steamrollers,PRO,1189.7635,1948-12-14,#a11728
Steamrollers,PRO,1204.0852,1948-12-28,#a11728
Steamrollers,PRO,1196.713,1949-01-14,#a11728
Steamrollers,PRO,1246.65,1949-01-28,#a11728
Steamrollers,PRO,1260.8256,1949-02-28,#a11728
Stars,ANA,1290.7152,1967-10-14,#db2000
Stars,ANA,1293.1298,1967-10-28,#db2000
Stars,ANA,1269.8097,1967-11-14,#db2000
Stars,ANA,1271.2555,1967-11-28,#db2000
Stars,ANA,1243.0449,1967-12-14,#db2000
Stars,ANA,1255.0552,1967-12-28,#db2000
Stars,ANA,1210.1785,1968-01-14,#db2000
Stars,ANA,1195.0713,1968-01-28,#db2000
Stars,ANA,1191.0834,1968-02-14,#db2000
Stars,ANA,1202.2831,1968-02-28,#db2000
Stars,ANA,1176.4884,1968-03-14,#db2000
Stars,LAS,1240.6357,1968-03-28,#db2000
Stars,LAS,1240.6357,1968-04-14,#db2000
Stars,LAS,1240.6357,1968-04-28,#db2000
Stars,LAS,1240.6357,1968-10-28,#db2000
Stars,LAS,1274.7174,1968-11-14,#db2000
Stars,LAS,1296.1519,1968-11-28,#db2000
Stars,LAS,1300.3245,1968-12-14,#db2000
Stars,LAS,1284.9296,1968-12-28,#db2000
Stars,LAS,1302.6659,1969-01-14,#db2000
Stars,LAS,1307.4546,1969-01-28,#db2000
Stars,LAS,1253.8245,1969-02-14,#db2000
Stars,LAS,1237.0427,1969-02-28,#db2000
Stars,LAS,1282.0728,1969-03-14,#db2000
Stars,LAS,1281.7877,1969-03-28,#db2000
Stars,LAS,1342.8054,1969-04-14,#db2000
Stars,LAS,1342.8054,1969-10-14,#db2000
Stars,LAS,1365.7695,1969-10-28,#db2000
Stars,LAS,1381.3151,1969-11-14,#db2000
Stars,LAS,1346.2289,1969-11-28,#db2000
Stars,LAS,1318.2233,1969-12-14,#db2000
Stars,LAS,1364.9348,1969-12-28,#db2000
Stars,LAS,1342.9209,1970-01-14,#db2000
Stars,LAS,1378.3055,1970-01-28,#db2000
Stars,LAS,1356.0186,1970-02-14,#db2000
Stars,LAS,1365.5125,1970-02-28,#db2000
Stars,LAS,1412.5867,1970-03-14,#db2000
Stars,LAS,1426.5352,1970-03-28,#db2000
Stars,LAS,1426.4762,1970-04-14,#db2000
Stars,LAS,1425.6838,1970-04-28,#db2000
Stars,UTS,1474.0219,1970-10-14,#db2000
Stars,UTS,1492.3896,1970-10-28,#db2000
Stars,UTS,1541.3514,1970-11-14,#db2000
Stars,UTS,1520.7957,1970-11-28,#db2000
Stars,UTS,1538.5669,1970-12-28,#db2000
Stars,UTS,1556.2565,1971-01-14,#db2000
Stars,UTS,1545.5035,1971-01-28,#db2000
Stars,UTS,1576.4366,1971-02-14,#db2000
Stars,UTS,1578.7389,1971-02-28,#db2000
Stars,UTS,1581.8112,1971-03-14,#db2000
Stars,UTS,1551.0297,1971-03-28,#db2000
Stars,UTS,1580.1929,1971-04-14,#db2000
Stars,UTS,1592.6018,1971-04-28,#db2000
Stars,UTS,1570.5569,1971-10-14,#db2000
Stars,UTS,1552.714,1971-10-28,#db2000
Stars,UTS,1533.1804,1971-11-14,#db2000
Stars,UTS,1569.3076,1971-11-28,#db2000
Stars,UTS,1565.0741,1971-12-14,#db2000
Stars,UTS,1589.4971,1971-12-28,#db2000
Stars,UTS,1571.6033,1972-01-14,#db2000
Stars,UTS,1540.5211,1972-01-28,#db2000
Stars,UTS,1557.4277,1972-02-14,#db2000
Stars,UTS,1614.2076,1972-03-14,#db2000
Stars,UTS,1599.9204,1972-03-28,#db2000
Stars,UTS,1626.4518,1972-04-14,#db2000
Stars,UTS,1580.3929,1972-10-14,#db2000
Stars,UTS,1589.2996,1972-10-28,#db2000
Stars,UTS,1548.4932,1972-11-14,#db2000
Stars,UTS,1500.5249,1972-11-28,#db2000
Stars,UTS,1555.4635,1972-12-14,#db2000
Stars,UTS,1582.5216,1972-12-28,#db2000
Stars,UTS,1617.5077,1973-01-14,#db2000
Stars,UTS,1600.6687,1973-01-28,#db2000
Stars,UTS,1562.8354,1973-02-14,#db2000
Stars,UTS,1567.4385,1973-02-28,#db2000
Stars,UTS,1581.2157,1973-03-14,#db2000
Stars,UTS,1562.3885,1973-03-28,#db2000
Stars,UTS,1578.4346,1973-04-14,#db2000
Stars,UTS,1550.8867,1973-04-28,#db2000
Stars,UTS,1556.5603,1973-10-14,#db2000
Stars,UTS,1500.4135,1973-10-28,#db2000
Stars,UTS,1514.7504,1973-11-14,#db2000
Stars,UTS,1463.0514,1973-11-28,#db2000
Stars,UTS,1499.0205,1973-12-14,#db2000
Stars,UTS,1515.5613,1973-12-28,#db2000
Stars,UTS,1512.0431,1974-01-14,#db2000
Stars,UTS,1537.0142,1974-01-28,#db2000
Stars,UTS,1577.5211,1974-02-14,#db2000
Stars,UTS,1524.0726,1974-02-28,#db2000
Stars,UTS,1505.2017,1974-03-14,#db2000
Stars,UTS,1496.7058,1974-03-28,#db2000
Stars,UTS,1534.9177,1974-04-14,#db2000
Stars,UTS,1534.6971,1974-04-28,#db2000
Stars,UTS,1491.275,1974-11-14,#db2000
Stars,UTS,1486.3334,1974-11-28,#db2000
Stars,UTS,1464.6752,1974-12-14,#db2000
Stars,UTS,1491.8079,1974-12-28,#db2000
Stars,UTS,1440.2321,1975-01-14,#db2000
Stars,UTS,1432.9508,1975-01-28,#db2000
Stars,UTS,1443.6323,1975-02-14,#db2000
Stars,UTS,1465.0399,1975-02-28,#db2000
Stars,UTS,1443.8832,1975-03-14,#db2000
Stars,UTS,1449.1626,1975-03-28,#db2000
Stars,UTS,1494.1267,1975-04-14,#db2000
Stars,UTS,1487.438,1975-04-28,#db2000
Stars,UTS,1487.438,1975-05-14,#db2000
Stars,UTS,1484.481,1975-10-28,#db2000
Stars,UTS,1464.4203,1975-11-14,#db2000
Stars,UTS,1458.4646,1975-11-28,#db2000
Stags,CHS,1321.4366,1946-11-14,#2400a3
Stags,CHS,1299.0626,1946-11-28,#2400a3
Stags,CHS,1347.2114,1946-12-14,#2400a3
Stags,CHS,1364.1989,1946-12-28,#2400a3
Stags,CHS,1332.5114,1947-01-14,#2400a3
Stags,CHS,1366.5396,1947-01-28,#2400a3
Stags,CHS,1403.6147,1947-02-14,#2400a3
Stags,CHS,1404.3984,1947-02-28,#2400a3
Stags,CHS,1420.7969,1947-03-14,#2400a3
Stags,CHS,1381.1733,1947-03-28,#2400a3
Stags,CHS,1423.7603,1947-04-14,#2400a3
Stags,CHS,1429.7191,1947-11-14,#2400a3
Stags,CHS,1453.4275,1947-11-28,#2400a3
Stags,CHS,1464.3678,1947-12-28,#2400a3
Stags,CHS,1486.6708,1948-01-14,#2400a3
Stags,CHS,1458.1167,1948-01-28,#2400a3
Stags,CHS,1439.6672,1948-02-14,#2400a3
Stags,CHS,1444.0317,1948-02-28,#2400a3
Stags,CHS,1445.9944,1948-03-28,#2400a3
Stags,CHS,1453.8186,1948-11-14,#2400a3
Stags,CHS,1462.3601,1948-11-28,#2400a3
Stags,CHS,1479.5134,1948-12-14,#2400a3
Stags,CHS,1494.5981,1948-12-28,#2400a3
Stags,CHS,1526.234,1949-01-14,#2400a3
Stags,CHS,1497.7698,1949-01-28,#2400a3
Stags,CHS,1546.4252,1949-02-28,#2400a3
Stags,CHS,1571.1171,1949-11-28,#2400a3
Stags,CHS,1559.4114,1949-12-14,#2400a3
Stags,CHS,1538.9445,1949-12-28,#2400a3
Stags,CHS,1545.4249,1950-01-14,#2400a3
Stags,CHS,1543.8048,1950-01-28,#2400a3
Stags,CHS,1545.6608,1950-02-14,#2400a3
Stags,CHS,1538.6071,1950-02-28,#2400a3
Stags,CHS,1510.5303,1950-03-14,#2400a3
Squires,OAK,1286.595,1967-10-14,#f56b00
Squires,OAK,1292.241,1967-10-28,#f56b00
Squires,OAK,1247.4868,1967-11-14,#f56b00
Squires,OAK,1276.8079,1967-11-28,#f56b00
Squires,OAK,1274.8967,1967-12-14,#f56b00
Squires,OAK,1226.8772,1967-12-28,#f56b00
Squires,OAK,1222.9667,1968-01-14,#f56b00
Squires,OAK,1209.8374,1968-01-28,#f56b00
Squires,OAK,1175.817,1968-02-14,#f56b00
Squires,OAK,1167.3855,1968-02-28,#f56b00
Squires,OAK,1115.0044,1968-03-14,#f56b00
Squires,OAK,1211.8405,1968-03-28,#f56b00
Squires,OAK,1211.8405,1968-04-14,#f56b00
Squires,OAK,1211.8405,1968-04-28,#f56b00
Squires,OAK,1262.2909,1968-10-28,#f56b00
Squires,OAK,1360.8564,1968-11-14,#f56b00
Squires,OAK,1446.9636,1968-11-28,#f56b00
Squires,OAK,1473.7223,1968-12-14,#f56b00
Squires,OAK,1503.9313,1968-12-28,#f56b00
Squires,OAK,1543.6595,1969-01-14,#f56b00
Squires,OAK,1548.5125,1969-01-28,#f56b00
Squires,OAK,1488.9518,1969-02-14,#f56b00
Squires,OAK,1493.8545,1969-02-28,#f56b00
Squires,OAK,1479.1498,1969-03-14,#f56b00
Squires,OAK,1459.0448,1969-03-28,#f56b00
Squires,OAK,1474.6776,1969-04-14,#f56b00
Squires,WSA,1527.9456,1969-10-14,#f56b00
Squires,WSA,1486.3573,1969-10-28,#f56b00
Squires,WSA,1473.9799,1969-11-14,#f56b00
Squires,WSA,1461.8992,1969-11-28,#f56b00
Squires,WSA,1398.9579,1969-12-14,#f56b00
Squires,WSA,1402.8517,1969-12-28,#f56b00
Squires,WSA,1393.2981,1970-01-14,#f56b00
Squires,WSA,1388.2683,1970-01-28,#f56b00
Squires,WSA,1458.3962,1970-02-14,#f56b00
Squires,WSA,1463.8881,1970-02-28,#f56b00
Squires,WSA,1458.4703,1970-03-14,#f56b00
Squires,WSA,1451.1821,1970-03-28,#f56b00
Squires,WSA,1419.6003,1970-04-14,#f56b00
Squires,WSA,1423.321,1970-04-28,#f56b00
Squires,VIR,1449.8564,1970-10-14,#f56b00
Squires,VIR,1502.5708,1970-10-28,#f56b00
Squires,VIR,1482.6542,1970-11-14,#f56b00
Squires,VIR,1472.6079,1970-11-28,#f56b00
Squires,VIR,1538.8169,1970-12-28,#f56b00
Squires,VIR,1539.6049,1971-01-14,#f56b00
Squires,VIR,1526.5703,1971-01-28,#f56b00
Squires,VIR,1532.6372,1971-02-14,#f56b00
Squires,VIR,1483.0222,1971-02-28,#f56b00
Squires,VIR,1499.3751,1971-03-14,#f56b00
Squires,VIR,1495.9886,1971-03-28,#f56b00
Squires,VIR,1486.6752,1971-04-14,#f56b00
Squires,VIR,1482.0171,1971-04-28,#f56b00
Squires,VIR,1482.0171,1971-10-14,#f56b00
Squires,VIR,1489.5304,1971-10-28,#f56b00
Squires,VIR,1491.5597,1971-11-14,#f56b00
Squires,VIR,1486.8539,1971-11-28,#f56b00
Squires,VIR,1496.3695,1971-12-14,#f56b00
Squires,VIR,1469.1475,1971-12-28,#f56b00
Squires,VIR,1454.5516,1972-01-14,#f56b00
Squires,VIR,1447.7013,1972-01-28,#f56b00
Squires,VIR,1484.3057,1972-02-14,#f56b00
Squires,VIR,1461.3589,1972-03-14,#f56b00
Squires,VIR,1422.8278,1972-03-28,#f56b00
Squires,VIR,1502.5701,1972-04-14,#f56b00
Squires,VIR,1465.4904,1972-10-14,#f56b00
Squires,VIR,1461.8781,1972-10-28,#f56b00
Squires,VIR,1465.1456,1972-11-14,#f56b00
Squires,VIR,1478.4716,1972-11-28,#f56b00
Squires,VIR,1459.0957,1972-12-14,#f56b00
Squires,VIR,1446.3473,1972-12-28,#f56b00
Squires,VIR,1477.901,1973-01-14,#f56b00
Squires,VIR,1458.3241,1973-01-28,#f56b00
Squires,VIR,1454.8694,1973-02-14,#f56b00
Squires,VIR,1453.1941,1973-02-28,#f56b00
Squires,VIR,1467.3536,1973-03-14,#f56b00
Squires,VIR,1458.7913,1973-03-28,#f56b00
Squires,VIR,1445.7761,1973-04-14,#f56b00
Squires,VIR,1445.7761,1973-04-28,#f56b00
Squires,VIR,1405.4302,1973-10-14,#f56b00
Squires,VIR,1419.9109,1973-10-28,#f56b00
Squires,VIR,1424.022,1973-11-14,#f56b00
Squires,VIR,1388.752,1973-11-28,#f56b00
Squires,VIR,1361.5573,1973-12-14,#f56b00
Squires,VIR,1384.8225,1973-12-28,#f56b00
Squires,VIR,1402.6017,1974-01-14,#f56b00
Squires,VIR,1415.7838,1974-01-28,#f56b00
Squires,VIR,1404.3516,1974-02-14,#f56b00
Squires,VIR,1361.5756,1974-02-28,#f56b00
Squires,VIR,1353.4603,1974-03-14,#f56b00
Squires,VIR,1341.8925,1974-03-28,#f56b00
Squires,VIR,1381.4075,1974-04-14,#f56b00
Squires,VIR,1381.4075,1974-04-28,#f56b00
Squires,VIR,1320.7699,1974-11-14,#f56b00
Squires,VIR,1296.3481,1974-11-28,#f56b00
Squires,VIR,1281.8677,1974-12-14,#f56b00
Squires,VIR,1301.8005,1974-12-28,#f56b00
Squires,VIR,1269.733,1975-01-14,#f56b00
Squires,VIR,1261.1847,1975-01-28,#f56b00
Squires,VIR,1290.912,1975-02-14,#f56b00
Squires,VIR,1268.1627,1975-02-28,#f56b00
Squires,VIR,1243.7241,1975-03-14,#f56b00
Squires,VIR,1224.1111,1975-03-28,#f56b00
Squires,VIR,1281.47,1975-04-14,#f56b00
Squires,VIR,1281.47,1975-04-28,#f56b00
Squires,VIR,1281.47,1975-05-14,#f56b00
Squires,VIR,1276.3651,1975-10-28,#f56b00
Squires,VIR,1245.5559,1975-11-14,#f56b00
Squires,VIR,1265.4114,1975-11-28,#f56b00
Squires,VIR,1256.1581,1975-12-14,#f56b00
Squires,VIR,1246.125,1975-12-28,#f56b00
Squires,VIR,1239.1521,1976-01-14,#f56b00
Squires,VIR,1260.9915,1976-01-28,#f56b00
Squires,VIR,1272.8605,1976-02-14,#f56b00
Squires,VIR,1303.3524,1976-02-28,#f56b00
Squires,VIR,1279.8752,1976-03-14,#f56b00
Squires,VIR,1276.3258,1976-03-28,#f56b00
Spurs,DLC,1285.6382,1967-10-28,#FF8200
Spurs,DLC,1268.5845,1967-11-14,#FF8200
Spurs,DLC,1271.9357,1967-11-28,#FF8200
Spurs,DLC,1269.769,1967-12-14,#FF8200
Spurs,DLC,1282.7189,1967-12-28,#FF8200
Spurs,DLC,1332.6571,1968-01-14,#FF8200
Spurs,DLC,1342.0756,1968-01-28,#FF8200
Spurs,DLC,1335.434,1968-02-14,#FF8200
Spurs,DLC,1299.5743,1968-02-28,#FF8200
Spurs,DLC,1353.5767,1968-03-14,#FF8200
Spurs,DLC,1380.7106,1968-03-28,#FF8200
Spurs,DLC,1379.6171,1968-04-14,#FF8200
Spurs,DLC,1379.6171,1968-04-28,#FF8200
Spurs,DLC,1379.6171,1968-10-28,#FF8200
Spurs,DLC,1341.9175,1968-11-14,#FF8200
Spurs,DLC,1346.7117,1968-11-28,#FF8200
Spurs,DLC,1360.3933,1968-12-14,#FF8200
Spurs,DLC,1346.6792,1968-12-28,#FF8200
Spurs,DLC,1287.522,1969-01-14,#FF8200
Spurs,DLC,1290.6555,1969-01-28,#FF8200
Spurs,DLC,1318.4194,1969-02-14,#FF8200
Spurs,DLC,1345.9255,1969-02-28,#FF8200
Spurs,DLC,1375.068,1969-03-14,#FF8200
Spurs,DLC,1395.0994,1969-03-28,#FF8200
Spurs,DLC,1411.2405,1969-04-14,#FF8200
Spurs,DLC,1448.4078,1969-10-14,#FF8200
Spurs,DLC,1456.6063,1969-10-28,#FF8200
Spurs,DLC,1427.1984,1969-11-14,#FF8200
Spurs,DLC,1396.6006,1969-11-28,#FF8200
Spurs,DLC,1447.9362,1969-12-14,#FF8200
Spurs,DLC,1446.3113,1969-12-28,#FF8200
Spurs,DLC,1444.8646,1970-01-14,#FF8200
Spurs,DLC,1437.5327,1970-01-28,#FF8200
Spurs,DLC,1445.5258,1970-02-14,#FF8200
Spurs,DLC,1470.2395,1970-02-28,#FF8200
Spurs,DLC,1435.8693,1970-03-14,#FF8200
Spurs,DLC,1427.4011,1970-03-28,#FF8200
Spurs,DLC,1443.0953,1970-04-14,#FF8200
Spurs,TEX,1430.7654,1970-04-28,#FF8200
Spurs,TEX,1430.7654,1970-10-14,#FF8200
Spurs,TEX,1416.46,1970-10-28,#FF8200
Spurs,TEX,1368.9839,1970-11-14,#FF8200
Spurs,TEX,1417.2968,1970-11-28,#FF8200
Spurs,TEX,1414.6593,1970-12-28,#FF8200
Spurs,TEX,1427.7821,1971-01-14,#FF8200
Spurs,TEX,1404.8159,1971-01-28,#FF8200
Spurs,TEX,1362.8784,1971-02-14,#FF8200
Spurs,TEX,1304.8683,1971-02-28,#FF8200
Spurs,TEX,1318.6262,1971-03-14,#FF8200
Spurs,TEX,1333.0725,1971-03-28,#FF8200
Spurs,DLC,1377.0121,1971-04-14,#FF8200
Spurs,DLC,1377.0121,1971-04-28,#FF8200
Spurs,DLC,1377.0121,1971-10-14,#FF8200
Spurs,DLC,1402.9108,1971-10-28,#FF8200
Spurs,DLC,1404.4031,1971-11-14,#FF8200
Spurs,DLC,1416.3615,1971-11-28,#FF8200
Spurs,DLC,1371.0538,1971-12-14,#FF8200
Spurs,DLC,1382.4982,1971-12-28,#FF8200
Spurs,DLC,1381.265,1972-01-14,#FF8200
Spurs,DLC,1416.438,1972-01-28,#FF8200
Spurs,DLC,1437.0718,1972-02-14,#FF8200
Spurs,DLC,1452.187,1972-03-14,#FF8200
Spurs,DLC,1488.7419,1972-03-28,#FF8200
Spurs,DLC,1472.0872,1972-04-14,#FF8200
Spurs,DLC,1472.0872,1972-10-14,#FF8200
Spurs,DLC,1454.7322,1972-10-28,#FF8200
Spurs,DLC,1442.5183,1972-11-14,#FF8200
Spurs,DLC,1428.5972,1972-11-28,#FF8200
Spurs,DLC,1452.0475,1972-12-14,#FF8200
Spurs,DLC,1421.3574,1972-12-28,#FF8200
Spurs,DLC,1395.986,1973-01-14,#FF8200
Spurs,DLC,1381.36,1973-01-28,#FF8200
Spurs,DLC,1378.4186,1973-02-14,#FF8200
Spurs,DLC,1362.2155,1973-02-28,#FF8200
Spurs,DLC,1315.8705,1973-03-14,#FF8200
Spurs,DLC,1337.0886,1973-03-28,#FF8200
Spurs,SAA,1360.1213,1973-04-14,#FF8200
Spurs,SAA,1360.1213,1973-04-28,#FF8200
Spurs,SAA,1348.6949,1973-10-14,#FF8200
Spurs,SAA,1375.6256,1973-10-28,#FF8200
Spurs,SAA,1385.5483,1973-11-14,#FF8200
Spurs,SAA,1418.1234,1973-11-28,#FF8200
Spurs,SAA,1439.3265,1973-12-14,#FF8200
Spurs,SAA,1458.1573,1973-12-28,#FF8200
Spurs,SAA,1451.6135,1974-01-14,#FF8200
Spurs,SAA,1475.9513,1974-01-28,#FF8200
Spurs,SAA,1487.5428,1974-02-14,#FF8200
Spurs,SAA,1499.3011,1974-02-28,#FF8200
Spurs,SAA,1514.4846,1974-03-14,#FF8200
Spurs,SAA,1527.0063,1974-03-28,#FF8200
Spurs,SAA,1537.2821,1974-04-14,#FF8200
Spurs,SAA,1537.2821,1974-04-28,#FF8200
Spurs,SAA,1565.2461,1974-11-14,#FF8200
Spurs,SAA,1563.5897,1974-11-28,#FF8200
Spurs,SAA,1542.9177,1974-12-14,#FF8200
Spurs,SAA,1537.3625,1974-12-28,#FF8200
Spurs,SAA,1594.2821,1975-01-14,#FF8200
Spurs,SAA,1580.2157,1975-01-28,#FF8200
Spurs,SAA,1600.8201,1975-02-14,#FF8200
Spurs,SAA,1587.1729,1975-02-28,#FF8200
Spurs,SAA,1561.135,1975-03-14,#FF8200
Spurs,SAA,1582.8663,1975-03-28,#FF8200
Spurs,SAA,1557.923,1975-04-14,#FF8200
Spurs,SAA,1533.7103,1975-04-28,#FF8200
Spurs,SAA,1533.7103,1975-05-14,#FF8200
Spurs,SAA,1549.778,1975-10-28,#FF8200
Spurs,SAA,1548.1193,1975-11-14,#FF8200
Spurs,SAA,1546.6542,1975-11-28,#FF8200
Spurs,SAA,1567.2325,1975-12-14,#FF8200
Spurs,SAA,1606.6823,1975-12-28,#FF8200
Spurs,SAA,1568.0369,1976-01-14,#FF8200
Spurs,SAA,1603.0916,1976-01-28,#FF8200
Spurs,SAA,1617.4318,1976-02-14,#FF8200
Spurs,SAA,1621.2329,1976-02-28,#FF8200
Spurs,SAA,1589.4078,1976-03-14,#FF8200
Spurs,SAA,1586.1295,1976-03-28,#FF8200
Spurs,SAA,1637.9286,1976-04-14,#FF8200
Spurs,SAS,1598.4105,1976-04-28,#FF8200
Spurs,SAS,1598.4105,1976-05-14,#FF8200
Spurs,SAS,1550.5454,1976-10-28,#FF8200
Spurs,SAS,1555.2738,1976-11-14,#FF8200
Spurs,SAS,1556.7418,1976-11-28,#FF8200
Spurs,SAS,1537.577,1976-12-14,#FF8200
Spurs,SAS,1543.6582,1976-12-28,#FF8200
Spurs,SAS,1510.8831,1977-01-14,#FF8200
Spurs,SAS,1540.418,1977-01-28,#FF8200
Spurs,SAS,1561.1029,1977-03-14,#FF8200
Spurs,SAS,1508.0624,1977-04-14,#FF8200
Spurs,SAS,1525.7842,1977-10-28,#FF8200
Spurs,SAS,1521.2634,1977-11-28,#FF8200
Spurs,SAS,1532.9852,1977-12-14,#FF8200
Spurs,SAS,1513.3381,1977-12-28,#FF8200
Spurs,SAS,1525.9718,1978-01-14,#FF8200
Spurs,SAS,1581.3105,1978-01-28,#FF8200
Spurs,SAS,1603.875,1978-02-14,#FF8200
Spurs,SAS,1592.7853,1978-02-28,#FF8200
Spurs,SAS,1578.7922,1978-03-14,#FF8200
Spurs,SAS,1602.2169,1978-03-28,#FF8200
Spurs,SAS,1610.0126,1978-04-14,#FF8200
Spurs,SAS,1587.1556,1978-04-28,#FF8200
Spurs,SAS,1563.307,1978-05-14,#FF8200
Spurs,SAS,1563.307,1978-05-28,#FF8200
Spurs,SAS,1579.5647,1978-10-14,#FF8200
Spurs,SAS,1584.6608,1978-10-28,#FF8200
Spurs,SAS,1573.3849,1978-11-14,#FF8200
Spurs,SAS,1556.3341,1978-11-28,#FF8200
Spurs,SAS,1571.7699,1978-12-14,#FF8200
Spurs,SAS,1606.5457,1978-12-28,#FF8200
Spurs,SAS,1638.901,1979-01-14,#FF8200
Spurs,SAS,1612.8499,1979-01-28,#FF8200
Spurs,SAS,1609.6245,1979-02-14,#FF8200
Spurs,SAS,1609.9832,1979-02-28,#FF8200
Spurs,SAS,1625.1603,1979-03-14,#FF8200
Spurs,SAS,1565.9414,1979-03-28,#FF8200
Spurs,SAS,1540.9944,1979-10-14,#FF8200
Spurs,SAS,1542.6145,1979-10-28,#FF8200
Spurs,SAS,1544.1945,1979-11-14,#FF8200
Spurs,SAS,1527.4957,1979-11-28,#FF8200
Spurs,SAS,1498.6855,1979-12-14,#FF8200
Spurs,SAS,1485.1002,1979-12-28,#FF8200
Spurs,SAS,1536.5648,1980-01-28,#FF8200
Spurs,SAS,1505.9288,1980-02-14,#FF8200
Spurs,SAS,1497.4253,1980-02-28,#FF8200
Spurs,SAS,1469.7365,1980-03-14,#FF8200
Spurs,SAS,1501.0347,1980-03-28,#FF8200
Spurs,SAS,1499.1606,1980-04-14,#FF8200
Spurs,SAS,1499.1606,1980-05-14,#FF8200
Spurs,SAS,1490.2679,1980-10-14,#FF8200
Spurs,SAS,1543.9926,1980-10-28,#FF8200
Spurs,SAS,1564.4751,1980-11-14,#FF8200
Spurs,SAS,1544.1135,1980-11-28,#FF8200
Spurs,SAS,1560.1099,1980-12-14,#FF8200
Spurs,SAS,1569.6055,1980-12-28,#FF8200
Spurs,SAS,1605.7256,1981-01-14,#FF8200
Spurs,SAS,1561.2882,1981-01-28,#FF8200
Spurs,SAS,1566.8455,1981-02-14,#FF8200
Spurs,SAS,1560.6793,1981-02-28,#FF8200
Spurs,SAS,1518.1455,1981-03-14,#FF8200
Spurs,SAS,1540.067,1981-03-28,#FF8200
Spurs,SAS,1521.1005,1981-04-14,#FF8200
Spurs,SAS,1532.0846,1981-05-14,#FF8200
Spurs,SAS,1576.0366,1981-11-14,#FF8200
Spurs,SAS,1542.2506,1981-11-28,#FF8200
Spurs,SAS,1546.7501,1981-12-28,#FF8200
Spurs,SAS,1566.4736,1982-01-14,#FF8200
Spurs,SAS,1553.192,1982-01-28,#FF8200
Spurs,SAS,1563.3978,1982-02-14,#FF8200
Spurs,SAS,1536.0278,1982-02-28,#FF8200
Spurs,SAS,1502.2375,1982-03-14,#FF8200
Spurs,SAS,1516.5642,1982-03-28,#FF8200
Spurs,SAS,1503.1451,1982-04-14,#FF8200
Spurs,SAS,1496.089,1982-04-28,#FF8200
Spurs,SAS,1502.4259,1982-05-14,#FF8200
Spurs,SAS,1498.2903,1982-11-14,#FF8200
Spurs,SAS,1516.4305,1982-11-28,#FF8200
Spurs,SAS,1532.6473,1982-12-14,#FF8200
Spurs,SAS,1535.5399,1982-12-28,#FF8200
Spurs,SAS,1543.1205,1983-01-14,#FF8200
Spurs,SAS,1569.5613,1983-01-28,#FF8200
Spurs,SAS,1602.379,1983-04-14,#FF8200
Spurs,SAS,1611.4606,1983-05-14,#FF8200
Spurs,SAS,1574.9692,1983-10-28,#FF8200
Spurs,SAS,1532.8716,1983-11-28,#FF8200
Spurs,SAS,1526.9355,1983-12-14,#FF8200
Spurs,SAS,1512.2743,1983-12-28,#FF8200
Spurs,SAS,1523.4537,1984-01-14,#FF8200
Spurs,SAS,1508.9226,1984-02-14,#FF8200
Spurs,SAS,1464.0472,1984-02-28,#FF8200
Spurs,SAS,1459.2583,1984-03-14,#FF8200
Spurs,SAS,1464.0825,1984-03-28,#FF8200
Spurs,SAS,1474.5564,1984-04-14,#FF8200
Spurs,SAS,1486.6742,1984-04-28,#FF8200
Spurs,SAS,1493.1848,1984-10-28,#FF8200
Spurs,SAS,1491.1312,1984-11-14,#FF8200
Spurs,SAS,1439.3304,1984-11-28,#FF8200
Spurs,SAS,1463.5863,1984-12-14,#FF8200
Spurs,SAS,1471.1359,1984-12-28,#FF8200
Spurs,SAS,1473.8068,1985-01-14,#FF8200
Spurs,SAS,1501.8998,1985-01-28,#FF8200
Spurs,SAS,1519.0372,1985-02-14,#FF8200
Spurs,SAS,1499.5256,1985-02-28,#FF8200
Spurs,SAS,1497.7819,1985-03-14,#FF8200
Spurs,SAS,1492.3956,1985-03-28,#FF8200
Spurs,SAS,1515.2859,1985-04-14,#FF8200
Spurs,SAS,1503.5576,1985-04-28,#FF8200
Spurs,SAS,1499.1294,1985-05-14,#FF8200
Spurs,SAS,1523.9805,1985-11-14,#FF8200
Spurs,SAS,1497.3182,1985-12-14,#FF8200
Spurs,SAS,1558.4512,1985-12-28,#FF8200
Spurs,SAS,1500.9166,1986-01-14,#FF8200
Spurs,SAS,1498.9465,1986-01-28,#FF8200
Spurs,SAS,1502.549,1986-02-14,#FF8200
Spurs,SAS,1482.2107,1986-02-28,#FF8200
Spurs,SAS,1445.8365,1986-03-14,#FF8200
Spurs,SAS,1419.6569,1986-03-28,#FF8200
Spurs,SAS,1400.5634,1986-11-14,#FF8200
Spurs,SAS,1410.2778,1986-11-28,#FF8200
Spurs,SAS,1366.1855,1986-12-14,#FF8200
Spurs,SAS,1358.1874,1986-12-28,#FF8200
Spurs,SAS,1368.4159,1987-01-14,#FF8200
Spurs,SAS,1405.8444,1987-01-28,#FF8200
Spurs,SAS,1377.7526,1987-02-14,#FF8200
Spurs,SAS,1407.0966,1987-02-28,#FF8200
Spurs,SAS,1390.1039,1987-03-14,#FF8200
Spurs,SAS,1386.4041,1987-03-28,#FF8200
Spurs,SAS,1363.5382,1987-04-14,#FF8200
Spurs,SAS,1411.7513,1987-04-28,#FF8200
Spurs,SAS,1411.7513,1987-05-14,#FF8200
Spurs,SAS,1411.7513,1987-05-28,#FF8200
Spurs,SAS,1411.7513,1987-06-14,#FF8200
Spurs,SAS,1428.5396,1987-11-14,#FF8200
Spurs,SAS,1412.9611,1987-11-28,#FF8200
Spurs,SAS,1440.3448,1987-12-14,#FF8200
Spurs,SAS,1457.5862,1987-12-28,#FF8200
Spurs,SAS,1428.6129,1988-01-14,#FF8200
Spurs,SAS,1426.4083,1988-01-28,#FF8200
Spurs,SAS,1397.2943,1988-02-14,#FF8200
Spurs,SAS,1400.5667,1988-02-28,#FF8200
Spurs,SAS,1375.5831,1988-03-14,#FF8200
Spurs,SAS,1353.3113,1988-03-28,#FF8200
Spurs,SAS,1387.1089,1988-04-14,#FF8200
Spurs,SAS,1370.7998,1988-04-28,#FF8200
Spurs,SAS,1421.1793,1988-05-14,#FF8200
Spurs,SAS,1421.1793,1988-05-28,#FF8200
Spurs,SAS,1421.1793,1988-06-14,#FF8200
Spurs,SAS,1404.9529,1988-11-14,#FF8200
Spurs,SAS,1405.817,1988-11-28,#FF8200
Spurs,SAS,1390.0488,1988-12-14,#FF8200
Spurs,SAS,1345.0836,1988-12-28,#FF8200
Spurs,SAS,1373.5813,1989-01-14,#FF8200
Spurs,SAS,1348.1716,1989-01-28,#FF8200
Spurs,SAS,1339.0205,1989-02-14,#FF8200
Spurs,SAS,1290.9791,1989-02-28,#FF8200
Spurs,SAS,1312.7739,1989-03-14,#FF8200
Spurs,SAS,1339.1823,1989-03-28,#FF8200
Spurs,SAS,1314.5596,1989-04-14,#FF8200
Spurs,SAS,1361.1707,1989-04-28,#FF8200
Spurs,SAS,1361.1707,1989-05-14,#FF8200
Spurs,SAS,1361.1707,1989-05-28,#FF8200
Spurs,SAS,1363.3141,1989-11-14,#FF8200
Spurs,SAS,1421.131,1989-11-28,#FF8200
Spurs,SAS,1450.1559,1989-12-14,#FF8200
Spurs,SAS,1504.5326,1989-12-28,#FF8200
Spurs,SAS,1509.7322,1990-01-14,#FF8200
Spurs,SAS,1511.0093,1990-01-28,#FF8200
Spurs,SAS,1497.3489,1990-02-14,#FF8200
Spurs,SAS,1517.5068,1990-02-28,#FF8200
Spurs,SAS,1520.7419,1990-03-14,#FF8200
Spurs,SAS,1561.316,1990-03-28,#FF8200
Spurs,SAS,1567.7188,1990-04-14,#FF8200
Spurs,SAS,1606.4143,1990-04-28,#FF8200
Spurs,SAS,1611.2914,1990-05-28,#FF8200
Spurs,SAS,1611.2914,1990-06-14,#FF8200
Spurs,SAS,1610.5282,1990-11-14,#FF8200
Spurs,SAS,1619.6005,1990-11-28,#FF8200
Spurs,SAS,1646.8561,1990-12-14,#FF8200
Spurs,SAS,1644.8623,1990-12-28,#FF8200
Spurs,SAS,1629.6488,1991-01-14,#FF8200
Spurs,SAS,1622.4324,1991-01-28,#FF8200
Spurs,SAS,1590.196,1991-02-14,#FF8200
Spurs,SAS,1571.5304,1991-02-28,#FF8200
Spurs,SAS,1593.6339,1991-03-14,#FF8200
Spurs,SAS,1587.6248,1991-03-28,#FF8200
Spurs,SAS,1608.0238,1991-04-14,#FF8200
Spurs,SAS,1593.9611,1991-04-28,#FF8200
Spurs,SAS,1571.3464,1991-05-14,#FF8200
Spurs,SAS,1571.3464,1991-05-28,#FF8200
Spurs,SAS,1603.5192,1991-11-14,#FF8200
Spurs,SAS,1567.1033,1991-12-14,#FF8200
Spurs,SAS,1584.026,1991-12-28,#FF8200
Spurs,SAS,1589.5009,1992-01-14,#FF8200
Spurs,SAS,1605.4142,1992-01-28,#FF8200
Spurs,SAS,1580.4025,1992-02-14,#FF8200
Spurs,SAS,1587.167,1992-02-28,#FF8200
Spurs,SAS,1611.6954,1992-03-14,#FF8200
Spurs,SAS,1557.5148,1992-03-28,#FF8200
Spurs,SAS,1535.723,1992-04-14,#FF8200
Spurs,SAS,1502.2776,1992-04-28,#FF8200
Spurs,SAS,1494.5228,1992-05-14,#FF8200
Spurs,SAS,1494.5228,1992-05-28,#FF8200
Spurs,SAS,1494.5228,1992-06-14,#FF8200
Spurs,SAS,1466.7151,1992-11-14,#FF8200
Spurs,SAS,1524.7758,1992-11-28,#FF8200
Spurs,SAS,1523.7848,1992-12-14,#FF8200
Spurs,SAS,1544.605,1992-12-28,#FF8200
Spurs,SAS,1600.0272,1993-01-14,#FF8200
Spurs,SAS,1632.3378,1993-01-28,#FF8200
Spurs,SAS,1661.0004,1993-02-14,#FF8200
Spurs,SAS,1619.439,1993-02-28,#FF8200
Spurs,SAS,1579.7515,1993-03-14,#FF8200
Spurs,SAS,1560.0121,1993-03-28,#FF8200
Spurs,SAS,1538.6884,1993-04-14,#FF8200
Spurs,SAS,1543.2986,1993-05-14,#FF8200
Spurs,SAS,1538.1656,1993-05-28,#FF8200
Spurs,SAS,1514.2001,1993-11-14,#FF8200
Spurs,SAS,1550.1086,1993-11-28,#FF8200
Spurs,SAS,1569.3925,1993-12-14,#FF8200
Spurs,SAS,1567.6125,1993-12-28,#FF8200
Spurs,SAS,1623.3754,1994-01-14,#FF8200
Spurs,SAS,1619.248,1994-01-28,#FF8200
Spurs,SAS,1635.3217,1994-02-28,#FF8200
Spurs,SAS,1633.7919,1994-03-14,#FF8200
Spurs,SAS,1668.4109,1994-03-28,#FF8200
Spurs,SAS,1624.6658,1994-04-14,#FF8200
Spurs,SAS,1637.4889,1994-04-28,#FF8200
Spurs,SAS,1565.6722,1994-05-14,#FF8200
Spurs,SAS,1565.6722,1994-05-28,#FF8200
Spurs,SAS,1582.8143,1994-11-14,#FF8200
Spurs,SAS,1556.2886,1994-11-28,#FF8200
Spurs,SAS,1570.9089,1994-12-14,#FF8200
Spurs,SAS,1595.496,1994-12-28,#FF8200
Spurs,SAS,1602.972,1995-01-14,#FF8200
Spurs,SAS,1622.2125,1995-01-28,#FF8200
Spurs,SAS,1644.7377,1995-02-14,#FF8200
Spurs,SAS,1665.0924,1995-02-28,#FF8200
Spurs,SAS,1652.9095,1995-03-14,#FF8200
Spurs,SAS,1691.7782,1995-03-28,#FF8200
Spurs,SAS,1679.0208,1995-04-14,#FF8200
Spurs,SAS,1698.6687,1995-04-28,#FF8200
Spurs,SAS,1712.1145,1995-05-14,#FF8200
Spurs,SAS,1711.64,1995-05-28,#FF8200
Spurs,SAS,1615.6949,1995-06-14,#FF8200
Spurs,SAS,1617.6128,1995-11-14,#FF8200
Spurs,SAS,1613.0645,1995-11-28,#FF8200
Spurs,SAS,1617.8434,1995-12-14,#FF8200
Spurs,SAS,1642.2156,1995-12-28,#FF8200
Spurs,SAS,1665.1525,1996-01-14,#FF8200
Spurs,SAS,1631.9263,1996-01-28,#FF8200
Spurs,SAS,1624.4369,1996-02-14,#FF8200
Spurs,SAS,1631.0674,1996-02-28,#FF8200
Spurs,SAS,1661.8585,1996-03-14,#FF8200
Spurs,SAS,1703.7747,1996-03-28,#FF8200
Spurs,SAS,1646.1959,1996-04-14,#FF8200
Spurs,SAS,1642.1268,1996-04-28,#FF8200
Spurs,SAS,1623.8016,1996-05-14,#FF8200
Spurs,SAS,1576.6639,1996-05-28,#FF8200
Spurs,SAS,1576.6639,1996-06-14,#FF8200
Spurs,SAS,1527.2063,1996-11-14,#FF8200
Spurs,SAS,1452.0116,1996-11-28,#FF8200
Spurs,SAS,1401.2441,1996-12-14,#FF8200
Spurs,SAS,1422.0339,1996-12-28,#FF8200
Spurs,SAS,1384.9291,1997-01-14,#FF8200
Spurs,SAS,1371.0044,1997-01-28,#FF8200
Spurs,SAS,1332.2483,1997-02-14,#FF8200
Spurs,SAS,1282.8666,1997-02-28,#FF8200
Spurs,SAS,1304.6108,1997-03-14,#FF8200
Spurs,SAS,1294.5295,1997-03-28,#FF8200
Spurs,SAS,1301.9948,1997-04-14,#FF8200
Spurs,SAS,1360.5481,1997-04-28,#FF8200
Spurs,SAS,1360.5481,1997-05-14,#FF8200
Spurs,SAS,1360.5481,1997-05-28,#FF8200
Spurs,SAS,1382.3601,1997-11-14,#FF8200
Spurs,SAS,1394.7244,1997-11-28,#FF8200
Spurs,SAS,1434.9547,1997-12-14,#FF8200
Spurs,SAS,1473.1079,1997-12-28,#FF8200
Spurs,SAS,1550.4844,1998-01-14,#FF8200
Spurs,SAS,1565.5159,1998-01-28,#FF8200
Spurs,SAS,1560.2249,1998-02-14,#FF8200
Spurs,SAS,1562.932,1998-02-28,#FF8200
Spurs,SAS,1563.3226,1998-03-14,#FF8200
Spurs,SAS,1614.3755,1998-03-28,#FF8200
Spurs,SAS,1616.6859,1998-04-14,#FF8200
Spurs,SAS,1649.2534,1998-04-28,#FF8200
Spurs,SAS,1611.2472,1998-06-14,#FF8200
Spurs,SAS,1619.7426,1999-02-14,#FF8200
Spurs,SAS,1591.7433,1999-02-28,#FF8200
Spurs,SAS,1638.8391,1999-03-14,#FF8200
Spurs,SAS,1641.7174,1999-03-28,#FF8200
Spurs,SAS,1631.3899,1999-04-14,#FF8200
Spurs,SAS,1667.4829,1999-04-28,#FF8200
Spurs,SAS,1682.7208,1999-05-14,#FF8200
Spurs,SAS,1705.802,1999-11-14,#FF8200
Spurs,SAS,1721.3562,1999-11-28,#FF8200
Spurs,SAS,1664.369,1999-12-14,#FF8200
Spurs,SAS,1658.3319,1999-12-28,#FF8200
Spurs,SAS,1653.5988,2000-01-14,#FF8200
Spurs,SAS,1647.417,2000-01-28,#FF8200
Spurs,SAS,1651.9009,2000-02-28,#FF8200
Spurs,SAS,1634.7167,2000-03-14,#FF8200
Spurs,SAS,1622.2948,2000-03-28,#FF8200
Spurs,SAS,1628.351,2000-04-14,#FF8200
Spurs,SAS,1632.3522,2000-04-28,#FF8200
Spurs,SAS,1603.7402,2000-05-14,#FF8200
Spurs,SAS,1603.7402,2000-05-28,#FF8200
Spurs,SAS,1603.7402,2000-06-14,#FF8200
Spurs,SAS,1616.4233,2000-11-14,#FF8200
Spurs,SAS,1624.0087,2000-11-28,#FF8200
Spurs,SAS,1602.5404,2000-12-14,#FF8200
Spurs,SAS,1616.6604,2000-12-28,#FF8200
Spurs,SAS,1630.5675,2001-01-14,#FF8200
Spurs,SAS,1644.7651,2001-01-28,#FF8200
Spurs,SAS,1658.9237,2001-02-14,#FF8200
Spurs,SAS,1669.0668,2001-02-28,#FF8200
Spurs,SAS,1718.0084,2001-03-14,#FF8200
Spurs,SAS,1730.939,2001-03-28,#FF8200
Spurs,SAS,1728.1406,2001-04-14,#FF8200
Spurs,SAS,1692.6824,2001-04-28,#FF8200
Spurs,SAS,1731.5861,2001-05-14,#FF8200
Spurs,SAS,1637.1434,2001-05-28,#FF8200
Spurs,SAS,1655.5718,2001-11-14,#FF8200
Spurs,SAS,1667.6923,2001-11-28,#FF8200
Spurs,SAS,1694.7559,2001-12-14,#FF8200
Spurs,SAS,1677.6987,2001-12-28,#FF8200
Spurs,SAS,1650.8287,2002-01-14,#FF8200
Spurs,SAS,1622.2444,2002-01-28,#FF8200
Spurs,SAS,1622.6123,2002-02-14,#FF8200
Spurs,SAS,1595.0804,2002-02-28,#FF8200
Spurs,SAS,1639.3267,2002-03-14,#FF8200
Spurs,SAS,1661.2745,2002-03-28,#FF8200
Spurs,SAS,1699.6721,2002-04-14,#FF8200
Spurs,SAS,1699.2736,2002-04-28,#FF8200
Spurs,SAS,1681.7213,2002-05-14,#FF8200
Spurs,SAS,1648.5542,2002-05-28,#FF8200
Spurs,SAS,1604.8677,2002-11-14,#FF8200
Spurs,SAS,1603.2457,2002-11-28,#FF8200
Spurs,SAS,1583.9076,2002-12-14,#FF8200
Spurs,SAS,1608.6725,2002-12-28,#FF8200
Spurs,SAS,1620.0127,2003-01-14,#FF8200
Spurs,SAS,1631.4639,2003-01-28,#FF8200
Spurs,SAS,1666.976,2003-02-14,#FF8200
Spurs,SAS,1682.1505,2003-02-28,#FF8200
Spurs,SAS,1706.0686,2003-03-14,#FF8200
Spurs,SAS,1695.1544,2003-03-28,#FF8200
Spurs,SAS,1725.0782,2003-04-14,#FF8200
Spurs,SAS,1700.7415,2003-04-28,#FF8200
Spurs,SAS,1731.4624,2003-05-14,#FF8200
Spurs,SAS,1695.3619,2003-10-28,#FF8200
Spurs,SAS,1659.9882,2003-11-14,#FF8200
Spurs,SAS,1666.4403,2003-11-28,#FF8200
Spurs,SAS,1677.8308,2003-12-14,#FF8200
Spurs,SAS,1705.4485,2003-12-28,#FF8200
Spurs,SAS,1678.6875,2004-01-14,#FF8200
Spurs,SAS,1662.7358,2004-01-28,#FF8200
Spurs,SAS,1690.8398,2004-02-28,#FF8200
Spurs,SAS,1689.0514,2004-03-14,#FF8200
Spurs,SAS,1684.3131,2004-03-28,#FF8200
Spurs,SAS,1733.5082,2004-04-14,#FF8200
Spurs,SAS,1760.0792,2004-04-28,#FF8200
Spurs,SAS,1718.6027,2004-05-14,#FF8200
Spurs,SAS,1671.8451,2004-05-28,#FF8200
Spurs,SAS,1678.6971,2004-11-14,#FF8200
Spurs,SAS,1711.9642,2004-11-28,#FF8200
Spurs,SAS,1713.804,2004-12-14,#FF8200
Spurs,SAS,1725.3138,2004-12-28,#FF8200
Spurs,SAS,1742.3102,2005-01-14,#FF8200
Spurs,SAS,1750.4865,2005-01-28,#FF8200
Spurs,SAS,1758.5887,2005-02-14,#FF8200
Spurs,SAS,1755.2788,2005-02-28,#FF8200
Spurs,SAS,1740.5818,2005-03-14,#FF8200
Spurs,SAS,1711.1626,2005-03-28,#FF8200
Spurs,SAS,1680.4584,2005-04-14,#FF8200
Spurs,SAS,1668.4844,2005-04-28,#FF8200
Spurs,SAS,1679.313,2005-05-14,#FF8200
Spurs,SAS,1715.8251,2005-05-28,#FF8200
Spurs,SAS,1718.3165,2005-06-14,#FF8200
Spurs,SAS,1658.5848,2005-11-14,#FF8200
Spurs,SAS,1669.7572,2005-11-28,#FF8200
Spurs,SAS,1678.1075,2005-12-14,#FF8200
Spurs,SAS,1660.6969,2005-12-28,#FF8200
Spurs,SAS,1656.7513,2006-01-14,#FF8200
Spurs,SAS,1682.5824,2006-01-28,#FF8200
Spurs,SAS,1685.1642,2006-02-14,#FF8200
Spurs,SAS,1704.7354,2006-02-28,#FF8200
Spurs,SAS,1707.6134,2006-03-14,#FF8200
Spurs,SAS,1709.9978,2006-03-28,#FF8200
Spurs,SAS,1676.1566,2006-04-14,#FF8200
Spurs,SAS,1694.8794,2006-04-28,#FF8200
Spurs,SAS,1672.8527,2006-05-14,#FF8200
Spurs,SAS,1643.5071,2006-05-28,#FF8200
Spurs,SAS,1653.764,2006-11-14,#FF8200
Spurs,SAS,1647.3954,2006-11-28,#FF8200
Spurs,SAS,1696.2416,2006-12-14,#FF8200
Spurs,SAS,1670.0931,2006-12-28,#FF8200
Spurs,SAS,1658.6359,2007-01-14,#FF8200
Spurs,SAS,1655.108,2007-01-28,#FF8200
Spurs,SAS,1669.8474,2007-02-14,#FF8200
Spurs,SAS,1691.4462,2007-02-28,#FF8200
Spurs,SAS,1707.3643,2007-03-14,#FF8200
Spurs,SAS,1722.3271,2007-03-28,#FF8200
Spurs,SAS,1731.1919,2007-04-14,#FF8200
Spurs,SAS,1672.1833,2007-04-28,#FF8200
Spurs,SAS,1679.0616,2007-05-14,#FF8200
Spurs,SAS,1696.0233,2007-05-28,#FF8200
Spurs,SAS,1724.7701,2007-06-14,#FF8200
Spurs,SAS,1677.2207,2007-11-14,#FF8200
Spurs,SAS,1681.2209,2007-11-28,#FF8200
Spurs,SAS,1679.0211,2007-12-14,#FF8200
Spurs,SAS,1644.8456,2007-12-28,#FF8200
Spurs,SAS,1630.4991,2008-01-14,#FF8200
Spurs,SAS,1600.3964,2008-01-28,#FF8200
Spurs,SAS,1640.8551,2008-02-14,#FF8200
Spurs,SAS,1654.3193,2008-02-28,#FF8200
Spurs,SAS,1631.0574,2008-03-14,#FF8200
Spurs,SAS,1661.8687,2008-03-28,#FF8200
Spurs,SAS,1644.7263,2008-04-14,#FF8200
Spurs,SAS,1678.8859,2008-04-28,#FF8200
Spurs,SAS,1676.92,2008-05-14,#FF8200
Spurs,SAS,1677.5002,2008-05-28,#FF8200
Spurs,SAS,1623.7318,2008-10-28,#FF8200
Spurs,SAS,1561.8977,2008-11-14,#FF8200
Spurs,SAS,1586.0416,2008-11-28,#FF8200
Spurs,SAS,1614.6196,2008-12-14,#FF8200
Spurs,SAS,1605.104,2008-12-28,#FF8200
Spurs,SAS,1615.6385,2009-01-14,#FF8200
Spurs,SAS,1629.6682,2009-01-28,#FF8200
Spurs,SAS,1638.5708,2009-02-28,#FF8200
Spurs,SAS,1647.0685,2009-03-14,#FF8200
Spurs,SAS,1633.5076,2009-03-28,#FF8200
Spurs,SAS,1634.9646,2009-04-14,#FF8200
Spurs,SAS,1595.1621,2009-04-28,#FF8200
Spurs,SAS,1579.0587,2009-05-14,#FF8200
Spurs,SAS,1579.0587,2009-05-28,#FF8200
Spurs,SAS,1579.0587,2009-06-14,#FF8200
Spurs,SAS,1579.0587,2009-10-28,#FF8200
Spurs,SAS,1558.0535,2009-11-14,#FF8200
Spurs,SAS,1575.9355,2009-11-28,#FF8200
Spurs,SAS,1569.4739,2009-12-14,#FF8200
Spurs,SAS,1596.4218,2009-12-28,#FF8200
Spurs,SAS,1602.6299,2010-01-14,#FF8200
Spurs,SAS,1582.1132,2010-01-28,#FF8200
Spurs,SAS,1578.5411,2010-02-28,#FF8200
Spurs,SAS,1629.3779,2010-03-14,#FF8200
Spurs,SAS,1643.5858,2010-03-28,#FF8200
Spurs,SAS,1655.5852,2010-04-14,#FF8200
Spurs,SAS,1658.8646,2010-04-28,#FF8200
Spurs,SAS,1599.3099,2010-05-28,#FF8200
Spurs,SAS,1580.1602,2010-10-28,#FF8200
Spurs,SAS,1622.121,2010-11-14,#FF8200
Spurs,SAS,1654.6172,2010-11-28,#FF8200
Spurs,SAS,1673.7627,2010-12-14,#FF8200
Spurs,SAS,1678.7986,2010-12-28,#FF8200
Spurs,SAS,1695.6901,2011-01-14,#FF8200
Spurs,SAS,1699.4529,2011-01-28,#FF8200
Spurs,SAS,1701.5667,2011-02-14,#FF8200
Spurs,SAS,1683.3398,2011-02-28,#FF8200
Spurs,SAS,1669.683,2011-03-14,#FF8200
Spurs,SAS,1648.8582,2011-03-28,#FF8200
Spurs,SAS,1612.2339,2011-04-28,#FF8200
Spurs,SAS,1600.8844,2011-12-28,#FF8200
Spurs,SAS,1600.5999,2012-01-14,#FF8200
Spurs,SAS,1583.3485,2012-01-28,#FF8200
Spurs,SAS,1644.0256,2012-02-14,#FF8200
Spurs,SAS,1632.2189,2012-02-28,#FF8200
Spurs,SAS,1614.4738,2012-03-14,#FF8200
Spurs,SAS,1657.0369,2012-03-28,#FF8200
Spurs,SAS,1658.7998,2012-04-14,#FF8200
Spurs,SAS,1720.6737,2012-04-28,#FF8200
Spurs,SAS,1746.4009,2012-05-14,#FF8200
Spurs,SAS,1771.188,2012-05-28,#FF8200
Spurs,SAS,1680.0112,2012-06-14,#FF8200
Spurs,SAS,1673.9574,2012-11-14,#FF8200
Spurs,SAS,1707.0876,2012-11-28,#FF8200
Spurs,SAS,1703.183,2012-12-14,#FF8200
Spurs,SAS,1698.4823,2012-12-28,#FF8200
Spurs,SAS,1695.8978,2013-01-14,#FF8200
Spurs,SAS,1714.7181,2013-01-28,#FF8200
Spurs,SAS,1728.7714,2013-02-14,#FF8200
Spurs,SAS,1726.3247,2013-02-28,#FF8200
Spurs,SAS,1651.7141,2013-03-14,#FF8200
Spurs,SAS,1661.5487,2013-03-28,#FF8200
Spurs,SAS,1638.3739,2013-04-14,#FF8200
Spurs,SAS,1655.5542,2013-04-28,#FF8200
Spurs,SAS,1654.1885,2013-05-14,#FF8200
Spurs,SAS,1721.1918,2013-05-28,#FF8200
Spurs,SAS,1708.1144,2013-11-14,#FF8200
Spurs,SAS,1718.5996,2013-12-14,#FF8200
Spurs,SAS,1683.4287,2013-12-28,#FF8200
Spurs,SAS,1701.207,2014-01-14,#FF8200
Spurs,SAS,1672.3097,2014-01-28,#FF8200
Spurs,SAS,1651.6145,2014-02-28,#FF8200
Spurs,SAS,1697.0396,2014-03-14,#FF8200
Spurs,SAS,1733.697,2014-03-28,#FF8200
Spurs,SAS,1731.8835,2014-04-14,#FF8200
Spurs,SAS,1672.9231,2014-04-28,#FF8200
Spurs,SAS,1706.8145,2014-05-14,#FF8200
Spurs,SAS,1722.0852,2014-05-28,#FF8200
Spurs,SAS,1701.1141,2014-10-28,#FF8200
Spurs,SAS,1699.7814,2014-11-14,#FF8200
Spurs,SAS,1715.3489,2014-11-28,#FF8200
Spurs,SAS,1706.9633,2014-12-14,#FF8200
Spurs,SAS,1647.7399,2014-12-28,#FF8200
Spurs,SAS,1643.0616,2015-01-14,#FF8200
Spurs,SAS,1650.5795,2015-01-28,#FF8200
Spurs,SAS,1638.3616,2015-02-28,#FF8200
Spurs,SAS,1648.0088,2015-03-14,#FF8200
Spurs,SAS,1686.5518,2015-03-28,#FF8200
Spurs,SAS,1732.7263,2015-04-14,#FF8200
Spurs,SAS,1736.1896,2015-04-28,#FF8200
Spirits,HSM,1278.0452,1967-10-28,#a1483a
Spirits,HSM,1259.443,1967-11-14,#a1483a
Spirits,HSM,1253.2449,1967-11-28,#a1483a
Spirits,HSM,1236.4557,1967-12-14,#a1483a
Spirits,HSM,1225.7686,1967-12-28,#a1483a
Spirits,HSM,1222.3966,1968-01-14,#a1483a
Spirits,HSM,1173.5146,1968-01-28,#a1483a
Spirits,HSM,1198.4188,1968-02-14,#a1483a
Spirits,HSM,1223.0416,1968-02-28,#a1483a
Spirits,HSM,1223.2976,1968-03-14,#a1483a
Spirits,HSM,1264.8352,1968-03-28,#a1483a
Spirits,HSM,1264.8352,1968-04-14,#a1483a
Spirits,HSM,1264.8352,1968-04-28,#a1483a
Spirits,HSM,1264.8352,1968-10-28,#a1483a
Spirits,HSM,1262.5654,1968-11-14,#a1483a
Spirits,HSM,1234.1757,1968-11-28,#a1483a
Spirits,HSM,1225.375,1968-12-14,#a1483a
Spirits,HSM,1185.1691,1968-12-28,#a1483a
Spirits,HSM,1223.8119,1969-01-14,#a1483a
Spirits,HSM,1238.7688,1969-01-28,#a1483a
Spirits,HSM,1271.4642,1969-02-14,#a1483a
Spirits,HSM,1248.366,1969-02-28,#a1483a
Spirits,HSM,1228.9393,1969-03-14,#a1483a
Spirits,HSM,1220.7452,1969-03-28,#a1483a
Spirits,CAR,1303.3833,1969-04-14,#a1483a
Spirits,CAR,1303.3833,1969-10-14,#a1483a
Spirits,CAR,1346.6609,1969-10-28,#a1483a
Spirits,CAR,1341.777,1969-11-14,#a1483a
Spirits,CAR,1322.9471,1969-11-28,#a1483a
Spirits,CAR,1334.4664,1969-12-14,#a1483a
Spirits,CAR,1327.6812,1969-12-28,#a1483a
Spirits,CAR,1342.3235,1970-01-14,#a1483a
Spirits,CAR,1356.327,1970-01-28,#a1483a
Spirits,CAR,1340.7628,1970-02-14,#a1483a
Spirits,CAR,1359.421,1970-02-28,#a1483a
Spirits,CAR,1401.0181,1970-03-14,#a1483a
Spirits,CAR,1392.0455,1970-03-28,#a1483a
Spirits,CAR,1410.7249,1970-04-14,#a1483a
Spirits,CAR,1387.58,1970-04-28,#a1483a
Spirits,CAR,1387.58,1970-10-14,#a1483a
Spirits,CAR,1353.1946,1970-10-28,#a1483a
Spirits,CAR,1343.6982,1970-11-14,#a1483a
Spirits,CAR,1334.2345,1970-11-28,#a1483a
Spirits,CAR,1344.548,1970-12-28,#a1483a
Spirits,CAR,1378.3857,1971-01-14,#a1483a
Spirits,CAR,1369.0026,1971-01-28,#a1483a
Spirits,CAR,1360.3939,1971-02-14,#a1483a
Spirits,CAR,1349.2235,1971-02-28,#a1483a
Spirits,CAR,1289.6669,1971-03-14,#a1483a
Spirits,CAR,1309.1097,1971-03-28,#a1483a
Spirits,CAR,1355.9521,1971-04-14,#a1483a
Spirits,CAR,1355.9521,1971-04-28,#a1483a
Spirits,CAR,1355.9521,1971-10-14,#a1483a
Spirits,CAR,1342.5466,1971-10-28,#a1483a
Spirits,CAR,1383.9681,1971-11-14,#a1483a
Spirits,CAR,1383.0576,1971-11-28,#a1483a
Spirits,CAR,1371.0248,1971-12-14,#a1483a
Spirits,CAR,1329.0164,1971-12-28,#a1483a
Spirits,CAR,1332.8418,1972-01-14,#a1483a
Spirits,CAR,1327.4689,1972-01-28,#a1483a
Spirits,CAR,1360.5413,1972-02-14,#a1483a
Spirits,CAR,1368.9601,1972-03-14,#a1483a
Spirits,CAR,1419.6327,1972-03-28,#a1483a
Spirits,CAR,1455.3428,1972-04-14,#a1483a
Spirits,CAR,1504.8608,1972-10-14,#a1483a
Spirits,CAR,1506.0957,1972-10-28,#a1483a
Spirits,CAR,1522.8107,1972-11-14,#a1483a
Spirits,CAR,1508.9878,1972-11-28,#a1483a
Spirits,CAR,1533.5742,1972-12-14,#a1483a
Spirits,CAR,1550.9994,1972-12-28,#a1483a
Spirits,CAR,1573.7648,1973-01-14,#a1483a
Spirits,CAR,1573.526,1973-01-28,#a1483a
Spirits,CAR,1616.6697,1973-02-14,#a1483a
Spirits,CAR,1601.4996,1973-02-28,#a1483a
Spirits,CAR,1560.1692,1973-03-14,#a1483a
Spirits,CAR,1547.9441,1973-03-28,#a1483a
Spirits,CAR,1558.1833,1973-04-14,#a1483a
Spirits,CAR,1571.9198,1973-04-28,#a1483a
Spirits,CAR,1569.092,1973-10-14,#a1483a
Spirits,CAR,1583.8871,1973-10-28,#a1483a
Spirits,CAR,1621.8854,1973-11-14,#a1483a
Spirits,CAR,1620.5383,1973-11-28,#a1483a
Spirits,CAR,1594.9395,1973-12-14,#a1483a
Spirits,CAR,1567.663,1973-12-28,#a1483a
Spirits,CAR,1592.7576,1974-01-14,#a1483a
Spirits,CAR,1563.8529,1974-01-28,#a1483a
Spirits,CAR,1515.0979,1974-02-14,#a1483a
Spirits,CAR,1510.8781,1974-02-28,#a1483a
Spirits,CAR,1528.3708,1974-03-14,#a1483a
Spirits,CAR,1478.6382,1974-03-28,#a1483a
Spirits,SSL,1456.1713,1974-04-14,#a1483a
Spirits,SSL,1456.1713,1974-04-28,#a1483a
Spirits,SSL,1447.4063,1974-11-14,#a1483a
Spirits,SSL,1421.2208,1974-11-28,#a1483a
Spirits,SSL,1416.7485,1974-12-14,#a1483a
Spirits,SSL,1406.2871,1974-12-28,#a1483a
Spirits,SSL,1405.9352,1975-01-14,#a1483a
Spirits,SSL,1398.6699,1975-01-28,#a1483a
Spirits,SSL,1361.3087,1975-02-14,#a1483a
Spirits,SSL,1368.3533,1975-02-28,#a1483a
Spirits,SSL,1371.936,1975-03-14,#a1483a
Spirits,SSL,1402.9767,1975-03-28,#a1483a
Spirits,SSL,1482.7393,1975-04-14,#a1483a
Spirits,SSL,1470.0374,1975-04-28,#a1483a
Spirits,SSL,1463.9969,1975-05-14,#a1483a
Spirits,SSL,1469.1022,1975-10-28,#a1483a
Spirits,SSL,1476.3601,1975-11-14,#a1483a
Spirits,SSL,1466.051,1975-11-28,#a1483a
Spirits,SSL,1426.9457,1975-12-14,#a1483a
Spirits,SSL,1429.4572,1975-12-28,#a1483a
Spirits,SSL,1453.5159,1976-01-14,#a1483a
Spirits,SSL,1420.4866,1976-01-28,#a1483a
Spirits,SSL,1446.4572,1976-02-14,#a1483a
Spirits,SSL,1460.2383,1976-02-28,#a1483a
Spirits,SSL,1488.9641,1976-03-14,#a1483a
Spirits,SSL,1477.5122,1976-03-28,#a1483a
Sounds,NOB,1321.9824,1967-10-28,#9b3222
Sounds,NOB,1356.1986,1967-11-14,#9b3222
Sounds,NOB,1400.3423,1967-11-28,#9b3222
Sounds,NOB,1424.1737,1967-12-14,#9b3222
Sounds,NOB,1417.7616,1967-12-28,#9b3222
Sounds,NOB,1375.739,1968-01-14,#9b3222
Sounds,NOB,1363.4138,1968-01-28,#9b3222
Sounds,NOB,1390.8291,1968-02-14,#9b3222
Sounds,NOB,1371.3616,1968-02-28,#9b3222
Sounds,NOB,1368.2233,1968-03-14,#9b3222
Sounds,NOB,1397.0483,1968-03-28,#9b3222
Sounds,NOB,1414.2828,1968-04-14,#9b3222
Sounds,NOB,1426.6509,1968-04-28,#9b3222
Sounds,NOB,1430.1976,1968-10-28,#9b3222
Sounds,NOB,1395.9368,1968-11-14,#9b3222
Sounds,NOB,1376.4407,1968-11-28,#9b3222
Sounds,NOB,1346.9023,1968-12-14,#9b3222
Sounds,NOB,1369.2804,1968-12-28,#9b3222
Sounds,NOB,1344.0214,1969-01-14,#9b3222
Sounds,NOB,1393.8032,1969-01-28,#9b3222
Sounds,NOB,1402.1425,1969-02-14,#9b3222
Sounds,NOB,1430.6001,1969-02-28,#9b3222
Sounds,NOB,1437.5604,1969-03-14,#9b3222
Sounds,NOB,1501.9363,1969-03-28,#9b3222
Sounds,NOB,1487.1464,1969-04-14,#9b3222
Sounds,NOB,1448.2567,1969-10-14,#9b3222
Sounds,NOB,1410.147,1969-10-28,#9b3222
Sounds,NOB,1438.631,1969-11-14,#9b3222
Sounds,NOB,1463.7952,1969-11-28,#9b3222
Sounds,NOB,1485.5569,1969-12-14,#9b3222
Sounds,NOB,1485.9512,1969-12-28,#9b3222
Sounds,NOB,1451.2693,1970-01-14,#9b3222
Sounds,NOB,1425.6666,1970-01-28,#9b3222
Sounds,NOB,1419.5707,1970-02-14,#9b3222
Sounds,NOB,1379.6954,1970-02-28,#9b3222
Sounds,NOB,1357.7742,1970-03-14,#9b3222
Sounds,NOB,1369.8293,1970-03-28,#9b3222
Sounds,NOB,1404.6008,1970-04-14,#9b3222
Sounds,MMP,1418.481,1970-04-28,#9b3222
Sounds,MMP,1418.481,1970-10-14,#9b3222
Sounds,MMP,1407.3994,1970-10-28,#9b3222
Sounds,MMP,1428.1361,1970-11-14,#9b3222
Sounds,MMP,1460.2429,1970-11-28,#9b3222
Sounds,MMP,1421.9719,1970-12-28,#9b3222
Sounds,MMP,1404.7798,1971-01-14,#9b3222
Sounds,MMP,1458.0656,1971-01-28,#9b3222
Sounds,MMP,1449.8136,1971-02-14,#9b3222
Sounds,MMP,1398.1749,1971-02-28,#9b3222
Sounds,MMP,1392.6387,1971-03-14,#9b3222
Sounds,MMP,1389.1505,1971-03-28,#9b3222
Sounds,MMP,1399.2468,1971-04-14,#9b3222
Sounds,MMP,1399.2468,1971-04-28,#9b3222
Sounds,MMP,1399.2468,1971-10-14,#9b3222
Sounds,MMP,1387.5327,1971-10-28,#9b3222
Sounds,MMP,1428.3108,1971-11-14,#9b3222
Sounds,MMP,1365.0624,1971-11-28,#9b3222
Sounds,MMP,1391.6989,1971-12-14,#9b3222
Sounds,MMP,1388.1139,1971-12-28,#9b3222
Sounds,MMP,1371.9027,1972-01-14,#9b3222
Sounds,MMP,1382.8679,1972-01-28,#9b3222
Sounds,MMP,1334.8717,1972-02-14,#9b3222
Sounds,MMP,1310.4491,1972-03-14,#9b3222
Sounds,MMP,1275.6639,1972-03-28,#9b3222
Sounds,MMT,1317.1672,1972-04-14,#9b3222
Sounds,MMT,1306.2517,1972-10-14,#9b3222
Sounds,MMT,1290.4139,1972-10-28,#9b3222
Sounds,MMT,1306.0648,1972-11-14,#9b3222
Sounds,MMT,1312.7825,1972-11-28,#9b3222
Sounds,MMT,1339.713,1972-12-14,#9b3222
Sounds,MMT,1366.988,1972-12-28,#9b3222
Sounds,MMT,1355.4219,1973-01-14,#9b3222
Sounds,MMT,1354.6348,1973-01-28,#9b3222
Sounds,MMT,1359.8453,1973-02-14,#9b3222
Sounds,MMT,1340.756,1973-02-28,#9b3222
Sounds,MMT,1296.2494,1973-03-14,#9b3222
Sounds,MMT,1314.2313,1973-03-28,#9b3222
Sounds,MMT,1360.6644,1973-04-14,#9b3222
Sounds,MMT,1360.6644,1973-04-28,#9b3222
Sounds,MMT,1362.6619,1973-10-14,#9b3222
Sounds,MMT,1362.3286,1973-10-28,#9b3222
Sounds,MMT,1347.799,1973-11-14,#9b3222
Sounds,MMT,1389.0789,1973-11-28,#9b3222
Sounds,MMT,1332.7544,1973-12-14,#9b3222
Sounds,MMT,1311.0415,1973-12-28,#9b3222
Sounds,MMT,1296.2051,1974-01-14,#9b3222
Sounds,MMT,1277.6263,1974-01-28,#9b3222
Sounds,MMT,1272.5128,1974-02-14,#9b3222
Sounds,MMT,1311.5466,1974-02-28,#9b3222
Sounds,MMT,1291.5067,1974-03-14,#9b3222
Sounds,MMT,1296.172,1974-03-28,#9b3222
Sounds,MMS,1361.7388,1974-04-14,#9b3222
Sounds,MMS,1361.7388,1974-04-28,#9b3222
Sounds,MMS,1332.7222,1974-11-14,#9b3222
Sounds,MMS,1326.8885,1974-11-28,#9b3222
Sounds,MMS,1305.8729,1974-12-14,#9b3222
Sounds,MMS,1301.0077,1974-12-28,#9b3222
Sounds,MMS,1288.0264,1975-01-14,#9b3222
Sounds,MMS,1300.9065,1975-01-28,#9b3222
Sounds,MMS,1317.1128,1975-02-14,#9b3222
Sounds,MMS,1328.1425,1975-02-28,#9b3222
Sounds,MMS,1336.2231,1975-03-14,#9b3222
Sounds,MMS,1373.4263,1975-03-28,#9b3222
Sixers,SYR,1550.4452,1949-11-28,#006BB6
Sixers,SYR,1572.0679,1949-12-14,#006BB6
Sixers,SYR,1594.4553,1949-12-28,#006BB6
Sixers,SYR,1596.8163,1950-01-14,#006BB6
Sixers,SYR,1596.376,1950-01-28,#006BB6
Sixers,SYR,1621.246,1950-02-14,#006BB6
Sixers,SYR,1565.231,1950-02-28,#006BB6
Sixers,SYR,1569.1592,1950-03-14,#006BB6
Sixers,SYR,1591.2742,1950-03-28,#006BB6
Sixers,SYR,1596.3566,1950-04-14,#006BB6
Sixers,SYR,1569.9791,1950-11-14,#006BB6
Sixers,SYR,1551.5657,1950-11-28,#006BB6
Sixers,SYR,1506.9268,1950-12-14,#006BB6
Sixers,SYR,1504.7156,1950-12-28,#006BB6
Sixers,SYR,1546.0586,1951-01-14,#006BB6
Sixers,SYR,1529.8147,1951-01-28,#006BB6
Sixers,SYR,1503.767,1951-02-14,#006BB6
Sixers,SYR,1529.309,1951-02-28,#006BB6
Sixers,SYR,1505.8416,1951-03-14,#006BB6
Sixers,SYR,1518.6747,1951-03-28,#006BB6
Sixers,SYR,1550.5461,1951-11-14,#006BB6
Sixers,SYR,1590.1525,1951-11-28,#006BB6
Sixers,SYR,1603.4076,1951-12-14,#006BB6
Sixers,SYR,1599.9834,1952-02-14,#006BB6
Sixers,SYR,1585.6086,1952-02-28,#006BB6
Sixers,SYR,1602.8759,1952-03-14,#006BB6
Sixers,SYR,1566.1323,1952-11-14,#006BB6
Sixers,SYR,1576.5548,1952-11-28,#006BB6
Sixers,SYR,1600.7913,1952-12-14,#006BB6
Sixers,SYR,1593.8219,1952-12-28,#006BB6
Sixers,SYR,1636.0024,1953-01-14,#006BB6
Sixers,SYR,1640.239,1953-01-28,#006BB6
Sixers,SYR,1595.9403,1953-02-14,#006BB6
Sixers,SYR,1612.3156,1953-02-28,#006BB6
Sixers,SYR,1639.7103,1953-03-14,#006BB6
Sixers,SYR,1585.5588,1953-03-28,#006BB6
Sixers,SYR,1587.3921,1953-11-14,#006BB6
Sixers,SYR,1575.4537,1953-11-28,#006BB6
Sixers,SYR,1593.8557,1953-12-28,#006BB6
Sixers,SYR,1631.8618,1954-01-14,#006BB6
Sixers,SYR,1625.8687,1954-01-28,#006BB6
Sixers,SYR,1623.2097,1954-02-14,#006BB6
Sixers,SYR,1592.4324,1954-02-28,#006BB6
Sixers,SYR,1626.6836,1954-03-14,#006BB6
Sixers,SYR,1656.1891,1954-03-28,#006BB6
Sixers,SYR,1568.3556,1954-11-14,#006BB6
Sixers,SYR,1601.4335,1954-11-28,#006BB6
Sixers,SYR,1586.8136,1954-12-14,#006BB6
Sixers,SYR,1586.5051,1954-12-28,#006BB6
Sixers,SYR,1556.9215,1955-01-14,#006BB6
Sixers,SYR,1560.7576,1955-01-28,#006BB6
Sixers,SYR,1571.4573,1955-02-14,#006BB6
Sixers,SYR,1601.4398,1955-02-28,#006BB6
Sixers,SYR,1622.0004,1955-03-14,#006BB6
Sixers,SYR,1573.2428,1955-12-14,#006BB6
Sixers,SYR,1576.443,1955-12-28,#006BB6
Sixers,SYR,1537.323,1956-01-14,#006BB6
Sixers,SYR,1534.7858,1956-01-28,#006BB6
Sixers,SYR,1553.9155,1956-02-14,#006BB6
Sixers,SYR,1556.89,1956-02-28,#006BB6
Sixers,SYR,1533.507,1956-03-14,#006BB6
Sixers,SYR,1535.0544,1956-03-28,#006BB6
Sixers,SYR,1545.2385,1956-10-28,#006BB6
Sixers,SYR,1504.2605,1956-11-14,#006BB6
Sixers,SYR,1458.2985,1956-11-28,#006BB6
Sixers,SYR,1525.3777,1957-01-28,#006BB6
Sixers,SYR,1524.1945,1957-02-14,#006BB6
Sixers,SYR,1572.162,1957-02-28,#006BB6
Sixers,SYR,1562.5527,1957-03-14,#006BB6
Sixers,SYR,1516.373,1957-11-14,#006BB6
Sixers,SYR,1523.6193,1957-11-28,#006BB6
Sixers,SYR,1553.2174,1957-12-14,#006BB6
Sixers,SYR,1566.1677,1957-12-28,#006BB6
Sixers,SYR,1584.9861,1958-01-14,#006BB6
Sixers,SYR,1587.6799,1958-01-28,#006BB6
Sixers,SYR,1610.2557,1958-02-14,#006BB6
Sixers,SYR,1573.8202,1958-11-14,#006BB6
Sixers,SYR,1533.8003,1958-11-28,#006BB6
Sixers,SYR,1584.342,1958-12-14,#006BB6
Sixers,SYR,1548.6553,1958-12-28,#006BB6
Sixers,SYR,1575.25,1959-01-14,#006BB6
Sixers,SYR,1578.6484,1959-01-28,#006BB6
Sixers,SYR,1570.6403,1959-02-14,#006BB6
Sixers,SYR,1594.3525,1959-02-28,#006BB6
Sixers,SYR,1626.3018,1959-03-14,#006BB6
Sixers,SYR,1606.4229,1959-03-28,#006BB6
Sixers,SYR,1556.4252,1959-10-28,#006BB6
Sixers,SYR,1572.9542,1959-11-14,#006BB6
Sixers,SYR,1600.521,1959-11-28,#006BB6
Sixers,SYR,1564.6553,1959-12-28,#006BB6
Sixers,SYR,1610.2384,1960-01-14,#006BB6
Sixers,SYR,1619.4701,1960-02-14,#006BB6
Sixers,SYR,1599.7654,1960-02-28,#006BB6
Sixers,SYR,1612.0413,1960-03-14,#006BB6
Sixers,SYR,1554.1652,1960-10-28,#006BB6
Sixers,SYR,1523.6417,1960-11-28,#006BB6
Sixers,SYR,1573.9552,1960-12-14,#006BB6
Sixers,SYR,1551.8555,1960-12-28,#006BB6
Sixers,SYR,1531.7177,1961-01-14,#006BB6
Sixers,SYR,1544.745,1961-01-28,#006BB6
Sixers,SYR,1591.9423,1961-02-14,#006BB6
Sixers,SYR,1627.4817,1961-02-28,#006BB6
Sixers,SYR,1585.9873,1961-03-14,#006BB6
Sixers,SYR,1548.6285,1961-10-28,#006BB6
Sixers,SYR,1516.0651,1961-11-14,#006BB6
Sixers,SYR,1536.4852,1961-11-28,#006BB6
Sixers,SYR,1494.1709,1961-12-14,#006BB6
Sixers,SYR,1497.8683,1961-12-28,#006BB6
Sixers,SYR,1569.7643,1962-01-14,#006BB6
Sixers,SYR,1525.3834,1962-01-28,#006BB6
Sixers,SYR,1559.7883,1962-02-14,#006BB6
Sixers,SYR,1592.6864,1962-02-28,#006BB6
Sixers,SYR,1582.5863,1962-03-14,#006BB6
Sixers,SYR,1548.697,1962-03-28,#006BB6
Sixers,SYR,1548.697,1962-04-14,#006BB6
Sixers,SYR,1566.76,1962-10-28,#006BB6
Sixers,SYR,1570.7681,1962-11-14,#006BB6
Sixers,SYR,1604.6527,1962-11-28,#006BB6
Sixers,SYR,1588.5166,1962-12-14,#006BB6
Sixers,SYR,1570.1326,1962-12-28,#006BB6
Sixers,SYR,1550.2396,1963-01-14,#006BB6
Sixers,SYR,1579.6069,1963-02-14,#006BB6
Sixers,SYR,1572.5278,1963-02-28,#006BB6
Sixers,SYR,1588.2262,1963-03-14,#006BB6
Sixers,PHI,1550.9788,1963-03-28,#006BB6
Sixers,PHI,1550.9788,1963-04-14,#006BB6
Sixers,PHI,1457.5139,1963-11-14,#006BB6
Sixers,PHI,1452.1212,1963-11-28,#006BB6
Sixers,PHI,1463.3221,1963-12-14,#006BB6
Sixers,PHI,1483.2467,1963-12-28,#006BB6
Sixers,PHI,1434.4186,1964-01-28,#006BB6
Sixers,PHI,1442.2823,1964-02-14,#006BB6
Sixers,PHI,1473.5876,1964-02-28,#006BB6
Sixers,PHI,1456.2367,1964-03-14,#006BB6
Sixers,PHI,1456.9943,1964-03-28,#006BB6
Sixers,PHI,1459.3398,1964-10-28,#006BB6
Sixers,PHI,1471.1293,1964-11-14,#006BB6
Sixers,PHI,1505.313,1964-11-28,#006BB6
Sixers,PHI,1512.9091,1964-12-14,#006BB6
Sixers,PHI,1503.9835,1964-12-28,#006BB6
Sixers,PHI,1480.267,1965-01-14,#006BB6
Sixers,PHI,1521.7118,1965-01-28,#006BB6
Sixers,PHI,1542.0508,1965-02-14,#006BB6
Sixers,PHI,1532.2256,1965-02-28,#006BB6
Sixers,PHI,1494.754,1965-03-14,#006BB6
Sixers,PHI,1502.3068,1965-03-28,#006BB6
Sixers,PHI,1561.1614,1965-10-28,#006BB6
Sixers,PHI,1572.7417,1965-11-14,#006BB6
Sixers,PHI,1544.8815,1965-11-28,#006BB6
Sixers,PHI,1568.8729,1965-12-14,#006BB6
Sixers,PHI,1604.9691,1965-12-28,#006BB6
Sixers,PHI,1578.4222,1966-01-14,#006BB6
Sixers,PHI,1615.8978,1966-01-28,#006BB6
Sixers,PHI,1602.201,1966-02-14,#006BB6
Sixers,PHI,1626.1149,1966-02-28,#006BB6
Sixers,PHI,1593.5054,1966-04-28,#006BB6
Sixers,PHI,1637.9076,1966-10-28,#006BB6
Sixers,PHI,1660.3887,1966-11-14,#006BB6
Sixers,PHI,1702.5554,1966-12-14,#006BB6
Sixers,PHI,1727.0575,1966-12-28,#006BB6
Sixers,PHI,1742.9292,1967-01-14,#006BB6
Sixers,PHI,1721.0748,1967-01-28,#006BB6
Sixers,PHI,1684.6211,1967-02-14,#006BB6
Sixers,PHI,1710.9836,1967-02-28,#006BB6
Sixers,PHI,1723.0277,1967-03-14,#006BB6
Sixers,PHI,1732.3615,1967-03-28,#006BB6
Sixers,PHI,1746.8302,1967-04-14,#006BB6
Sixers,PHI,1679.1167,1967-10-14,#006BB6
Sixers,PHI,1681.462,1967-10-28,#006BB6
Sixers,PHI,1682.9104,1967-11-14,#006BB6
Sixers,PHI,1650.8872,1967-11-28,#006BB6
Sixers,PHI,1626.0369,1967-12-14,#006BB6
Sixers,PHI,1667.9382,1967-12-28,#006BB6
Sixers,PHI,1611.5906,1968-01-14,#006BB6
Sixers,PHI,1611.8036,1968-01-28,#006BB6
Sixers,PHI,1644.4106,1968-02-14,#006BB6
Sixers,PHI,1663.3258,1968-02-28,#006BB6
Sixers,PHI,1660.885,1968-03-14,#006BB6
Sixers,PHI,1659.0551,1968-03-28,#006BB6
Sixers,PHI,1678.842,1968-04-14,#006BB6
Sixers,PHI,1607.4688,1968-04-28,#006BB6
Sixers,PHI,1583.4301,1968-10-28,#006BB6
Sixers,PHI,1579.7755,1968-11-14,#006BB6
Sixers,PHI,1604.9761,1968-11-28,#006BB6
Sixers,PHI,1598.9261,1968-12-14,#006BB6
Sixers,PHI,1596.7692,1968-12-28,#006BB6
Sixers,PHI,1590.2301,1969-01-14,#006BB6
Sixers,PHI,1592.6738,1969-01-28,#006BB6
Sixers,PHI,1556.0864,1969-02-14,#006BB6
Sixers,PHI,1587.5516,1969-02-28,#006BB6
Sixers,PHI,1564.4037,1969-03-14,#006BB6
Sixers,PHI,1531.5234,1969-03-28,#006BB6
Sixers,PHI,1524.8339,1969-04-14,#006BB6
Sixers,PHI,1524.8339,1969-10-14,#006BB6
Sixers,PHI,1543.256,1969-10-28,#006BB6
Sixers,PHI,1474.4451,1969-11-14,#006BB6
Sixers,PHI,1496.3699,1969-11-28,#006BB6
Sixers,PHI,1538.1564,1969-12-14,#006BB6
Sixers,PHI,1540.7234,1969-12-28,#006BB6
Sixers,PHI,1507.9658,1970-01-14,#006BB6
Sixers,PHI,1549.673,1970-01-28,#006BB6
Sixers,PHI,1495.4629,1970-02-14,#006BB6
Sixers,PHI,1514.3438,1970-02-28,#006BB6
Sixers,PHI,1519.6877,1970-03-14,#006BB6
Sixers,PHI,1485.9017,1970-03-28,#006BB6
Sixers,PHI,1485.2363,1970-04-14,#006BB6
Sixers,PHI,1485.2363,1970-04-28,#006BB6
Sixers,PHI,1485.2363,1970-10-14,#006BB6
Sixers,PHI,1498.2378,1970-10-28,#006BB6
Sixers,PHI,1468.0221,1970-11-14,#006BB6
Sixers,PHI,1454.5531,1970-11-28,#006BB6
Sixers,PHI,1481.4105,1970-12-28,#006BB6
Sixers,PHI,1495.1979,1971-01-14,#006BB6
Sixers,PHI,1509.3567,1971-01-28,#006BB6
Sixers,PHI,1516.002,1971-02-14,#006BB6
Sixers,PHI,1518.587,1971-02-28,#006BB6
Sixers,PHI,1508.8872,1971-03-14,#006BB6
Sixers,PHI,1485.6113,1971-03-28,#006BB6
Sixers,PHI,1497.83,1971-04-14,#006BB6
Sixers,PHI,1497.83,1971-04-28,#006BB6
Sixers,PHI,1513.2203,1971-10-14,#006BB6
Sixers,PHI,1514.7042,1971-10-28,#006BB6
Sixers,PHI,1475.4558,1971-11-14,#006BB6
Sixers,PHI,1416.8159,1971-11-28,#006BB6
Sixers,PHI,1403.0375,1971-12-14,#006BB6
Sixers,PHI,1382.3746,1971-12-28,#006BB6
Sixers,PHI,1398.637,1972-01-14,#006BB6
Sixers,PHI,1399.4534,1972-01-28,#006BB6
Sixers,PHI,1353.2097,1972-02-14,#006BB6
Sixers,PHI,1369.2814,1972-03-14,#006BB6
Sixers,PHI,1389.3124,1972-03-28,#006BB6
Sixers,PHI,1389.3124,1972-04-14,#006BB6
Sixers,PHI,1363.1329,1972-10-14,#006BB6
Sixers,PHI,1340.9763,1972-10-28,#006BB6
Sixers,PHI,1300.8916,1972-11-14,#006BB6
Sixers,PHI,1280.2938,1972-11-28,#006BB6
Sixers,PHI,1225.4403,1972-12-14,#006BB6
Sixers,PHI,1213.7046,1972-12-28,#006BB6
Sixers,PHI,1195.2397,1973-01-14,#006BB6
Sixers,PHI,1175.6357,1973-01-28,#006BB6
Sixers,PHI,1172.8799,1973-02-14,#006BB6
Sixers,PHI,1242.4686,1973-02-28,#006BB6
Sixers,PHI,1208.5228,1973-03-14,#006BB6
Sixers,PHI,1253.569,1973-03-28,#006BB6
Sixers,PHI,1253.569,1973-04-14,#006BB6
Sixers,PHI,1253.569,1973-04-28,#006BB6
Sixers,PHI,1267.7836,1973-10-14,#006BB6
Sixers,PHI,1274.1818,1973-10-28,#006BB6
Sixers,PHI,1266.8687,1973-11-14,#006BB6
Sixers,PHI,1323.01,1973-11-28,#006BB6
Sixers,PHI,1297.2617,1973-12-14,#006BB6
Sixers,PHI,1288.3678,1973-12-28,#006BB6
Sixers,PHI,1310.3251,1974-01-14,#006BB6
Sixers,PHI,1314.9117,1974-01-28,#006BB6
Sixers,PHI,1322.309,1974-02-14,#006BB6
Sixers,PHI,1297.8557,1974-02-28,#006BB6
Sixers,PHI,1309.1007,1974-03-14,#006BB6
Sixers,PHI,1368.3876,1974-03-28,#006BB6
Sixers,PHI,1368.3876,1974-04-14,#006BB6
Sixers,PHI,1368.3876,1974-04-28,#006BB6
Sixers,PHI,1378.1122,1974-11-14,#006BB6
Sixers,PHI,1379.6918,1974-11-28,#006BB6
Sixers,PHI,1388.8806,1974-12-14,#006BB6
Sixers,PHI,1422.9229,1974-12-28,#006BB6
Sixers,PHI,1409.4945,1975-01-14,#006BB6
Sixers,PHI,1418.8372,1975-01-28,#006BB6
Sixers,PHI,1446.597,1975-02-14,#006BB6
Sixers,PHI,1418.4833,1975-02-28,#006BB6
Sixers,PHI,1458.2823,1975-03-14,#006BB6
Sixers,PHI,1397.0907,1975-03-28,#006BB6
Sixers,PHI,1430.6801,1975-04-14,#006BB6
Sixers,PHI,1430.6801,1975-04-28,#006BB6
Sixers,PHI,1430.6801,1975-05-14,#006BB6
Sixers,PHI,1431.3135,1975-10-28,#006BB6
Sixers,PHI,1448.5112,1975-11-14,#006BB6
Sixers,PHI,1483.7266,1975-11-28,#006BB6
Sixers,PHI,1515.0154,1975-12-14,#006BB6
Sixers,PHI,1502.4639,1975-12-28,#006BB6
Sixers,PHI,1519.952,1976-01-14,#006BB6
Sixers,PHI,1510.8075,1976-01-28,#006BB6
Sixers,PHI,1500.6688,1976-02-14,#006BB6
Sixers,PHI,1475.7054,1976-02-28,#006BB6
Sixers,PHI,1498.2703,1976-03-14,#006BB6
Sixers,PHI,1477.063,1976-03-28,#006BB6
Sixers,PHI,1464.9847,1976-04-14,#006BB6
Sixers,PHI,1488.2871,1976-04-28,#006BB6
Sixers,PHI,1488.2871,1976-05-14,#006BB6
Sixers,PHI,1539.6372,1976-10-28,#006BB6
Sixers,PHI,1537.6122,1976-11-14,#006BB6
Sixers,PHI,1548.0267,1976-11-28,#006BB6
Sixers,PHI,1543.4227,1976-12-14,#006BB6
Sixers,PHI,1540.5361,1976-12-28,#006BB6
Sixers,PHI,1587.1335,1977-01-14,#006BB6
Sixers,PHI,1587.5952,1977-01-28,#006BB6
Sixers,PHI,1590.6881,1977-03-14,#006BB6
Sixers,PHI,1590.965,1977-04-14,#006BB6
Sixers,PHI,1568.2281,1977-10-28,#006BB6
Sixers,PHI,1631.0321,1977-11-28,#006BB6
Sixers,PHI,1601.4264,1977-12-14,#006BB6
Sixers,PHI,1605.2717,1977-12-28,#006BB6
Sixers,PHI,1636.5983,1978-01-14,#006BB6
Sixers,PHI,1629.304,1978-01-28,#006BB6
Sixers,PHI,1629.3234,1978-02-14,#006BB6
Sixers,PHI,1629.6981,1978-02-28,#006BB6
Sixers,PHI,1664.4017,1978-03-14,#006BB6
Sixers,PHI,1676.2269,1978-03-28,#006BB6
Sixers,PHI,1634.0315,1978-04-14,#006BB6
Sixers,PHI,1643.1051,1978-04-28,#006BB6
Sixers,PHI,1601.0505,1978-05-14,#006BB6
Sixers,PHI,1601.0505,1978-05-28,#006BB6
Sixers,PHI,1586.517,1978-10-14,#006BB6
Sixers,PHI,1606.6646,1978-10-28,#006BB6
Sixers,PHI,1607.2683,1978-11-14,#006BB6
Sixers,PHI,1578.6816,1978-11-28,#006BB6
Sixers,PHI,1586.5463,1978-12-14,#006BB6
Sixers,PHI,1629.1119,1978-12-28,#006BB6
Sixers,PHI,1571.6492,1979-01-14,#006BB6
Sixers,PHI,1554.8621,1979-01-28,#006BB6
Sixers,PHI,1561.8763,1979-02-14,#006BB6
Sixers,PHI,1536.0708,1979-02-28,#006BB6
Sixers,PHI,1501.8701,1979-03-14,#006BB6
Sixers,PHI,1542.2474,1979-03-28,#006BB6
Sixers,PHI,1581.2599,1979-10-14,#006BB6
Sixers,PHI,1608.3258,1979-10-28,#006BB6
Sixers,PHI,1588.9452,1979-11-14,#006BB6
Sixers,PHI,1600.0415,1979-11-28,#006BB6
Sixers,PHI,1616.6731,1979-12-14,#006BB6
Sixers,PHI,1615.62,1979-12-28,#006BB6
Sixers,PHI,1624.6581,1980-01-28,#006BB6
Sixers,PHI,1619.1588,1980-02-14,#006BB6
Sixers,PHI,1632.7571,1980-02-28,#006BB6
Sixers,PHI,1640.7229,1980-03-14,#006BB6
Sixers,PHI,1603.6356,1980-03-28,#006BB6
Sixers,PHI,1647.1018,1980-04-14,#006BB6
Sixers,PHI,1671.798,1980-05-14,#006BB6
Sixers,PHI,1597.8301,1980-10-14,#006BB6
Sixers,PHI,1639.1311,1980-10-28,#006BB6
Sixers,PHI,1684.3591,1980-11-14,#006BB6
Sixers,PHI,1714.3701,1980-11-28,#006BB6
Sixers,PHI,1723.7864,1980-12-14,#006BB6
Sixers,PHI,1715.7844,1980-12-28,#006BB6
Sixers,PHI,1741.7202,1981-01-14,#006BB6
Sixers,PHI,1727.443,1981-01-28,#006BB6
Sixers,PHI,1729.1412,1981-02-14,#006BB6
Sixers,PHI,1701.2434,1981-02-28,#006BB6
Sixers,PHI,1677.5505,1981-03-14,#006BB6
Sixers,PHI,1675.738,1981-03-28,#006BB6
Sixers,PHI,1688.8352,1981-04-14,#006BB6
Sixers,PHI,1631.0363,1981-05-14,#006BB6
Sixers,PHI,1655.0331,1981-11-14,#006BB6
Sixers,PHI,1681.6313,1981-11-28,#006BB6
Sixers,PHI,1673.3572,1981-12-28,#006BB6
Sixers,PHI,1621.5612,1982-01-14,#006BB6
Sixers,PHI,1615.2706,1982-01-28,#006BB6
Sixers,PHI,1644.6833,1982-02-14,#006BB6
Sixers,PHI,1633.6534,1982-02-28,#006BB6
Sixers,PHI,1656.4766,1982-03-14,#006BB6
Sixers,PHI,1650.6144,1982-03-28,#006BB6
Sixers,PHI,1653.1919,1982-04-14,#006BB6
Sixers,PHI,1695.9537,1982-04-28,#006BB6
Sixers,PHI,1697.3254,1982-05-14,#006BB6
Sixers,PHI,1665.6252,1982-11-14,#006BB6
Sixers,PHI,1662.3004,1982-11-28,#006BB6
Sixers,PHI,1690.1301,1982-12-14,#006BB6
Sixers,PHI,1703.066,1982-12-28,#006BB6
Sixers,PHI,1740.0254,1983-01-14,#006BB6
Sixers,PHI,1749.9786,1983-01-28,#006BB6
Sixers,PHI,1685.1663,1983-04-14,#006BB6
Sixers,PHI,1710.0558,1983-05-14,#006BB6
Sixers,PHI,1682.3088,1983-10-28,#006BB6
Sixers,PHI,1683.0609,1983-11-28,#006BB6
Sixers,PHI,1689.928,1983-12-14,#006BB6
Sixers,PHI,1682.6563,1983-12-28,#006BB6
Sixers,PHI,1639.7461,1984-01-14,#006BB6
Sixers,PHI,1588.4373,1984-02-14,#006BB6
Sixers,PHI,1572.332,1984-02-28,#006BB6
Sixers,PHI,1603.8689,1984-03-14,#006BB6
Sixers,PHI,1597.0264,1984-03-28,#006BB6
Sixers,PHI,1584.7628,1984-04-14,#006BB6
Sixers,PHI,1558.5397,1984-04-28,#006BB6
Sixers,PHI,1589.4335,1984-10-28,#006BB6
Sixers,PHI,1581.7737,1984-11-14,#006BB6
Sixers,PHI,1599.0968,1984-11-28,#006BB6
Sixers,PHI,1624.8914,1984-12-14,#006BB6
Sixers,PHI,1640.703,1984-12-28,#006BB6
Sixers,PHI,1689.0981,1985-01-14,#006BB6
Sixers,PHI,1679.514,1985-01-28,#006BB6
Sixers,PHI,1673.2874,1985-02-14,#006BB6
Sixers,PHI,1672.1365,1985-02-28,#006BB6
Sixers,PHI,1651.8174,1985-03-14,#006BB6
Sixers,PHI,1617.4095,1985-03-28,#006BB6
Sixers,PHI,1590.3369,1985-04-14,#006BB6
Sixers,PHI,1621.8427,1985-04-28,#006BB6
Sixers,PHI,1631.4601,1985-05-14,#006BB6
Sixers,PHI,1566.0057,1985-11-14,#006BB6
Sixers,PHI,1573.4885,1985-12-14,#006BB6
Sixers,PHI,1608.1099,1985-12-28,#006BB6
Sixers,PHI,1637.9301,1986-01-14,#006BB6
Sixers,PHI,1614.1455,1986-01-28,#006BB6
Sixers,PHI,1596.1741,1986-02-14,#006BB6
Sixers,PHI,1604.2581,1986-02-28,#006BB6
Sixers,PHI,1604.4076,1986-03-14,#006BB6
Sixers,PHI,1588.7955,1986-03-28,#006BB6
Sixers,PHI,1558.799,1986-11-14,#006BB6
Sixers,PHI,1570.265,1986-11-28,#006BB6
Sixers,PHI,1536.097,1986-12-14,#006BB6
Sixers,PHI,1517.3184,1986-12-28,#006BB6
Sixers,PHI,1538.7982,1987-01-14,#006BB6
Sixers,PHI,1538.1973,1987-01-28,#006BB6
Sixers,PHI,1533.7421,1987-02-14,#006BB6
Sixers,PHI,1544.1543,1987-02-28,#006BB6
Sixers,PHI,1527.3951,1987-03-14,#006BB6
Sixers,PHI,1536.407,1987-03-28,#006BB6
Sixers,PHI,1526.6082,1987-04-14,#006BB6
Sixers,PHI,1529.6768,1987-04-28,#006BB6
Sixers,PHI,1531.8273,1987-05-14,#006BB6
Sixers,PHI,1531.8273,1987-05-28,#006BB6
Sixers,PHI,1531.8273,1987-06-14,#006BB6
Sixers,PHI,1500.5751,1987-11-14,#006BB6
Sixers,PHI,1515.8296,1987-11-28,#006BB6
Sixers,PHI,1542.1177,1987-12-14,#006BB6
Sixers,PHI,1515.7198,1987-12-28,#006BB6
Sixers,PHI,1536.1478,1988-01-14,#006BB6
Sixers,PHI,1475.4679,1988-01-28,#006BB6
Sixers,PHI,1466.783,1988-02-14,#006BB6
Sixers,PHI,1442.7957,1988-02-28,#006BB6
Sixers,PHI,1452.043,1988-03-14,#006BB6
Sixers,PHI,1478.6215,1988-03-28,#006BB6
Sixers,PHI,1469.9878,1988-04-14,#006BB6
Sixers,PHI,1473.708,1988-04-28,#006BB6
Sixers,PHI,1473.708,1988-05-14,#006BB6
Sixers,PHI,1473.708,1988-05-28,#006BB6
Sixers,PHI,1473.708,1988-06-14,#006BB6
Sixers,PHI,1473.7177,1988-11-14,#006BB6
Sixers,PHI,1519.5056,1988-11-28,#006BB6
Sixers,PHI,1506.5718,1988-12-14,#006BB6
Sixers,PHI,1508.5154,1988-12-28,#006BB6
Sixers,PHI,1537.1334,1989-01-14,#006BB6
Sixers,PHI,1540.0898,1989-01-28,#006BB6
Sixers,PHI,1533.0999,1989-02-14,#006BB6
Sixers,PHI,1522.1755,1989-02-28,#006BB6
Sixers,PHI,1512.4478,1989-03-14,#006BB6
Sixers,PHI,1517.3285,1989-03-28,#006BB6
Sixers,PHI,1509.6074,1989-04-14,#006BB6
Sixers,PHI,1533.4166,1989-04-28,#006BB6
Sixers,PHI,1511.8865,1989-05-14,#006BB6
Sixers,PHI,1511.8865,1989-05-28,#006BB6
Sixers,PHI,1517.2365,1989-11-14,#006BB6
Sixers,PHI,1547.2535,1989-11-28,#006BB6
Sixers,PHI,1502.6509,1989-12-14,#006BB6
Sixers,PHI,1511.8467,1989-12-28,#006BB6
Sixers,PHI,1540.9977,1990-01-14,#006BB6
Sixers,PHI,1583.3079,1990-01-28,#006BB6
Sixers,PHI,1593.39,1990-02-14,#006BB6
Sixers,PHI,1595.3732,1990-02-28,#006BB6
Sixers,PHI,1583.1259,1990-03-14,#006BB6
Sixers,PHI,1601.5212,1990-03-28,#006BB6
Sixers,PHI,1608.5922,1990-04-14,#006BB6
Sixers,PHI,1610.4102,1990-04-28,#006BB6
Sixers,PHI,1565.8379,1990-05-28,#006BB6
Sixers,PHI,1565.8379,1990-06-14,#006BB6
Sixers,PHI,1544.5132,1990-11-14,#006BB6
Sixers,PHI,1540.4241,1990-11-28,#006BB6
Sixers,PHI,1542.0739,1990-12-14,#006BB6
Sixers,PHI,1553.9897,1990-12-28,#006BB6
Sixers,PHI,1534.199,1991-01-14,#006BB6
Sixers,PHI,1518.7603,1991-01-28,#006BB6
Sixers,PHI,1486.373,1991-02-14,#006BB6
Sixers,PHI,1534.9219,1991-02-28,#006BB6
Sixers,PHI,1520.3542,1991-03-14,#006BB6
Sixers,PHI,1511.6669,1991-03-28,#006BB6
Sixers,PHI,1487.7026,1991-04-14,#006BB6
Sixers,PHI,1511.5986,1991-04-28,#006BB6
Sixers,PHI,1502.3754,1991-05-14,#006BB6
Sixers,PHI,1499.3031,1991-05-28,#006BB6
Sixers,PHI,1515.2308,1991-11-14,#006BB6
Sixers,PHI,1489.8395,1991-12-14,#006BB6
Sixers,PHI,1472.5378,1991-12-28,#006BB6
Sixers,PHI,1480.993,1992-01-14,#006BB6
Sixers,PHI,1509.994,1992-01-28,#006BB6
Sixers,PHI,1474.3381,1992-02-14,#006BB6
Sixers,PHI,1439.0007,1992-02-28,#006BB6
Sixers,PHI,1438.6957,1992-03-14,#006BB6
Sixers,PHI,1423.6997,1992-03-28,#006BB6
Sixers,PHI,1405.5432,1992-04-14,#006BB6
Sixers,PHI,1434.1226,1992-04-28,#006BB6
Sixers,PHI,1434.1226,1992-05-14,#006BB6
Sixers,PHI,1434.1226,1992-05-28,#006BB6
Sixers,PHI,1434.1226,1992-06-14,#006BB6
Sixers,PHI,1433.2705,1992-11-14,#006BB6
Sixers,PHI,1418.2667,1992-11-28,#006BB6
Sixers,PHI,1402.5393,1992-12-14,#006BB6
Sixers,PHI,1416.707,1992-12-28,#006BB6
Sixers,PHI,1439.0109,1993-01-14,#006BB6
Sixers,PHI,1455.7108,1993-01-28,#006BB6
Sixers,PHI,1402.9792,1993-02-14,#006BB6
Sixers,PHI,1371.6118,1993-02-28,#006BB6
Sixers,PHI,1360.7428,1993-03-14,#006BB6
Sixers,PHI,1323.1661,1993-03-28,#006BB6
Sixers,PHI,1332.2046,1993-04-14,#006BB6
Sixers,PHI,1393.7026,1993-05-14,#006BB6
Sixers,PHI,1393.7026,1993-05-28,#006BB6
Sixers,PHI,1377.3817,1993-11-14,#006BB6
Sixers,PHI,1375.3718,1993-11-28,#006BB6
Sixers,PHI,1392.3594,1993-12-14,#006BB6
Sixers,PHI,1421.8157,1993-12-28,#006BB6
Sixers,PHI,1460.5262,1994-01-14,#006BB6
Sixers,PHI,1445.5544,1994-01-28,#006BB6
Sixers,PHI,1357.5457,1994-02-28,#006BB6
Sixers,PHI,1348.4915,1994-03-14,#006BB6
Sixers,PHI,1310.7325,1994-03-28,#006BB6
Sixers,PHI,1313.4088,1994-04-14,#006BB6
Sixers,PHI,1345.8903,1994-04-28,#006BB6
Sixers,PHI,1345.8903,1994-05-14,#006BB6
Sixers,PHI,1345.8903,1994-05-28,#006BB6
Sixers,PHI,1322.4233,1994-11-14,#006BB6
Sixers,PHI,1366.4584,1994-11-28,#006BB6
Sixers,PHI,1396.8073,1994-12-14,#006BB6
Sixers,PHI,1403.9991,1994-12-28,#006BB6
Sixers,PHI,1359.9803,1995-01-14,#006BB6
Sixers,PHI,1356.1528,1995-01-28,#006BB6
Sixers,PHI,1337.9922,1995-02-14,#006BB6
Sixers,PHI,1334.05,1995-02-28,#006BB6
Sixers,PHI,1304.2227,1995-03-14,#006BB6
Sixers,PHI,1314.0911,1995-03-28,#006BB6
Sixers,PHI,1351.3142,1995-04-14,#006BB6
Sixers,PHI,1383.2443,1995-04-28,#006BB6
Sixers,PHI,1383.2443,1995-05-14,#006BB6
Sixers,PHI,1383.2443,1995-05-28,#006BB6
Sixers,PHI,1383.2443,1995-06-14,#006BB6
Sixers,PHI,1384.4641,1995-11-14,#006BB6
Sixers,PHI,1301.9972,1995-11-28,#006BB6
Sixers,PHI,1286.8558,1995-12-14,#006BB6
Sixers,PHI,1274.5797,1995-12-28,#006BB6
Sixers,PHI,1306.6135,1996-01-14,#006BB6
Sixers,PHI,1279.3762,1996-01-28,#006BB6
Sixers,PHI,1276.0217,1996-02-14,#006BB6
Sixers,PHI,1270.7585,1996-02-28,#006BB6
Sixers,PHI,1256.5768,1996-03-14,#006BB6
Sixers,PHI,1246.0746,1996-03-28,#006BB6
Sixers,PHI,1238.8148,1996-04-14,#006BB6
Sixers,PHI,1307.6807,1996-04-28,#006BB6
Sixers,PHI,1307.6807,1996-05-14,#006BB6
Sixers,PHI,1307.6807,1996-05-28,#006BB6
Sixers,PHI,1307.6807,1996-06-14,#006BB6
Sixers,PHI,1337.5239,1996-11-14,#006BB6
Sixers,PHI,1366.9259,1996-11-28,#006BB6
Sixers,PHI,1340.5181,1996-12-14,#006BB6
Sixers,PHI,1360.3932,1996-12-28,#006BB6
Sixers,PHI,1296.853,1997-01-14,#006BB6
Sixers,PHI,1281.8484,1997-01-28,#006BB6
Sixers,PHI,1303.3895,1997-02-14,#006BB6
Sixers,PHI,1322.7029,1997-02-28,#006BB6
Sixers,PHI,1338.6399,1997-03-14,#006BB6
Sixers,PHI,1324.0939,1997-03-28,#006BB6
Sixers,PHI,1311.2147,1997-04-14,#006BB6
Sixers,PHI,1343.7581,1997-04-28,#006BB6
Sixers,PHI,1343.7581,1997-05-14,#006BB6
Sixers,PHI,1343.7581,1997-05-28,#006BB6
Sixers,PHI,1358.5863,1997-11-14,#006BB6
Sixers,PHI,1375.4835,1997-11-28,#006BB6
Sixers,PHI,1362.6709,1997-12-14,#006BB6
Sixers,PHI,1349.0763,1997-12-28,#006BB6
Sixers,PHI,1403.7792,1998-01-14,#006BB6
Sixers,PHI,1417.8207,1998-01-28,#006BB6
Sixers,PHI,1375.8483,1998-02-14,#006BB6
Sixers,PHI,1393.6951,1998-02-28,#006BB6
Sixers,PHI,1436.21,1998-03-14,#006BB6
Sixers,PHI,1402.16,1998-03-28,#006BB6
Sixers,PHI,1431.9297,1998-04-14,#006BB6
Sixers,PHI,1480.6583,1998-04-28,#006BB6
Sixers,PHI,1480.6583,1998-06-14,#006BB6
Sixers,PHI,1501.9893,1999-02-14,#006BB6
Sixers,PHI,1537.0142,1999-02-28,#006BB6
Sixers,PHI,1536.6742,1999-03-14,#006BB6
Sixers,PHI,1513.5498,1999-03-28,#006BB6
Sixers,PHI,1520.9523,1999-04-14,#006BB6
Sixers,PHI,1551.9578,1999-04-28,#006BB6
Sixers,PHI,1577.5002,1999-05-14,#006BB6
Sixers,PHI,1534.4519,1999-11-14,#006BB6
Sixers,PHI,1538.843,1999-11-28,#006BB6
Sixers,PHI,1499.3328,1999-12-14,#006BB6
Sixers,PHI,1513.218,1999-12-28,#006BB6
Sixers,PHI,1503.947,2000-01-14,#006BB6
Sixers,PHI,1511.7628,2000-01-28,#006BB6
Sixers,PHI,1535.0259,2000-02-28,#006BB6
Sixers,PHI,1530.2325,2000-03-14,#006BB6
Sixers,PHI,1575.8331,2000-03-28,#006BB6
Sixers,PHI,1577.0044,2000-04-14,#006BB6
Sixers,PHI,1590.8268,2000-04-28,#006BB6
Sixers,PHI,1602.0159,2000-05-14,#006BB6
Sixers,PHI,1591.9641,2000-05-28,#006BB6
Sixers,PHI,1591.9641,2000-06-14,#006BB6
Sixers,PHI,1624.0697,2000-11-14,#006BB6
Sixers,PHI,1628.7551,2000-11-28,#006BB6
Sixers,PHI,1624.578,2000-12-14,#006BB6
Sixers,PHI,1614.3164,2000-12-28,#006BB6
Sixers,PHI,1638.2004,2001-01-14,#006BB6
Sixers,PHI,1659.3602,2001-01-28,#006BB6
Sixers,PHI,1612.6605,2001-02-14,#006BB6
Sixers,PHI,1621.9232,2001-02-28,#006BB6
Sixers,PHI,1636.0813,2001-03-14,#006BB6
Sixers,PHI,1576.4497,2001-03-28,#006BB6
Sixers,PHI,1570.2635,2001-04-14,#006BB6
Sixers,PHI,1567.2032,2001-04-28,#006BB6
Sixers,PHI,1586.655,2001-05-14,#006BB6
Sixers,PHI,1582.1245,2001-05-28,#006BB6
Sixers,PHI,1542.4543,2001-11-14,#006BB6
Sixers,PHI,1535.7295,2001-11-28,#006BB6
Sixers,PHI,1476.7816,2001-12-14,#006BB6
Sixers,PHI,1500.7389,2001-12-28,#006BB6
Sixers,PHI,1548.9302,2002-01-14,#006BB6
Sixers,PHI,1568.4427,2002-01-28,#006BB6
Sixers,PHI,1562.0706,2002-02-14,#006BB6
Sixers,PHI,1552.7526,2002-02-28,#006BB6
Sixers,PHI,1563.4281,2002-03-14,#006BB6
Sixers,PHI,1571.2129,2002-03-28,#006BB6
Sixers,PHI,1557.6187,2002-04-14,#006BB6
Sixers,PHI,1525.7329,2002-04-28,#006BB6
Sixers,PHI,1507.6066,2002-05-14,#006BB6
Sixers,PHI,1507.6066,2002-05-28,#006BB6
Sixers,PHI,1522.6108,2002-11-14,#006BB6
Sixers,PHI,1574.0699,2002-11-28,#006BB6
Sixers,PHI,1529.1526,2002-12-14,#006BB6
Sixers,PHI,1525.7294,2002-12-28,#006BB6
Sixers,PHI,1488.752,2003-01-14,#006BB6
Sixers,PHI,1536.0582,2003-01-28,#006BB6
Sixers,PHI,1495.8804,2003-02-14,#006BB6
Sixers,PHI,1555.2936,2003-02-28,#006BB6
Sixers,PHI,1600.8994,2003-03-14,#006BB6
Sixers,PHI,1588.9905,2003-03-28,#006BB6
Sixers,PHI,1571.1145,2003-04-14,#006BB6
Sixers,PHI,1590.2446,2003-04-28,#006BB6
Sixers,PHI,1590.1968,2003-05-14,#006BB6
Sixers,PHI,1565.9512,2003-10-28,#006BB6
Sixers,PHI,1562.9095,2003-11-14,#006BB6
Sixers,PHI,1533.1013,2003-11-28,#006BB6
Sixers,PHI,1505.8903,2003-12-14,#006BB6
Sixers,PHI,1485.137,2003-12-28,#006BB6
Sixers,PHI,1497.1732,2004-01-14,#006BB6
Sixers,PHI,1440.8323,2004-01-28,#006BB6
Sixers,PHI,1407.7626,2004-02-28,#006BB6
Sixers,PHI,1434.4183,2004-03-14,#006BB6
Sixers,PHI,1428.7443,2004-03-28,#006BB6
Sixers,PHI,1399.684,2004-04-14,#006BB6
Sixers,PHI,1434.0282,2004-04-28,#006BB6
Sixers,PHI,1434.0282,2004-05-14,#006BB6
Sixers,PHI,1434.0282,2004-05-28,#006BB6
Sixers,PHI,1432.6494,2004-11-14,#006BB6
Sixers,PHI,1420.736,2004-11-28,#006BB6
Sixers,PHI,1419.0953,2004-12-14,#006BB6
Sixers,PHI,1480.2072,2004-12-28,#006BB6
Sixers,PHI,1461.9745,2005-01-14,#006BB6
Sixers,PHI,1460.3873,2005-01-28,#006BB6
Sixers,PHI,1479.3269,2005-02-14,#006BB6
Sixers,PHI,1462.5691,2005-02-28,#006BB6
Sixers,PHI,1442.9484,2005-03-14,#006BB6
Sixers,PHI,1482.6772,2005-03-28,#006BB6
Sixers,PHI,1490.4756,2005-04-14,#006BB6
Sixers,PHI,1501.3022,2005-04-28,#006BB6
Sixers,PHI,1477.0358,2005-05-14,#006BB6
Sixers,PHI,1477.0358,2005-05-28,#006BB6
Sixers,PHI,1477.0358,2005-06-14,#006BB6
Sixers,PHI,1484.5083,2005-11-14,#006BB6
Sixers,PHI,1480.9779,2005-11-28,#006BB6
Sixers,PHI,1487.2797,2005-12-14,#006BB6
Sixers,PHI,1498.5944,2005-12-28,#006BB6
Sixers,PHI,1470.4296,2006-01-14,#006BB6
Sixers,PHI,1473.0508,2006-01-28,#006BB6
Sixers,PHI,1458.8593,2006-02-14,#006BB6
Sixers,PHI,1480.0737,2006-02-28,#006BB6
Sixers,PHI,1458.2034,2006-03-14,#006BB6
Sixers,PHI,1413.3118,2006-03-28,#006BB6
Sixers,PHI,1459.5632,2006-04-14,#006BB6
Sixers,PHI,1470.8103,2006-04-28,#006BB6
Sixers,PHI,1470.8103,2006-05-14,#006BB6
Sixers,PHI,1470.8103,2006-05-28,#006BB6
Sixers,PHI,1476.7739,2006-11-14,#006BB6
Sixers,PHI,1449.8177,2006-11-28,#006BB6
Sixers,PHI,1378.7163,2006-12-14,#006BB6
Sixers,PHI,1397.5574,2006-12-28,#006BB6
Sixers,PHI,1387.0313,2007-01-14,#006BB6
Sixers,PHI,1401.3645,2007-01-28,#006BB6
Sixers,PHI,1405.3257,2007-02-14,#006BB6
Sixers,PHI,1417.5605,2007-02-28,#006BB6
Sixers,PHI,1443.3939,2007-03-14,#006BB6
Sixers,PHI,1438.1609,2007-03-28,#006BB6
Sixers,PHI,1433.6497,2007-04-14,#006BB6
Sixers,PHI,1467.8754,2007-04-28,#006BB6
Sixers,PHI,1467.8754,2007-05-14,#006BB6
Sixers,PHI,1467.8754,2007-05-28,#006BB6
Sixers,PHI,1467.8754,2007-06-14,#006BB6
Sixers,PHI,1454.9585,2007-11-14,#006BB6
Sixers,PHI,1451.5208,2007-11-28,#006BB6
Sixers,PHI,1456.9012,2007-12-14,#006BB6
Sixers,PHI,1481.3175,2007-12-28,#006BB6
Sixers,PHI,1437.215,2008-01-14,#006BB6
Sixers,PHI,1451.7186,2008-01-28,#006BB6
Sixers,PHI,1460.8481,2008-02-14,#006BB6
Sixers,PHI,1477.6932,2008-02-28,#006BB6
Sixers,PHI,1536.7885,2008-03-14,#006BB6
Sixers,PHI,1549.9268,2008-03-28,#006BB6
Sixers,PHI,1521.2375,2008-04-14,#006BB6
Sixers,PHI,1522.8082,2008-04-28,#006BB6
Sixers,PHI,1489.6041,2008-05-14,#006BB6
Sixers,PHI,1489.6041,2008-05-28,#006BB6
Sixers,PHI,1489.6041,2008-10-28,#006BB6
Sixers,PHI,1490.2665,2008-11-14,#006BB6
Sixers,PHI,1476.6201,2008-11-28,#006BB6
Sixers,PHI,1467.3781,2008-12-14,#006BB6
Sixers,PHI,1459.2343,2008-12-28,#006BB6
Sixers,PHI,1522.9456,2009-01-14,#006BB6
Sixers,PHI,1546.2606,2009-01-28,#006BB6
Sixers,PHI,1525.38,2009-02-28,#006BB6
Sixers,PHI,1516.6218,2009-03-14,#006BB6
Sixers,PHI,1517.7722,2009-03-28,#006BB6
Sixers,PHI,1482.063,2009-04-14,#006BB6
Sixers,PHI,1493.1675,2009-04-28,#006BB6
Sixers,PHI,1479.2555,2009-05-14,#006BB6
Sixers,PHI,1479.2555,2009-05-28,#006BB6
Sixers,PHI,1479.2555,2009-06-14,#006BB6
Sixers,PHI,1479.2555,2009-10-28,#006BB6
Sixers,PHI,1452.269,2009-11-14,#006BB6
Sixers,PHI,1422.3696,2009-11-28,#006BB6
Sixers,PHI,1405.9607,2009-12-14,#006BB6
Sixers,PHI,1415.6902,2009-12-28,#006BB6
Sixers,PHI,1430.9528,2010-01-14,#006BB6
Sixers,PHI,1417.6926,2010-01-28,#006BB6
Sixers,PHI,1434.5759,2010-02-28,#006BB6
Sixers,PHI,1412.6879,2010-03-14,#006BB6
Sixers,PHI,1406.8206,2010-03-28,#006BB6
Sixers,PHI,1383.2838,2010-04-14,#006BB6
Sixers,PHI,1404.4315,2010-04-28,#006BB6
Sixers,PHI,1404.4315,2010-05-28,#006BB6
Sixers,PHI,1400.2472,2010-10-28,#006BB6
Sixers,PHI,1408.1564,2010-11-14,#006BB6
Sixers,PHI,1413.5692,2010-11-28,#006BB6
Sixers,PHI,1456.2887,2010-12-14,#006BB6
Sixers,PHI,1482.647,2010-12-28,#006BB6
Sixers,PHI,1472.0004,2011-01-14,#006BB6
Sixers,PHI,1490.5928,2011-01-28,#006BB6
Sixers,PHI,1551.9708,2011-02-14,#006BB6
Sixers,PHI,1564.8384,2011-02-28,#006BB6
Sixers,PHI,1545.86,2011-03-14,#006BB6
Sixers,PHI,1571.0881,2011-03-28,#006BB6
Sixers,PHI,1513.8418,2011-04-28,#006BB6
Sixers,PHI,1535.1016,2011-12-28,#006BB6
Sixers,PHI,1589.7847,2012-01-14,#006BB6
Sixers,PHI,1573.6012,2012-01-28,#006BB6
Sixers,PHI,1576.0787,2012-02-14,#006BB6
Sixers,PHI,1564.5286,2012-02-28,#006BB6
Sixers,PHI,1573.9912,2012-03-14,#006BB6
Sixers,PHI,1540.4407,2012-03-28,#006BB6
Sixers,PHI,1495.4601,2012-04-14,#006BB6
Sixers,PHI,1505.9465,2012-04-28,#006BB6
Sixers,PHI,1556.7285,2012-05-14,#006BB6
Sixers,PHI,1545.1703,2012-05-28,#006BB6
Sixers,PHI,1545.1703,2012-06-14,#006BB6
Sixers,PHI,1505.9783,2012-11-14,#006BB6
Sixers,PHI,1509.9822,2012-11-28,#006BB6
Sixers,PHI,1469.9675,2012-12-14,#006BB6
Sixers,PHI,1472.3976,2012-12-28,#006BB6
Sixers,PHI,1426.0016,2013-01-14,#006BB6
Sixers,PHI,1437.7123,2013-01-28,#006BB6
Sixers,PHI,1422.292,2013-02-14,#006BB6
Sixers,PHI,1382.3634,2013-02-28,#006BB6
Sixers,PHI,1390.0264,2013-03-14,#006BB6
Sixers,PHI,1422.7041,2013-03-28,#006BB6
Sixers,PHI,1430.6931,2013-04-14,#006BB6
Sixers,PHI,1469.418,2013-04-28,#006BB6
Sixers,PHI,1469.418,2013-05-14,#006BB6
Sixers,PHI,1469.418,2013-05-28,#006BB6
Sixers,PHI,1442.3201,2013-11-14,#006BB6
Sixers,PHI,1339.6879,2013-12-14,#006BB6
Sixers,PHI,1323.3438,2013-12-28,#006BB6
Sixers,PHI,1344.5775,2014-01-14,#006BB6
Sixers,PHI,1331.9235,2014-01-28,#006BB6
Sixers,PHI,1212.1063,2014-02-28,#006BB6
Sixers,PHI,1185.8701,2014-03-14,#006BB6
Sixers,PHI,1201.4324,2014-03-28,#006BB6
Sixers,PHI,1214.5732,2014-04-14,#006BB6
Sixers,PHI,1313.8357,2014-04-28,#006BB6
Sixers,PHI,1313.8357,2014-05-14,#006BB6
Sixers,PHI,1313.8357,2014-05-28,#006BB6
Sixers,PHI,1313.8357,2014-10-28,#006BB6
Sixers,PHI,1278.5261,2014-11-14,#006BB6
Sixers,PHI,1244.2557,2014-11-28,#006BB6
Sixers,PHI,1248.2511,2014-12-14,#006BB6
Sixers,PHI,1259.3391,2014-12-28,#006BB6
Sixers,PHI,1264.6694,2015-01-14,#006BB6
Sixers,PHI,1281.6776,2015-01-28,#006BB6
Sixers,PHI,1293.3192,2015-02-28,#006BB6
Sixers,PHI,1298.126,2015-03-14,#006BB6
Sixers,PHI,1323.9053,2015-03-28,#006BB6
Sixers,PHI,1276.1891,2015-04-14,#006BB6
Sails,SDA,1302.333,1972-10-14,#007A33
Sails,SDA,1335.0424,1972-10-28,#007A33
Sails,SDA,1360.4773,1972-11-14,#007A33
Sails,SDA,1363.2159,1972-11-28,#007A33
Sails,SDA,1330.1246,1972-12-14,#007A33
Sails,SDA,1317.2207,1972-12-28,#007A33
Sails,SDA,1300.3054,1973-01-14,#007A33
Sails,SDA,1313.7571,1973-01-28,#007A33
Sails,SDA,1287.892,1973-02-14,#007A33
Sails,SDA,1289.1931,1973-02-28,#007A33
Sails,SDA,1324.8407,1973-03-14,#007A33
Sails,SDA,1347.1185,1973-03-28,#007A33
Sails,SDA,1394.1792,1973-04-14,#007A33
Sails,SDA,1394.1792,1973-04-28,#007A33
Sails,SDA,1366.9788,1973-10-14,#007A33
Sails,SDA,1382.1919,1973-10-28,#007A33
Sails,SDA,1374.8933,1973-11-14,#007A33
Sails,SDA,1381.6088,1973-11-28,#007A33
Sails,SDA,1422.1097,1973-12-14,#007A33
Sails,SDA,1421.219,1973-12-28,#007A33
Sails,SDA,1394.9933,1974-01-14,#007A33
Sails,SDA,1409.6846,1974-01-28,#007A33
Sails,SDA,1419.7184,1974-02-14,#007A33
Sails,SDA,1440.2095,1974-02-28,#007A33
Sails,SDA,1429.1823,1974-03-14,#007A33
Sails,SDA,1456.2643,1974-03-28,#007A33
Sails,SDA,1458.2753,1974-04-14,#007A33
Sails,SDA,1458.2753,1974-04-28,#007A33
Sails,SDA,1386.0737,1974-11-14,#007A33
Sails,SDA,1416.425,1974-11-28,#007A33
Sails,SDA,1401.0808,1974-12-14,#007A33
Sails,SDA,1399.025,1974-12-28,#007A33
Sails,SDA,1440.1721,1975-01-14,#007A33
Sails,SDA,1408.4613,1975-01-28,#007A33
Sails,SDA,1390.9362,1975-02-14,#007A33
Sails,SDA,1421.6757,1975-02-28,#007A33
Sails,SDA,1411.0964,1975-03-14,#007A33
Sails,SDA,1358.2747,1975-03-28,#007A33
Sails,SDS,1364.259,1975-04-14,#007A33
Sails,SDS,1364.259,1975-04-28,#007A33
Sails,SDS,1364.259,1975-05-14,#007A33
Sails,SDS,1365.5186,1975-10-28,#007A33
Rockets,SDR,1297.3533,1967-10-14,#CE1141
Rockets,SDR,1262.1404,1967-10-28,#CE1141
Rockets,SDR,1247.5469,1967-11-14,#CE1141
Rockets,SDR,1250.9833,1967-11-28,#CE1141
Rockets,SDR,1360.6715,1967-12-14,#CE1141
Rockets,SDR,1365.124,1967-12-28,#CE1141
Rockets,SDR,1320.5875,1968-01-14,#CE1141
Rockets,SDR,1294.9028,1968-01-28,#CE1141
Rockets,SDR,1254.9054,1968-02-14,#CE1141
Rockets,SDR,1235.4803,1968-02-28,#CE1141
Rockets,SDR,1183.4564,1968-03-14,#CE1141
Rockets,SDR,1273.075,1968-03-28,#CE1141
Rockets,SDR,1273.075,1968-04-14,#CE1141
Rockets,SDR,1273.075,1968-04-28,#CE1141
Rockets,SDR,1304.7238,1968-10-28,#CE1141
Rockets,SDR,1317.2949,1968-11-14,#CE1141
Rockets,SDR,1349.9048,1968-11-28,#CE1141
Rockets,SDR,1384.0668,1968-12-14,#CE1141
Rockets,SDR,1358.0537,1968-12-28,#CE1141
Rockets,SDR,1349.8098,1969-01-14,#CE1141
Rockets,SDR,1377.776,1969-01-28,#CE1141
Rockets,SDR,1403.0277,1969-02-14,#CE1141
Rockets,SDR,1386.0544,1969-02-28,#CE1141
Rockets,SDR,1381.4999,1969-03-14,#CE1141
Rockets,SDR,1387.6807,1969-03-28,#CE1141
Rockets,SDR,1414.0542,1969-04-14,#CE1141
Rockets,SDR,1414.0542,1969-10-14,#CE1141
Rockets,SDR,1380.3969,1969-10-28,#CE1141
Rockets,SDR,1387.2333,1969-11-14,#CE1141
Rockets,SDR,1417.8953,1969-11-28,#CE1141
Rockets,SDR,1391.2184,1969-12-14,#CE1141
Rockets,SDR,1419.1492,1969-12-28,#CE1141
Rockets,SDR,1408.6814,1970-01-14,#CE1141
Rockets,SDR,1384.9865,1970-01-28,#CE1141
Rockets,SDR,1352.9595,1970-02-14,#CE1141
Rockets,SDR,1367.145,1970-02-28,#CE1141
Rockets,SDR,1326.693,1970-03-14,#CE1141
Rockets,SDR,1378.947,1970-03-28,#CE1141
Rockets,SDR,1378.947,1970-04-14,#CE1141
Rockets,SDR,1378.947,1970-04-28,#CE1141
Rockets,SDR,1374.0406,1970-10-14,#CE1141
Rockets,SDR,1398.7269,1970-10-28,#CE1141
Rockets,SDR,1392.4921,1970-11-14,#CE1141
Rockets,SDR,1443.3462,1970-11-28,#CE1141
Rockets,SDR,1428.938,1970-12-28,#CE1141
Rockets,SDR,1423.5638,1971-01-14,#CE1141
Rockets,SDR,1375.7495,1971-01-28,#CE1141
Rockets,SDR,1394.0543,1971-02-14,#CE1141
Rockets,SDR,1454.0209,1971-02-28,#CE1141
Rockets,SDR,1467.4561,1971-03-14,#CE1141
Rockets,HOU,1483.963,1971-03-28,#CE1141
Rockets,HOU,1483.963,1971-04-14,#CE1141
Rockets,HOU,1483.963,1971-04-28,#CE1141
Rockets,HOU,1483.963,1971-10-14,#CE1141
Rockets,HOU,1428.3318,1971-10-28,#CE1141
Rockets,HOU,1361.6356,1971-11-14,#CE1141
Rockets,HOU,1401.6671,1971-11-28,#CE1141
Rockets,HOU,1410.475,1971-12-14,#CE1141
Rockets,HOU,1441.8785,1971-12-28,#CE1141
Rockets,HOU,1428.2705,1972-01-14,#CE1141
Rockets,HOU,1437.6654,1972-01-28,#CE1141
Rockets,HOU,1464.7135,1972-02-14,#CE1141
Rockets,HOU,1429.349,1972-03-14,#CE1141
Rockets,HOU,1473.1821,1972-03-28,#CE1141
Rockets,HOU,1473.1821,1972-04-14,#CE1141
Rockets,HOU,1479.8773,1972-10-14,#CE1141
Rockets,HOU,1461.2644,1972-10-28,#CE1141
Rockets,HOU,1446.4087,1972-11-14,#CE1141
Rockets,HOU,1449.1392,1972-11-28,#CE1141
Rockets,HOU,1437.3728,1972-12-14,#CE1141
Rockets,HOU,1474.4412,1972-12-28,#CE1141
Rockets,HOU,1431.5845,1973-01-14,#CE1141
Rockets,HOU,1422.215,1973-01-28,#CE1141
Rockets,HOU,1399.5392,1973-02-14,#CE1141
Rockets,HOU,1410.5032,1973-02-28,#CE1141
Rockets,HOU,1401.9907,1973-03-14,#CE1141
Rockets,HOU,1425.2418,1973-03-28,#CE1141
Rockets,HOU,1439.1409,1973-04-14,#CE1141
Rockets,HOU,1439.1409,1973-04-28,#CE1141
Rockets,HOU,1452.905,1973-10-14,#CE1141
Rockets,HOU,1443.071,1973-10-28,#CE1141
Rockets,HOU,1415.379,1973-11-14,#CE1141
Rockets,HOU,1408.359,1973-11-28,#CE1141
Rockets,HOU,1452.9216,1973-12-14,#CE1141
Rockets,HOU,1401.7509,1973-12-28,#CE1141
Rockets,HOU,1409.6536,1974-01-14,#CE1141
Rockets,HOU,1414.3868,1974-01-28,#CE1141
Rockets,HOU,1440.743,1974-02-14,#CE1141
Rockets,HOU,1440.13,1974-02-28,#CE1141
Rockets,HOU,1456.9962,1974-03-14,#CE1141
Rockets,HOU,1476.9236,1974-03-28,#CE1141
Rockets,HOU,1476.9236,1974-04-14,#CE1141
Rockets,HOU,1476.9236,1974-04-28,#CE1141
Rockets,HOU,1492.4871,1974-11-14,#CE1141
Rockets,HOU,1484.3346,1974-11-28,#CE1141
Rockets,HOU,1474.7024,1974-12-14,#CE1141
Rockets,HOU,1524.5546,1974-12-28,#CE1141
Rockets,HOU,1490.8323,1975-01-14,#CE1141
Rockets,HOU,1461.1467,1975-01-28,#CE1141
Rockets,HOU,1467.6215,1975-02-14,#CE1141
Rockets,HOU,1495.6296,1975-02-28,#CE1141
Rockets,HOU,1461.8433,1975-03-14,#CE1141
Rockets,HOU,1447.1102,1975-03-28,#CE1141
Rockets,HOU,1466.8505,1975-04-14,#CE1141
Rockets,HOU,1477.9584,1975-04-28,#CE1141
Rockets,HOU,1477.9584,1975-05-14,#CE1141
Rockets,HOU,1470.8202,1975-10-28,#CE1141
Rockets,HOU,1466.3153,1975-11-14,#CE1141
Rockets,HOU,1478.7405,1975-11-28,#CE1141
Rockets,HOU,1480.2296,1975-12-14,#CE1141
Rockets,HOU,1476.793,1975-12-28,#CE1141
Rockets,HOU,1468.3636,1976-01-14,#CE1141
Rockets,HOU,1481.8224,1976-01-28,#CE1141
Rockets,HOU,1472.8445,1976-02-14,#CE1141
Rockets,HOU,1482.7737,1976-02-28,#CE1141
Rockets,HOU,1487.4674,1976-03-14,#CE1141
Rockets,HOU,1503.1826,1976-03-28,#CE1141
Rockets,HOU,1509.11,1976-04-14,#CE1141
Rockets,HOU,1509.11,1976-04-28,#CE1141
Rockets,HOU,1509.11,1976-05-14,#CE1141
Rockets,HOU,1496.5,1976-10-28,#CE1141
Rockets,HOU,1495.9596,1976-11-14,#CE1141
Rockets,HOU,1528.4476,1976-11-28,#CE1141
Rockets,HOU,1514.5774,1976-12-14,#CE1141
Rockets,HOU,1526.608,1976-12-28,#CE1141
Rockets,HOU,1511.4314,1977-01-14,#CE1141
Rockets,HOU,1514.2385,1977-01-28,#CE1141
Rockets,HOU,1598.3497,1977-03-14,#CE1141
Rockets,HOU,1561.8118,1977-04-14,#CE1141
Rockets,HOU,1568.3464,1977-10-28,#CE1141
Rockets,HOU,1476.6669,1977-11-28,#CE1141
Rockets,HOU,1471.3383,1977-12-14,#CE1141
Rockets,HOU,1478.5076,1977-12-28,#CE1141
Rockets,HOU,1458.8098,1978-01-14,#CE1141
Rockets,HOU,1440.6415,1978-01-28,#CE1141
Rockets,HOU,1447.8384,1978-02-14,#CE1141
Rockets,HOU,1413.0261,1978-02-28,#CE1141
Rockets,HOU,1378.3729,1978-03-14,#CE1141
Rockets,HOU,1343.7128,1978-03-28,#CE1141
Rockets,HOU,1420.6455,1978-04-14,#CE1141
Rockets,HOU,1420.6455,1978-04-28,#CE1141
Rockets,HOU,1420.6455,1978-05-14,#CE1141
Rockets,HOU,1420.6455,1978-05-28,#CE1141
Rockets,HOU,1432.3737,1978-10-14,#CE1141
Rockets,HOU,1461.4856,1978-10-28,#CE1141
Rockets,HOU,1435.8629,1978-11-14,#CE1141
Rockets,HOU,1436.9531,1978-11-28,#CE1141
Rockets,HOU,1461.0107,1978-12-14,#CE1141
Rockets,HOU,1479.795,1978-12-28,#CE1141
Rockets,HOU,1497.5927,1979-01-14,#CE1141
Rockets,HOU,1492.1979,1979-01-28,#CE1141
Rockets,HOU,1491.5239,1979-02-14,#CE1141
Rockets,HOU,1498.8541,1979-02-28,#CE1141
Rockets,HOU,1529.0338,1979-03-14,#CE1141
Rockets,HOU,1527.9529,1979-03-28,#CE1141
Rockets,HOU,1510.1274,1979-10-14,#CE1141
Rockets,HOU,1505.2716,1979-10-28,#CE1141
Rockets,HOU,1525.6155,1979-11-14,#CE1141
Rockets,HOU,1519.0588,1979-11-28,#CE1141
Rockets,HOU,1532.9305,1979-12-14,#CE1141
Rockets,HOU,1515.2493,1979-12-28,#CE1141
Rockets,HOU,1507.4177,1980-01-28,#CE1141
Rockets,HOU,1498.3993,1980-02-14,#CE1141
Rockets,HOU,1490.9254,1980-02-28,#CE1141
Rockets,HOU,1467.0073,1980-03-14,#CE1141
Rockets,HOU,1487.7496,1980-03-28,#CE1141
Rockets,HOU,1486.9606,1980-04-14,#CE1141
Rockets,HOU,1478.9879,1980-05-14,#CE1141
Rockets,HOU,1481.9198,1980-10-14,#CE1141
Rockets,HOU,1465.731,1980-10-28,#CE1141
Rockets,HOU,1461.8113,1980-11-14,#CE1141
Rockets,HOU,1494.9446,1980-11-28,#CE1141
Rockets,HOU,1485.8516,1980-12-14,#CE1141
Rockets,HOU,1455.4745,1980-12-28,#CE1141
Rockets,HOU,1453.2557,1981-01-14,#CE1141
Rockets,HOU,1468.6766,1981-01-28,#CE1141
Rockets,HOU,1476.4379,1981-02-14,#CE1141
Rockets,HOU,1501.2163,1981-02-28,#CE1141
Rockets,HOU,1506.5018,1981-03-14,#CE1141
Rockets,HOU,1504.1768,1981-03-28,#CE1141
Rockets,HOU,1537.2729,1981-04-14,#CE1141
Rockets,HOU,1549.25,1981-05-14,#CE1141
Rockets,HOU,1498.6404,1981-11-14,#CE1141
Rockets,HOU,1478.2363,1981-11-28,#CE1141
Rockets,HOU,1464.46,1981-12-28,#CE1141
Rockets,HOU,1468.1667,1982-01-14,#CE1141
Rockets,HOU,1493.3077,1982-01-28,#CE1141
Rockets,HOU,1540.7808,1982-02-14,#CE1141
Rockets,HOU,1551.3019,1982-02-28,#CE1141
Rockets,HOU,1541.2036,1982-03-14,#CE1141
Rockets,HOU,1551.8248,1982-03-28,#CE1141
Rockets,HOU,1528.9756,1982-04-14,#CE1141
Rockets,HOU,1503.7484,1982-04-28,#CE1141
Rockets,HOU,1503.7484,1982-05-14,#CE1141
Rockets,HOU,1435.952,1982-11-14,#CE1141
Rockets,HOU,1406.6554,1982-11-28,#CE1141
Rockets,HOU,1364.7675,1982-12-14,#CE1141
Rockets,HOU,1350.5424,1982-12-28,#CE1141
Rockets,HOU,1303.4983,1983-01-14,#CE1141
Rockets,HOU,1306.5845,1983-01-28,#CE1141
Rockets,HOU,1230.3666,1983-04-14,#CE1141
Rockets,HOU,1307.2588,1983-05-14,#CE1141
Rockets,HOU,1307.2588,1983-10-28,#CE1141
Rockets,HOU,1334.5654,1983-11-28,#CE1141
Rockets,HOU,1360.9,1983-12-14,#CE1141
Rockets,HOU,1369.2418,1983-12-28,#CE1141
Rockets,HOU,1368.832,1984-01-14,#CE1141
Rockets,HOU,1428.0132,1984-02-14,#CE1141
Rockets,HOU,1429.4061,1984-02-28,#CE1141
Rockets,HOU,1418.3413,1984-03-14,#CE1141
Rockets,HOU,1395.2,1984-03-28,#CE1141
Rockets,HOU,1374.4117,1984-04-14,#CE1141
Rockets,HOU,1425.4658,1984-04-28,#CE1141
Rockets,HOU,1440.9111,1984-10-28,#CE1141
Rockets,HOU,1479.4083,1984-11-14,#CE1141
Rockets,HOU,1480.1522,1984-11-28,#CE1141
Rockets,HOU,1470.7892,1984-12-14,#CE1141
Rockets,HOU,1488.8937,1984-12-28,#CE1141
Rockets,HOU,1482.8798,1985-01-14,#CE1141
Rockets,HOU,1487.5256,1985-01-28,#CE1141
Rockets,HOU,1513.5061,1985-02-14,#CE1141
Rockets,HOU,1524.6914,1985-02-28,#CE1141
Rockets,HOU,1536.0609,1985-03-14,#CE1141
Rockets,HOU,1523.0995,1985-03-28,#CE1141
Rockets,HOU,1532.6541,1985-04-14,#CE1141
Rockets,HOU,1520.7695,1985-04-28,#CE1141
Rockets,HOU,1525.8253,1985-05-14,#CE1141
Rockets,HOU,1563.9348,1985-11-14,#CE1141
Rockets,HOU,1549.3361,1985-12-14,#CE1141
Rockets,HOU,1549.453,1985-12-28,#CE1141
Rockets,HOU,1563.4114,1986-01-14,#CE1141
Rockets,HOU,1570.3246,1986-01-28,#CE1141
Rockets,HOU,1539.8597,1986-02-14,#CE1141
Rockets,HOU,1538.884,1986-02-28,#CE1141
Rockets,HOU,1534.3761,1986-03-14,#CE1141
Rockets,HOU,1542.8229,1986-03-28,#CE1141
Rockets,HOU,1605.578,1986-11-14,#CE1141
Rockets,HOU,1552.2549,1986-11-28,#CE1141
Rockets,HOU,1471.3713,1986-12-14,#CE1141
Rockets,HOU,1458.9681,1986-12-28,#CE1141
Rockets,HOU,1512.9116,1987-01-14,#CE1141
Rockets,HOU,1545.7231,1987-01-28,#CE1141
Rockets,HOU,1559.9945,1987-02-14,#CE1141
Rockets,HOU,1541.3452,1987-02-28,#CE1141
Rockets,HOU,1513.4644,1987-03-14,#CE1141
Rockets,HOU,1511.4532,1987-03-28,#CE1141
Rockets,HOU,1514.172,1987-04-14,#CE1141
Rockets,HOU,1539.0861,1987-04-28,#CE1141
Rockets,HOU,1542.0298,1987-05-14,#CE1141
Rockets,HOU,1535.6924,1987-05-28,#CE1141
Rockets,HOU,1535.6924,1987-06-14,#CE1141
Rockets,HOU,1554.38,1987-11-14,#CE1141
Rockets,HOU,1519.6348,1987-11-28,#CE1141
Rockets,HOU,1517.4116,1987-12-14,#CE1141
Rockets,HOU,1534.9268,1987-12-28,#CE1141
Rockets,HOU,1560.2363,1988-01-14,#CE1141
Rockets,HOU,1538.5266,1988-01-28,#CE1141
Rockets,HOU,1593.6405,1988-02-14,#CE1141
Rockets,HOU,1579.3696,1988-02-28,#CE1141
Rockets,HOU,1588.514,1988-03-14,#CE1141
Rockets,HOU,1564.1448,1988-03-28,#CE1141
Rockets,HOU,1522.2764,1988-04-14,#CE1141
Rockets,HOU,1501.2301,1988-04-28,#CE1141
Rockets,HOU,1501.9625,1988-05-14,#CE1141
Rockets,HOU,1501.9625,1988-05-28,#CE1141
Rockets,HOU,1501.9625,1988-06-14,#CE1141
Rockets,HOU,1513.4335,1988-11-14,#CE1141
Rockets,HOU,1504.9231,1988-11-28,#CE1141
Rockets,HOU,1516.1566,1988-12-14,#CE1141
Rockets,HOU,1516.2332,1988-12-28,#CE1141
Rockets,HOU,1530.7887,1989-01-14,#CE1141
Rockets,HOU,1506.1493,1989-01-28,#CE1141
Rockets,HOU,1519.2418,1989-02-14,#CE1141
Rockets,HOU,1498.189,1989-02-28,#CE1141
Rockets,HOU,1492.2374,1989-03-14,#CE1141
Rockets,HOU,1525.4448,1989-03-28,#CE1141
Rockets,HOU,1493.571,1989-04-14,#CE1141
Rockets,HOU,1515.6007,1989-04-28,#CE1141
Rockets,HOU,1496.2778,1989-05-14,#CE1141
Rockets,HOU,1496.2778,1989-05-28,#CE1141
Rockets,HOU,1525.4016,1989-11-14,#CE1141
Rockets,HOU,1533.5142,1989-11-28,#CE1141
Rockets,HOU,1506.7637,1989-12-14,#CE1141
Rockets,HOU,1459.6995,1989-12-28,#CE1141
Rockets,HOU,1462.9608,1990-01-14,#CE1141
Rockets,HOU,1466.3385,1990-01-28,#CE1141
Rockets,HOU,1479.8783,1990-02-14,#CE1141
Rockets,HOU,1476.2444,1990-02-28,#CE1141
Rockets,HOU,1530.531,1990-03-14,#CE1141
Rockets,HOU,1519.843,1990-03-28,#CE1141
Rockets,HOU,1528.8285,1990-04-14,#CE1141
Rockets,HOU,1522.3978,1990-04-28,#CE1141
Rockets,HOU,1512.7634,1990-05-28,#CE1141
Rockets,HOU,1512.7634,1990-06-14,#CE1141
Rockets,HOU,1516.7446,1990-11-14,#CE1141
Rockets,HOU,1543.7579,1990-11-28,#CE1141
Rockets,HOU,1531.974,1990-12-14,#CE1141
Rockets,HOU,1538.7748,1990-12-28,#CE1141
Rockets,HOU,1531.1448,1991-01-14,#CE1141
Rockets,HOU,1527.5399,1991-01-28,#CE1141
Rockets,HOU,1545.1392,1991-02-14,#CE1141
Rockets,HOU,1559.2439,1991-02-28,#CE1141
Rockets,HOU,1600.8715,1991-03-14,#CE1141
Rockets,HOU,1651.9435,1991-03-28,#CE1141
Rockets,HOU,1614.5596,1991-04-14,#CE1141
Rockets,HOU,1569.3934,1991-04-28,#CE1141
Rockets,HOU,1559.5656,1991-05-14,#CE1141
Rockets,HOU,1559.5656,1991-05-28,#CE1141
Rockets,HOU,1560.358,1991-11-14,#CE1141
Rockets,HOU,1498.2671,1991-12-14,#CE1141
Rockets,HOU,1477.1907,1991-12-28,#CE1141
Rockets,HOU,1461.3214,1992-01-14,#CE1141
Rockets,HOU,1464.5922,1992-01-28,#CE1141
Rockets,HOU,1465.4235,1992-02-14,#CE1141
Rockets,HOU,1468.5692,1992-02-28,#CE1141
Rockets,HOU,1508.1019,1992-03-14,#CE1141
Rockets,HOU,1461.4191,1992-03-28,#CE1141
Rockets,HOU,1476.1021,1992-04-14,#CE1141
Rockets,HOU,1465.4996,1992-04-28,#CE1141
Rockets,HOU,1465.4996,1992-05-14,#CE1141
Rockets,HOU,1465.4996,1992-05-28,#CE1141
Rockets,HOU,1465.4996,1992-06-14,#CE1141
Rockets,HOU,1476.6521,1992-11-14,#CE1141
Rockets,HOU,1488.1149,1992-11-28,#CE1141
Rockets,HOU,1512.3237,1992-12-14,#CE1141
Rockets,HOU,1492.9866,1992-12-28,#CE1141
Rockets,HOU,1476.531,1993-01-14,#CE1141
Rockets,HOU,1520.3796,1993-01-28,#CE1141
Rockets,HOU,1519.8938,1993-02-14,#CE1141
Rockets,HOU,1610.8901,1993-02-28,#CE1141
Rockets,HOU,1633.429,1993-03-14,#CE1141
Rockets,HOU,1614.722,1993-03-28,#CE1141
Rockets,HOU,1646.1615,1993-04-14,#CE1141
Rockets,HOU,1635.4723,1993-05-14,#CE1141
Rockets,HOU,1608.8474,1993-05-28,#CE1141
Rockets,HOU,1639.1133,1993-11-14,#CE1141
Rockets,HOU,1679.6405,1993-11-28,#CE1141
Rockets,HOU,1694.6472,1993-12-14,#CE1141
Rockets,HOU,1660.2715,1993-12-28,#CE1141
Rockets,HOU,1630.1005,1994-01-14,#CE1141
Rockets,HOU,1585.0482,1994-01-28,#CE1141
Rockets,HOU,1583.356,1994-02-28,#CE1141
Rockets,HOU,1589.1136,1994-03-14,#CE1141
Rockets,HOU,1605.7021,1994-03-28,#CE1141
Rockets,HOU,1633.6102,1994-04-14,#CE1141
Rockets,HOU,1600.9236,1994-04-28,#CE1141
Rockets,HOU,1635.2308,1994-05-14,#CE1141
Rockets,HOU,1656.6925,1994-05-28,#CE1141
Rockets,HOU,1670.2375,1994-11-14,#CE1141
Rockets,HOU,1649.7493,1994-11-28,#CE1141
Rockets,HOU,1602.1797,1994-12-14,#CE1141
Rockets,HOU,1612.8661,1994-12-28,#CE1141
Rockets,HOU,1618.0614,1995-01-14,#CE1141
Rockets,HOU,1571.1555,1995-01-28,#CE1141
Rockets,HOU,1593.0219,1995-02-14,#CE1141
Rockets,HOU,1610.23,1995-02-28,#CE1141
Rockets,HOU,1593.6531,1995-03-14,#CE1141
Rockets,HOU,1561.0968,1995-03-28,#CE1141
Rockets,HOU,1544.8655,1995-04-14,#CE1141
Rockets,HOU,1555.2588,1995-04-28,#CE1141
Rockets,HOU,1569.7362,1995-05-14,#CE1141
Rockets,HOU,1597.673,1995-05-28,#CE1141
Rockets,HOU,1665.1284,1995-06-14,#CE1141
Rockets,HOU,1631.3126,1995-11-14,#CE1141
Rockets,HOU,1649.6556,1995-11-28,#CE1141
Rockets,HOU,1665.4263,1995-12-14,#CE1141
Rockets,HOU,1658.968,1995-12-28,#CE1141
Rockets,HOU,1659.2184,1996-01-14,#CE1141
Rockets,HOU,1604.3425,1996-01-28,#CE1141
Rockets,HOU,1615.5927,1996-02-14,#CE1141
Rockets,HOU,1599.259,1996-02-28,#CE1141
Rockets,HOU,1602.718,1996-03-14,#CE1141
Rockets,HOU,1483.8684,1996-03-28,#CE1141
Rockets,HOU,1478.3672,1996-04-14,#CE1141
Rockets,HOU,1504.2383,1996-04-28,#CE1141
Rockets,HOU,1505.0829,1996-05-14,#CE1141
Rockets,HOU,1505.0829,1996-05-28,#CE1141
Rockets,HOU,1505.0829,1996-06-14,#CE1141
Rockets,HOU,1554.5475,1996-11-14,#CE1141
Rockets,HOU,1603.5071,1996-11-28,#CE1141
Rockets,HOU,1623.2488,1996-12-14,#CE1141
Rockets,HOU,1574.2476,1996-12-28,#CE1141
Rockets,HOU,1580.7649,1997-01-14,#CE1141
Rockets,HOU,1579.64,1997-01-28,#CE1141
Rockets,HOU,1540.6459,1997-02-14,#CE1141
Rockets,HOU,1550.6447,1997-02-28,#CE1141
Rockets,HOU,1584.2413,1997-03-14,#CE1141
Rockets,HOU,1593.5431,1997-03-28,#CE1141
Rockets,HOU,1628.4417,1997-04-14,#CE1141
Rockets,HOU,1643.2715,1997-04-28,#CE1141
Rockets,HOU,1643.0901,1997-05-14,#CE1141
Rockets,HOU,1651.3091,1997-05-28,#CE1141
Rockets,HOU,1571.0579,1997-11-14,#CE1141
Rockets,HOU,1596.5262,1997-11-28,#CE1141
Rockets,HOU,1592.824,1997-12-14,#CE1141
Rockets,HOU,1553.1982,1997-12-28,#CE1141
Rockets,HOU,1513.0017,1998-01-14,#CE1141
Rockets,HOU,1481.3336,1998-01-28,#CE1141
Rockets,HOU,1506.5188,1998-02-14,#CE1141
Rockets,HOU,1509.3396,1998-02-28,#CE1141
Rockets,HOU,1533.4545,1998-03-14,#CE1141
Rockets,HOU,1523.1185,1998-03-28,#CE1141
Rockets,HOU,1489.1387,1998-04-14,#CE1141
Rockets,HOU,1502.579,1998-04-28,#CE1141
Rockets,HOU,1489.3025,1998-06-14,#CE1141
Rockets,HOU,1522.6583,1999-02-14,#CE1141
Rockets,HOU,1508.0692,1999-02-28,#CE1141
Rockets,HOU,1495.9049,1999-03-14,#CE1141
Rockets,HOU,1549.3301,1999-03-28,#CE1141
Rockets,HOU,1548.1469,1999-04-14,#CE1141
Rockets,HOU,1505.1058,1999-04-28,#CE1141
Rockets,HOU,1508.0022,1999-05-14,#CE1141
Rockets,HOU,1498.4739,1999-11-14,#CE1141
Rockets,HOU,1473.9227,1999-11-28,#CE1141
Rockets,HOU,1461.5579,1999-12-14,#CE1141
Rockets,HOU,1452.6378,1999-12-28,#CE1141
Rockets,HOU,1441.9717,2000-01-14,#CE1141
Rockets,HOU,1447.4037,2000-01-28,#CE1141
Rockets,HOU,1449.1899,2000-02-28,#CE1141
Rockets,HOU,1434.4144,2000-03-14,#CE1141
Rockets,HOU,1430.6431,2000-03-28,#CE1141
Rockets,HOU,1482.7559,2000-04-14,#CE1141
Rockets,HOU,1482.2604,2000-04-28,#CE1141
Rockets,HOU,1482.2604,2000-05-14,#CE1141
Rockets,HOU,1482.2604,2000-05-28,#CE1141
Rockets,HOU,1482.2604,2000-06-14,#CE1141
Rockets,HOU,1497.5513,2000-11-14,#CE1141
Rockets,HOU,1525.2137,2000-11-28,#CE1141
Rockets,HOU,1544.5077,2000-12-14,#CE1141
Rockets,HOU,1505.8235,2000-12-28,#CE1141
Rockets,HOU,1522.0909,2001-01-14,#CE1141
Rockets,HOU,1528.1138,2001-01-28,#CE1141
Rockets,HOU,1547.6453,2001-02-14,#CE1141
Rockets,HOU,1571.6746,2001-02-28,#CE1141
Rockets,HOU,1597.2532,2001-03-14,#CE1141
Rockets,HOU,1587.7153,2001-03-28,#CE1141
Rockets,HOU,1577.556,2001-04-14,#CE1141
Rockets,HOU,1571.4639,2001-04-28,#CE1141
Rockets,HOU,1571.4639,2001-05-14,#CE1141
Rockets,HOU,1571.4639,2001-05-28,#CE1141
Rockets,HOU,1553.4298,2001-11-14,#CE1141
Rockets,HOU,1521.7201,2001-11-28,#CE1141
Rockets,HOU,1428.3209,2001-12-14,#CE1141
Rockets,HOU,1427.985,2001-12-28,#CE1141
Rockets,HOU,1429.5177,2002-01-14,#CE1141
Rockets,HOU,1432.8175,2002-01-28,#CE1141
Rockets,HOU,1424.6222,2002-02-14,#CE1141
Rockets,HOU,1452.9645,2002-02-28,#CE1141
Rockets,HOU,1440.2422,2002-03-14,#CE1141
Rockets,HOU,1421.5753,2002-03-28,#CE1141
Rockets,HOU,1392.481,2002-04-14,#CE1141
Rockets,HOU,1402.1095,2002-04-28,#CE1141
Rockets,HOU,1402.1095,2002-05-14,#CE1141
Rockets,HOU,1402.1095,2002-05-28,#CE1141
Rockets,HOU,1428.6381,2002-11-14,#CE1141
Rockets,HOU,1478.1586,2002-11-28,#CE1141
Rockets,HOU,1490.4938,2002-12-14,#CE1141
Rockets,HOU,1486.4207,2002-12-28,#CE1141
Rockets,HOU,1514.9937,2003-01-14,#CE1141
Rockets,HOU,1481.5109,2003-01-28,#CE1141
Rockets,HOU,1513.2632,2003-02-14,#CE1141
Rockets,HOU,1516.6372,2003-02-28,#CE1141
Rockets,HOU,1533.7261,2003-03-14,#CE1141
Rockets,HOU,1543.3665,2003-03-28,#CE1141
Rockets,HOU,1537.1101,2003-04-14,#CE1141
Rockets,HOU,1535.6351,2003-04-28,#CE1141
Rockets,HOU,1535.6351,2003-05-14,#CE1141
Rockets,HOU,1535.6351,2003-10-28,#CE1141
Rockets,HOU,1564.2267,2003-11-14,#CE1141
Rockets,HOU,1558.3842,2003-11-28,#CE1141
Rockets,HOU,1558.6447,2003-12-14,#CE1141
Rockets,HOU,1551.2223,2003-12-28,#CE1141
Rockets,HOU,1593.7518,2004-01-14,#CE1141
Rockets,HOU,1597.025,2004-01-28,#CE1141
Rockets,HOU,1554.2813,2004-02-28,#CE1141
Rockets,HOU,1568.0983,2004-03-14,#CE1141
Rockets,HOU,1567.4832,2004-03-28,#CE1141
Rockets,HOU,1541.2438,2004-04-14,#CE1141
Rockets,HOU,1532.5992,2004-04-28,#CE1141
Rockets,HOU,1522.594,2004-05-14,#CE1141
Rockets,HOU,1522.594,2004-05-28,#CE1141
Rockets,HOU,1532.1866,2004-11-14,#CE1141
Rockets,HOU,1493.3094,2004-11-28,#CE1141
Rockets,HOU,1488.6151,2004-12-14,#CE1141
Rockets,HOU,1472.8154,2004-12-28,#CE1141
Rockets,HOU,1546.6167,2005-01-14,#CE1141
Rockets,HOU,1536.7759,2005-01-28,#CE1141
Rockets,HOU,1598.3424,2005-02-14,#CE1141
Rockets,HOU,1594.9268,2005-02-28,#CE1141
Rockets,HOU,1654.437,2005-03-14,#CE1141
Rockets,HOU,1641.6721,2005-03-28,#CE1141
Rockets,HOU,1656.5432,2005-04-14,#CE1141
Rockets,HOU,1683.3229,2005-04-28,#CE1141
Rockets,HOU,1627.6179,2005-05-14,#CE1141
Rockets,HOU,1627.6179,2005-05-28,#CE1141
Rockets,HOU,1627.6179,2005-06-14,#CE1141
Rockets,HOU,1593.5027,2005-11-14,#CE1141
Rockets,HOU,1539.1193,2005-11-28,#CE1141
Rockets,HOU,1563.0559,2005-12-14,#CE1141
Rockets,HOU,1506.4263,2005-12-28,#CE1141
Rockets,HOU,1469.1982,2006-01-14,#CE1141
Rockets,HOU,1458.5475,2006-01-28,#CE1141
Rockets,HOU,1520.9617,2006-02-14,#CE1141
Rockets,HOU,1503.4409,2006-02-28,#CE1141
Rockets,HOU,1498.9779,2006-03-14,#CE1141
Rockets,HOU,1488.4916,2006-03-28,#CE1141
Rockets,HOU,1451.1632,2006-04-14,#CE1141
Rockets,HOU,1462.9763,2006-04-28,#CE1141
Rockets,HOU,1462.9763,2006-05-14,#CE1141
Rockets,HOU,1462.9763,2006-05-28,#CE1141
Rockets,HOU,1530.6042,2006-11-14,#CE1141
Rockets,HOU,1547.6571,2006-11-28,#CE1141
Rockets,HOU,1560.9801,2006-12-14,#CE1141
Rockets,HOU,1590.3993,2006-12-28,#CE1141
Rockets,HOU,1622.9191,2007-01-14,#CE1141
Rockets,HOU,1615.7159,2007-01-28,#CE1141
Rockets,HOU,1601.0217,2007-02-14,#CE1141
Rockets,HOU,1560.9811,2007-02-28,#CE1141
Rockets,HOU,1573.65,2007-03-14,#CE1141
Rockets,HOU,1621.3871,2007-03-28,#CE1141
Rockets,HOU,1599.4391,2007-04-14,#CE1141
Rockets,HOU,1586.4805,2007-04-28,#CE1141
Rockets,HOU,1561.2305,2007-05-14,#CE1141
Rockets,HOU,1561.2305,2007-05-28,#CE1141
Rockets,HOU,1561.2305,2007-06-14,#CE1141
Rockets,HOU,1573.5848,2007-11-14,#CE1141
Rockets,HOU,1588.3887,2007-11-28,#CE1141
Rockets,HOU,1547.3848,2007-12-14,#CE1141
Rockets,HOU,1562.7692,2007-12-28,#CE1141
Rockets,HOU,1555.4067,2008-01-14,#CE1141
Rockets,HOU,1571.2401,2008-01-28,#CE1141
Rockets,HOU,1615.6868,2008-02-14,#CE1141
Rockets,HOU,1651.1918,2008-02-28,#CE1141
Rockets,HOU,1689.875,2008-03-14,#CE1141
Rockets,HOU,1650.5447,2008-03-28,#CE1141
Rockets,HOU,1652.9089,2008-04-14,#CE1141
Rockets,HOU,1652.5074,2008-04-28,#CE1141
Rockets,HOU,1609.951,2008-05-14,#CE1141
Rockets,HOU,1609.951,2008-05-28,#CE1141
Rockets,HOU,1609.951,2008-10-28,#CE1141
Rockets,HOU,1616.8805,2008-11-14,#CE1141
Rockets,HOU,1633.6848,2008-11-28,#CE1141
Rockets,HOU,1611.9617,2008-12-14,#CE1141
Rockets,HOU,1612.0173,2008-12-28,#CE1141
Rockets,HOU,1592.5957,2009-01-14,#CE1141
Rockets,HOU,1581.2083,2009-01-28,#CE1141
Rockets,HOU,1598.3539,2009-02-28,#CE1141
Rockets,HOU,1604.2925,2009-03-14,#CE1141
Rockets,HOU,1623.561,2009-03-28,#CE1141
Rockets,HOU,1636.8342,2009-04-14,#CE1141
Rockets,HOU,1659.5906,2009-04-28,#CE1141
Rockets,HOU,1671.7432,2009-05-14,#CE1141
Rockets,HOU,1616.9677,2009-05-28,#CE1141
Rockets,HOU,1616.9677,2009-06-14,#CE1141
Rockets,HOU,1619.9324,2009-10-28,#CE1141
Rockets,HOU,1629.8738,2009-11-14,#CE1141
Rockets,HOU,1583.9209,2009-11-28,#CE1141
Rockets,HOU,1597.2717,2009-12-14,#CE1141
Rockets,HOU,1601.5171,2009-12-28,#CE1141
Rockets,HOU,1566.4161,2010-01-14,#CE1141
Rockets,HOU,1551.6378,2010-01-28,#CE1141
Rockets,HOU,1516.7738,2010-02-28,#CE1141
Rockets,HOU,1521.314,2010-03-14,#CE1141
Rockets,HOU,1487.5072,2010-03-28,#CE1141
Rockets,HOU,1503.9274,2010-04-14,#CE1141
Rockets,HOU,1502.5969,2010-04-28,#CE1141
Rockets,HOU,1502.5969,2010-05-28,#CE1141
Rockets,HOU,1483.7867,2010-10-28,#CE1141
Rockets,HOU,1484.8625,2010-11-14,#CE1141
Rockets,HOU,1459.2507,2010-11-28,#CE1141
Rockets,HOU,1496.9008,2010-12-14,#CE1141
Rockets,HOU,1518.4497,2010-12-28,#CE1141
Rockets,HOU,1490.5228,2011-01-14,#CE1141
Rockets,HOU,1507.8014,2011-01-28,#CE1141
Rockets,HOU,1516.7228,2011-02-14,#CE1141
Rockets,HOU,1548.0959,2011-02-28,#CE1141
Rockets,HOU,1551.8547,2011-03-14,#CE1141
Rockets,HOU,1585.9587,2011-03-28,#CE1141
Rockets,HOU,1548.7574,2011-04-28,#CE1141
Rockets,HOU,1562.3734,2011-12-28,#CE1141
Rockets,HOU,1536.1656,2012-01-14,#CE1141
Rockets,HOU,1559.163,2012-01-28,#CE1141
Rockets,HOU,1551.6144,2012-02-14,#CE1141
Rockets,HOU,1551.6813,2012-02-28,#CE1141
Rockets,HOU,1499.0618,2012-03-14,#CE1141
Rockets,HOU,1507.7703,2012-03-28,#CE1141
Rockets,HOU,1514.7865,2012-04-14,#CE1141
Rockets,HOU,1512.0774,2012-04-28,#CE1141
Rockets,HOU,1512.0774,2012-05-14,#CE1141
Rockets,HOU,1512.0774,2012-05-28,#CE1141
Rockets,HOU,1512.0774,2012-06-14,#CE1141
Rockets,HOU,1499.2172,2012-11-14,#CE1141
Rockets,HOU,1511.9972,2012-11-28,#CE1141
Rockets,HOU,1511.5258,2012-12-14,#CE1141
Rockets,HOU,1584.3511,2012-12-28,#CE1141
Rockets,HOU,1558.793,2013-01-14,#CE1141
Rockets,HOU,1588.9753,2013-01-28,#CE1141
Rockets,HOU,1598.5568,2013-02-14,#CE1141
Rockets,HOU,1596.1244,2013-02-28,#CE1141
Rockets,HOU,1608.0681,2013-03-14,#CE1141
Rockets,HOU,1562.6635,2013-03-28,#CE1141
Rockets,HOU,1590.2706,2013-04-14,#CE1141
Rockets,HOU,1565.2557,2013-04-28,#CE1141
Rockets,HOU,1559.3295,2013-05-14,#CE1141
Rockets,HOU,1559.3295,2013-05-28,#CE1141
Rockets,HOU,1560.2164,2013-11-14,#CE1141
Rockets,HOU,1582.0754,2013-12-14,#CE1141
Rockets,HOU,1605.5143,2013-12-28,#CE1141
Rockets,HOU,1604.8608,2014-01-14,#CE1141
Rockets,HOU,1596.6111,2014-01-28,#CE1141
Rockets,HOU,1653.1632,2014-02-28,#CE1141
Rockets,HOU,1644.0223,2014-03-14,#CE1141
Rockets,HOU,1657.073,2014-03-28,#CE1141
Rockets,HOU,1647.3033,2014-04-14,#CE1141
Rockets,HOU,1629.8961,2014-04-28,#CE1141
Rockets,HOU,1607.8038,2014-05-14,#CE1141
Rockets,HOU,1607.8038,2014-05-28,#CE1141
Rockets,HOU,1607.8038,2014-10-28,#CE1141
Rockets,HOU,1642.8365,2014-11-14,#CE1141
Rockets,HOU,1606.5594,2014-11-28,#CE1141
Rockets,HOU,1638.8898,2014-12-14,#CE1141
Rockets,HOU,1625.7823,2014-12-28,#CE1141
Rockets,HOU,1618.4769,2015-01-14,#CE1141
Rockets,HOU,1620.0585,2015-01-28,#CE1141
Rockets,HOU,1622.2371,2015-02-28,#CE1141
Rockets,HOU,1609.6476,2015-03-14,#CE1141
Rockets,HOU,1614.2944,2015-03-28,#CE1141
Rockets,HOU,1639.3665,2015-04-14,#CE1141
Rockets,HOU,1646.9078,2015-04-28,#CE1141
Rockets,HOU,1659.6552,2015-05-14,#CE1141
Redskins,SHE,1396.1683,1949-11-28,#bd143b
Redskins,SHE,1370.2045,1949-12-14,#bd143b
Redskins,SHE,1392.5697,1949-12-28,#bd143b
Redskins,SHE,1340.3762,1950-01-14,#bd143b
Redskins,SHE,1338.5441,1950-01-28,#bd143b
Redskins,SHE,1303.4747,1950-02-14,#bd143b
Redskins,SHE,1302.2212,1950-02-28,#bd143b
Redskins,SHE,1295.3413,1950-03-14,#bd143b
Rebels,CLR,1314.2461,1946-11-14,#e0b600
Rebels,CLR,1313.3292,1946-11-28,#e0b600
Rebels,CLR,1297.2839,1946-12-14,#e0b600
Rebels,CLR,1294.8324,1946-12-28,#e0b600
Rebels,CLR,1280.7762,1947-01-14,#e0b600
Rebels,CLR,1322.4463,1947-01-28,#e0b600
Rebels,CLR,1294.3878,1947-02-14,#e0b600
Rebels,CLR,1282.3534,1947-02-28,#e0b600
Rebels,CLR,1270.1802,1947-03-14,#e0b600
Rebels,CLR,1301.7612,1947-03-28,#e0b600
Raptors,TOR,1291.0559,1995-11-14,#CE1141
Raptors,TOR,1319.8054,1995-11-28,#CE1141
Raptors,TOR,1300.2209,1995-12-14,#CE1141
Raptors,TOR,1309.7008,1995-12-28,#CE1141
Raptors,TOR,1296.7627,1996-01-14,#CE1141
Raptors,TOR,1285.5121,1996-01-28,#CE1141
Raptors,TOR,1297.5579,1996-02-14,#CE1141
Raptors,TOR,1287.9832,1996-02-28,#CE1141
Raptors,TOR,1296.1003,1996-03-14,#CE1141
Raptors,TOR,1295.0934,1996-03-28,#CE1141
Raptors,TOR,1273.5922,1996-04-14,#CE1141
Raptors,TOR,1318.4292,1996-04-28,#CE1141
Raptors,TOR,1318.4292,1996-05-14,#CE1141
Raptors,TOR,1318.4292,1996-05-28,#CE1141
Raptors,TOR,1318.4292,1996-06-14,#CE1141
Raptors,TOR,1324.7019,1996-11-14,#CE1141
Raptors,TOR,1306.3666,1996-11-28,#CE1141
Raptors,TOR,1333.2177,1996-12-14,#CE1141
Raptors,TOR,1341.567,1996-12-28,#CE1141
Raptors,TOR,1363.3947,1997-01-14,#CE1141
Raptors,TOR,1403.3423,1997-01-28,#CE1141
Raptors,TOR,1380.4951,1997-02-14,#CE1141
Raptors,TOR,1415.1781,1997-02-28,#CE1141
Raptors,TOR,1409.356,1997-03-14,#CE1141
Raptors,TOR,1386.8877,1997-03-28,#CE1141
Raptors,TOR,1390.1229,1997-04-14,#CE1141
Raptors,TOR,1441.2882,1997-04-28,#CE1141
Raptors,TOR,1441.2882,1997-05-14,#CE1141
Raptors,TOR,1441.2882,1997-05-28,#CE1141
Raptors,TOR,1404.1393,1997-11-14,#CE1141
Raptors,TOR,1347.9321,1997-11-28,#CE1141
Raptors,TOR,1333.0463,1997-12-14,#CE1141
Raptors,TOR,1337.3309,1997-12-28,#CE1141
Raptors,TOR,1334.824,1998-01-14,#CE1141
Raptors,TOR,1351.0287,1998-01-28,#CE1141
Raptors,TOR,1324.1875,1998-02-14,#CE1141
Raptors,TOR,1332.3037,1998-02-28,#CE1141
Raptors,TOR,1299.3687,1998-03-14,#CE1141
Raptors,TOR,1272.126,1998-03-28,#CE1141
Raptors,TOR,1264.5364,1998-04-14,#CE1141
Raptors,TOR,1330.5475,1998-04-28,#CE1141
Raptors,TOR,1330.5475,1998-06-14,#CE1141
Raptors,TOR,1312.2169,1999-02-14,#CE1141
Raptors,TOR,1332.7721,1999-02-28,#CE1141
Raptors,TOR,1367.1819,1999-03-14,#CE1141
Raptors,TOR,1441.1963,1999-03-28,#CE1141
Raptors,TOR,1423.7322,1999-04-14,#CE1141
Raptors,TOR,1444.6001,1999-04-28,#CE1141
Raptors,TOR,1438.5303,1999-05-14,#CE1141
Raptors,TOR,1500.6479,1999-11-14,#CE1141
Raptors,TOR,1501.3264,1999-11-28,#CE1141
Raptors,TOR,1493.2457,1999-12-14,#CE1141
Raptors,TOR,1498.6521,1999-12-28,#CE1141
Raptors,TOR,1464.4523,2000-01-14,#CE1141
Raptors,TOR,1480.1172,2000-01-28,#CE1141
Raptors,TOR,1494.11,2000-02-28,#CE1141
Raptors,TOR,1545.0874,2000-03-14,#CE1141
Raptors,TOR,1509.7191,2000-03-28,#CE1141
Raptors,TOR,1508.2236,2000-04-14,#CE1141
Raptors,TOR,1481.5952,2000-04-28,#CE1141
Raptors,TOR,1475.0828,2000-05-14,#CE1141
Raptors,TOR,1475.0828,2000-05-28,#CE1141
Raptors,TOR,1475.0828,2000-06-14,#CE1141
Raptors,TOR,1508.257,2000-11-14,#CE1141
Raptors,TOR,1514.8831,2000-11-28,#CE1141
Raptors,TOR,1517.6616,2000-12-14,#CE1141
Raptors,TOR,1507.3212,2000-12-28,#CE1141
Raptors,TOR,1512.5231,2001-01-14,#CE1141
Raptors,TOR,1535.9507,2001-01-28,#CE1141
Raptors,TOR,1533.9508,2001-02-14,#CE1141
Raptors,TOR,1529.772,2001-02-28,#CE1141
Raptors,TOR,1537.7745,2001-03-14,#CE1141
Raptors,TOR,1563.1603,2001-03-28,#CE1141
Raptors,TOR,1564.6681,2001-04-14,#CE1141
Raptors,TOR,1568.6621,2001-04-28,#CE1141
Raptors,TOR,1567.5377,2001-05-14,#CE1141
Raptors,TOR,1538.7144,2001-05-28,#CE1141
Raptors,TOR,1570.1427,2001-11-14,#CE1141
Raptors,TOR,1587.7211,2001-11-28,#CE1141
Raptors,TOR,1528.5271,2001-12-14,#CE1141
Raptors,TOR,1549.2571,2001-12-28,#CE1141
Raptors,TOR,1531.9636,2002-01-14,#CE1141
Raptors,TOR,1547.6229,2002-01-28,#CE1141
Raptors,TOR,1513.2156,2002-02-14,#CE1141
Raptors,TOR,1453.0039,2002-02-28,#CE1141
Raptors,TOR,1438.5007,2002-03-14,#CE1141
Raptors,TOR,1459.0753,2002-03-28,#CE1141
Raptors,TOR,1507.1772,2002-04-14,#CE1141
Raptors,TOR,1507.3235,2002-04-28,#CE1141
Raptors,TOR,1508.7184,2002-05-14,#CE1141
Raptors,TOR,1508.7184,2002-05-28,#CE1141
Raptors,TOR,1488.3522,2002-11-14,#CE1141
Raptors,TOR,1445.0293,2002-11-28,#CE1141
Raptors,TOR,1398.6207,2002-12-14,#CE1141
Raptors,TOR,1362.9066,2002-12-28,#CE1141
Raptors,TOR,1367.6372,2003-01-14,#CE1141
Raptors,TOR,1349.6339,2003-01-28,#CE1141
Raptors,TOR,1385.8331,2003-02-14,#CE1141
Raptors,TOR,1383.5405,2003-02-28,#CE1141
Raptors,TOR,1381.1569,2003-03-14,#CE1141
Raptors,TOR,1355.5851,2003-03-28,#CE1141
Raptors,TOR,1351.1229,2003-04-14,#CE1141
Raptors,TOR,1390.3485,2003-04-28,#CE1141
Raptors,TOR,1390.3485,2003-05-14,#CE1141
Raptors,TOR,1390.3485,2003-10-28,#CE1141
Raptors,TOR,1390.4663,2003-11-14,#CE1141
Raptors,TOR,1396.9717,2003-11-28,#CE1141
Raptors,TOR,1427.6475,2003-12-14,#CE1141
Raptors,TOR,1422.4865,2003-12-28,#CE1141
Raptors,TOR,1430.8715,2004-01-14,#CE1141
Raptors,TOR,1418.6597,2004-01-28,#CE1141
Raptors,TOR,1385.3405,2004-02-28,#CE1141
Raptors,TOR,1379.8909,2004-03-14,#CE1141
Raptors,TOR,1370.6541,2004-03-28,#CE1141
Raptors,TOR,1372.8612,2004-04-14,#CE1141
Raptors,TOR,1414.832,2004-04-28,#CE1141
Raptors,TOR,1414.832,2004-05-14,#CE1141
Raptors,TOR,1414.832,2004-05-28,#CE1141
Raptors,TOR,1442.3649,2004-11-14,#CE1141
Raptors,TOR,1428.7476,2004-11-28,#CE1141
Raptors,TOR,1406.9861,2004-12-14,#CE1141
Raptors,TOR,1409.9413,2004-12-28,#CE1141
Raptors,TOR,1430.2123,2005-01-14,#CE1141
Raptors,TOR,1434.9198,2005-01-28,#CE1141
Raptors,TOR,1397.7233,2005-02-14,#CE1141
Raptors,TOR,1439.566,2005-02-28,#CE1141
Raptors,TOR,1447.4512,2005-03-14,#CE1141
Raptors,TOR,1438.7416,2005-03-28,#CE1141
Raptors,TOR,1409.3301,2005-04-14,#CE1141
Raptors,TOR,1427.6416,2005-04-28,#CE1141
Raptors,TOR,1427.6416,2005-05-14,#CE1141
Raptors,TOR,1427.6416,2005-05-28,#CE1141
Raptors,TOR,1427.6416,2005-06-14,#CE1141
Raptors,TOR,1369.2457,2005-11-14,#CE1141
Raptors,TOR,1365.3358,2005-11-28,#CE1141
Raptors,TOR,1369.1337,2005-12-14,#CE1141
Raptors,TOR,1380.0778,2005-12-28,#CE1141
Raptors,TOR,1441.7799,2006-01-14,#CE1141
Raptors,TOR,1409.6624,2006-01-28,#CE1141
Raptors,TOR,1444.6979,2006-02-14,#CE1141
Raptors,TOR,1429.847,2006-02-28,#CE1141
Raptors,TOR,1441.77,2006-03-14,#CE1141
Raptors,TOR,1439.7306,2006-03-28,#CE1141
Raptors,TOR,1398.0475,2006-04-14,#CE1141
Raptors,TOR,1401.734,2006-04-28,#CE1141
Raptors,TOR,1401.734,2006-05-14,#CE1141
Raptors,TOR,1401.734,2006-05-28,#CE1141
Raptors,TOR,1392.0381,2006-11-14,#CE1141
Raptors,TOR,1425.4594,2006-11-28,#CE1141
Raptors,TOR,1429.0953,2006-12-14,#CE1141
Raptors,TOR,1431.735,2006-12-28,#CE1141
Raptors,TOR,1460.7692,2007-01-14,#CE1141
Raptors,TOR,1492.1117,2007-01-28,#CE1141
Raptors,TOR,1532.3302,2007-02-14,#CE1141
Raptors,TOR,1568.9988,2007-02-28,#CE1141
Raptors,TOR,1540.3998,2007-03-14,#CE1141
Raptors,TOR,1526.2247,2007-03-28,#CE1141
Raptors,TOR,1577.9329,2007-04-14,#CE1141
Raptors,TOR,1531.2505,2007-04-28,#CE1141
Raptors,TOR,1530.2797,2007-05-14,#CE1141
Raptors,TOR,1530.2797,2007-05-28,#CE1141
Raptors,TOR,1530.2797,2007-06-14,#CE1141
Raptors,TOR,1546.4581,2007-11-14,#CE1141
Raptors,TOR,1550.7699,2007-11-28,#CE1141
Raptors,TOR,1576.549,2007-12-14,#CE1141
Raptors,TOR,1560.714,2007-12-28,#CE1141
Raptors,TOR,1552.9645,2008-01-14,#CE1141
Raptors,TOR,1567.3248,2008-01-28,#CE1141
Raptors,TOR,1577.3937,2008-02-14,#CE1141
Raptors,TOR,1557.3191,2008-02-28,#CE1141
Raptors,TOR,1516.3843,2008-03-14,#CE1141
Raptors,TOR,1507.6477,2008-03-28,#CE1141
Raptors,TOR,1494.3021,2008-04-14,#CE1141
Raptors,TOR,1479.8363,2008-04-28,#CE1141
Raptors,TOR,1502.3412,2008-05-14,#CE1141
Raptors,TOR,1502.3412,2008-05-28,#CE1141
Raptors,TOR,1502.3412,2008-10-28,#CE1141
Raptors,TOR,1494.1696,2008-11-14,#CE1141
Raptors,TOR,1489.3342,2008-11-28,#CE1141
Raptors,TOR,1484.2654,2008-12-14,#CE1141
Raptors,TOR,1461.8591,2008-12-28,#CE1141
Raptors,TOR,1472.8464,2009-01-14,#CE1141
Raptors,TOR,1480.0712,2009-01-28,#CE1141
Raptors,TOR,1429.0338,2009-02-28,#CE1141
Raptors,TOR,1415.562,2009-03-14,#CE1141
Raptors,TOR,1422.8975,2009-03-28,#CE1141
Raptors,TOR,1435.9668,2009-04-14,#CE1141
Raptors,TOR,1468.3621,2009-04-28,#CE1141
Raptors,TOR,1468.3621,2009-05-14,#CE1141
Raptors,TOR,1468.3621,2009-05-28,#CE1141
Raptors,TOR,1468.3621,2009-06-14,#CE1141
Raptors,TOR,1468.3621,2009-10-28,#CE1141
Raptors,TOR,1488.4369,2009-11-14,#CE1141
Raptors,TOR,1447.7181,2009-11-28,#CE1141
Raptors,TOR,1450.746,2009-12-14,#CE1141
Raptors,TOR,1496.2823,2009-12-28,#CE1141
Raptors,TOR,1516.3436,2010-01-14,#CE1141
Raptors,TOR,1542.3875,2010-01-28,#CE1141
Raptors,TOR,1503.1045,2010-02-28,#CE1141
Raptors,TOR,1435.3048,2010-03-14,#CE1141
Raptors,TOR,1422.0791,2010-03-28,#CE1141
Raptors,TOR,1433.3652,2010-04-14,#CE1141
Raptors,TOR,1440.5681,2010-04-28,#CE1141
Raptors,TOR,1440.5681,2010-05-28,#CE1141
Raptors,TOR,1461.8279,2010-10-28,#CE1141
Raptors,TOR,1424.8584,2010-11-14,#CE1141
Raptors,TOR,1440.2886,2010-11-28,#CE1141
Raptors,TOR,1425.4913,2010-12-14,#CE1141
Raptors,TOR,1402.6699,2010-12-28,#CE1141
Raptors,TOR,1392.8062,2011-01-14,#CE1141
Raptors,TOR,1356.0917,2011-01-28,#CE1141
Raptors,TOR,1333.8412,2011-02-14,#CE1141
Raptors,TOR,1337.2139,2011-02-28,#CE1141
Raptors,TOR,1314.1207,2011-03-14,#CE1141
Raptors,TOR,1306.3586,2011-03-28,#CE1141
Raptors,TOR,1363.5469,2011-04-28,#CE1141
Raptors,TOR,1356.9315,2011-12-28,#CE1141
Raptors,TOR,1333.0812,2012-01-14,#CE1141
Raptors,TOR,1367.7277,2012-01-28,#CE1141
Raptors,TOR,1355.4218,2012-02-14,#CE1141
Raptors,TOR,1344.1829,2012-02-28,#CE1141
Raptors,TOR,1368.4388,2012-03-14,#CE1141
Raptors,TOR,1387.7264,2012-03-28,#CE1141
Raptors,TOR,1432.1248,2012-04-14,#CE1141
Raptors,TOR,1432.9348,2012-04-28,#CE1141
Raptors,TOR,1432.9348,2012-05-14,#CE1141
Raptors,TOR,1432.9348,2012-05-28,#CE1141
Raptors,TOR,1432.9348,2012-06-14,#CE1141
Raptors,TOR,1416.1075,2012-11-14,#CE1141
Raptors,TOR,1400.3497,2012-11-28,#CE1141
Raptors,TOR,1388.1755,2012-12-14,#CE1141
Raptors,TOR,1428.7101,2012-12-28,#CE1141
Raptors,TOR,1447.704,2013-01-14,#CE1141
Raptors,TOR,1427.4429,2013-01-28,#CE1141
Raptors,TOR,1484.8958,2013-02-14,#CE1141
Raptors,TOR,1449.7731,2013-02-28,#CE1141
Raptors,TOR,1461.5645,2013-03-14,#CE1141
Raptors,TOR,1427.9205,2013-03-28,#CE1141
Raptors,TOR,1438.3008,2013-04-14,#CE1141
Raptors,TOR,1489.16,2013-04-28,#CE1141
Raptors,TOR,1489.16,2013-05-14,#CE1141
Raptors,TOR,1489.16,2013-05-28,#CE1141
Raptors,TOR,1493.2053,2013-11-14,#CE1141
Raptors,TOR,1502.2396,2013-12-14,#CE1141
Raptors,TOR,1532.7178,2013-12-28,#CE1141
Raptors,TOR,1568.3965,2014-01-14,#CE1141
Raptors,TOR,1557.2926,2014-01-28,#CE1141
Raptors,TOR,1583.0383,2014-02-28,#CE1141
Raptors,TOR,1604.1543,2014-03-14,#CE1141
Raptors,TOR,1588.3168,2014-03-28,#CE1141
Raptors,TOR,1590.8492,2014-04-14,#CE1141
Raptors,TOR,1583.8708,2014-04-28,#CE1141
Raptors,TOR,1554.9813,2014-05-14,#CE1141
Raptors,TOR,1554.9813,2014-05-28,#CE1141
Raptors,TOR,1554.9813,2014-10-28,#CE1141
Raptors,TOR,1577.7822,2014-11-14,#CE1141
Raptors,TOR,1608.9249,2014-11-28,#CE1141
Raptors,TOR,1597.9149,2014-12-14,#CE1141
Raptors,TOR,1634.7308,2014-12-28,#CE1141
Raptors,TOR,1584.2917,2015-01-14,#CE1141
Raptors,TOR,1581.0941,2015-01-28,#CE1141
Raptors,TOR,1557.9191,2015-02-28,#CE1141
Raptors,TOR,1527.2139,2015-03-14,#CE1141
Raptors,TOR,1527.6128,2015-03-28,#CE1141
Raptors,TOR,1545.2078,2015-04-14,#CE1141
Pistons,FTW,1450.7573,1948-11-14,#C8102E
Pistons,FTW,1458.8513,1948-11-28,#C8102E
Pistons,FTW,1450.4806,1948-12-14,#C8102E
Pistons,FTW,1432.4192,1948-12-28,#C8102E
Pistons,FTW,1414.1199,1949-01-14,#C8102E
Pistons,FTW,1422.8121,1949-01-28,#C8102E
Pistons,FTW,1412.6171,1949-02-28,#C8102E
Pistons,FTW,1434.3333,1949-11-28,#C8102E
Pistons,FTW,1457.5847,1949-12-14,#C8102E
Pistons,FTW,1478.3671,1949-12-28,#C8102E
Pistons,FTW,1491.6321,1950-01-14,#C8102E
Pistons,FTW,1434.4554,1950-01-28,#C8102E
Pistons,FTW,1491.9811,1950-02-14,#C8102E
Pistons,FTW,1494.0056,1950-02-28,#C8102E
Pistons,FTW,1502.1974,1950-03-14,#C8102E
Pistons,FTW,1527.5975,1950-03-28,#C8102E
Pistons,FTW,1528.3008,1950-04-14,#C8102E
Pistons,FTW,1512.7916,1950-11-14,#C8102E
Pistons,FTW,1493.3718,1950-11-28,#C8102E
Pistons,FTW,1502.6772,1950-12-14,#C8102E
Pistons,FTW,1477.7273,1950-12-28,#C8102E
Pistons,FTW,1491.2731,1951-01-14,#C8102E
Pistons,FTW,1466.0189,1951-01-28,#C8102E
Pistons,FTW,1475.5809,1951-02-14,#C8102E
Pistons,FTW,1479.0001,1951-02-28,#C8102E
Pistons,FTW,1474.2632,1951-03-14,#C8102E
Pistons,FTW,1469.6881,1951-03-28,#C8102E
Pistons,FTW,1465.8999,1951-11-14,#C8102E
Pistons,FTW,1443.7684,1951-11-28,#C8102E
Pistons,FTW,1433.9742,1951-12-14,#C8102E
Pistons,FTW,1451.8807,1952-02-14,#C8102E
Pistons,FTW,1460.8864,1952-02-28,#C8102E
Pistons,FTW,1468.4019,1952-03-14,#C8102E
Pistons,FTW,1428.4673,1952-11-14,#C8102E
Pistons,FTW,1465.7976,1952-11-28,#C8102E
Pistons,FTW,1486.7681,1952-12-14,#C8102E
Pistons,FTW,1479.5059,1952-12-28,#C8102E
Pistons,FTW,1481.6425,1953-01-14,#C8102E
Pistons,FTW,1481.8212,1953-01-28,#C8102E
Pistons,FTW,1497.8998,1953-02-14,#C8102E
Pistons,FTW,1528.2756,1953-02-28,#C8102E
Pistons,FTW,1534.3184,1953-03-14,#C8102E
Pistons,FTW,1514.6287,1953-03-28,#C8102E
Pistons,FTW,1525.5131,1953-11-14,#C8102E
Pistons,FTW,1510.1675,1953-11-28,#C8102E
Pistons,FTW,1565.7513,1953-12-28,#C8102E
Pistons,FTW,1568.6813,1954-01-14,#C8102E
Pistons,FTW,1565.7639,1954-01-28,#C8102E
Pistons,FTW,1560.5618,1954-02-14,#C8102E
Pistons,FTW,1583.5248,1954-02-28,#C8102E
Pistons,FTW,1526.5962,1954-03-14,#C8102E
Pistons,FTW,1515.9465,1954-03-28,#C8102E
Pistons,FTW,1549.5524,1954-11-14,#C8102E
Pistons,FTW,1546.8054,1954-11-28,#C8102E
Pistons,FTW,1566.6566,1954-12-14,#C8102E
Pistons,FTW,1595.3395,1954-12-28,#C8102E
Pistons,FTW,1537.0055,1955-01-14,#C8102E
Pistons,FTW,1553.4227,1955-01-28,#C8102E
Pistons,FTW,1551.9926,1955-02-14,#C8102E
Pistons,FTW,1553.2457,1955-02-28,#C8102E
Pistons,FTW,1538.1978,1955-03-14,#C8102E
Pistons,FTW,1521.801,1955-12-14,#C8102E
Pistons,FTW,1532.4303,1955-12-28,#C8102E
Pistons,FTW,1529.642,1956-01-14,#C8102E
Pistons,FTW,1566.1227,1956-01-28,#C8102E
Pistons,FTW,1520.0245,1956-02-14,#C8102E
Pistons,FTW,1532.6381,1956-02-28,#C8102E
Pistons,FTW,1511.0176,1956-03-14,#C8102E
Pistons,FTW,1528.6899,1956-03-28,#C8102E
Pistons,FTW,1515.5302,1956-10-28,#C8102E
Pistons,FTW,1497.1614,1956-11-14,#C8102E
Pistons,FTW,1521.9971,1956-11-28,#C8102E
Pistons,FTW,1461.174,1957-01-28,#C8102E
Pistons,FTW,1456.8834,1957-02-14,#C8102E
Pistons,FTW,1461.5298,1957-02-28,#C8102E
Pistons,FTW,1441.8696,1957-03-14,#C8102E
Pistons,DET,1456.3329,1957-11-14,#C8102E
Pistons,DET,1446.7186,1957-11-28,#C8102E
Pistons,DET,1429.2305,1957-12-14,#C8102E
Pistons,DET,1437.0571,1957-12-28,#C8102E
Pistons,DET,1408.8958,1958-01-14,#C8102E
Pistons,DET,1442.3928,1958-01-28,#C8102E
Pistons,DET,1445.7737,1958-02-14,#C8102E
Pistons,DET,1491.9032,1958-11-14,#C8102E
Pistons,DET,1510.7572,1958-11-28,#C8102E
Pistons,DET,1525.3749,1958-12-14,#C8102E
Pistons,DET,1506.1146,1958-12-28,#C8102E
Pistons,DET,1496.8979,1959-01-14,#C8102E
Pistons,DET,1431.7694,1959-01-28,#C8102E
Pistons,DET,1444.8766,1959-02-14,#C8102E
Pistons,DET,1423.5319,1959-02-28,#C8102E
Pistons,DET,1440.6416,1959-03-14,#C8102E
Pistons,DET,1463.0182,1959-03-28,#C8102E
Pistons,DET,1470.0074,1959-10-28,#C8102E
Pistons,DET,1449.2041,1959-11-14,#C8102E
Pistons,DET,1472.6919,1959-11-28,#C8102E
Pistons,DET,1397.2975,1959-12-28,#C8102E
Pistons,DET,1393.0861,1960-01-14,#C8102E
Pistons,DET,1396.5713,1960-02-14,#C8102E
Pistons,DET,1412.1262,1960-02-28,#C8102E
Pistons,DET,1432.4255,1960-03-14,#C8102E
Pistons,DET,1444.5327,1960-10-28,#C8102E
Pistons,DET,1405.5024,1960-11-28,#C8102E
Pistons,DET,1427.3954,1960-12-14,#C8102E
Pistons,DET,1432.0922,1960-12-28,#C8102E
Pistons,DET,1424.3358,1961-01-14,#C8102E
Pistons,DET,1479.153,1961-01-28,#C8102E
Pistons,DET,1447.5118,1961-02-14,#C8102E
Pistons,DET,1398.2445,1961-02-28,#C8102E
Pistons,DET,1440.5204,1961-03-14,#C8102E
Pistons,DET,1439.4894,1961-10-28,#C8102E
Pistons,DET,1462.835,1961-11-14,#C8102E
Pistons,DET,1467.6573,1961-11-28,#C8102E
Pistons,DET,1473.6946,1961-12-14,#C8102E
Pistons,DET,1442.1313,1961-12-28,#C8102E
Pistons,DET,1442.4563,1962-01-14,#C8102E
Pistons,DET,1443.0787,1962-01-28,#C8102E
Pistons,DET,1451.4143,1962-02-14,#C8102E
Pistons,DET,1433.1636,1962-02-28,#C8102E
Pistons,DET,1429.8562,1962-03-14,#C8102E
Pistons,DET,1428.552,1962-03-28,#C8102E
Pistons,DET,1439.7582,1962-04-14,#C8102E
Pistons,DET,1410.6039,1962-10-28,#C8102E
Pistons,DET,1402.3596,1962-11-14,#C8102E
Pistons,DET,1380.7983,1962-11-28,#C8102E
Pistons,DET,1390.6849,1962-12-14,#C8102E
Pistons,DET,1388.1245,1962-12-28,#C8102E
Pistons,DET,1421.0187,1963-01-14,#C8102E
Pistons,DET,1397.7078,1963-02-14,#C8102E
Pistons,DET,1432.0726,1963-02-28,#C8102E
Pistons,DET,1444.0344,1963-03-14,#C8102E
Pistons,DET,1445.7084,1963-03-28,#C8102E
Pistons,DET,1445.7084,1963-04-14,#C8102E
Pistons,DET,1455.4653,1963-11-14,#C8102E
Pistons,DET,1413.7096,1963-11-28,#C8102E
Pistons,DET,1363.2345,1963-12-14,#C8102E
Pistons,DET,1324.2911,1963-12-28,#C8102E
Pistons,DET,1325.3605,1964-01-28,#C8102E
Pistons,DET,1337.1313,1964-02-14,#C8102E
Pistons,DET,1307.8195,1964-02-28,#C8102E
Pistons,DET,1344.251,1964-03-14,#C8102E
Pistons,DET,1381.4493,1964-03-28,#C8102E
Pistons,DET,1373.7849,1964-10-28,#C8102E
Pistons,DET,1376.8535,1964-11-14,#C8102E
Pistons,DET,1386.0363,1964-11-28,#C8102E
Pistons,DET,1421.5763,1964-12-14,#C8102E
Pistons,DET,1418.2695,1964-12-28,#C8102E
Pistons,DET,1388.8881,1965-01-14,#C8102E
Pistons,DET,1387.4398,1965-01-28,#C8102E
Pistons,DET,1413.4398,1965-02-14,#C8102E
Pistons,DET,1448.5409,1965-02-28,#C8102E
Pistons,DET,1404.8317,1965-03-14,#C8102E
Pistons,DET,1422.6659,1965-03-28,#C8102E
Pistons,DET,1419.3132,1965-10-28,#C8102E
Pistons,DET,1377.6147,1965-11-14,#C8102E
Pistons,DET,1368.7004,1965-11-28,#C8102E
Pistons,DET,1381.5884,1965-12-14,#C8102E
Pistons,DET,1338.7383,1965-12-28,#C8102E
Pistons,DET,1375.8165,1966-01-14,#C8102E
Pistons,DET,1366.3154,1966-01-28,#C8102E
Pistons,DET,1332.0594,1966-02-14,#C8102E
Pistons,DET,1306.141,1966-02-28,#C8102E
Pistons,DET,1362.4492,1966-04-28,#C8102E
Pistons,DET,1379.5034,1966-10-28,#C8102E
Pistons,DET,1351.5408,1966-11-14,#C8102E
Pistons,DET,1397.2357,1966-12-14,#C8102E
Pistons,DET,1369.0417,1966-12-28,#C8102E
Pistons,DET,1361.5635,1967-01-14,#C8102E
Pistons,DET,1368.8407,1967-01-28,#C8102E
Pistons,DET,1363.7281,1967-02-14,#C8102E
Pistons,DET,1337.051,1967-02-28,#C8102E
Pistons,DET,1351.8096,1967-03-14,#C8102E
Pistons,DET,1397.7156,1967-03-28,#C8102E
Pistons,DET,1397.7156,1967-04-14,#C8102E
Pistons,DET,1397.7156,1967-10-14,#C8102E
Pistons,DET,1402.2803,1967-10-28,#C8102E
Pistons,DET,1427.9636,1967-11-14,#C8102E
Pistons,DET,1431.1888,1967-11-28,#C8102E
Pistons,DET,1425.5796,1967-12-14,#C8102E
Pistons,DET,1413.3406,1967-12-28,#C8102E
Pistons,DET,1421.6787,1968-01-14,#C8102E
Pistons,DET,1399.3301,1968-01-28,#C8102E
Pistons,DET,1359.6927,1968-02-14,#C8102E
Pistons,DET,1357.4119,1968-02-28,#C8102E
Pistons,DET,1430.0028,1968-03-14,#C8102E
Pistons,DET,1448.6532,1968-03-28,#C8102E
Pistons,DET,1445.8357,1968-04-14,#C8102E
Pistons,DET,1445.8357,1968-04-28,#C8102E
Pistons,DET,1459.6792,1968-10-28,#C8102E
Pistons,DET,1445.1113,1968-11-14,#C8102E
Pistons,DET,1428.8243,1968-11-28,#C8102E
Pistons,DET,1377.71,1968-12-14,#C8102E
Pistons,DET,1378.1526,1968-12-28,#C8102E
Pistons,DET,1413.7247,1969-01-14,#C8102E
Pistons,DET,1400.0533,1969-01-28,#C8102E
Pistons,DET,1357.7632,1969-02-14,#C8102E
Pistons,DET,1343.2545,1969-02-28,#C8102E
Pistons,DET,1331.2063,1969-03-14,#C8102E
Pistons,DET,1398.1517,1969-03-28,#C8102E
Pistons,DET,1398.1517,1969-04-14,#C8102E
Pistons,DET,1398.1517,1969-10-14,#C8102E
Pistons,DET,1409.5034,1969-10-28,#C8102E
Pistons,DET,1382.6683,1969-11-14,#C8102E
Pistons,DET,1346.1605,1969-11-28,#C8102E
Pistons,DET,1380.7617,1969-12-14,#C8102E
Pistons,DET,1351.9167,1969-12-28,#C8102E
Pistons,DET,1360.627,1970-01-14,#C8102E
Pistons,DET,1373.8654,1970-01-28,#C8102E
Pistons,DET,1396.8163,1970-02-14,#C8102E
Pistons,DET,1408.0867,1970-02-28,#C8102E
Pistons,DET,1402.8083,1970-03-14,#C8102E
Pistons,DET,1420.3771,1970-03-28,#C8102E
Pistons,DET,1420.3771,1970-04-14,#C8102E
Pistons,DET,1420.3771,1970-04-28,#C8102E
Pistons,DET,1420.3771,1970-10-14,#C8102E
Pistons,DET,1506.0463,1970-10-28,#C8102E
Pistons,DET,1479.4563,1970-11-14,#C8102E
Pistons,DET,1434.6642,1970-11-28,#C8102E
Pistons,DET,1490.1571,1970-12-28,#C8102E
Pistons,DET,1501.3013,1971-01-14,#C8102E
Pistons,DET,1459.0262,1971-01-28,#C8102E
Pistons,DET,1460.1692,1971-02-14,#C8102E
Pistons,DET,1441.4479,1971-02-28,#C8102E
Pistons,DET,1392.699,1971-03-14,#C8102E
Pistons,DET,1430.2378,1971-03-28,#C8102E
Pistons,DET,1430.2378,1971-04-14,#C8102E
Pistons,DET,1430.2378,1971-04-28,#C8102E
Pistons,DET,1406.1876,1971-10-14,#C8102E
Pistons,DET,1421.9053,1971-10-28,#C8102E
Pistons,DET,1398.2823,1971-11-14,#C8102E
Pistons,DET,1371.751,1971-11-28,#C8102E
Pistons,DET,1349.3763,1971-12-14,#C8102E
Pistons,DET,1340.2148,1971-12-28,#C8102E
Pistons,DET,1330.5878,1972-01-14,#C8102E
Pistons,DET,1309.2875,1972-01-28,#C8102E
Pistons,DET,1313.5107,1972-02-14,#C8102E
Pistons,DET,1278.4563,1972-03-14,#C8102E
Pistons,DET,1326.7664,1972-03-28,#C8102E
Pistons,DET,1326.7664,1972-04-14,#C8102E
Pistons,DET,1336.3524,1972-10-14,#C8102E
Pistons,DET,1336.5524,1972-10-28,#C8102E
Pistons,DET,1367.3213,1972-11-14,#C8102E
Pistons,DET,1383.2167,1972-11-28,#C8102E
Pistons,DET,1411.2874,1972-12-14,#C8102E
Pistons,DET,1414.9603,1972-12-28,#C8102E
Pistons,DET,1408.0449,1973-01-14,#C8102E
Pistons,DET,1397.0819,1973-01-28,#C8102E
Pistons,DET,1417.7233,1973-02-14,#C8102E
Pistons,DET,1464.9314,1973-02-28,#C8102E
Pistons,DET,1453.7755,1973-03-14,#C8102E
Pistons,DET,1494.1095,1973-03-28,#C8102E
Pistons,DET,1495.4525,1973-04-14,#C8102E
Pistons,DET,1495.4525,1973-04-28,#C8102E
Pistons,DET,1514.663,1973-10-14,#C8102E
Pistons,DET,1553.0829,1973-10-28,#C8102E
Pistons,DET,1556.1606,1973-11-14,#C8102E
Pistons,DET,1543.0673,1973-11-28,#C8102E
Pistons,DET,1575.6359,1973-12-14,#C8102E
Pistons,DET,1567.4843,1973-12-28,#C8102E
Pistons,DET,1597.9634,1974-01-14,#C8102E
Pistons,DET,1602.6436,1974-01-28,#C8102E
Pistons,DET,1640.0314,1974-02-14,#C8102E
Pistons,DET,1603.8344,1974-02-28,#C8102E
Pistons,DET,1585.9833,1974-03-14,#C8102E
Pistons,DET,1576.8395,1974-03-28,#C8102E
Pistons,DET,1559.8423,1974-04-14,#C8102E
Pistons,DET,1559.8423,1974-04-28,#C8102E
Pistons,DET,1543.3264,1974-11-14,#C8102E
Pistons,DET,1518.1903,1974-11-28,#C8102E
Pistons,DET,1519.969,1974-12-14,#C8102E
Pistons,DET,1498.9681,1974-12-28,#C8102E
Pistons,DET,1539.4918,1975-01-14,#C8102E
Pistons,DET,1547.9978,1975-01-28,#C8102E
Pistons,DET,1471.9779,1975-02-14,#C8102E
Pistons,DET,1433.7644,1975-02-28,#C8102E
Pistons,DET,1416.0333,1975-03-14,#C8102E
Pistons,DET,1444.7137,1975-03-28,#C8102E
Pistons,DET,1444.6798,1975-04-14,#C8102E
Pistons,DET,1444.6798,1975-04-28,#C8102E
Pistons,DET,1444.6798,1975-05-14,#C8102E
Pistons,DET,1461.4492,1975-10-28,#C8102E
Pistons,DET,1465.3536,1975-11-14,#C8102E
Pistons,DET,1497.9631,1975-11-28,#C8102E
Pistons,DET,1466.2496,1975-12-14,#C8102E
Pistons,DET,1444.9745,1975-12-28,#C8102E
Pistons,DET,1405.8213,1976-01-14,#C8102E
Pistons,DET,1392.6047,1976-01-28,#C8102E
Pistons,DET,1376.2404,1976-02-14,#C8102E
Pistons,DET,1397.0306,1976-02-28,#C8102E
Pistons,DET,1403.3552,1976-03-14,#C8102E
Pistons,DET,1447.9238,1976-03-28,#C8102E
Pistons,DET,1454.474,1976-04-14,#C8102E
Pistons,DET,1467.7882,1976-04-28,#C8102E
Pistons,DET,1481.1875,1976-05-14,#C8102E
Pistons,DET,1481.7188,1976-10-28,#C8102E
Pistons,DET,1504.0552,1976-11-14,#C8102E
Pistons,DET,1509.1788,1976-11-28,#C8102E
Pistons,DET,1514.3695,1976-12-14,#C8102E
Pistons,DET,1522.9064,1976-12-28,#C8102E
Pistons,DET,1506.5647,1977-01-14,#C8102E
Pistons,DET,1506.2548,1977-01-28,#C8102E
Pistons,DET,1510.996,1977-03-14,#C8102E
Pistons,DET,1463.354,1977-04-14,#C8102E
Pistons,DET,1499.793,1977-10-28,#C8102E
Pistons,DET,1447.282,1977-11-28,#C8102E
Pistons,DET,1419.5673,1977-12-14,#C8102E
Pistons,DET,1455.7206,1977-12-28,#C8102E
Pistons,DET,1467.4541,1978-01-14,#C8102E
Pistons,DET,1491.8289,1978-01-28,#C8102E
Pistons,DET,1472.7343,1978-02-14,#C8102E
Pistons,DET,1489.802,1978-02-28,#C8102E
Pistons,DET,1462.8754,1978-03-14,#C8102E
Pistons,DET,1476.939,1978-03-28,#C8102E
Pistons,DET,1464.2855,1978-04-14,#C8102E
Pistons,DET,1464.2855,1978-04-28,#C8102E
Pistons,DET,1464.2855,1978-05-14,#C8102E
Pistons,DET,1464.2855,1978-05-28,#C8102E
Pistons,DET,1459.2449,1978-10-14,#C8102E
Pistons,DET,1446.3715,1978-10-28,#C8102E
Pistons,DET,1450.1899,1978-11-14,#C8102E
Pistons,DET,1445.9998,1978-11-28,#C8102E
Pistons,DET,1423.8262,1978-12-14,#C8102E
Pistons,DET,1409.7286,1978-12-28,#C8102E
Pistons,DET,1399.3535,1979-01-14,#C8102E
Pistons,DET,1456.8745,1979-01-28,#C8102E
Pistons,DET,1420.4294,1979-02-14,#C8102E
Pistons,DET,1448.587,1979-02-28,#C8102E
Pistons,DET,1476.0824,1979-03-14,#C8102E
Pistons,DET,1469.5026,1979-03-28,#C8102E
Pistons,DET,1452.9895,1979-10-14,#C8102E
Pistons,DET,1428.8451,1979-10-28,#C8102E
Pistons,DET,1420.7946,1979-11-14,#C8102E
Pistons,DET,1415.0283,1979-11-28,#C8102E
Pistons,DET,1418.8657,1979-12-14,#C8102E
Pistons,DET,1387.7478,1979-12-28,#C8102E
Pistons,DET,1342.5903,1980-01-28,#C8102E
Pistons,DET,1319.1589,1980-02-14,#C8102E
Pistons,DET,1290.377,1980-02-28,#C8102E
Pistons,DET,1265.1776,1980-03-14,#C8102E
Pistons,DET,1242.8309,1980-03-28,#C8102E
Pistons,DET,1298.5198,1980-04-14,#C8102E
Pistons,DET,1298.5198,1980-05-14,#C8102E
Pistons,DET,1289.1064,1980-10-14,#C8102E
Pistons,DET,1288.9453,1980-10-28,#C8102E
Pistons,DET,1300.4139,1980-11-14,#C8102E
Pistons,DET,1320.293,1980-11-28,#C8102E
Pistons,DET,1311.9978,1980-12-14,#C8102E
Pistons,DET,1293.6949,1980-12-28,#C8102E
Pistons,DET,1286.5575,1981-01-14,#C8102E
Pistons,DET,1281.8616,1981-01-28,#C8102E
Pistons,DET,1279.8927,1981-02-14,#C8102E
Pistons,DET,1300.8208,1981-02-28,#C8102E
Pistons,DET,1312.6969,1981-03-14,#C8102E
Pistons,DET,1358.6943,1981-03-28,#C8102E
Pistons,DET,1406.2698,1981-04-14,#C8102E
Pistons,DET,1406.2698,1981-05-14,#C8102E
Pistons,DET,1446.3959,1981-11-14,#C8102E
Pistons,DET,1461.7421,1981-11-28,#C8102E
Pistons,DET,1473.1401,1981-12-28,#C8102E
Pistons,DET,1469.6693,1982-01-14,#C8102E
Pistons,DET,1477.5483,1982-01-28,#C8102E
Pistons,DET,1475.1378,1982-02-14,#C8102E
Pistons,DET,1468.981,1982-02-28,#C8102E
Pistons,DET,1475.8596,1982-03-14,#C8102E
Pistons,DET,1490.3748,1982-03-28,#C8102E
Pistons,DET,1479.6958,1982-04-14,#C8102E
Pistons,DET,1486.5538,1982-04-28,#C8102E
Pistons,DET,1486.5538,1982-05-14,#C8102E
Pistons,DET,1505.2498,1982-11-14,#C8102E
Pistons,DET,1547.9205,1982-11-28,#C8102E
Pistons,DET,1516.4103,1982-12-14,#C8102E
Pistons,DET,1517.4083,1982-12-28,#C8102E
Pistons,DET,1500.6328,1983-01-14,#C8102E
Pistons,DET,1494.1672,1983-01-28,#C8102E
Pistons,DET,1476.6935,1983-04-14,#C8102E
Pistons,DET,1487.8253,1983-05-14,#C8102E
Pistons,DET,1487.8253,1983-10-28,#C8102E
Pistons,DET,1481.316,1983-11-28,#C8102E
Pistons,DET,1486.9009,1983-12-14,#C8102E
Pistons,DET,1537.0319,1983-12-28,#C8102E
Pistons,DET,1587.043,1984-01-14,#C8102E
Pistons,DET,1557.1888,1984-02-14,#C8102E
Pistons,DET,1566.802,1984-02-28,#C8102E
Pistons,DET,1555.9685,1984-03-14,#C8102E
Pistons,DET,1579.7238,1984-03-28,#C8102E
Pistons,DET,1604.5631,1984-04-14,#C8102E
Pistons,DET,1565.3525,1984-04-28,#C8102E
Pistons,DET,1558.5629,1984-10-28,#C8102E
Pistons,DET,1569.7224,1984-11-14,#C8102E
Pistons,DET,1544.1251,1984-11-28,#C8102E
Pistons,DET,1570.2374,1984-12-14,#C8102E
Pistons,DET,1565.6628,1984-12-28,#C8102E
Pistons,DET,1605.8013,1985-01-14,#C8102E
Pistons,DET,1633.9285,1985-01-28,#C8102E
Pistons,DET,1614.2837,1985-02-14,#C8102E
Pistons,DET,1567.2767,1985-02-28,#C8102E
Pistons,DET,1544.3921,1985-03-14,#C8102E
Pistons,DET,1557.4969,1985-03-28,#C8102E
Pistons,DET,1568.9507,1985-04-14,#C8102E
Pistons,DET,1577.6377,1985-04-28,#C8102E
Pistons,DET,1560.6543,1985-05-14,#C8102E
Pistons,DET,1553.9985,1985-11-14,#C8102E
Pistons,DET,1515.668,1985-12-14,#C8102E
Pistons,DET,1478.6178,1985-12-28,#C8102E
Pistons,DET,1460.2527,1986-01-14,#C8102E
Pistons,DET,1508.1003,1986-01-28,#C8102E
Pistons,DET,1526.1742,1986-02-14,#C8102E
Pistons,DET,1564.6862,1986-02-28,#C8102E
Pistons,DET,1557.8966,1986-03-14,#C8102E
Pistons,DET,1543.7909,1986-03-28,#C8102E
Pistons,DET,1517.7922,1986-11-14,#C8102E
Pistons,DET,1541.5452,1986-11-28,#C8102E
Pistons,DET,1568.2397,1986-12-14,#C8102E
Pistons,DET,1601.5798,1986-12-28,#C8102E
Pistons,DET,1620.2583,1987-01-14,#C8102E
Pistons,DET,1572.4497,1987-01-28,#C8102E
Pistons,DET,1591.5682,1987-02-14,#C8102E
Pistons,DET,1584.8793,1987-02-28,#C8102E
Pistons,DET,1615.9622,1987-03-14,#C8102E
Pistons,DET,1605.6681,1987-03-28,#C8102E
Pistons,DET,1602.2078,1987-04-14,#C8102E
Pistons,DET,1615.5814,1987-04-28,#C8102E
Pistons,DET,1634.688,1987-05-14,#C8102E
Pistons,DET,1661.3535,1987-05-28,#C8102E
Pistons,DET,1621.4313,1987-06-14,#C8102E
Pistons,DET,1632.2656,1987-11-14,#C8102E
Pistons,DET,1624.4758,1987-11-28,#C8102E
Pistons,DET,1659.3357,1987-12-14,#C8102E
Pistons,DET,1647.0435,1987-12-28,#C8102E
Pistons,DET,1614.916,1988-01-14,#C8102E
Pistons,DET,1622.1896,1988-01-28,#C8102E
Pistons,DET,1623.793,1988-02-14,#C8102E
Pistons,DET,1639.0627,1988-02-28,#C8102E
Pistons,DET,1647.5455,1988-03-14,#C8102E
Pistons,DET,1644.4386,1988-03-28,#C8102E
Pistons,DET,1654.8906,1988-04-14,#C8102E
Pistons,DET,1650.2189,1988-04-28,#C8102E
Pistons,DET,1655.0189,1988-05-14,#C8102E
Pistons,DET,1685.8344,1988-05-28,#C8102E
Pistons,DET,1689.7123,1988-06-14,#C8102E
Pistons,DET,1686.1146,1988-11-14,#C8102E
Pistons,DET,1638.4036,1988-11-28,#C8102E
Pistons,DET,1628.6633,1988-12-14,#C8102E
Pistons,DET,1617.589,1988-12-28,#C8102E
Pistons,DET,1588.5658,1989-01-14,#C8102E
Pistons,DET,1592.1881,1989-01-28,#C8102E
Pistons,DET,1644.7334,1989-02-14,#C8102E
Pistons,DET,1642.7765,1989-02-28,#C8102E
Pistons,DET,1679.8271,1989-03-14,#C8102E
Pistons,DET,1697.5693,1989-03-28,#C8102E
Pistons,DET,1704.5377,1989-04-14,#C8102E
Pistons,DET,1736.1163,1989-04-28,#C8102E
Pistons,DET,1763.6959,1989-05-14,#C8102E
Pistons,DET,1753.1616,1989-05-28,#C8102E
Pistons,DET,1680.5752,1989-11-14,#C8102E
Pistons,DET,1666.5876,1989-11-28,#C8102E
Pistons,DET,1662.6866,1989-12-14,#C8102E
Pistons,DET,1637.8356,1989-12-28,#C8102E
Pistons,DET,1648.0471,1990-01-14,#C8102E
Pistons,DET,1667.9553,1990-01-28,#C8102E
Pistons,DET,1698.6099,1990-02-14,#C8102E
Pistons,DET,1701.6359,1990-02-28,#C8102E
Pistons,DET,1712.1997,1990-03-14,#C8102E
Pistons,DET,1716.7067,1990-03-28,#C8102E
Pistons,DET,1674.4592,1990-04-14,#C8102E
Pistons,DET,1672.3778,1990-04-28,#C8102E
Pistons,DET,1684.0029,1990-05-28,#C8102E
Pistons,DET,1715.9989,1990-06-14,#C8102E
Pistons,DET,1662.6716,1990-11-14,#C8102E
Pistons,DET,1691.6023,1990-11-28,#C8102E
Pistons,DET,1617.9612,1990-12-14,#C8102E
Pistons,DET,1625.3818,1990-12-28,#C8102E
Pistons,DET,1650.6768,1991-01-14,#C8102E
Pistons,DET,1661.5061,1991-01-28,#C8102E
Pistons,DET,1637.7345,1991-02-14,#C8102E
Pistons,DET,1573.7047,1991-02-28,#C8102E
Pistons,DET,1536.399,1991-03-14,#C8102E
Pistons,DET,1552.5996,1991-03-28,#C8102E
Pistons,DET,1526.0167,1991-04-14,#C8102E
Pistons,DET,1548.1158,1991-04-28,#C8102E
Pistons,DET,1553.6149,1991-05-14,#C8102E
Pistons,DET,1511.84,1991-05-28,#C8102E
Pistons,DET,1530.7484,1991-11-14,#C8102E
Pistons,DET,1497.5339,1991-12-14,#C8102E
Pistons,DET,1524.8915,1991-12-28,#C8102E
Pistons,DET,1575.6949,1992-01-14,#C8102E
Pistons,DET,1567.7528,1992-01-28,#C8102E
Pistons,DET,1577.6005,1992-02-14,#C8102E
Pistons,DET,1559.6428,1992-02-28,#C8102E
Pistons,DET,1604.2573,1992-03-14,#C8102E
Pistons,DET,1544.8245,1992-03-28,#C8102E
Pistons,DET,1556.9725,1992-04-14,#C8102E
Pistons,DET,1533.8561,1992-04-28,#C8102E
Pistons,DET,1514.335,1992-05-14,#C8102E
Pistons,DET,1514.335,1992-05-28,#C8102E
Pistons,DET,1514.335,1992-06-14,#C8102E
Pistons,DET,1515.0225,1992-11-14,#C8102E
Pistons,DET,1461.3187,1992-11-28,#C8102E
Pistons,DET,1513.9902,1992-12-14,#C8102E
Pistons,DET,1535.6879,1992-12-28,#C8102E
Pistons,DET,1482.7734,1993-01-14,#C8102E
Pistons,DET,1454.8436,1993-01-28,#C8102E
Pistons,DET,1433.4517,1993-02-14,#C8102E
Pistons,DET,1468.1602,1993-02-28,#C8102E
Pistons,DET,1471.0481,1993-03-14,#C8102E
Pistons,DET,1487.4095,1993-03-28,#C8102E
Pistons,DET,1532.2504,1993-04-14,#C8102E
Pistons,DET,1510.1686,1993-05-14,#C8102E
Pistons,DET,1510.1686,1993-05-28,#C8102E
Pistons,DET,1484.1932,1993-11-14,#C8102E
Pistons,DET,1470.1027,1993-11-28,#C8102E
Pistons,DET,1440.5671,1993-12-14,#C8102E
Pistons,DET,1406.9779,1993-12-28,#C8102E
Pistons,DET,1358.4119,1994-01-14,#C8102E
Pistons,DET,1349.9199,1994-01-28,#C8102E
Pistons,DET,1319.3597,1994-02-28,#C8102E
Pistons,DET,1338.5496,1994-03-14,#C8102E
Pistons,DET,1369.5001,1994-03-28,#C8102E
Pistons,DET,1309.8551,1994-04-14,#C8102E
Pistons,DET,1319.1045,1994-04-28,#C8102E
Pistons,DET,1319.1045,1994-05-14,#C8102E
Pistons,DET,1319.1045,1994-05-28,#C8102E
Pistons,DET,1350.4207,1994-11-14,#C8102E
Pistons,DET,1365.6097,1994-11-28,#C8102E
Pistons,DET,1346.1387,1994-12-14,#C8102E
Pistons,DET,1322.8751,1994-12-28,#C8102E
Pistons,DET,1314.4531,1995-01-14,#C8102E
Pistons,DET,1308.7896,1995-01-28,#C8102E
Pistons,DET,1337.6022,1995-02-14,#C8102E
Pistons,DET,1360.8802,1995-02-28,#C8102E
Pistons,DET,1354.7714,1995-03-14,#C8102E
Pistons,DET,1325.8019,1995-03-28,#C8102E
Pistons,DET,1332.1497,1995-04-14,#C8102E
Pistons,DET,1365.7269,1995-04-28,#C8102E
Pistons,DET,1365.7269,1995-05-14,#C8102E
Pistons,DET,1365.7269,1995-05-28,#C8102E
Pistons,DET,1365.7269,1995-06-14,#C8102E
Pistons,DET,1393.7291,1995-11-14,#C8102E
Pistons,DET,1394.3796,1995-11-28,#C8102E
Pistons,DET,1410.9486,1995-12-14,#C8102E
Pistons,DET,1450.6664,1995-12-28,#C8102E
Pistons,DET,1463.7876,1996-01-14,#C8102E
Pistons,DET,1466.4802,1996-01-28,#C8102E
Pistons,DET,1494.1101,1996-02-14,#C8102E
Pistons,DET,1516.4862,1996-02-28,#C8102E
Pistons,DET,1558.3787,1996-03-14,#C8102E
Pistons,DET,1531.6425,1996-03-28,#C8102E
Pistons,DET,1542.2858,1996-04-14,#C8102E
Pistons,DET,1533.7916,1996-04-28,#C8102E
Pistons,DET,1528.8593,1996-05-14,#C8102E
Pistons,DET,1528.8593,1996-05-28,#C8102E
Pistons,DET,1528.8593,1996-06-14,#C8102E
Pistons,DET,1563.6838,1996-11-14,#C8102E
Pistons,DET,1569.4644,1996-11-28,#C8102E
Pistons,DET,1600.4655,1996-12-14,#C8102E
Pistons,DET,1616.8958,1996-12-28,#C8102E
Pistons,DET,1605.1543,1997-01-14,#C8102E
Pistons,DET,1621.7821,1997-01-28,#C8102E
Pistons,DET,1621.1266,1997-02-14,#C8102E
Pistons,DET,1635.1777,1997-02-28,#C8102E
Pistons,DET,1637.2979,1997-03-14,#C8102E
Pistons,DET,1617.4733,1997-03-28,#C8102E
Pistons,DET,1591.9889,1997-04-14,#C8102E
Pistons,DET,1606.4567,1997-04-28,#C8102E
Pistons,DET,1573.6052,1997-05-14,#C8102E
Pistons,DET,1573.6052,1997-05-28,#C8102E
Pistons,DET,1548.3219,1997-11-14,#C8102E
Pistons,DET,1532.4038,1997-11-28,#C8102E
Pistons,DET,1533.1718,1997-12-14,#C8102E
Pistons,DET,1511.0435,1997-12-28,#C8102E
Pistons,DET,1517.9651,1998-01-14,#C8102E
Pistons,DET,1523.7386,1998-01-28,#C8102E
Pistons,DET,1509.0469,1998-02-14,#C8102E
Pistons,DET,1503.5306,1998-02-28,#C8102E
Pistons,DET,1512.0865,1998-03-14,#C8102E
Pistons,DET,1537.2653,1998-03-28,#C8102E
Pistons,DET,1542.0262,1998-04-14,#C8102E
Pistons,DET,1547.4802,1998-04-28,#C8102E
Pistons,DET,1547.4802,1998-06-14,#C8102E
Pistons,DET,1535.726,1999-02-14,#C8102E
Pistons,DET,1549.3456,1999-02-28,#C8102E
Pistons,DET,1569.7667,1999-03-14,#C8102E
Pistons,DET,1566.2433,1999-03-28,#C8102E
Pistons,DET,1564.6074,1999-04-14,#C8102E
Pistons,DET,1569.8408,1999-04-28,#C8102E
Pistons,DET,1599.1381,1999-05-14,#C8102E
Pistons,DET,1530.4048,1999-11-14,#C8102E
Pistons,DET,1550.5599,1999-11-28,#C8102E
Pistons,DET,1557.1398,1999-12-14,#C8102E
Pistons,DET,1560.9391,1999-12-28,#C8102E
Pistons,DET,1586.8196,2000-01-14,#C8102E
Pistons,DET,1531.7573,2000-01-28,#C8102E
Pistons,DET,1515.0739,2000-02-28,#C8102E
Pistons,DET,1514.8643,2000-03-14,#C8102E
Pistons,DET,1527.8833,2000-03-28,#C8102E
Pistons,DET,1566.4558,2000-04-14,#C8102E
Pistons,DET,1521.5059,2000-04-28,#C8102E
Pistons,DET,1529.743,2000-05-14,#C8102E
Pistons,DET,1529.743,2000-05-28,#C8102E
Pistons,DET,1529.743,2000-06-14,#C8102E
Pistons,DET,1507.0934,2000-11-14,#C8102E
Pistons,DET,1495.7211,2000-11-28,#C8102E
Pistons,DET,1491.7008,2000-12-14,#C8102E
Pistons,DET,1491.4746,2000-12-28,#C8102E
Pistons,DET,1425.1161,2001-01-14,#C8102E
Pistons,DET,1399.8683,2001-01-28,#C8102E
Pistons,DET,1421.2194,2001-02-14,#C8102E
Pistons,DET,1386.2886,2001-02-28,#C8102E
Pistons,DET,1403.9777,2001-03-14,#C8102E
Pistons,DET,1399.1251,2001-03-28,#C8102E
Pistons,DET,1453.1667,2001-04-14,#C8102E
Pistons,DET,1451.0946,2001-04-28,#C8102E
Pistons,DET,1451.0946,2001-05-14,#C8102E
Pistons,DET,1451.0946,2001-05-28,#C8102E
Pistons,DET,1506.355,2001-11-14,#C8102E
Pistons,DET,1510.2438,2001-11-28,#C8102E
Pistons,DET,1526.303,2001-12-14,#C8102E
Pistons,DET,1469.0513,2001-12-28,#C8102E
Pistons,DET,1458.9694,2002-01-14,#C8102E
Pistons,DET,1503.6351,2002-01-28,#C8102E
Pistons,DET,1504.3982,2002-02-14,#C8102E
Pistons,DET,1542.5067,2002-02-28,#C8102E
Pistons,DET,1514.3636,2002-03-14,#C8102E
Pistons,DET,1561.9105,2002-03-28,#C8102E
Pistons,DET,1562.1515,2002-04-14,#C8102E
Pistons,DET,1566.2948,2002-04-28,#C8102E
Pistons,DET,1543.9912,2002-05-14,#C8102E
Pistons,DET,1538.3541,2002-05-28,#C8102E
Pistons,DET,1567.2727,2002-11-14,#C8102E
Pistons,DET,1579.3257,2002-11-28,#C8102E
Pistons,DET,1563.8689,2002-12-14,#C8102E
Pistons,DET,1584.2717,2002-12-28,#C8102E
Pistons,DET,1590.0424,2003-01-14,#C8102E
Pistons,DET,1589.4869,2003-01-28,#C8102E
Pistons,DET,1637.1965,2003-02-14,#C8102E
Pistons,DET,1605.8798,2003-02-28,#C8102E
Pistons,DET,1618.4364,2003-03-14,#C8102E
Pistons,DET,1607.2939,2003-03-28,#C8102E
Pistons,DET,1567.8649,2003-04-14,#C8102E
Pistons,DET,1554.1298,2003-04-28,#C8102E
Pistons,DET,1577.7267,2003-05-14,#C8102E
Pistons,DET,1537.6965,2003-10-28,#C8102E
Pistons,DET,1564.8374,2003-11-14,#C8102E
Pistons,DET,1592.3193,2003-11-28,#C8102E
Pistons,DET,1547.8501,2003-12-14,#C8102E
Pistons,DET,1550.8418,2003-12-28,#C8102E
Pistons,DET,1603.1908,2004-01-14,#C8102E
Pistons,DET,1595.4983,2004-01-28,#C8102E
Pistons,DET,1586.6283,2004-02-28,#C8102E
Pistons,DET,1635.8414,2004-03-14,#C8102E
Pistons,DET,1664.7596,2004-03-28,#C8102E
Pistons,DET,1670.6296,2004-04-14,#C8102E
Pistons,DET,1680.2145,2004-04-28,#C8102E
Pistons,DET,1644.6687,2004-05-14,#C8102E
Pistons,DET,1654.9298,2004-05-28,#C8102E
Pistons,DET,1634.0419,2004-11-14,#C8102E
Pistons,DET,1600.6174,2004-11-28,#C8102E
Pistons,DET,1590.8113,2004-12-14,#C8102E
Pistons,DET,1586.4336,2004-12-28,#C8102E
Pistons,DET,1580.4674,2005-01-14,#C8102E
Pistons,DET,1584.0901,2005-01-28,#C8102E
Pistons,DET,1599.2683,2005-02-14,#C8102E
Pistons,DET,1642.6858,2005-02-28,#C8102E
Pistons,DET,1619.535,2005-03-14,#C8102E
Pistons,DET,1569.9362,2005-03-28,#C8102E
Pistons,DET,1629.8147,2005-04-14,#C8102E
Pistons,DET,1611.8441,2005-04-28,#C8102E
Pistons,DET,1622.7152,2005-05-14,#C8102E
Pistons,DET,1640.1484,2005-05-28,#C8102E
Pistons,DET,1667.5426,2005-06-14,#C8102E
Pistons,DET,1684.724,2005-11-14,#C8102E
Pistons,DET,1677.0256,2005-11-28,#C8102E
Pistons,DET,1680.0396,2005-12-14,#C8102E
Pistons,DET,1712.1892,2005-12-28,#C8102E
Pistons,DET,1710.1885,2006-01-14,#C8102E
Pistons,DET,1743.0873,2006-01-28,#C8102E
Pistons,DET,1721.2084,2006-02-14,#C8102E
Pistons,DET,1722.6429,2006-02-28,#C8102E
Pistons,DET,1694.562,2006-03-14,#C8102E
Pistons,DET,1688.9553,2006-03-28,#C8102E
Pistons,DET,1703.5834,2006-04-14,#C8102E
Pistons,DET,1635.4214,2006-04-28,#C8102E
Pistons,DET,1648.1899,2006-05-14,#C8102E
Pistons,DET,1627.7324,2006-05-28,#C8102E
Pistons,DET,1563.2063,2006-11-14,#C8102E
Pistons,DET,1600.8854,2006-11-28,#C8102E
Pistons,DET,1597.4469,2006-12-14,#C8102E
Pistons,DET,1601.8469,2006-12-28,#C8102E
Pistons,DET,1560.7183,2007-01-14,#C8102E
Pistons,DET,1575.1282,2007-01-28,#C8102E
Pistons,DET,1613.9102,2007-02-14,#C8102E
Pistons,DET,1624.7412,2007-02-28,#C8102E
Pistons,DET,1621.6581,2007-03-14,#C8102E
Pistons,DET,1650.2666,2007-03-28,#C8102E
Pistons,DET,1616.748,2007-04-14,#C8102E
Pistons,DET,1652.4336,2007-04-28,#C8102E
Pistons,DET,1650.5002,2007-05-14,#C8102E
Pistons,DET,1658.9741,2007-05-28,#C8102E
Pistons,DET,1617.3313,2007-06-14,#C8102E
Pistons,DET,1637.772,2007-11-14,#C8102E
Pistons,DET,1615.0902,2007-11-28,#C8102E
Pistons,DET,1642.4258,2007-12-14,#C8102E
Pistons,DET,1678.0934,2007-12-28,#C8102E
Pistons,DET,1663.0178,2008-01-14,#C8102E
Pistons,DET,1637.2848,2008-01-28,#C8102E
Pistons,DET,1637.7834,2008-02-14,#C8102E
Pistons,DET,1671.4246,2008-02-28,#C8102E
Pistons,DET,1664.4813,2008-03-14,#C8102E
Pistons,DET,1648.0864,2008-03-28,#C8102E
Pistons,DET,1642.8928,2008-04-14,#C8102E
Pistons,DET,1643.4896,2008-04-28,#C8102E
Pistons,DET,1659.6259,2008-05-14,#C8102E
Pistons,DET,1660.3187,2008-05-28,#C8102E
Pistons,DET,1614.9929,2008-10-28,#C8102E
Pistons,DET,1644.7262,2008-11-14,#C8102E
Pistons,DET,1585.329,2008-11-28,#C8102E
Pistons,DET,1554.8101,2008-12-14,#C8102E
Pistons,DET,1563.002,2008-12-28,#C8102E
Pistons,DET,1550.9382,2009-01-14,#C8102E
Pistons,DET,1519.8252,2009-01-28,#C8102E
Pistons,DET,1504.5835,2009-02-28,#C8102E
Pistons,DET,1498.4338,2009-03-14,#C8102E
Pistons,DET,1478.3918,2009-03-28,#C8102E
Pistons,DET,1482.2754,2009-04-14,#C8102E
Pistons,DET,1493.4908,2009-04-28,#C8102E
Pistons,DET,1493.4908,2009-05-14,#C8102E
Pistons,DET,1493.4908,2009-05-28,#C8102E
Pistons,DET,1493.4908,2009-06-14,#C8102E
Pistons,DET,1493.4908,2009-10-28,#C8102E
Pistons,DET,1491.1501,2009-11-14,#C8102E
Pistons,DET,1452.7911,2009-11-28,#C8102E
Pistons,DET,1473.2731,2009-12-14,#C8102E
Pistons,DET,1393.8026,2009-12-28,#C8102E
Pistons,DET,1376.4204,2010-01-14,#C8102E
Pistons,DET,1346.4417,2010-01-28,#C8102E
Pistons,DET,1366.344,2010-02-28,#C8102E
Pistons,DET,1355.5125,2010-03-14,#C8102E
Pistons,DET,1318.1067,2010-03-28,#C8102E
Pistons,DET,1353.3885,2010-04-14,#C8102E
Pistons,DET,1386.8892,2010-04-28,#C8102E
Pistons,DET,1386.8892,2010-05-28,#C8102E
Pistons,DET,1384.0785,2010-10-28,#C8102E
Pistons,DET,1398.6144,2010-11-14,#C8102E
Pistons,DET,1385.859,2010-11-28,#C8102E
Pistons,DET,1384.0725,2010-12-14,#C8102E
Pistons,DET,1405.3365,2010-12-28,#C8102E
Pistons,DET,1398.208,2011-01-14,#C8102E
Pistons,DET,1420.1207,2011-01-28,#C8102E
Pistons,DET,1401.5715,2011-02-14,#C8102E
Pistons,DET,1397.5154,2011-02-28,#C8102E
Pistons,DET,1381.4572,2011-03-14,#C8102E
Pistons,DET,1379.0148,2011-03-28,#C8102E
Pistons,DET,1417.2306,2011-04-28,#C8102E
Pistons,DET,1394.1276,2011-12-28,#C8102E
Pistons,DET,1377.6976,2012-01-14,#C8102E
Pistons,DET,1352.1716,2012-01-28,#C8102E
Pistons,DET,1338.8116,2012-02-14,#C8102E
Pistons,DET,1359.2134,2012-02-28,#C8102E
Pistons,DET,1397.3301,2012-03-14,#C8102E
Pistons,DET,1399.9783,2012-03-28,#C8102E
Pistons,DET,1394.6245,2012-04-14,#C8102E
Pistons,DET,1420.1541,2012-04-28,#C8102E
Pistons,DET,1420.1541,2012-05-14,#C8102E
Pistons,DET,1420.1541,2012-05-28,#C8102E
Pistons,DET,1420.1541,2012-06-14,#C8102E
Pistons,DET,1422.5892,2012-11-14,#C8102E
Pistons,DET,1453.6368,2012-11-28,#C8102E
Pistons,DET,1423.4525,2012-12-14,#C8102E
Pistons,DET,1438.504,2012-12-28,#C8102E
Pistons,DET,1454.7155,2013-01-14,#C8102E
Pistons,DET,1433.7902,2013-01-28,#C8102E
Pistons,DET,1425.2808,2013-02-14,#C8102E
Pistons,DET,1404.6765,2013-02-28,#C8102E
Pistons,DET,1370.9705,2013-03-14,#C8102E
Pistons,DET,1316.0505,2013-03-28,#C8102E
Pistons,DET,1373.9969,2013-04-14,#C8102E
Pistons,DET,1414.9327,2013-04-28,#C8102E
Pistons,DET,1414.9327,2013-05-14,#C8102E
Pistons,DET,1414.9327,2013-05-28,#C8102E
Pistons,DET,1413.6906,2013-11-14,#C8102E
Pistons,DET,1439.9808,2013-12-14,#C8102E
Pistons,DET,1427.9385,2013-12-28,#C8102E
Pistons,DET,1385.7257,2014-01-14,#C8102E
Pistons,DET,1387.2245,2014-01-28,#C8102E
Pistons,DET,1384.8574,2014-02-28,#C8102E
Pistons,DET,1376.1149,2014-03-14,#C8102E
Pistons,DET,1375.3959,2014-03-28,#C8102E
Pistons,DET,1350.7325,2014-04-14,#C8102E
Pistons,DET,1384.6356,2014-04-28,#C8102E
Pistons,DET,1384.6356,2014-05-14,#C8102E
Pistons,DET,1384.6356,2014-05-28,#C8102E
Pistons,DET,1384.6356,2014-10-28,#C8102E
Pistons,DET,1389.1327,2014-11-14,#C8102E
Pistons,DET,1332.7909,2014-11-28,#C8102E
Pistons,DET,1317.0846,2014-12-14,#C8102E
Pistons,DET,1360.4364,2014-12-28,#C8102E
Pistons,DET,1452.7832,2015-01-14,#C8102E
Pistons,DET,1422.4637,2015-01-28,#C8102E
Pistons,DET,1445.5297,2015-02-28,#C8102E
Pistons,DET,1414.6575,2015-03-14,#C8102E
Pistons,DET,1457.0986,2015-03-28,#C8102E
Pistons,DET,1461.0784,2015-04-14,#C8102E
Pelicans,CHH,1280.5314,1988-11-14,#0C2340
Pelicans,CHH,1283.9274,1988-11-28,#0C2340
Pelicans,CHH,1297.4398,1988-12-14,#0C2340
Pelicans,CHH,1287.1788,1988-12-28,#0C2340
Pelicans,CHH,1278.4352,1989-01-14,#0C2340
Pelicans,CHH,1290.0021,1989-01-28,#0C2340
Pelicans,CHH,1287.1942,1989-02-14,#0C2340
Pelicans,CHH,1274.3756,1989-02-28,#0C2340
Pelicans,CHH,1237.7257,1989-03-14,#0C2340
Pelicans,CHH,1240.6802,1989-03-28,#0C2340
Pelicans,CHH,1264.2919,1989-04-14,#0C2340
Pelicans,CHH,1320.8735,1989-04-28,#0C2340
Pelicans,CHH,1320.8735,1989-05-14,#0C2340
Pelicans,CHH,1320.8735,1989-05-28,#0C2340
Pelicans,CHH,1315.2177,1989-11-14,#0C2340
Pelicans,CHH,1293.6123,1989-11-28,#0C2340
Pelicans,CHH,1264.7721,1989-12-14,#0C2340
Pelicans,CHH,1260.6742,1989-12-28,#0C2340
Pelicans,CHH,1269.2626,1990-01-14,#0C2340
Pelicans,CHH,1251.2776,1990-01-28,#0C2340
Pelicans,CHH,1227.3763,1990-02-14,#0C2340
Pelicans,CHH,1232.3291,1990-02-28,#0C2340
Pelicans,CHH,1213.9608,1990-03-14,#0C2340
Pelicans,CHH,1272.127,1990-03-28,#0C2340
Pelicans,CHH,1308.254,1990-04-14,#0C2340
Pelicans,CHH,1349.0797,1990-04-28,#0C2340
Pelicans,CHH,1349.0797,1990-05-28,#0C2340
Pelicans,CHH,1349.0797,1990-06-14,#0C2340
Pelicans,CHH,1352.5137,1990-11-14,#0C2340
Pelicans,CHH,1397.4133,1990-11-28,#0C2340
Pelicans,CHH,1359.6488,1990-12-14,#0C2340
Pelicans,CHH,1341.0768,1990-12-28,#0C2340
Pelicans,CHH,1342.2946,1991-01-14,#0C2340
Pelicans,CHH,1336.546,1991-01-28,#0C2340
Pelicans,CHH,1327.4785,1991-02-14,#0C2340
Pelicans,CHH,1328.7678,1991-02-28,#0C2340
Pelicans,CHH,1321.3094,1991-03-14,#0C2340
Pelicans,CHH,1337.7849,1991-03-28,#0C2340
Pelicans,CHH,1349.5667,1991-04-14,#0C2340
Pelicans,CHH,1398.587,1991-04-28,#0C2340
Pelicans,CHH,1398.587,1991-05-14,#0C2340
Pelicans,CHH,1398.587,1991-05-28,#0C2340
Pelicans,CHH,1361.6575,1991-11-14,#0C2340
Pelicans,CHH,1388.0841,1991-12-14,#0C2340
Pelicans,CHH,1347.7053,1991-12-28,#0C2340
Pelicans,CHH,1365.2189,1992-01-14,#0C2340
Pelicans,CHH,1352.1915,1992-01-28,#0C2340
Pelicans,CHH,1389.377,1992-02-14,#0C2340
Pelicans,CHH,1436.9983,1992-02-28,#0C2340
Pelicans,CHH,1462.5087,1992-03-14,#0C2340
Pelicans,CHH,1458.7433,1992-03-28,#0C2340
Pelicans,CHH,1397.637,1992-04-14,#0C2340
Pelicans,CHH,1412.5538,1992-04-28,#0C2340
Pelicans,CHH,1412.5538,1992-05-14,#0C2340
Pelicans,CHH,1412.5538,1992-05-28,#0C2340
Pelicans,CHH,1412.5538,1992-06-14,#0C2340
Pelicans,CHH,1394.6202,1992-11-14,#0C2340
Pelicans,CHH,1428.5627,1992-11-28,#0C2340
Pelicans,CHH,1446.717,1992-12-14,#0C2340
Pelicans,CHH,1479.1875,1992-12-28,#0C2340
Pelicans,CHH,1476.5764,1993-01-14,#0C2340
Pelicans,CHH,1453.2916,1993-01-28,#0C2340
Pelicans,CHH,1511.0059,1993-02-14,#0C2340
Pelicans,CHH,1487.4597,1993-02-28,#0C2340
Pelicans,CHH,1510.2795,1993-03-14,#0C2340
Pelicans,CHH,1470.7693,1993-03-28,#0C2340
Pelicans,CHH,1447.6149,1993-04-14,#0C2340
Pelicans,CHH,1520.8497,1993-05-14,#0C2340
Pelicans,CHH,1509.6071,1993-05-28,#0C2340
Pelicans,CHH,1556.9268,1993-11-14,#0C2340
Pelicans,CHH,1525.993,1993-11-28,#0C2340
Pelicans,CHH,1519.0886,1993-12-14,#0C2340
Pelicans,CHH,1525.7268,1993-12-28,#0C2340
Pelicans,CHH,1534.606,1994-01-14,#0C2340
Pelicans,CHH,1483.9698,1994-01-28,#0C2340
Pelicans,CHH,1399.7917,1994-02-28,#0C2340
Pelicans,CHH,1406.1505,1994-03-14,#0C2340
Pelicans,CHH,1453.6409,1994-03-28,#0C2340
Pelicans,CHH,1517.0677,1994-04-14,#0C2340
Pelicans,CHH,1508.7297,1994-04-28,#0C2340
Pelicans,CHH,1508.7297,1994-05-14,#0C2340
Pelicans,CHH,1508.7297,1994-05-28,#0C2340
Pelicans,CHH,1500.9707,1994-11-14,#0C2340
Pelicans,CHH,1521.8228,1994-11-28,#0C2340
Pelicans,CHH,1544.2028,1994-12-14,#0C2340
Pelicans,CHH,1543.5104,1994-12-28,#0C2340
Pelicans,CHH,1585.9698,1995-01-14,#0C2340
Pelicans,CHH,1557.9127,1995-01-28,#0C2340
Pelicans,CHH,1566.6515,1995-02-14,#0C2340
Pelicans,CHH,1581.6649,1995-02-28,#0C2340
Pelicans,CHH,1566.8812,1995-03-14,#0C2340
Pelicans,CHH,1554.4265,1995-03-28,#0C2340
Pelicans,CHH,1559.1476,1995-04-14,#0C2340
Pelicans,CHH,1545.6914,1995-04-28,#0C2340
Pelicans,CHH,1531.7449,1995-05-14,#0C2340
Pelicans,CHH,1531.7449,1995-05-28,#0C2340
Pelicans,CHH,1531.7449,1995-06-14,#0C2340
Pelicans,CHH,1503.7069,1995-11-14,#0C2340
Pelicans,CHH,1494.7028,1995-11-28,#0C2340
Pelicans,CHH,1513.2249,1995-12-14,#0C2340
Pelicans,CHH,1511.8594,1995-12-28,#0C2340
Pelicans,CHH,1500.0325,1996-01-14,#0C2340
Pelicans,CHH,1497.1949,1996-01-28,#0C2340
Pelicans,CHH,1496.7417,1996-02-14,#0C2340
Pelicans,CHH,1503.9564,1996-02-28,#0C2340
Pelicans,CHH,1494.5052,1996-03-14,#0C2340
Pelicans,CHH,1478.3326,1996-03-28,#0C2340
Pelicans,CHH,1486.0129,1996-04-14,#0C2340
Pelicans,CHH,1485.588,1996-04-28,#0C2340
Pelicans,CHH,1485.588,1996-05-14,#0C2340
Pelicans,CHH,1485.588,1996-05-28,#0C2340
Pelicans,CHH,1485.588,1996-06-14,#0C2340
Pelicans,CHH,1490.8901,1996-11-14,#0C2340
Pelicans,CHH,1520.4464,1996-11-28,#0C2340
Pelicans,CHH,1525.9222,1996-12-14,#0C2340
Pelicans,CHH,1512.6282,1996-12-28,#0C2340
Pelicans,CHH,1522.8815,1997-01-14,#0C2340
Pelicans,CHH,1530.657,1997-01-28,#0C2340
Pelicans,CHH,1537.9963,1997-02-14,#0C2340
Pelicans,CHH,1587.829,1997-02-28,#0C2340
Pelicans,CHH,1591.1536,1997-03-14,#0C2340
Pelicans,CHH,1581.9916,1997-03-28,#0C2340
Pelicans,CHH,1625.1945,1997-04-14,#0C2340
Pelicans,CHH,1556.9216,1997-04-28,#0C2340
Pelicans,CHH,1529.7708,1997-05-14,#0C2340
Pelicans,CHH,1529.7708,1997-05-28,#0C2340
Pelicans,CHH,1560.8551,1997-11-14,#0C2340
Pelicans,CHH,1583.9835,1997-11-28,#0C2340
Pelicans,CHH,1587.8506,1997-12-14,#0C2340
Pelicans,CHH,1574.7311,1997-12-28,#0C2340
Pelicans,CHH,1557.5741,1998-01-14,#0C2340
Pelicans,CHH,1560.6079,1998-01-28,#0C2340
Pelicans,CHH,1531.6569,1998-02-14,#0C2340
Pelicans,CHH,1539.7363,1998-02-28,#0C2340
Pelicans,CHH,1579.7858,1998-03-14,#0C2340
Pelicans,CHH,1599.6154,1998-03-28,#0C2340
Pelicans,CHH,1581.9081,1998-04-14,#0C2340
Pelicans,CHH,1580.1366,1998-04-28,#0C2340
Pelicans,CHH,1537.337,1998-06-14,#0C2340
Pelicans,CHH,1500.4496,1999-02-14,#0C2340
Pelicans,CHH,1469.8278,1999-02-28,#0C2340
Pelicans,CHH,1487.9377,1999-03-14,#0C2340
Pelicans,CHH,1532.9509,1999-03-28,#0C2340
Pelicans,CHH,1527.3757,1999-04-14,#0C2340
Pelicans,CHH,1552.0332,1999-04-28,#0C2340
Pelicans,CHH,1555.4423,1999-05-14,#0C2340
Pelicans,CHH,1545.7062,1999-11-14,#0C2340
Pelicans,CHH,1547.9332,1999-11-28,#0C2340
Pelicans,CHH,1603.2145,1999-12-14,#0C2340
Pelicans,CHH,1604.9059,1999-12-28,#0C2340
Pelicans,CHH,1541.4475,2000-01-14,#0C2340
Pelicans,CHH,1569.5925,2000-01-28,#0C2340
Pelicans,CHH,1531.0782,2000-02-28,#0C2340
Pelicans,CHH,1532.728,2000-03-14,#0C2340
Pelicans,CHH,1554.2766,2000-03-28,#0C2340
Pelicans,CHH,1569.95,2000-04-14,#0C2340
Pelicans,CHH,1580.4058,2000-04-28,#0C2340
Pelicans,CHH,1570.7832,2000-05-14,#0C2340
Pelicans,CHH,1570.7832,2000-05-28,#0C2340
Pelicans,CHH,1570.7832,2000-06-14,#0C2340
Pelicans,CHH,1539.0864,2000-11-14,#0C2340
Pelicans,CHH,1606.9484,2000-11-28,#0C2340
Pelicans,CHH,1607.0951,2000-12-14,#0C2340
Pelicans,CHH,1626.3873,2000-12-28,#0C2340
Pelicans,CHH,1574.3395,2001-01-14,#0C2340
Pelicans,CHH,1544.564,2001-01-28,#0C2340
Pelicans,CHH,1513.6039,2001-02-14,#0C2340
Pelicans,CHH,1544.1903,2001-02-28,#0C2340
Pelicans,CHH,1574.9999,2001-03-14,#0C2340
Pelicans,CHH,1539.611,2001-03-28,#0C2340
Pelicans,CHH,1529.3928,2001-04-14,#0C2340
Pelicans,CHH,1596.0511,2001-04-28,#0C2340
Pelicans,CHH,1622.3832,2001-05-14,#0C2340
Pelicans,CHH,1581.6095,2001-05-28,#0C2340
Pelicans,CHH,1544.1881,2001-11-14,#0C2340
Pelicans,CHH,1536.3014,2001-11-28,#0C2340
Pelicans,CHH,1522.6556,2001-12-14,#0C2340
Pelicans,CHH,1495.7545,2001-12-28,#0C2340
Pelicans,CHH,1482.2126,2002-01-14,#0C2340
Pelicans,CHH,1504.2234,2002-01-28,#0C2340
Pelicans,CHH,1513.2339,2002-02-14,#0C2340
Pelicans,CHH,1525.4023,2002-02-28,#0C2340
Pelicans,CHH,1525.6519,2002-03-14,#0C2340
Pelicans,CHH,1570.9595,2002-03-28,#0C2340
Pelicans,CHH,1553.8158,2002-04-14,#0C2340
Pelicans,CHH,1578.1396,2002-04-28,#0C2340
Pelicans,CHH,1553.0612,2002-05-14,#0C2340
Pelicans,NOH,1553.6106,2002-05-28,#0C2340
Pelicans,NOH,1561.1426,2002-11-14,#0C2340
Pelicans,NOH,1551.0145,2002-11-28,#0C2340
Pelicans,NOH,1584.5392,2002-12-14,#0C2340
Pelicans,NOH,1560.1306,2002-12-28,#0C2340
Pelicans,NOH,1506.3083,2003-01-14,#0C2340
Pelicans,NOH,1506.6418,2003-01-28,#0C2340
Pelicans,NOH,1510.7756,2003-02-14,#0C2340
Pelicans,NOH,1533.3408,2003-02-28,#0C2340
Pelicans,NOH,1538.1185,2003-03-14,#0C2340
Pelicans,NOH,1533.9774,2003-03-28,#0C2340
Pelicans,NOH,1563.9999,2003-04-14,#0C2340
Pelicans,NOH,1555.2668,2003-04-28,#0C2340
Pelicans,NOH,1545.1353,2003-05-14,#0C2340
Pelicans,NOH,1545.1353,2003-10-28,#0C2340
Pelicans,NOH,1565.7251,2003-11-14,#0C2340
Pelicans,NOH,1568.4253,2003-11-28,#0C2340
Pelicans,NOH,1566.3765,2003-12-14,#0C2340
Pelicans,NOH,1528.6926,2003-12-28,#0C2340
Pelicans,NOH,1509.28,2004-01-14,#0C2340
Pelicans,NOH,1515.182,2004-01-28,#0C2340
Pelicans,NOH,1505.131,2004-02-28,#0C2340
Pelicans,NOH,1482.3617,2004-03-14,#0C2340
Pelicans,NOH,1449.4016,2004-03-28,#0C2340
Pelicans,NOH,1477.701,2004-04-14,#0C2340
Pelicans,NOH,1480.4407,2004-04-28,#0C2340
Pelicans,NOH,1475.4724,2004-05-14,#0C2340
Pelicans,NOH,1475.4724,2004-05-28,#0C2340
Pelicans,NOH,1435.5984,2004-11-14,#0C2340
Pelicans,NOH,1425.8905,2004-11-28,#0C2340
Pelicans,NOH,1370.5559,2004-12-14,#0C2340
Pelicans,NOH,1348.3442,2004-12-28,#0C2340
Pelicans,NOH,1363.5886,2005-01-14,#0C2340
Pelicans,NOH,1368.156,2005-01-28,#0C2340
Pelicans,NOH,1368.9696,2005-02-14,#0C2340
Pelicans,NOH,1350.6196,2005-02-28,#0C2340
Pelicans,NOH,1350.8639,2005-03-14,#0C2340
Pelicans,NOH,1363.7944,2005-03-28,#0C2340
Pelicans,NOH,1336.325,2005-04-14,#0C2340
Pelicans,NOK,1391.3676,2005-04-28,#0C2340
Pelicans,NOK,1391.3676,2005-05-14,#0C2340
Pelicans,NOK,1391.3676,2005-05-28,#0C2340
Pelicans,NOK,1391.3676,2005-06-14,#0C2340
Pelicans,NOK,1387.1481,2005-11-14,#0C2340
Pelicans,NOK,1400.46,2005-11-28,#0C2340
Pelicans,NOK,1420.9789,2005-12-14,#0C2340
Pelicans,NOK,1427.3046,2005-12-28,#0C2340
Pelicans,NOK,1456.2186,2006-01-14,#0C2340
Pelicans,NOK,1482.9923,2006-01-28,#0C2340
Pelicans,NOK,1520.0311,2006-02-14,#0C2340
Pelicans,NOK,1502.8776,2006-02-28,#0C2340
Pelicans,NOK,1452.2723,2006-03-14,#0C2340
Pelicans,NOK,1426.09,2006-03-28,#0C2340
Pelicans,NOK,1444.6183,2006-04-14,#0C2340
Pelicans,NOK,1455.558,2006-04-28,#0C2340
Pelicans,NOK,1455.558,2006-05-14,#0C2340
Pelicans,NOK,1455.558,2006-05-28,#0C2340
Pelicans,NOK,1469.5968,2006-11-14,#0C2340
Pelicans,NOK,1446.8037,2006-11-28,#0C2340
Pelicans,NOK,1433.3959,2006-12-14,#0C2340
Pelicans,NOK,1417.1699,2006-12-28,#0C2340
Pelicans,NOK,1413.6669,2007-01-14,#0C2340
Pelicans,NOK,1440.451,2007-01-28,#0C2340
Pelicans,NOK,1475.2659,2007-02-14,#0C2340
Pelicans,NOK,1480.8292,2007-02-28,#0C2340
Pelicans,NOK,1450.3068,2007-03-14,#0C2340
Pelicans,NOK,1458.6083,2007-03-28,#0C2340
Pelicans,NOK,1479.744,2007-04-14,#0C2340
Pelicans,NOH,1507.177,2007-04-28,#0C2340
Pelicans,NOH,1507.177,2007-05-14,#0C2340
Pelicans,NOH,1507.177,2007-05-28,#0C2340
Pelicans,NOH,1507.177,2007-06-14,#0C2340
Pelicans,NOH,1560.3695,2007-11-14,#0C2340
Pelicans,NOH,1524.7798,2007-11-28,#0C2340
Pelicans,NOH,1513.1512,2007-12-14,#0C2340
Pelicans,NOH,1552.5653,2007-12-28,#0C2340
Pelicans,NOH,1582.0741,2008-01-14,#0C2340
Pelicans,NOH,1640.6898,2008-01-28,#0C2340
Pelicans,NOH,1629.6709,2008-02-14,#0C2340
Pelicans,NOH,1608.8762,2008-02-28,#0C2340
Pelicans,NOH,1626.0596,2008-03-14,#0C2340
Pelicans,NOH,1643.4099,2008-03-28,#0C2340
Pelicans,NOH,1651.2369,2008-04-14,#0C2340
Pelicans,NOH,1666.5958,2008-04-28,#0C2340
Pelicans,NOH,1668.5616,2008-05-14,#0C2340
Pelicans,NOH,1625.5883,2008-05-28,#0C2340
Pelicans,NOH,1625.5883,2008-10-28,#0C2340
Pelicans,NOH,1617.4642,2008-11-14,#0C2340
Pelicans,NOH,1601.4255,2008-11-28,#0C2340
Pelicans,NOH,1618.2926,2008-12-14,#0C2340
Pelicans,NOH,1617.4921,2008-12-28,#0C2340
Pelicans,NOH,1625.2682,2009-01-14,#0C2340
Pelicans,NOH,1631.1937,2009-01-28,#0C2340
Pelicans,NOH,1582.7555,2009-02-28,#0C2340
Pelicans,NOH,1589.3212,2009-03-14,#0C2340
Pelicans,NOH,1555.3018,2009-03-28,#0C2340
Pelicans,NOH,1528.6553,2009-04-14,#0C2340
Pelicans,NOH,1477.5059,2009-04-28,#0C2340
Pelicans,NOH,1477.9423,2009-05-14,#0C2340
Pelicans,NOH,1477.9423,2009-05-28,#0C2340
Pelicans,NOH,1477.9423,2009-06-14,#0C2340
Pelicans,NOH,1477.9423,2009-10-28,#0C2340
Pelicans,NOH,1454.7036,2009-11-14,#0C2340
Pelicans,NOH,1464.9965,2009-11-28,#0C2340
Pelicans,NOH,1446.4366,2009-12-14,#0C2340
Pelicans,NOH,1450.394,2009-12-28,#0C2340
Pelicans,NOH,1487.0667,2010-01-14,#0C2340
Pelicans,NOH,1503.1729,2010-01-28,#0C2340
Pelicans,NOH,1494.7856,2010-02-28,#0C2340
Pelicans,NOH,1454.3098,2010-03-14,#0C2340
Pelicans,NOH,1459.946,2010-03-28,#0C2340
Pelicans,NOH,1427.8156,2010-04-14,#0C2340
Pelicans,NOH,1453.2205,2010-04-28,#0C2340
Pelicans,NOH,1453.2205,2010-05-28,#0C2340
Pelicans,NOH,1461.8961,2010-10-28,#0C2340
Pelicans,NOH,1526.5145,2010-11-14,#0C2340
Pelicans,NOH,1534.3032,2010-11-28,#0C2340
Pelicans,NOH,1495.234,2010-12-14,#0C2340
Pelicans,NOH,1487.6022,2010-12-28,#0C2340
Pelicans,NOH,1526.9121,2011-01-14,#0C2340
Pelicans,NOH,1603.4215,2011-01-28,#0C2340
Pelicans,NOH,1534.6478,2011-02-14,#0C2340
Pelicans,NOH,1522.6605,2011-02-28,#0C2340
Pelicans,NOH,1524.8018,2011-03-14,#0C2340
Pelicans,NOH,1540.7103,2011-03-28,#0C2340
Pelicans,NOH,1499.9277,2011-04-28,#0C2340
Pelicans,NOH,1521.4115,2011-12-28,#0C2340
Pelicans,NOH,1456.8494,2012-01-14,#0C2340
Pelicans,NOH,1436.7653,2012-01-28,#0C2340
Pelicans,NOH,1397.7576,2012-02-14,#0C2340
Pelicans,NOH,1412.8845,2012-02-28,#0C2340
Pelicans,NOH,1382.4285,2012-03-14,#0C2340
Pelicans,NOH,1394.3927,2012-03-28,#0C2340
Pelicans,NOH,1428.246,2012-04-14,#0C2340
Pelicans,NOH,1449.2499,2012-04-28,#0C2340
Pelicans,NOH,1449.2499,2012-05-14,#0C2340
Pelicans,NOH,1449.2499,2012-05-28,#0C2340
Pelicans,NOH,1449.2499,2012-06-14,#0C2340
Pelicans,NOH,1453.2588,2012-11-14,#0C2340
Pelicans,NOH,1423.1775,2012-11-28,#0C2340
Pelicans,NOH,1381.9769,2012-12-14,#0C2340
Pelicans,NOH,1367.994,2012-12-28,#0C2340
Pelicans,NOH,1427.795,2013-01-14,#0C2340
Pelicans,NOH,1446.5955,2013-01-28,#0C2340
Pelicans,NOH,1468.5134,2013-02-14,#0C2340
Pelicans,NOH,1449.9319,2013-02-28,#0C2340
Pelicans,NOH,1420.6541,2013-03-14,#0C2340
Pelicans,NOH,1434.3838,2013-03-28,#0C2340
Pelicans,NOH,1406.2582,2013-04-14,#0C2340
Pelicans,NOP,1422.0046,2013-04-28,#0C2340
Pelicans,NOP,1422.0046,2013-05-14,#0C2340
Pelicans,NOP,1422.0046,2013-05-28,#0C2340
Pelicans,NOP,1440.9784,2013-11-14,#0C2340
Pelicans,NOP,1469.6235,2013-12-14,#0C2340
Pelicans,NOP,1483.0981,2013-12-28,#0C2340
Pelicans,NOP,1442.7456,2014-01-14,#0C2340
Pelicans,NOP,1445.9525,2014-01-28,#0C2340
Pelicans,NOP,1420.2365,2014-02-28,#0C2340
Pelicans,NOP,1417.3826,2014-03-14,#0C2340
Pelicans,NOP,1460.4996,2014-03-28,#0C2340
Pelicans,NOP,1431.0282,2014-04-14,#0C2340
Pelicans,NOP,1463.354,2014-04-28,#0C2340
Pelicans,NOP,1463.354,2014-05-14,#0C2340
Pelicans,NOP,1463.354,2014-05-28,#0C2340
Pelicans,NOP,1463.354,2014-10-28,#0C2340
Pelicans,NOP,1492.422,2014-11-14,#0C2340
Pelicans,NOP,1477.8363,2014-11-28,#0C2340
Pelicans,NOP,1492.571,2014-12-14,#0C2340
Pelicans,NOP,1509.03,2014-12-28,#0C2340
Pelicans,NOP,1525.993,2015-01-14,#0C2340
Pelicans,NOP,1505.9926,2015-01-28,#0C2340
Pelicans,NOP,1493.0219,2015-02-28,#0C2340
Pelicans,NOP,1507.8823,2015-03-14,#0C2340
Pelicans,NOP,1507.8358,2015-03-28,#0C2340
Pelicans,NOP,1539.7662,2015-04-14,#0C2340
Packers,AND,1560.1324,1949-11-28,#b3002a
Packers,AND,1569.1229,1949-12-14,#b3002a
Packers,AND,1534.3297,1949-12-28,#b3002a
Packers,AND,1495.0588,1950-01-14,#b3002a
Packers,AND,1476.8843,1950-01-28,#b3002a
Packers,AND,1488.4265,1950-02-14,#b3002a
Packers,AND,1515.0066,1950-02-28,#b3002a
Packers,AND,1527.7382,1950-03-14,#b3002a
Packers,AND,1528.1953,1950-03-28,#b3002a
Pacers,INA,1311.6714,1967-10-14,#002D62
Pacers,INA,1368.7815,1967-10-28,#002D62
Pacers,INA,1392.8058,1967-11-14,#002D62
Pacers,INA,1356.8219,1967-11-28,#002D62
Pacers,INA,1306.4742,1967-12-14,#002D62
Pacers,INA,1290.1168,1967-12-28,#002D62
Pacers,INA,1300.3877,1968-01-14,#002D62
Pacers,INA,1265.6625,1968-01-28,#002D62
Pacers,INA,1283.3308,1968-02-14,#002D62
Pacers,INA,1286.1082,1968-02-28,#002D62
Pacers,INA,1286.1953,1968-03-14,#002D62
Pacers,INA,1298.0969,1968-03-28,#002D62
Pacers,INA,1298.0969,1968-04-14,#002D62
Pacers,INA,1298.0969,1968-04-28,#002D62
Pacers,INA,1305.2108,1968-10-28,#002D62
Pacers,INA,1286.067,1968-11-14,#002D62
Pacers,INA,1304.5215,1968-11-28,#002D62
Pacers,INA,1323.7592,1968-12-14,#002D62
Pacers,INA,1343.1295,1968-12-28,#002D62
Pacers,INA,1391.6931,1969-01-14,#002D62
Pacers,INA,1397.1478,1969-01-28,#002D62
Pacers,INA,1418.4788,1969-02-14,#002D62
Pacers,INA,1385.2042,1969-02-28,#002D62
Pacers,INA,1428.8529,1969-03-14,#002D62
Pacers,INA,1443.1942,1969-03-28,#002D62
Pacers,INA,1423.9574,1969-04-14,#002D62
Pacers,INA,1477.7307,1969-10-14,#002D62
Pacers,INA,1482.4147,1969-10-28,#002D62
Pacers,INA,1508.6565,1969-11-14,#002D62
Pacers,INA,1513.2667,1969-11-28,#002D62
Pacers,INA,1530.5184,1969-12-14,#002D62
Pacers,INA,1547.2129,1969-12-28,#002D62
Pacers,INA,1529.6281,1970-01-14,#002D62
Pacers,INA,1529.8478,1970-01-28,#002D62
Pacers,INA,1522.552,1970-02-14,#002D62
Pacers,INA,1475.3732,1970-02-28,#002D62
Pacers,INA,1513.626,1970-03-14,#002D62
Pacers,INA,1465.7358,1970-03-28,#002D62
Pacers,INA,1437.421,1970-04-14,#002D62
Pacers,INA,1456.0364,1970-04-28,#002D62
Pacers,INA,1519.2418,1970-10-14,#002D62
Pacers,INA,1549.8417,1970-10-28,#002D62
Pacers,INA,1518.1107,1970-11-14,#002D62
Pacers,INA,1517.109,1970-11-28,#002D62
Pacers,INA,1493.1815,1970-12-28,#002D62
Pacers,INA,1534.5028,1971-01-14,#002D62
Pacers,INA,1539.8535,1971-01-28,#002D62
Pacers,INA,1543.6608,1971-02-14,#002D62
Pacers,INA,1548.4327,1971-02-28,#002D62
Pacers,INA,1571.4329,1971-03-14,#002D62
Pacers,INA,1597.3611,1971-03-28,#002D62
Pacers,INA,1581.9906,1971-04-14,#002D62
Pacers,INA,1569.5817,1971-04-28,#002D62
Pacers,INA,1556.5005,1971-10-14,#002D62
Pacers,INA,1566.3641,1971-10-28,#002D62
Pacers,INA,1525.9144,1971-11-14,#002D62
Pacers,INA,1549.8701,1971-11-28,#002D62
Pacers,INA,1544.0009,1971-12-14,#002D62
Pacers,INA,1535.9474,1971-12-28,#002D62
Pacers,INA,1532.9259,1972-01-14,#002D62
Pacers,INA,1537.7058,1972-01-28,#002D62
Pacers,INA,1521.679,1972-02-14,#002D62
Pacers,INA,1494.7186,1972-03-14,#002D62
Pacers,INA,1487.3871,1972-03-28,#002D62
Pacers,INA,1475.213,1972-04-14,#002D62
Pacers,INA,1488.627,1972-10-14,#002D62
Pacers,INA,1490.9021,1972-10-28,#002D62
Pacers,INA,1542.6748,1972-11-14,#002D62
Pacers,INA,1559.3549,1972-11-28,#002D62
Pacers,INA,1534.5811,1972-12-14,#002D62
Pacers,INA,1495.1582,1972-12-28,#002D62
Pacers,INA,1490.5066,1973-01-14,#002D62
Pacers,INA,1507.0016,1973-01-28,#002D62
Pacers,INA,1544.6139,1973-02-14,#002D62
Pacers,INA,1506.0492,1973-02-28,#002D62
Pacers,INA,1548.1255,1973-03-14,#002D62
Pacers,INA,1554.1034,1973-03-28,#002D62
Pacers,INA,1576.9225,1973-04-14,#002D62
Pacers,INA,1600.9557,1973-04-28,#002D62
Pacers,INA,1567.3881,1973-10-14,#002D62
Pacers,INA,1544.759,1973-10-28,#002D62
Pacers,INA,1516.054,1973-11-14,#002D62
Pacers,INA,1493.5132,1973-11-28,#002D62
Pacers,INA,1487.2545,1973-12-14,#002D62
Pacers,INA,1482.4204,1973-12-28,#002D62
Pacers,INA,1490.3196,1974-01-14,#002D62
Pacers,INA,1482.3036,1974-01-28,#002D62
Pacers,INA,1454.7649,1974-02-14,#002D62
Pacers,INA,1496.392,1974-02-28,#002D62
Pacers,INA,1545.7168,1974-03-14,#002D62
Pacers,INA,1557.172,1974-03-28,#002D62
Pacers,INA,1541.381,1974-04-14,#002D62
Pacers,INA,1517.7078,1974-04-28,#002D62
Pacers,INA,1502.329,1974-11-14,#002D62
Pacers,INA,1516.5278,1974-11-28,#002D62
Pacers,INA,1533.6287,1974-12-14,#002D62
Pacers,INA,1501.1348,1974-12-28,#002D62
Pacers,INA,1518.3,1975-01-14,#002D62
Pacers,INA,1543.2827,1975-01-28,#002D62
Pacers,INA,1505.9423,1975-02-14,#002D62
Pacers,INA,1505.462,1975-02-28,#002D62
Pacers,INA,1575.0145,1975-03-14,#002D62
Pacers,INA,1528.7925,1975-03-28,#002D62
Pacers,INA,1531.8329,1975-04-14,#002D62
Pacers,INA,1561.802,1975-04-28,#002D62
Pacers,INA,1564.6346,1975-05-14,#002D62
Pacers,INA,1554.4113,1975-10-28,#002D62
Pacers,INA,1550.8918,1975-11-14,#002D62
Pacers,INA,1575.9818,1975-11-28,#002D62
Pacers,INA,1591.801,1975-12-14,#002D62
Pacers,INA,1586.5822,1975-12-28,#002D62
Pacers,INA,1533.9824,1976-01-14,#002D62
Pacers,INA,1528.9728,1976-01-28,#002D62
Pacers,INA,1523.8042,1976-02-14,#002D62
Pacers,INA,1510.1431,1976-02-28,#002D62
Pacers,INA,1505.5927,1976-03-14,#002D62
Pacers,INA,1526.1155,1976-03-28,#002D62
Pacers,IND,1495.7582,1976-04-14,#002D62
Pacers,IND,1495.7582,1976-04-28,#002D62
Pacers,IND,1495.7582,1976-05-14,#002D62
Pacers,IND,1500.9117,1976-10-28,#002D62
Pacers,IND,1476.9786,1976-11-14,#002D62
Pacers,IND,1489.0173,1976-11-28,#002D62
Pacers,IND,1514.4232,1976-12-14,#002D62
Pacers,IND,1464.5652,1976-12-28,#002D62
Pacers,IND,1506.3369,1977-01-14,#002D62
Pacers,IND,1483.3323,1977-01-28,#002D62
Pacers,IND,1472.6759,1977-03-14,#002D62
Pacers,IND,1458.4744,1977-04-14,#002D62
Pacers,IND,1488.5715,1977-10-28,#002D62
Pacers,IND,1455.8253,1977-11-28,#002D62
Pacers,IND,1477.8143,1977-12-14,#002D62
Pacers,IND,1492.8187,1977-12-28,#002D62
Pacers,IND,1464.8011,1978-01-14,#002D62
Pacers,IND,1414.1365,1978-01-28,#002D62
Pacers,IND,1394.0276,1978-02-14,#002D62
Pacers,IND,1397.7365,1978-02-28,#002D62
Pacers,IND,1408.7656,1978-03-14,#002D62
Pacers,IND,1430.1627,1978-03-28,#002D62
Pacers,IND,1459.9094,1978-04-14,#002D62
Pacers,IND,1459.9094,1978-04-28,#002D62
Pacers,IND,1459.9094,1978-05-14,#002D62
Pacers,IND,1459.9094,1978-05-28,#002D62
Pacers,IND,1452.2012,1978-10-14,#002D62
Pacers,IND,1456.3606,1978-10-28,#002D62
Pacers,IND,1434.064,1978-11-14,#002D62
Pacers,IND,1431.1896,1978-11-28,#002D62
Pacers,IND,1407.993,1978-12-14,#002D62
Pacers,IND,1386.184,1978-12-28,#002D62
Pacers,IND,1454.2262,1979-01-14,#002D62
Pacers,IND,1468.567,1979-01-28,#002D62
Pacers,IND,1471.0853,1979-02-14,#002D62
Pacers,IND,1458.0854,1979-02-28,#002D62
Pacers,IND,1466.069,1979-03-14,#002D62
Pacers,IND,1505.9375,1979-03-28,#002D62
Pacers,IND,1507.7461,1979-10-14,#002D62
Pacers,IND,1479.6318,1979-10-28,#002D62
Pacers,IND,1468.7737,1979-11-14,#002D62
Pacers,IND,1454.3818,1979-11-28,#002D62
Pacers,IND,1477.3297,1979-12-14,#002D62
Pacers,IND,1484.213,1979-12-28,#002D62
Pacers,IND,1507.9602,1980-01-28,#002D62
Pacers,IND,1496.9005,1980-02-14,#002D62
Pacers,IND,1473.0833,1980-02-28,#002D62
Pacers,IND,1485.6686,1980-03-14,#002D62
Pacers,IND,1484.895,1980-03-28,#002D62
Pacers,IND,1497.897,1980-04-14,#002D62
Pacers,IND,1497.897,1980-05-14,#002D62
Pacers,IND,1483.0482,1980-10-14,#002D62
Pacers,IND,1492.2703,1980-10-28,#002D62
Pacers,IND,1495.6538,1980-11-14,#002D62
Pacers,IND,1502.4774,1980-11-28,#002D62
Pacers,IND,1544.1858,1980-12-14,#002D62
Pacers,IND,1517.0491,1980-12-28,#002D62
Pacers,IND,1556.2742,1981-01-14,#002D62
Pacers,IND,1536.1132,1981-01-28,#002D62
Pacers,IND,1542.0764,1981-02-14,#002D62
Pacers,IND,1521.8724,1981-02-28,#002D62
Pacers,IND,1533.9563,1981-03-14,#002D62
Pacers,IND,1526.1918,1981-03-28,#002D62
Pacers,IND,1514.923,1981-04-14,#002D62
Pacers,IND,1514.923,1981-05-14,#002D62
Pacers,IND,1524.5598,1981-11-14,#002D62
Pacers,IND,1508.9236,1981-11-28,#002D62
Pacers,IND,1522.0791,1981-12-28,#002D62
Pacers,IND,1473.2982,1982-01-14,#002D62
Pacers,IND,1470.9088,1982-01-28,#002D62
Pacers,IND,1468.1996,1982-02-14,#002D62
Pacers,IND,1499.4916,1982-02-28,#002D62
Pacers,IND,1471.2869,1982-03-14,#002D62
Pacers,IND,1449.0372,1982-03-28,#002D62
Pacers,IND,1427.6776,1982-04-14,#002D62
Pacers,IND,1445.0157,1982-04-28,#002D62
Pacers,IND,1445.0157,1982-05-14,#002D62
Pacers,IND,1451.4271,1982-11-14,#002D62
Pacers,IND,1407.3093,1982-11-28,#002D62
Pacers,IND,1394.2583,1982-12-14,#002D62
Pacers,IND,1382.9501,1982-12-28,#002D62
Pacers,IND,1378.5105,1983-01-14,#002D62
Pacers,IND,1375.1373,1983-01-28,#002D62
Pacers,IND,1328.223,1983-04-14,#002D62
Pacers,IND,1363.4213,1983-05-14,#002D62
Pacers,IND,1363.4213,1983-10-28,#002D62
Pacers,IND,1363.231,1983-11-28,#002D62
Pacers,IND,1349.4832,1983-12-14,#002D62
Pacers,IND,1351.7084,1983-12-28,#002D62
Pacers,IND,1362.9188,1984-01-14,#002D62
Pacers,IND,1347.017,1984-02-14,#002D62
Pacers,IND,1380.2091,1984-02-28,#002D62
Pacers,IND,1373.0669,1984-03-14,#002D62
Pacers,IND,1401.525,1984-03-28,#002D62
Pacers,IND,1389.9349,1984-04-14,#002D62
Pacers,IND,1412.4374,1984-04-28,#002D62
Pacers,IND,1407.8553,1984-10-28,#002D62
Pacers,IND,1403.5322,1984-11-14,#002D62
Pacers,IND,1417.4359,1984-11-28,#002D62
Pacers,IND,1377.7795,1984-12-14,#002D62
Pacers,IND,1376.0802,1984-12-28,#002D62
Pacers,IND,1397.9745,1985-01-14,#002D62
Pacers,IND,1385.1893,1985-01-28,#002D62
Pacers,IND,1371.8647,1985-02-14,#002D62
Pacers,IND,1371.1757,1985-02-28,#002D62
Pacers,IND,1354.3054,1985-03-14,#002D62
Pacers,IND,1304.9614,1985-03-28,#002D62
Pacers,IND,1384.6216,1985-04-14,#002D62
Pacers,IND,1384.6216,1985-04-28,#002D62
Pacers,IND,1384.6216,1985-05-14,#002D62
Pacers,IND,1372.993,1985-11-14,#002D62
Pacers,IND,1390.3914,1985-12-14,#002D62
Pacers,IND,1391.5334,1985-12-28,#002D62
Pacers,IND,1380.8523,1986-01-14,#002D62
Pacers,IND,1372.9534,1986-01-28,#002D62
Pacers,IND,1409.3073,1986-02-14,#002D62
Pacers,IND,1407.2225,1986-02-28,#002D62
Pacers,IND,1441.2745,1986-03-14,#002D62
Pacers,IND,1424.8834,1986-03-28,#002D62
Pacers,IND,1465.2754,1986-11-14,#002D62
Pacers,IND,1454.9159,1986-11-28,#002D62
Pacers,IND,1463.1931,1986-12-14,#002D62
Pacers,IND,1472.1125,1986-12-28,#002D62
Pacers,IND,1481.0244,1987-01-14,#002D62
Pacers,IND,1468.402,1987-01-28,#002D62
Pacers,IND,1480.0913,1987-02-14,#002D62
Pacers,IND,1493.0123,1987-02-28,#002D62
Pacers,IND,1502.5714,1987-03-14,#002D62
Pacers,IND,1528.986,1987-03-28,#002D62
Pacers,IND,1492.2141,1987-04-14,#002D62
Pacers,IND,1518.8998,1987-04-28,#002D62
Pacers,IND,1503.8737,1987-05-14,#002D62
Pacers,IND,1503.8737,1987-05-28,#002D62
Pacers,IND,1503.8737,1987-06-14,#002D62
Pacers,IND,1515.4377,1987-11-14,#002D62
Pacers,IND,1538.1862,1987-11-28,#002D62
Pacers,IND,1513.4475,1987-12-14,#002D62
Pacers,IND,1508.3317,1987-12-28,#002D62
Pacers,IND,1518.6128,1988-01-14,#002D62
Pacers,IND,1493.0464,1988-01-28,#002D62
Pacers,IND,1525.5758,1988-02-14,#002D62
Pacers,IND,1508.4764,1988-02-28,#002D62
Pacers,IND,1473.974,1988-03-14,#002D62
Pacers,IND,1463.1281,1988-03-28,#002D62
Pacers,IND,1436.3986,1988-04-14,#002D62
Pacers,IND,1476.4215,1988-04-28,#002D62
Pacers,IND,1476.4215,1988-05-14,#002D62
Pacers,IND,1476.4215,1988-05-28,#002D62
Pacers,IND,1476.4215,1988-06-14,#002D62
Pacers,IND,1449.4672,1988-11-14,#002D62
Pacers,IND,1434.7374,1988-11-28,#002D62
Pacers,IND,1425.8051,1988-12-14,#002D62
Pacers,IND,1383.9691,1988-12-28,#002D62
Pacers,IND,1426.5652,1989-01-14,#002D62
Pacers,IND,1414.2697,1989-01-28,#002D62
Pacers,IND,1383.9651,1989-02-14,#002D62
Pacers,IND,1422.7887,1989-02-28,#002D62
Pacers,IND,1415.6976,1989-03-14,#002D62
Pacers,IND,1439.6302,1989-03-28,#002D62
Pacers,IND,1427.9818,1989-04-14,#002D62
Pacers,IND,1496.832,1989-04-28,#002D62
Pacers,IND,1496.832,1989-05-14,#002D62
Pacers,IND,1496.832,1989-05-28,#002D62
Pacers,IND,1523.8827,1989-11-14,#002D62
Pacers,IND,1530.6184,1989-11-28,#002D62
Pacers,IND,1553.6676,1989-12-14,#002D62
Pacers,IND,1522.3802,1989-12-28,#002D62
Pacers,IND,1511.8898,1990-01-14,#002D62
Pacers,IND,1454.3787,1990-01-28,#002D62
Pacers,IND,1475.5516,1990-02-14,#002D62
Pacers,IND,1457.5471,1990-02-28,#002D62
Pacers,IND,1436.1969,1990-03-14,#002D62
Pacers,IND,1466.0387,1990-03-28,#002D62
Pacers,IND,1459.2589,1990-04-14,#002D62
Pacers,IND,1467.9714,1990-04-28,#002D62
Pacers,IND,1475.6221,1990-05-28,#002D62
Pacers,IND,1475.6221,1990-06-14,#002D62
Pacers,IND,1452.4603,1990-11-14,#002D62
Pacers,IND,1433.2855,1990-11-28,#002D62
Pacers,IND,1450.2601,1990-12-14,#002D62
Pacers,IND,1445.6072,1990-12-28,#002D62
Pacers,IND,1437.6058,1991-01-14,#002D62
Pacers,IND,1467.7909,1991-01-28,#002D62
Pacers,IND,1463.4818,1991-02-14,#002D62
Pacers,IND,1465.7729,1991-02-28,#002D62
Pacers,IND,1483.7603,1991-03-14,#002D62
Pacers,IND,1527.9348,1991-03-28,#002D62
Pacers,IND,1514.615,1991-04-14,#002D62
Pacers,IND,1524.4635,1991-04-28,#002D62
Pacers,IND,1497.0933,1991-05-14,#002D62
Pacers,IND,1497.0933,1991-05-28,#002D62
Pacers,IND,1476.2019,1991-11-14,#002D62
Pacers,IND,1511.5398,1991-12-14,#002D62
Pacers,IND,1488.3104,1991-12-28,#002D62
Pacers,IND,1499.1553,1992-01-14,#002D62
Pacers,IND,1490.9858,1992-01-28,#002D62
Pacers,IND,1516.1249,1992-02-14,#002D62
Pacers,IND,1521.1387,1992-02-28,#002D62
Pacers,IND,1521.7921,1992-03-14,#002D62
Pacers,IND,1538.5162,1992-03-28,#002D62
Pacers,IND,1539.816,1992-04-14,#002D62
Pacers,IND,1514.6227,1992-04-28,#002D62
Pacers,IND,1514.6227,1992-05-14,#002D62
Pacers,IND,1514.6227,1992-05-28,#002D62
Pacers,IND,1514.6227,1992-06-14,#002D62
Pacers,IND,1526.8167,1992-11-14,#002D62
Pacers,IND,1504.5249,1992-11-28,#002D62
Pacers,IND,1550.4773,1992-12-14,#002D62
Pacers,IND,1514.37,1992-12-28,#002D62
Pacers,IND,1518.4226,1993-01-14,#002D62
Pacers,IND,1520.4996,1993-01-28,#002D62
Pacers,IND,1476.629,1993-02-14,#002D62
Pacers,IND,1510.769,1993-02-28,#002D62
Pacers,IND,1510.7993,1993-03-14,#002D62
Pacers,IND,1509.5798,1993-03-28,#002D62
Pacers,IND,1538.8245,1993-04-14,#002D62
Pacers,IND,1529.0621,1993-05-14,#002D62
Pacers,IND,1529.0621,1993-05-28,#002D62
Pacers,IND,1495.3154,1993-11-14,#002D62
Pacers,IND,1500.3462,1993-11-28,#002D62
Pacers,IND,1519.4569,1993-12-14,#002D62
Pacers,IND,1510.2714,1993-12-28,#002D62
Pacers,IND,1526.3704,1994-01-14,#002D62
Pacers,IND,1517.3586,1994-01-28,#002D62
Pacers,IND,1590.6401,1994-02-28,#002D62
Pacers,IND,1586.4547,1994-03-14,#002D62
Pacers,IND,1577.4679,1994-03-28,#002D62
Pacers,IND,1570.5146,1994-04-14,#002D62
Pacers,IND,1606.472,1994-04-28,#002D62
Pacers,IND,1634.1683,1994-05-14,#002D62
Pacers,IND,1642.172,1994-05-28,#002D62
Pacers,IND,1603.3762,1994-11-14,#002D62
Pacers,IND,1612.7648,1994-11-28,#002D62
Pacers,IND,1631.314,1994-12-14,#002D62
Pacers,IND,1609.7314,1994-12-28,#002D62
Pacers,IND,1578.0472,1995-01-14,#002D62
Pacers,IND,1566.521,1995-01-28,#002D62
Pacers,IND,1559.745,1995-02-14,#002D62
Pacers,IND,1591.6587,1995-02-28,#002D62
Pacers,IND,1619.839,1995-03-14,#002D62
Pacers,IND,1639.6724,1995-03-28,#002D62
Pacers,IND,1613.3749,1995-04-14,#002D62
Pacers,IND,1620.9941,1995-04-28,#002D62
Pacers,IND,1639.6693,1995-05-14,#002D62
Pacers,IND,1630.1766,1995-05-28,#002D62
Pacers,IND,1603.6818,1995-06-14,#002D62
Pacers,IND,1578.5427,1995-11-14,#002D62
Pacers,IND,1564.2662,1995-11-28,#002D62
Pacers,IND,1560.5776,1995-12-14,#002D62
Pacers,IND,1577.3025,1995-12-28,#002D62
Pacers,IND,1620.6642,1996-01-14,#002D62
Pacers,IND,1650.1819,1996-01-28,#002D62
Pacers,IND,1598.499,1996-02-14,#002D62
Pacers,IND,1615.4468,1996-02-28,#002D62
Pacers,IND,1586.3297,1996-03-14,#002D62
Pacers,IND,1568.3817,1996-03-28,#002D62
Pacers,IND,1598.6344,1996-04-14,#002D62
Pacers,IND,1583.496,1996-04-28,#002D62
Pacers,IND,1561.4977,1996-05-14,#002D62
Pacers,IND,1561.4977,1996-05-28,#002D62
Pacers,IND,1561.4977,1996-06-14,#002D62
Pacers,IND,1520.2861,1996-11-14,#002D62
Pacers,IND,1529.9418,1996-11-28,#002D62
Pacers,IND,1568.0902,1996-12-14,#002D62
Pacers,IND,1543.8809,1996-12-28,#002D62
Pacers,IND,1544.667,1997-01-14,#002D62
Pacers,IND,1528.3209,1997-01-28,#002D62
Pacers,IND,1526.9027,1997-02-14,#002D62
Pacers,IND,1525.9244,1997-02-28,#002D62
Pacers,IND,1520.9581,1997-03-14,#002D62
Pacers,IND,1533.4255,1997-03-28,#002D62
Pacers,IND,1536.1042,1997-04-14,#002D62
Pacers,IND,1508.7954,1997-04-28,#002D62
Pacers,IND,1508.7954,1997-05-14,#002D62
Pacers,IND,1508.7954,1997-05-28,#002D62
Pacers,IND,1517.272,1997-11-14,#002D62
Pacers,IND,1568.6611,1997-11-28,#002D62
Pacers,IND,1599.1276,1997-12-14,#002D62
Pacers,IND,1599.9694,1997-12-28,#002D62
Pacers,IND,1634.0869,1998-01-14,#002D62
Pacers,IND,1647.6569,1998-01-28,#002D62
Pacers,IND,1665.7518,1998-02-14,#002D62
Pacers,IND,1666.1266,1998-02-28,#002D62
Pacers,IND,1647.7875,1998-03-14,#002D62
Pacers,IND,1627.3319,1998-03-28,#002D62
Pacers,IND,1664.0123,1998-04-14,#002D62
Pacers,IND,1668.5151,1998-04-28,#002D62
Pacers,IND,1638.7465,1998-06-14,#002D62
Pacers,IND,1636.2572,1999-02-14,#002D62
Pacers,IND,1631.0966,1999-02-28,#002D62
Pacers,IND,1615.3522,1999-03-14,#002D62
Pacers,IND,1624.1807,1999-03-28,#002D62
Pacers,IND,1633.4231,1999-04-14,#002D62
Pacers,IND,1607.1565,1999-04-28,#002D62
Pacers,IND,1648.5879,1999-05-14,#002D62
Pacers,IND,1627.7484,1999-11-14,#002D62
Pacers,IND,1584.4656,1999-11-28,#002D62
Pacers,IND,1628.707,1999-12-14,#002D62
Pacers,IND,1655.7201,1999-12-28,#002D62
Pacers,IND,1650.8761,2000-01-14,#002D62
Pacers,IND,1635.2051,2000-01-28,#002D62
Pacers,IND,1658.6324,2000-02-28,#002D62
Pacers,IND,1612.149,2000-03-14,#002D62
Pacers,IND,1569.1281,2000-03-28,#002D62
Pacers,IND,1601.179,2000-04-14,#002D62
Pacers,IND,1616.0122,2000-04-28,#002D62
Pacers,IND,1599.5071,2000-05-14,#002D62
Pacers,IND,1622.1007,2000-05-28,#002D62
Pacers,IND,1634.7097,2000-06-14,#002D62
Pacers,IND,1624.8798,2000-11-14,#002D62
Pacers,IND,1550.677,2000-11-28,#002D62
Pacers,IND,1539.7644,2000-12-14,#002D62
Pacers,IND,1504.2965,2000-12-28,#002D62
Pacers,IND,1533.9962,2001-01-14,#002D62
Pacers,IND,1539.3248,2001-01-28,#002D62
Pacers,IND,1499.8517,2001-02-14,#002D62
Pacers,IND,1521.6893,2001-02-28,#002D62
Pacers,IND,1441.4006,2001-03-14,#002D62
Pacers,IND,1452.8052,2001-03-28,#002D62
Pacers,IND,1508.5782,2001-04-14,#002D62
Pacers,IND,1495.3522,2001-04-28,#002D62
Pacers,IND,1484.9727,2001-05-14,#002D62
Pacers,IND,1484.9727,2001-05-28,#002D62
Pacers,IND,1515.0852,2001-11-14,#002D62
Pacers,IND,1499.9414,2001-11-28,#002D62
Pacers,IND,1490.9183,2001-12-14,#002D62
Pacers,IND,1513.9136,2001-12-28,#002D62
Pacers,IND,1510.7482,2002-01-14,#002D62
Pacers,IND,1490.2316,2002-01-28,#002D62
Pacers,IND,1455.5477,2002-02-14,#002D62
Pacers,IND,1462.29,2002-02-28,#002D62
Pacers,IND,1512.2463,2002-03-14,#002D62
Pacers,IND,1485.9519,2002-03-28,#002D62
Pacers,IND,1482.4479,2002-04-14,#002D62
Pacers,IND,1519.9409,2002-04-28,#002D62
Pacers,IND,1515.2811,2002-05-14,#002D62
Pacers,IND,1515.2811,2002-05-28,#002D62
Pacers,IND,1547.1376,2002-11-14,#002D62
Pacers,IND,1577.3524,2002-11-28,#002D62
Pacers,IND,1581.2015,2002-12-14,#002D62
Pacers,IND,1577.5758,2002-12-28,#002D62
Pacers,IND,1596.1399,2003-01-14,#002D62
Pacers,IND,1588.1244,2003-01-28,#002D62
Pacers,IND,1583.5928,2003-02-14,#002D62
Pacers,IND,1538.4545,2003-02-28,#002D62
Pacers,IND,1514.9608,2003-03-14,#002D62
Pacers,IND,1522.8469,2003-03-28,#002D62
Pacers,IND,1527.707,2003-04-14,#002D62
Pacers,IND,1515.5172,2003-04-28,#002D62
Pacers,IND,1511.5427,2003-05-14,#002D62
Pacers,IND,1511.5427,2003-10-28,#002D62
Pacers,IND,1541.4423,2003-11-14,#002D62
Pacers,IND,1591.0597,2003-11-28,#002D62
Pacers,IND,1584.8535,2003-12-14,#002D62
Pacers,IND,1563.6646,2003-12-28,#002D62
Pacers,IND,1616.3364,2004-01-14,#002D62
Pacers,IND,1622.0176,2004-01-28,#002D62
Pacers,IND,1610.1714,2004-02-28,#002D62
Pacers,IND,1644.588,2004-03-14,#002D62
Pacers,IND,1651.4048,2004-03-28,#002D62
Pacers,IND,1661.004,2004-04-14,#002D62
Pacers,IND,1687.8662,2004-04-28,#002D62
Pacers,IND,1672.9117,2004-05-14,#002D62
Pacers,IND,1685.141,2004-05-28,#002D62
Pacers,IND,1580.0118,2004-11-14,#002D62
Pacers,IND,1592.5156,2004-11-28,#002D62
Pacers,IND,1537.9712,2004-12-14,#002D62
Pacers,IND,1504.5721,2004-12-28,#002D62
Pacers,IND,1533.4474,2005-01-14,#002D62
Pacers,IND,1503.2688,2005-01-28,#002D62
Pacers,IND,1501.2361,2005-02-14,#002D62
Pacers,IND,1517.5038,2005-02-28,#002D62
Pacers,IND,1523.1447,2005-03-14,#002D62
Pacers,IND,1546.2274,2005-03-28,#002D62
Pacers,IND,1573.7114,2005-04-14,#002D62
Pacers,IND,1568.0918,2005-04-28,#002D62
Pacers,IND,1562.2653,2005-05-14,#002D62
Pacers,IND,1544.0571,2005-05-28,#002D62
Pacers,IND,1544.0571,2005-06-14,#002D62
Pacers,IND,1522.1355,2005-11-14,#002D62
Pacers,IND,1561.2219,2005-11-28,#002D62
Pacers,IND,1556.3529,2005-12-14,#002D62
Pacers,IND,1545.8048,2005-12-28,#002D62
Pacers,IND,1560.5555,2006-01-14,#002D62
Pacers,IND,1488.1075,2006-01-28,#002D62
Pacers,IND,1534.1772,2006-02-14,#002D62
Pacers,IND,1552.426,2006-02-28,#002D62
Pacers,IND,1514.7446,2006-03-14,#002D62
Pacers,IND,1489.033,2006-03-28,#002D62
Pacers,IND,1479.7133,2006-04-14,#002D62
Pacers,IND,1499.5217,2006-04-28,#002D62
Pacers,IND,1500.4463,2006-05-14,#002D62
Pacers,IND,1500.4463,2006-05-28,#002D62
Pacers,IND,1477.0358,2006-11-14,#002D62
Pacers,IND,1481.7321,2006-11-28,#002D62
Pacers,IND,1487.3489,2006-12-14,#002D62
Pacers,IND,1497.295,2006-12-28,#002D62
Pacers,IND,1492.2136,2007-01-14,#002D62
Pacers,IND,1497.5277,2007-01-28,#002D62
Pacers,IND,1488.4629,2007-02-14,#002D62
Pacers,IND,1448.7937,2007-02-28,#002D62
Pacers,IND,1398.986,2007-03-14,#002D62
Pacers,IND,1406.3762,2007-03-28,#002D62
Pacers,IND,1417.2695,2007-04-14,#002D62
Pacers,IND,1431.7247,2007-04-28,#002D62
Pacers,IND,1431.7247,2007-05-14,#002D62
Pacers,IND,1431.7247,2007-05-28,#002D62
Pacers,IND,1431.7247,2007-06-14,#002D62
Pacers,IND,1397.2893,2007-11-14,#002D62
Pacers,IND,1449.3674,2007-11-28,#002D62
Pacers,IND,1461.5599,2007-12-14,#002D62
Pacers,IND,1474.462,2007-12-28,#002D62
Pacers,IND,1455.2546,2008-01-14,#002D62
Pacers,IND,1428.257,2008-01-28,#002D62
Pacers,IND,1402.3469,2008-02-14,#002D62
Pacers,IND,1413.7726,2008-02-28,#002D62
Pacers,IND,1413.8757,2008-03-14,#002D62
Pacers,IND,1434.0763,2008-03-28,#002D62
Pacers,IND,1459.5825,2008-04-14,#002D62
Pacers,IND,1470.7081,2008-04-28,#002D62
Pacers,IND,1470.7081,2008-05-14,#002D62
Pacers,IND,1470.7081,2008-05-28,#002D62
Pacers,IND,1470.7081,2008-10-28,#002D62
Pacers,IND,1495.0471,2008-11-14,#002D62
Pacers,IND,1473.6017,2008-11-28,#002D62
Pacers,IND,1460.0757,2008-12-14,#002D62
Pacers,IND,1440.6783,2008-12-28,#002D62
Pacers,IND,1447.4608,2009-01-14,#002D62
Pacers,IND,1462.8322,2009-01-28,#002D62
Pacers,IND,1471.7006,2009-02-28,#002D62
Pacers,IND,1446.907,2009-03-14,#002D62
Pacers,IND,1465.2891,2009-03-28,#002D62
Pacers,IND,1492.5059,2009-04-14,#002D62
Pacers,IND,1488.5968,2009-04-28,#002D62
Pacers,IND,1488.5968,2009-05-14,#002D62
Pacers,IND,1488.5968,2009-05-28,#002D62
Pacers,IND,1488.5968,2009-06-14,#002D62
Pacers,IND,1488.5968,2009-10-28,#002D62
Pacers,IND,1498.6453,2009-11-14,#002D62
Pacers,IND,1443.5094,2009-11-28,#002D62
Pacers,IND,1421.7488,2009-12-14,#002D62
Pacers,IND,1386.4447,2009-12-28,#002D62
Pacers,IND,1402.6805,2010-01-14,#002D62
Pacers,IND,1391.588,2010-01-28,#002D62
Pacers,IND,1410.8057,2010-02-28,#002D62
Pacers,IND,1402.6196,2010-03-14,#002D62
Pacers,IND,1471.8878,2010-03-28,#002D62
Pacers,IND,1488.1749,2010-04-14,#002D62
Pacers,IND,1487.3545,2010-04-28,#002D62
Pacers,IND,1487.3545,2010-05-28,#002D62
Pacers,IND,1495.821,2010-10-28,#002D62
Pacers,IND,1497.799,2010-11-14,#002D62
Pacers,IND,1534.0688,2010-11-28,#002D62
Pacers,IND,1507.9432,2010-12-14,#002D62
Pacers,IND,1484.4152,2010-12-28,#002D62
Pacers,IND,1475.4666,2011-01-14,#002D62
Pacers,IND,1456.2463,2011-01-28,#002D62
Pacers,IND,1493.9358,2011-02-14,#002D62
Pacers,IND,1483.4597,2011-02-28,#002D62
Pacers,IND,1448.0386,2011-03-14,#002D62
Pacers,IND,1454.733,2011-03-28,#002D62
Pacers,IND,1480.077,2011-04-28,#002D62
Pacers,IND,1486.6924,2011-12-28,#002D62
Pacers,IND,1532.5479,2012-01-14,#002D62
Pacers,IND,1556.3275,2012-01-28,#002D62
Pacers,IND,1544.3947,2012-02-14,#002D62
Pacers,IND,1556.229,2012-02-28,#002D62
Pacers,IND,1562.7708,2012-03-14,#002D62
Pacers,IND,1550.5963,2012-03-28,#002D62
Pacers,IND,1576.0372,2012-04-14,#002D62
Pacers,IND,1566.2826,2012-04-28,#002D62
Pacers,IND,1606.8142,2012-05-14,#002D62
Pacers,IND,1566.1174,2012-05-28,#002D62
Pacers,IND,1566.1174,2012-06-14,#002D62
Pacers,IND,1529.6305,2012-11-14,#002D62
Pacers,IND,1549.4841,2012-11-28,#002D62
Pacers,IND,1549.1826,2012-12-14,#002D62
Pacers,IND,1576.63,2012-12-28,#002D62
Pacers,IND,1581.7391,2013-01-14,#002D62
Pacers,IND,1553.3645,2013-01-28,#002D62
Pacers,IND,1591.6301,2013-02-14,#002D62
Pacers,IND,1603.1978,2013-02-28,#002D62
Pacers,IND,1601.8002,2013-03-14,#002D62
Pacers,IND,1640.4247,2013-03-28,#002D62
Pacers,IND,1592.1603,2013-04-14,#002D62
Pacers,IND,1554.4402,2013-04-28,#002D62
Pacers,IND,1592.2985,2013-05-14,#002D62
Pacers,IND,1603.3481,2013-05-28,#002D62
Pacers,IND,1630.8976,2013-11-14,#002D62
Pacers,IND,1658.2443,2013-12-14,#002D62
Pacers,IND,1682.2504,2013-12-28,#002D62
Pacers,IND,1674.1819,2014-01-14,#002D62
Pacers,IND,1667.6416,2014-01-28,#002D62
Pacers,IND,1646.248,2014-02-28,#002D62
Pacers,IND,1603.1605,2014-03-14,#002D62
Pacers,IND,1583.1802,2014-03-28,#002D62
Pacers,IND,1535.5237,2014-04-14,#002D62
Pacers,IND,1510.2279,2014-04-28,#002D62
Pacers,IND,1553.9567,2014-05-14,#002D62
Pacers,IND,1550.7374,2014-05-28,#002D62
Pacers,IND,1535.2634,2014-10-28,#002D62
Pacers,IND,1470.9425,2014-11-14,#002D62
Pacers,IND,1496.2307,2014-11-28,#002D62
Pacers,IND,1451.593,2014-12-14,#002D62
Pacers,IND,1475.6171,2014-12-28,#002D62
Pacers,IND,1459.3337,2015-01-14,#002D62
Pacers,IND,1446.6224,2015-01-28,#002D62
Pacers,IND,1498.2162,2015-02-28,#002D62
Pacers,IND,1517.0497,2015-03-14,#002D62
Pacers,IND,1468.2207,2015-03-28,#002D62
Pacers,IND,1510.4308,2015-04-14,#002D62
Olympians,INO,1364.8918,1949-11-28,#230066
Olympians,INO,1408.8632,1949-12-14,#230066
Olympians,INO,1434.3665,1949-12-28,#230066
Olympians,INO,1466.9418,1950-01-14,#230066
Olympians,INO,1493.2148,1950-01-28,#230066
Olympians,INO,1453.1118,1950-02-14,#230066
Olympians,INO,1470.3669,1950-02-28,#230066
Olympians,INO,1490.1089,1950-03-14,#230066
Olympians,INO,1496.9572,1950-03-28,#230066
Olympians,INO,1476.6953,1950-04-14,#230066
Olympians,INO,1505.0975,1950-11-14,#230066
Olympians,INO,1518.8053,1950-11-28,#230066
Olympians,INO,1496.498,1950-12-14,#230066
Olympians,INO,1493.8516,1950-12-28,#230066
Olympians,INO,1477.738,1951-01-14,#230066
Olympians,INO,1446.8451,1951-01-28,#230066
Olympians,INO,1464.0004,1951-02-14,#230066
Olympians,INO,1471.5305,1951-02-28,#230066
Olympians,INO,1474.4301,1951-03-14,#230066
Olympians,INO,1503.459,1951-03-28,#230066
Olympians,INO,1447.4856,1951-11-14,#230066
Olympians,INO,1478.637,1951-11-28,#230066
Olympians,INO,1533.8375,1951-12-14,#230066
Olympians,INO,1517.8148,1952-02-14,#230066
Olympians,INO,1497.0552,1952-02-28,#230066
Olympians,INO,1503.7885,1952-03-14,#230066
Olympians,INO,1476.3713,1952-11-14,#230066
Olympians,INO,1450.4852,1952-11-28,#230066
Olympians,INO,1456.1469,1952-12-14,#230066
Olympians,INO,1436.4397,1952-12-28,#230066
Olympians,INO,1426.349,1953-01-14,#230066
Olympians,INO,1429.6051,1953-01-28,#230066
Olympians,INO,1415.5348,1953-02-14,#230066
Olympians,INO,1416.9039,1953-02-28,#230066
Olympians,INO,1443.0487,1953-03-14,#230066
Nuggets,DNR,1307.5902,1967-10-28,#0E2240
Nuggets,DNR,1305.7195,1967-11-14,#0E2240
Nuggets,DNR,1307.7843,1967-11-28,#0E2240
Nuggets,DNR,1310.2064,1967-12-14,#0E2240
Nuggets,DNR,1327.2273,1967-12-28,#0E2240
Nuggets,DNR,1369.1434,1968-01-14,#0E2240
Nuggets,DNR,1410.1887,1968-01-28,#0E2240
Nuggets,DNR,1391.3737,1968-02-14,#0E2240
Nuggets,DNR,1395.3623,1968-02-28,#0E2240
Nuggets,DNR,1385.5719,1968-03-14,#0E2240
Nuggets,DNR,1377.7058,1968-03-28,#0E2240
Nuggets,DNR,1396.9138,1968-04-14,#0E2240
Nuggets,DNR,1396.9138,1968-04-28,#0E2240
Nuggets,DNR,1396.9138,1968-10-28,#0E2240
Nuggets,DNR,1370.9045,1968-11-14,#0E2240
Nuggets,DNR,1373.259,1968-11-28,#0E2240
Nuggets,DNR,1395.6014,1968-12-14,#0E2240
Nuggets,DNR,1433.5551,1968-12-28,#0E2240
Nuggets,DNR,1428.8062,1969-01-14,#0E2240
Nuggets,DNR,1394.902,1969-01-28,#0E2240
Nuggets,DNR,1419.0488,1969-02-14,#0E2240
Nuggets,DNR,1405.8947,1969-02-28,#0E2240
Nuggets,DNR,1393.6951,1969-03-14,#0E2240
Nuggets,DNR,1353.0723,1969-03-28,#0E2240
Nuggets,DNR,1356.1606,1969-04-14,#0E2240
Nuggets,DNR,1384.203,1969-10-14,#0E2240
Nuggets,DNR,1328.4127,1969-10-28,#0E2240
Nuggets,DNR,1358.0416,1969-11-14,#0E2240
Nuggets,DNR,1376.3452,1969-11-28,#0E2240
Nuggets,DNR,1407.3512,1969-12-14,#0E2240
Nuggets,DNR,1439.6748,1969-12-28,#0E2240
Nuggets,DNR,1490.2167,1970-01-14,#0E2240
Nuggets,DNR,1485.1744,1970-01-28,#0E2240
Nuggets,DNR,1473.0168,1970-02-14,#0E2240
Nuggets,DNR,1503.1182,1970-02-28,#0E2240
Nuggets,DNR,1483.4755,1970-03-14,#0E2240
Nuggets,DNR,1481.7529,1970-03-28,#0E2240
Nuggets,DNR,1527.916,1970-04-14,#0E2240
Nuggets,DNR,1524.1953,1970-04-28,#0E2240
Nuggets,DNR,1475.2758,1970-10-14,#0E2240
Nuggets,DNR,1445.1901,1970-10-28,#0E2240
Nuggets,DNR,1426.8734,1970-11-14,#0E2240
Nuggets,DNR,1391.1183,1970-11-28,#0E2240
Nuggets,DNR,1403.4871,1970-12-28,#0E2240
Nuggets,DNR,1367.0265,1971-01-14,#0E2240
Nuggets,DNR,1346.5743,1971-01-28,#0E2240
Nuggets,DNR,1318.2035,1971-02-14,#0E2240
Nuggets,DNR,1348.6515,1971-02-28,#0E2240
Nuggets,DNR,1350.2505,1971-03-14,#0E2240
Nuggets,DNR,1320.7771,1971-03-28,#0E2240
Nuggets,DNR,1377.7651,1971-04-14,#0E2240
Nuggets,DNR,1377.7651,1971-04-28,#0E2240
Nuggets,DNR,1374.7009,1971-10-14,#0E2240
Nuggets,DNR,1388.8484,1971-10-28,#0E2240
Nuggets,DNR,1365.7487,1971-11-14,#0E2240
Nuggets,DNR,1391.0479,1971-11-28,#0E2240
Nuggets,DNR,1383.2393,1971-12-14,#0E2240
Nuggets,DNR,1382.8468,1971-12-28,#0E2240
Nuggets,DNR,1368.1915,1972-01-14,#0E2240
Nuggets,DNR,1390.8138,1972-01-28,#0E2240
Nuggets,DNR,1382.5436,1972-02-14,#0E2240
Nuggets,DNR,1386.5789,1972-03-14,#0E2240
Nuggets,DNR,1402.7225,1972-03-28,#0E2240
Nuggets,DNR,1433.0869,1972-04-14,#0E2240
Nuggets,DNR,1454.3429,1972-10-14,#0E2240
Nuggets,DNR,1437.3746,1972-10-28,#0E2240
Nuggets,DNR,1481.9211,1972-11-14,#0E2240
Nuggets,DNR,1486.0469,1972-11-28,#0E2240
Nuggets,DNR,1485.5881,1972-12-14,#0E2240
Nuggets,DNR,1492.6613,1972-12-28,#0E2240
Nuggets,DNR,1489.5913,1973-01-14,#0E2240
Nuggets,DNR,1481.0608,1973-01-28,#0E2240
Nuggets,DNR,1494.1532,1973-02-14,#0E2240
Nuggets,DNR,1539.1517,1973-02-28,#0E2240
Nuggets,DNR,1522.6193,1973-03-14,#0E2240
Nuggets,DNR,1519.8013,1973-03-28,#0E2240
Nuggets,DNR,1515.7916,1973-04-14,#0E2240
Nuggets,DNR,1515.7916,1973-04-28,#0E2240
Nuggets,DNR,1541.8331,1973-10-14,#0E2240
Nuggets,DNR,1540.2222,1973-10-28,#0E2240
Nuggets,DNR,1545.7906,1973-11-14,#0E2240
Nuggets,DNR,1501.556,1973-11-28,#0E2240
Nuggets,DNR,1458.6951,1973-12-14,#0E2240
Nuggets,DNR,1459.7911,1973-12-28,#0E2240
Nuggets,DNR,1435.7706,1974-01-14,#0E2240
Nuggets,DNR,1456.4972,1974-01-28,#0E2240
Nuggets,DNR,1441.1239,1974-02-14,#0E2240
Nuggets,DNR,1436.2826,1974-02-28,#0E2240
Nuggets,DNR,1398.2,1974-03-14,#0E2240
Nuggets,DNR,1408.4258,1974-03-28,#0E2240
Nuggets,DNA,1420.1738,1974-04-14,#0E2240
Nuggets,DNA,1420.1738,1974-04-28,#0E2240
Nuggets,DNA,1541.7484,1974-11-14,#0E2240
Nuggets,DNA,1596.2542,1974-11-28,#0E2240
Nuggets,DNA,1621.6543,1974-12-14,#0E2240
Nuggets,DNA,1632.9905,1974-12-28,#0E2240
Nuggets,DNA,1640.9542,1975-01-14,#0E2240
Nuggets,DNA,1628.8293,1975-01-28,#0E2240
Nuggets,DNA,1607.7572,1975-02-14,#0E2240
Nuggets,DNA,1604.9592,1975-02-28,#0E2240
Nuggets,DNA,1627.5741,1975-03-14,#0E2240
Nuggets,DNA,1654.6362,1975-03-28,#0E2240
Nuggets,DNA,1627.5564,1975-04-14,#0E2240
Nuggets,DNA,1607.635,1975-04-28,#0E2240
Nuggets,DNA,1578.994,1975-05-14,#0E2240
Nuggets,DNA,1587.5713,1975-10-28,#0E2240
Nuggets,DNA,1605.4408,1975-11-14,#0E2240
Nuggets,DNA,1599.3239,1975-11-28,#0E2240
Nuggets,DNA,1635.8254,1975-12-14,#0E2240
Nuggets,DNA,1633.5326,1975-12-28,#0E2240
Nuggets,DNA,1665.0519,1976-01-14,#0E2240
Nuggets,DNA,1664.2489,1976-01-28,#0E2240
Nuggets,DNA,1689.5447,1976-02-14,#0E2240
Nuggets,DNA,1671.5316,1976-02-28,#0E2240
Nuggets,DNA,1665.4768,1976-03-14,#0E2240
Nuggets,DNA,1656.4341,1976-03-28,#0E2240
Nuggets,DNA,1675.5204,1976-04-14,#0E2240
Nuggets,DNA,1634.0892,1976-04-28,#0E2240
Nuggets,DEN,1602.9087,1976-05-14,#0E2240
Nuggets,DEN,1612.0027,1976-10-28,#0E2240
Nuggets,DEN,1639.4224,1976-11-14,#0E2240
Nuggets,DEN,1620.9104,1976-11-28,#0E2240
Nuggets,DEN,1618.1823,1976-12-14,#0E2240
Nuggets,DEN,1616.0068,1976-12-28,#0E2240
Nuggets,DEN,1638.5526,1977-01-14,#0E2240
Nuggets,DEN,1639.7092,1977-01-28,#0E2240
Nuggets,DEN,1613.9397,1977-03-14,#0E2240
Nuggets,DEN,1577.4751,1977-04-14,#0E2240
Nuggets,DEN,1542.7236,1977-10-28,#0E2240
Nuggets,DEN,1554.9697,1977-11-28,#0E2240
Nuggets,DEN,1546.599,1977-12-14,#0E2240
Nuggets,DEN,1549.6648,1977-12-28,#0E2240
Nuggets,DEN,1586.5858,1978-01-14,#0E2240
Nuggets,DEN,1564.2666,1978-01-28,#0E2240
Nuggets,DEN,1577.48,1978-02-14,#0E2240
Nuggets,DEN,1571.5432,1978-02-28,#0E2240
Nuggets,DEN,1544.8212,1978-03-14,#0E2240
Nuggets,DEN,1515.6759,1978-03-28,#0E2240
Nuggets,DEN,1541.3271,1978-04-14,#0E2240
Nuggets,DEN,1541.2656,1978-04-28,#0E2240
Nuggets,DEN,1528.9025,1978-05-14,#0E2240
Nuggets,DEN,1521.4996,1978-05-28,#0E2240
Nuggets,DEN,1527.0441,1978-10-14,#0E2240
Nuggets,DEN,1536.3101,1978-10-28,#0E2240
Nuggets,DEN,1539.663,1978-11-14,#0E2240
Nuggets,DEN,1509.7098,1978-11-28,#0E2240
Nuggets,DEN,1530.4413,1978-12-14,#0E2240
Nuggets,DEN,1514.6124,1978-12-28,#0E2240
Nuggets,DEN,1544.0525,1979-01-14,#0E2240
Nuggets,DEN,1544.9155,1979-01-28,#0E2240
Nuggets,DEN,1515.7651,1979-02-14,#0E2240
Nuggets,DEN,1495.1245,1979-02-28,#0E2240
Nuggets,DEN,1522.7815,1979-03-14,#0E2240
Nuggets,DEN,1556.4844,1979-03-28,#0E2240
Nuggets,DEN,1510.2579,1979-10-14,#0E2240
Nuggets,DEN,1474.8892,1979-10-28,#0E2240
Nuggets,DEN,1475.3276,1979-11-14,#0E2240
Nuggets,DEN,1478.9818,1979-11-28,#0E2240
Nuggets,DEN,1449.0656,1979-12-14,#0E2240
Nuggets,DEN,1438.3212,1979-12-28,#0E2240
Nuggets,DEN,1408.551,1980-01-28,#0E2240
Nuggets,DEN,1407.1758,1980-02-14,#0E2240
Nuggets,DEN,1434.6354,1980-02-28,#0E2240
Nuggets,DEN,1423.3716,1980-03-14,#0E2240
Nuggets,DEN,1425.6045,1980-03-28,#0E2240
Nuggets,DEN,1425.6045,1980-04-14,#0E2240
Nuggets,DEN,1425.6045,1980-05-14,#0E2240
Nuggets,DEN,1426.153,1980-10-14,#0E2240
Nuggets,DEN,1413.6071,1980-10-28,#0E2240
Nuggets,DEN,1437.3757,1980-11-14,#0E2240
Nuggets,DEN,1431.345,1980-11-28,#0E2240
Nuggets,DEN,1388.2695,1980-12-14,#0E2240
Nuggets,DEN,1398.9703,1980-12-28,#0E2240
Nuggets,DEN,1411.2593,1981-01-14,#0E2240
Nuggets,DEN,1441.7074,1981-01-28,#0E2240
Nuggets,DEN,1440.4476,1981-02-14,#0E2240
Nuggets,DEN,1473.8745,1981-02-28,#0E2240
Nuggets,DEN,1476.0569,1981-03-14,#0E2240
Nuggets,DEN,1474.8905,1981-03-28,#0E2240
Nuggets,DEN,1496.8612,1981-04-14,#0E2240
Nuggets,DEN,1496.8612,1981-05-14,#0E2240
Nuggets,DEN,1466.2628,1981-11-14,#0E2240
Nuggets,DEN,1489.9202,1981-11-28,#0E2240
Nuggets,DEN,1487.5726,1981-12-28,#0E2240
Nuggets,DEN,1488.7976,1982-01-14,#0E2240
Nuggets,DEN,1515.0476,1982-01-28,#0E2240
Nuggets,DEN,1519.8655,1982-02-14,#0E2240
Nuggets,DEN,1486.7632,1982-02-28,#0E2240
Nuggets,DEN,1535.0754,1982-03-14,#0E2240
Nuggets,DEN,1573.4515,1982-03-28,#0E2240
Nuggets,DEN,1539.2631,1982-04-14,#0E2240
Nuggets,DEN,1506.843,1982-04-28,#0E2240
Nuggets,DEN,1506.843,1982-05-14,#0E2240
Nuggets,DEN,1492.6261,1982-11-14,#0E2240
Nuggets,DEN,1483.6001,1982-11-28,#0E2240
Nuggets,DEN,1508.0632,1982-12-14,#0E2240
Nuggets,DEN,1485.3253,1982-12-28,#0E2240
Nuggets,DEN,1490.2217,1983-01-14,#0E2240
Nuggets,DEN,1493.4666,1983-01-28,#0E2240
Nuggets,DEN,1550.4587,1983-04-14,#0E2240
Nuggets,DEN,1543.8461,1983-05-14,#0E2240
Nuggets,DEN,1543.8461,1983-10-28,#0E2240
Nuggets,DEN,1519.8024,1983-11-28,#0E2240
Nuggets,DEN,1498.9163,1983-12-14,#0E2240
Nuggets,DEN,1493.5127,1983-12-28,#0E2240
Nuggets,DEN,1485.4867,1984-01-14,#0E2240
Nuggets,DEN,1418.6432,1984-02-14,#0E2240
Nuggets,DEN,1469.5763,1984-02-28,#0E2240
Nuggets,DEN,1499.9872,1984-03-14,#0E2240
Nuggets,DEN,1502.7817,1984-03-28,#0E2240
Nuggets,DEN,1500.4192,1984-04-14,#0E2240
Nuggets,DEN,1503.417,1984-04-28,#0E2240
Nuggets,DEN,1496.9064,1984-10-28,#0E2240
Nuggets,DEN,1562.641,1984-11-14,#0E2240
Nuggets,DEN,1573.2767,1984-11-28,#0E2240
Nuggets,DEN,1536.0035,1984-12-14,#0E2240
Nuggets,DEN,1499.0277,1984-12-28,#0E2240
Nuggets,DEN,1483.7649,1985-01-14,#0E2240
Nuggets,DEN,1517.6812,1985-01-28,#0E2240
Nuggets,DEN,1548.1432,1985-02-14,#0E2240
Nuggets,DEN,1584.705,1985-02-28,#0E2240
Nuggets,DEN,1571.264,1985-03-14,#0E2240
Nuggets,DEN,1587.4386,1985-03-28,#0E2240
Nuggets,DEN,1580.4573,1985-04-14,#0E2240
Nuggets,DEN,1592.1855,1985-04-28,#0E2240
Nuggets,DEN,1642.5415,1985-05-14,#0E2240
Nuggets,DEN,1606.7646,1985-11-14,#0E2240
Nuggets,DEN,1553.5613,1985-12-14,#0E2240
Nuggets,DEN,1534.3231,1985-12-28,#0E2240
Nuggets,DEN,1543.7129,1986-01-14,#0E2240
Nuggets,DEN,1535.8032,1986-01-28,#0E2240
Nuggets,DEN,1532.6113,1986-02-14,#0E2240
Nuggets,DEN,1548.0052,1986-02-28,#0E2240
Nuggets,DEN,1557.4218,1986-03-14,#0E2240
Nuggets,DEN,1546.4115,1986-03-28,#0E2240
Nuggets,DEN,1504.9456,1986-11-14,#0E2240
Nuggets,DEN,1503.9966,1986-11-28,#0E2240
Nuggets,DEN,1484.5283,1986-12-14,#0E2240
Nuggets,DEN,1473.082,1986-12-28,#0E2240
Nuggets,DEN,1451.5438,1987-01-14,#0E2240
Nuggets,DEN,1445.4355,1987-01-28,#0E2240
Nuggets,DEN,1459.3752,1987-02-14,#0E2240
Nuggets,DEN,1440.2177,1987-02-28,#0E2240
Nuggets,DEN,1436.2987,1987-03-14,#0E2240
Nuggets,DEN,1471.4404,1987-03-28,#0E2240
Nuggets,DEN,1512.1498,1987-04-14,#0E2240
Nuggets,DEN,1484.8495,1987-04-28,#0E2240
Nuggets,DEN,1496.8696,1987-05-14,#0E2240
Nuggets,DEN,1496.8696,1987-05-28,#0E2240
Nuggets,DEN,1496.8696,1987-06-14,#0E2240
Nuggets,DEN,1513.9375,1987-11-14,#0E2240
Nuggets,DEN,1516.3098,1987-11-28,#0E2240
Nuggets,DEN,1546.1605,1987-12-14,#0E2240
Nuggets,DEN,1525.8456,1987-12-28,#0E2240
Nuggets,DEN,1528.0563,1988-01-14,#0E2240
Nuggets,DEN,1526.9622,1988-01-28,#0E2240
Nuggets,DEN,1544.6461,1988-02-14,#0E2240
Nuggets,DEN,1558.3311,1988-02-28,#0E2240
Nuggets,DEN,1539.1602,1988-03-14,#0E2240
Nuggets,DEN,1577.457,1988-03-28,#0E2240
Nuggets,DEN,1608.0737,1988-04-14,#0E2240
Nuggets,DEN,1620.474,1988-04-28,#0E2240
Nuggets,DEN,1609.0229,1988-05-14,#0E2240
Nuggets,DEN,1564.7885,1988-05-28,#0E2240
Nuggets,DEN,1564.7885,1988-06-14,#0E2240
Nuggets,DEN,1581.1835,1988-11-14,#0E2240
Nuggets,DEN,1600.0938,1988-11-28,#0E2240
Nuggets,DEN,1588.1375,1988-12-14,#0E2240
Nuggets,DEN,1569.0355,1988-12-28,#0E2240
Nuggets,DEN,1523.946,1989-01-14,#0E2240
Nuggets,DEN,1501.972,1989-01-28,#0E2240
Nuggets,DEN,1485.8347,1989-02-14,#0E2240
Nuggets,DEN,1518.3826,1989-02-28,#0E2240
Nuggets,DEN,1490.8901,1989-03-14,#0E2240
Nuggets,DEN,1503.3685,1989-03-28,#0E2240
Nuggets,DEN,1489.2249,1989-04-14,#0E2240
Nuggets,DEN,1479.3269,1989-04-28,#0E2240
Nuggets,DEN,1472.0422,1989-05-14,#0E2240
Nuggets,DEN,1472.0422,1989-05-28,#0E2240
Nuggets,DEN,1467.3232,1989-11-14,#0E2240
Nuggets,DEN,1519.6722,1989-11-28,#0E2240
Nuggets,DEN,1506.7172,1989-12-14,#0E2240
Nuggets,DEN,1544.4454,1989-12-28,#0E2240
Nuggets,DEN,1507.8942,1990-01-14,#0E2240
Nuggets,DEN,1486.7699,1990-01-28,#0E2240
Nuggets,DEN,1489.0868,1990-02-14,#0E2240
Nuggets,DEN,1478.9491,1990-02-28,#0E2240
Nuggets,DEN,1493.314,1990-03-14,#0E2240
Nuggets,DEN,1456.2427,1990-03-28,#0E2240
Nuggets,DEN,1475.2869,1990-04-14,#0E2240
Nuggets,DEN,1480.6312,1990-04-28,#0E2240
Nuggets,DEN,1469.3442,1990-05-28,#0E2240
Nuggets,DEN,1469.3442,1990-06-14,#0E2240
Nuggets,DEN,1436.064,1990-11-14,#0E2240
Nuggets,DEN,1409.072,1990-11-28,#0E2240
Nuggets,DEN,1387.1746,1990-12-14,#0E2240
Nuggets,DEN,1356.5566,1990-12-28,#0E2240
Nuggets,DEN,1297.088,1991-01-14,#0E2240
Nuggets,DEN,1338.6528,1991-01-28,#0E2240
Nuggets,DEN,1323.3417,1991-02-14,#0E2240
Nuggets,DEN,1284.4949,1991-02-28,#0E2240
Nuggets,DEN,1299.5559,1991-03-14,#0E2240
Nuggets,DEN,1274.5112,1991-03-28,#0E2240
Nuggets,DEN,1242.0939,1991-04-14,#0E2240
Nuggets,DEN,1307.8049,1991-04-28,#0E2240
Nuggets,DEN,1307.8049,1991-05-14,#0E2240
Nuggets,DEN,1307.8049,1991-05-28,#0E2240
Nuggets,DEN,1347.5903,1991-11-14,#0E2240
Nuggets,DEN,1357.2322,1991-12-14,#0E2240
Nuggets,DEN,1358.1372,1991-12-28,#0E2240
Nuggets,DEN,1347.917,1992-01-14,#0E2240
Nuggets,DEN,1350.7236,1992-01-28,#0E2240
Nuggets,DEN,1348.1543,1992-02-14,#0E2240
Nuggets,DEN,1333.8394,1992-02-28,#0E2240
Nuggets,DEN,1314.5979,1992-03-14,#0E2240
Nuggets,DEN,1307.9799,1992-03-28,#0E2240
Nuggets,DEN,1268.3816,1992-04-14,#0E2240
Nuggets,DEN,1321.6447,1992-04-28,#0E2240
Nuggets,DEN,1321.6447,1992-05-14,#0E2240
Nuggets,DEN,1321.6447,1992-05-28,#0E2240
Nuggets,DEN,1321.6447,1992-06-14,#0E2240
Nuggets,DEN,1313.1343,1992-11-14,#0E2240
Nuggets,DEN,1348.5026,1992-11-28,#0E2240
Nuggets,DEN,1347.8722,1992-12-14,#0E2240
Nuggets,DEN,1317.3699,1992-12-28,#0E2240
Nuggets,DEN,1343.2694,1993-01-14,#0E2240
Nuggets,DEN,1375.1475,1993-01-28,#0E2240
Nuggets,DEN,1419.0217,1993-02-14,#0E2240
Nuggets,DEN,1423.438,1993-02-28,#0E2240
Nuggets,DEN,1435.9,1993-03-14,#0E2240
Nuggets,DEN,1461.7439,1993-03-28,#0E2240
Nuggets,DEN,1463.0992,1993-04-14,#0E2240
Nuggets,DEN,1455.3025,1993-05-14,#0E2240
Nuggets,DEN,1455.3025,1993-05-28,#0E2240
Nuggets,DEN,1451.7532,1993-11-14,#0E2240
Nuggets,DEN,1471.5117,1993-11-28,#0E2240
Nuggets,DEN,1479.1007,1993-12-14,#0E2240
Nuggets,DEN,1525.0295,1993-12-28,#0E2240
Nuggets,DEN,1469.9473,1994-01-14,#0E2240
Nuggets,DEN,1491.5488,1994-01-28,#0E2240
Nuggets,DEN,1550.0735,1994-02-28,#0E2240
Nuggets,DEN,1549.9757,1994-03-14,#0E2240
Nuggets,DEN,1544.1074,1994-03-28,#0E2240
Nuggets,DEN,1546.8904,1994-04-14,#0E2240
Nuggets,DEN,1562.3696,1994-04-28,#0E2240
Nuggets,DEN,1582.8184,1994-05-14,#0E2240
Nuggets,DEN,1579.4174,1994-05-28,#0E2240
Nuggets,DEN,1597.4149,1994-11-14,#0E2240
Nuggets,DEN,1557.7334,1994-11-28,#0E2240
Nuggets,DEN,1557.5779,1994-12-14,#0E2240
Nuggets,DEN,1530.1036,1994-12-28,#0E2240
Nuggets,DEN,1538.3503,1995-01-14,#0E2240
Nuggets,DEN,1506.7731,1995-01-28,#0E2240
Nuggets,DEN,1474.8109,1995-02-14,#0E2240
Nuggets,DEN,1471.749,1995-02-28,#0E2240
Nuggets,DEN,1499.4056,1995-03-14,#0E2240
Nuggets,DEN,1548.2977,1995-03-28,#0E2240
Nuggets,DEN,1560.5813,1995-04-14,#0E2240
Nuggets,DEN,1558.691,1995-04-28,#0E2240
Nuggets,DEN,1532.9875,1995-05-14,#0E2240
Nuggets,DEN,1532.9875,1995-05-28,#0E2240
Nuggets,DEN,1532.9875,1995-06-14,#0E2240
Nuggets,DEN,1511.7164,1995-11-14,#0E2240
Nuggets,DEN,1515.6223,1995-11-28,#0E2240
Nuggets,DEN,1546.9574,1995-12-14,#0E2240
Nuggets,DEN,1489.9657,1995-12-28,#0E2240
Nuggets,DEN,1465.0721,1996-01-14,#0E2240
Nuggets,DEN,1453.175,1996-01-28,#0E2240
Nuggets,DEN,1439.2173,1996-02-14,#0E2240
Nuggets,DEN,1426.9264,1996-02-28,#0E2240
Nuggets,DEN,1448.2079,1996-03-14,#0E2240
Nuggets,DEN,1431.5018,1996-03-28,#0E2240
Nuggets,DEN,1450.5311,1996-04-14,#0E2240
Nuggets,DEN,1423.1863,1996-04-28,#0E2240
Nuggets,DEN,1423.1863,1996-05-14,#0E2240
Nuggets,DEN,1423.1863,1996-05-28,#0E2240
Nuggets,DEN,1423.1863,1996-06-14,#0E2240
Nuggets,DEN,1443.2026,1996-11-14,#0E2240
Nuggets,DEN,1400.7148,1996-11-28,#0E2240
Nuggets,DEN,1369.3406,1996-12-14,#0E2240
Nuggets,DEN,1355.0153,1996-12-28,#0E2240
Nuggets,DEN,1336.542,1997-01-14,#0E2240
Nuggets,DEN,1344.8176,1997-01-28,#0E2240
Nuggets,DEN,1363.718,1997-02-14,#0E2240
Nuggets,DEN,1358.0125,1997-02-28,#0E2240
Nuggets,DEN,1349.7191,1997-03-14,#0E2240
Nuggets,DEN,1317.2148,1997-03-28,#0E2240
Nuggets,DEN,1278.0527,1997-04-14,#0E2240
Nuggets,DEN,1323.2433,1997-04-28,#0E2240
Nuggets,DEN,1323.2433,1997-05-14,#0E2240
Nuggets,DEN,1323.2433,1997-05-28,#0E2240
Nuggets,DEN,1296.8278,1997-11-14,#0E2240
Nuggets,DEN,1288.6042,1997-11-28,#0E2240
Nuggets,DEN,1260.0132,1997-12-14,#0E2240
Nuggets,DEN,1225.624,1997-12-28,#0E2240
Nuggets,DEN,1200.5868,1998-01-14,#0E2240
Nuggets,DEN,1197.4349,1998-01-28,#0E2240
Nuggets,DEN,1207.4863,1998-02-14,#0E2240
Nuggets,DEN,1182.3733,1998-02-28,#0E2240
Nuggets,DEN,1191.9811,1998-03-14,#0E2240
Nuggets,DEN,1190.3737,1998-03-28,#0E2240
Nuggets,DEN,1200.2028,1998-04-14,#0E2240
Nuggets,DEN,1279.3022,1998-04-28,#0E2240
Nuggets,DEN,1279.3022,1998-06-14,#0E2240
Nuggets,DEN,1274.1449,1999-02-14,#0E2240
Nuggets,DEN,1313.0267,1999-02-28,#0E2240
Nuggets,DEN,1308.9011,1999-03-14,#0E2240
Nuggets,DEN,1294.4272,1999-03-28,#0E2240
Nuggets,DEN,1305.7991,1999-04-14,#0E2240
Nuggets,DEN,1300.7924,1999-04-28,#0E2240
Nuggets,DEN,1347.593,1999-05-14,#0E2240
Nuggets,DEN,1341.0409,1999-11-14,#0E2240
Nuggets,DEN,1384.5491,1999-11-28,#0E2240
Nuggets,DEN,1411.6443,1999-12-14,#0E2240
Nuggets,DEN,1450.5065,1999-12-28,#0E2240
Nuggets,DEN,1414.9247,2000-01-14,#0E2240
Nuggets,DEN,1413.3071,2000-01-28,#0E2240
Nuggets,DEN,1421.1753,2000-02-28,#0E2240
Nuggets,DEN,1397.2599,2000-03-14,#0E2240
Nuggets,DEN,1380.3948,2000-03-28,#0E2240
Nuggets,DEN,1398.5095,2000-04-14,#0E2240
Nuggets,DEN,1432.5206,2000-04-28,#0E2240
Nuggets,DEN,1432.5206,2000-05-14,#0E2240
Nuggets,DEN,1432.5206,2000-05-28,#0E2240
Nuggets,DEN,1432.5206,2000-06-14,#0E2240
Nuggets,DEN,1423.2473,2000-11-14,#0E2240
Nuggets,DEN,1450.7701,2000-11-28,#0E2240
Nuggets,DEN,1451.89,2000-12-14,#0E2240
Nuggets,DEN,1477.291,2000-12-28,#0E2240
Nuggets,DEN,1534.837,2001-01-14,#0E2240
Nuggets,DEN,1530.2804,2001-01-28,#0E2240
Nuggets,DEN,1506.0807,2001-02-14,#0E2240
Nuggets,DEN,1477.8755,2001-02-28,#0E2240
Nuggets,DEN,1448.0719,2001-03-14,#0E2240
Nuggets,DEN,1431.3818,2001-03-28,#0E2240
Nuggets,DEN,1444.9829,2001-04-14,#0E2240
Nuggets,DEN,1478.7849,2001-04-28,#0E2240
Nuggets,DEN,1478.7849,2001-05-14,#0E2240
Nuggets,DEN,1478.7849,2001-05-28,#0E2240
Nuggets,DEN,1473.2769,2001-11-14,#0E2240
Nuggets,DEN,1459.4518,2001-11-28,#0E2240
Nuggets,DEN,1447.9865,2001-12-14,#0E2240
Nuggets,DEN,1428.6599,2001-12-28,#0E2240
Nuggets,DEN,1402.7664,2002-01-14,#0E2240
Nuggets,DEN,1418.5521,2002-01-28,#0E2240
Nuggets,DEN,1419.3815,2002-02-14,#0E2240
Nuggets,DEN,1385.6184,2002-02-28,#0E2240
Nuggets,DEN,1376.2834,2002-03-14,#0E2240
Nuggets,DEN,1342.1157,2002-03-28,#0E2240
Nuggets,DEN,1382.5676,2002-04-14,#0E2240
Nuggets,DEN,1407.3954,2002-04-28,#0E2240
Nuggets,DEN,1407.3954,2002-05-14,#0E2240
Nuggets,DEN,1407.3954,2002-05-28,#0E2240
Nuggets,DEN,1387.3632,2002-11-14,#0E2240
Nuggets,DEN,1369.1282,2002-11-28,#0E2240
Nuggets,DEN,1350.3291,2002-12-14,#0E2240
Nuggets,DEN,1323.0023,2002-12-28,#0E2240
Nuggets,DEN,1346.8026,2003-01-14,#0E2240
Nuggets,DEN,1327.912,2003-01-28,#0E2240
Nuggets,DEN,1319.821,2003-02-14,#0E2240
Nuggets,DEN,1295.1516,2003-02-28,#0E2240
Nuggets,DEN,1298.6786,2003-03-14,#0E2240
Nuggets,DEN,1306.8158,2003-03-28,#0E2240
Nuggets,DEN,1274.8755,2003-04-14,#0E2240
Nuggets,DEN,1348.7203,2003-04-28,#0E2240
Nuggets,DEN,1348.7203,2003-05-14,#0E2240
Nuggets,DEN,1348.7203,2003-10-28,#0E2240
Nuggets,DEN,1384.5999,2003-11-14,#0E2240
Nuggets,DEN,1439.6617,2003-11-28,#0E2240
Nuggets,DEN,1484.1517,2003-12-14,#0E2240
Nuggets,DEN,1499.5203,2003-12-28,#0E2240
Nuggets,DEN,1492.9967,2004-01-14,#0E2240
Nuggets,DEN,1505.0184,2004-01-28,#0E2240
Nuggets,DEN,1504.7219,2004-02-28,#0E2240
Nuggets,DEN,1516.274,2004-03-14,#0E2240
Nuggets,DEN,1509.1818,2004-03-28,#0E2240
Nuggets,DEN,1538.6731,2004-04-14,#0E2240
Nuggets,DEN,1544.4954,2004-04-28,#0E2240
Nuggets,DEN,1529.8325,2004-05-14,#0E2240
Nuggets,DEN,1529.8325,2004-05-28,#0E2240
Nuggets,DEN,1487.9451,2004-11-14,#0E2240
Nuggets,DEN,1527.2021,2004-11-28,#0E2240
Nuggets,DEN,1517.2096,2004-12-14,#0E2240
Nuggets,DEN,1480.8812,2004-12-28,#0E2240
Nuggets,DEN,1444.4989,2005-01-14,#0E2240
Nuggets,DEN,1463.1234,2005-01-28,#0E2240
Nuggets,DEN,1489.968,2005-02-14,#0E2240
Nuggets,DEN,1508.1799,2005-02-28,#0E2240
Nuggets,DEN,1544.4301,2005-03-14,#0E2240
Nuggets,DEN,1576.3003,2005-03-28,#0E2240
Nuggets,DEN,1643.479,2005-04-14,#0E2240
Nuggets,DEN,1610.6621,2005-04-28,#0E2240
Nuggets,DEN,1566.0554,2005-05-14,#0E2240
Nuggets,DEN,1566.0554,2005-05-28,#0E2240
Nuggets,DEN,1566.0554,2005-06-14,#0E2240
Nuggets,DEN,1547.4905,2005-11-14,#0E2240
Nuggets,DEN,1556.4811,2005-11-28,#0E2240
Nuggets,DEN,1544.1938,2005-12-14,#0E2240
Nuggets,DEN,1515.4583,2005-12-28,#0E2240
Nuggets,DEN,1532.7424,2006-01-14,#0E2240
Nuggets,DEN,1529.3975,2006-01-28,#0E2240
Nuggets,DEN,1509.1914,2006-02-14,#0E2240
Nuggets,DEN,1505.2271,2006-02-28,#0E2240
Nuggets,DEN,1541.2886,2006-03-14,#0E2240
Nuggets,DEN,1540.7043,2006-03-28,#0E2240
Nuggets,DEN,1512.0991,2006-04-14,#0E2240
Nuggets,DEN,1479.4375,2006-04-28,#0E2240
Nuggets,DEN,1479.027,2006-05-14,#0E2240
Nuggets,DEN,1479.027,2006-05-28,#0E2240
Nuggets,DEN,1496.4497,2006-11-14,#0E2240
Nuggets,DEN,1507.1782,2006-11-28,#0E2240
Nuggets,DEN,1514.7473,2006-12-14,#0E2240
Nuggets,DEN,1538.7542,2006-12-28,#0E2240
Nuggets,DEN,1490.0966,2007-01-14,#0E2240
Nuggets,DEN,1499.1605,2007-01-28,#0E2240
Nuggets,DEN,1496.4385,2007-02-14,#0E2240
Nuggets,DEN,1491.884,2007-02-28,#0E2240
Nuggets,DEN,1501.2257,2007-03-14,#0E2240
Nuggets,DEN,1522.6641,2007-03-28,#0E2240
Nuggets,DEN,1557.4785,2007-04-14,#0E2240
Nuggets,DEN,1597.2751,2007-04-28,#0E2240
Nuggets,DEN,1568.3818,2007-05-14,#0E2240
Nuggets,DEN,1568.3818,2007-05-28,#0E2240
Nuggets,DEN,1568.3818,2007-06-14,#0E2240
Nuggets,DEN,1576.2386,2007-11-14,#0E2240
Nuggets,DEN,1541.0808,2007-11-28,#0E2240
Nuggets,DEN,1569.3265,2007-12-14,#0E2240
Nuggets,DEN,1565.6858,2007-12-28,#0E2240
Nuggets,DEN,1559.7908,2008-01-14,#0E2240
Nuggets,DEN,1546.3156,2008-01-28,#0E2240
Nuggets,DEN,1590.7155,2008-02-14,#0E2240
Nuggets,DEN,1578.3264,2008-02-28,#0E2240
Nuggets,DEN,1593.9622,2008-03-14,#0E2240
Nuggets,DEN,1625.938,2008-03-28,#0E2240
Nuggets,DEN,1623.0847,2008-04-14,#0E2240
Nuggets,DEN,1585.9337,2008-04-28,#0E2240
Nuggets,DEN,1562.6222,2008-05-14,#0E2240
Nuggets,DEN,1562.6222,2008-05-28,#0E2240
Nuggets,DEN,1562.6222,2008-10-28,#0E2240
Nuggets,DEN,1580.0656,2008-11-14,#0E2240
Nuggets,DEN,1597.4363,2008-11-28,#0E2240
Nuggets,DEN,1627.5194,2008-12-14,#0E2240
Nuggets,DEN,1599.6865,2008-12-28,#0E2240
Nuggets,DEN,1608.402,2009-01-14,#0E2240
Nuggets,DEN,1600.006,2009-01-28,#0E2240
Nuggets,DEN,1586.6996,2009-02-28,#0E2240
Nuggets,DEN,1568.3051,2009-03-14,#0E2240
Nuggets,DEN,1602.3815,2009-03-28,#0E2240
Nuggets,DEN,1607.0234,2009-04-14,#0E2240
Nuggets,DEN,1658.1729,2009-04-28,#0E2240
Nuggets,DEN,1677.3489,2009-05-14,#0E2240
Nuggets,DEN,1661.8495,2009-05-28,#0E2240
Nuggets,DEN,1626.9521,2009-06-14,#0E2240
Nuggets,DEN,1626.9521,2009-10-28,#0E2240
Nuggets,DEN,1647.233,2009-11-14,#0E2240
Nuggets,DEN,1621.7543,2009-11-28,#0E2240
Nuggets,DEN,1634.7837,2009-12-14,#0E2240
Nuggets,DEN,1598.8054,2009-12-28,#0E2240
Nuggets,DEN,1616.0072,2010-01-14,#0E2240
Nuggets,DEN,1623.863,2010-01-28,#0E2240
Nuggets,DEN,1622.8008,2010-02-28,#0E2240
Nuggets,DEN,1649.5223,2010-03-14,#0E2240
Nuggets,DEN,1619.15,2010-03-28,#0E2240
Nuggets,DEN,1612.7534,2010-04-14,#0E2240
Nuggets,DEN,1602.1448,2010-04-28,#0E2240
Nuggets,DEN,1585.5883,2010-05-28,#0E2240
Nuggets,DEN,1576.9126,2010-10-28,#0E2240
Nuggets,DEN,1575.9829,2010-11-14,#0E2240
Nuggets,DEN,1594.4415,2010-11-28,#0E2240
Nuggets,DEN,1602.5374,2010-12-14,#0E2240
Nuggets,DEN,1582.3979,2010-12-28,#0E2240
Nuggets,DEN,1572.4042,2011-01-14,#0E2240
Nuggets,DEN,1587.0505,2011-01-28,#0E2240
Nuggets,DEN,1526.1858,2011-02-14,#0E2240
Nuggets,DEN,1562.6792,2011-02-28,#0E2240
Nuggets,DEN,1608.5138,2011-03-14,#0E2240
Nuggets,DEN,1628.2106,2011-03-28,#0E2240
Nuggets,DEN,1619.9843,2011-04-28,#0E2240
Nuggets,DEN,1624.0615,2011-12-28,#0E2240
Nuggets,DEN,1592.812,2012-01-14,#0E2240
Nuggets,DEN,1622.1296,2012-01-28,#0E2240
Nuggets,DEN,1577.2579,2012-02-14,#0E2240
Nuggets,DEN,1550.21,2012-02-28,#0E2240
Nuggets,DEN,1555.4645,2012-03-14,#0E2240
Nuggets,DEN,1536.5413,2012-03-28,#0E2240
Nuggets,DEN,1552.7209,2012-04-14,#0E2240
Nuggets,DEN,1594.179,2012-04-28,#0E2240
Nuggets,DEN,1568.7308,2012-05-14,#0E2240
Nuggets,DEN,1568.7308,2012-05-28,#0E2240
Nuggets,DEN,1568.7308,2012-06-14,#0E2240
Nuggets,DEN,1566.0193,2012-11-14,#0E2240
Nuggets,DEN,1577.942,2012-11-28,#0E2240
Nuggets,DEN,1574.022,2012-12-14,#0E2240
Nuggets,DEN,1603.2145,2012-12-28,#0E2240
Nuggets,DEN,1623.3898,2013-01-14,#0E2240
Nuggets,DEN,1623.5964,2013-01-28,#0E2240
Nuggets,DEN,1630.0831,2013-02-14,#0E2240
Nuggets,DEN,1635.4941,2013-02-28,#0E2240
Nuggets,DEN,1676.5928,2013-03-14,#0E2240
Nuggets,DEN,1670.1791,2013-03-28,#0E2240
Nuggets,DEN,1689.7233,2013-04-14,#0E2240
Nuggets,DEN,1652.4824,2013-04-28,#0E2240
Nuggets,DEN,1608.2377,2013-05-14,#0E2240
Nuggets,DEN,1608.2377,2013-05-28,#0E2240
Nuggets,DEN,1581.9523,2013-11-14,#0E2240
Nuggets,DEN,1595.7112,2013-12-14,#0E2240
Nuggets,DEN,1525.4508,2013-12-28,#0E2240
Nuggets,DEN,1550.802,2014-01-14,#0E2240
Nuggets,DEN,1531.7637,2014-01-28,#0E2240
Nuggets,DEN,1413.1333,2014-02-28,#0E2240
Nuggets,DEN,1438.4253,2014-03-14,#0E2240
Nuggets,DEN,1440.2063,2014-03-28,#0E2240
Nuggets,DEN,1467.7264,2014-04-14,#0E2240
Nuggets,DEN,1477.7131,2014-04-28,#0E2240
Nuggets,DEN,1477.7131,2014-05-14,#0E2240
Nuggets,DEN,1477.7131,2014-05-28,#0E2240
Nuggets,DEN,1477.7131,2014-10-28,#0E2240
Nuggets,DEN,1450.3273,2014-11-14,#0E2240
Nuggets,DEN,1506.542,2014-11-28,#0E2240
Nuggets,DEN,1487.8439,2014-12-14,#0E2240
Nuggets,DEN,1460.1077,2014-12-28,#0E2240
Nuggets,DEN,1503.7319,2015-01-14,#0E2240
Nuggets,DEN,1469.5442,2015-01-28,#0E2240
Nuggets,DEN,1353.3379,2015-02-28,#0E2240
Nuggets,DEN,1442.5758,2015-03-14,#0E2240
Nuggets,DEN,1430.662,2015-03-28,#0E2240
Nuggets,DEN,1422.3618,2015-04-14,#0E2240
Nets,NJA,1288.8176,1967-10-28,#002A60
Nets,NJA,1279.5977,1967-11-14,#002A60
Nets,NJA,1250.7856,1967-11-28,#002A60
Nets,NJA,1254.2521,1967-12-14,#002A60
Nets,NJA,1238.2958,1967-12-28,#002A60
Nets,NJA,1281.631,1968-01-14,#002A60
Nets,NJA,1280.9946,1968-01-28,#002A60
Nets,NJA,1295.0179,1968-02-14,#002A60
Nets,NJA,1282.4253,1968-02-28,#002A60
Nets,NJA,1302.1143,1968-03-14,#002A60
Nets,NYA,1331.4583,1968-03-28,#002A60
Nets,NYA,1331.4583,1968-04-14,#002A60
Nets,NYA,1331.4583,1968-04-28,#002A60
Nets,NYA,1354.7606,1968-10-28,#002A60
Nets,NYA,1334.5994,1968-11-14,#002A60
Nets,NYA,1311.7737,1968-11-28,#002A60
Nets,NYA,1300.3027,1968-12-14,#002A60
Nets,NYA,1261.2754,1968-12-28,#002A60
Nets,NYA,1254.6147,1969-01-14,#002A60
Nets,NYA,1194.1959,1969-01-28,#002A60
Nets,NYA,1198.4438,1969-02-14,#002A60
Nets,NYA,1187.5306,1969-02-28,#002A60
Nets,NYA,1159.2981,1969-03-14,#002A60
Nets,NYA,1121.4919,1969-03-28,#002A60
Nets,NYA,1200.6407,1969-04-14,#002A60
Nets,NYA,1200.6407,1969-10-14,#002A60
Nets,NYA,1211.6846,1969-10-28,#002A60
Nets,NYA,1207.5522,1969-11-14,#002A60
Nets,NYA,1273.5214,1969-11-28,#002A60
Nets,NYA,1311.4131,1969-12-14,#002A60
Nets,NYA,1271.7898,1969-12-28,#002A60
Nets,NYA,1297.8457,1970-01-14,#002A60
Nets,NYA,1306.4561,1970-01-28,#002A60
Nets,NYA,1362.7051,1970-02-14,#002A60
Nets,NYA,1391.9459,1970-02-28,#002A60
Nets,NYA,1382.1552,1970-03-14,#002A60
Nets,NYA,1375.584,1970-03-28,#002A60
Nets,NYA,1365.248,1970-04-14,#002A60
Nets,NYA,1366.2285,1970-04-28,#002A60
Nets,NYA,1391.4944,1970-10-14,#002A60
Nets,NYA,1391.2041,1970-10-28,#002A60
Nets,NYA,1412.1838,1970-11-14,#002A60
Nets,NYA,1378.067,1970-11-28,#002A60
Nets,NYA,1374.2767,1970-12-28,#002A60
Nets,NYA,1350.4753,1971-01-14,#002A60
Nets,NYA,1355.7592,1971-01-28,#002A60
Nets,NYA,1360.8502,1971-02-14,#002A60
Nets,NYA,1430.4672,1971-02-28,#002A60
Nets,NYA,1458.9124,1971-03-14,#002A60
Nets,NYA,1429.6836,1971-03-28,#002A60
Nets,NYA,1437.7152,1971-04-14,#002A60
Nets,NYA,1437.7152,1971-04-28,#002A60
Nets,NYA,1437.7152,1971-10-14,#002A60
Nets,NYA,1431.3032,1971-10-28,#002A60
Nets,NYA,1438.3654,1971-11-14,#002A60
Nets,NYA,1410.6101,1971-11-28,#002A60
Nets,NYA,1401.0526,1971-12-14,#002A60
Nets,NYA,1422.3347,1971-12-28,#002A60
Nets,NYA,1429.0691,1972-01-14,#002A60
Nets,NYA,1449.2388,1972-01-28,#002A60
Nets,NYA,1427.1552,1972-02-14,#002A60
Nets,NYA,1466.7097,1972-03-14,#002A60
Nets,NYA,1469.6281,1972-03-28,#002A60
Nets,NYA,1492.1658,1972-04-14,#002A60
Nets,NYA,1490.1564,1972-10-14,#002A60
Nets,NYA,1482.6743,1972-10-28,#002A60
Nets,NYA,1443.7896,1972-11-14,#002A60
Nets,NYA,1446.6844,1972-11-28,#002A60
Nets,NYA,1389.2323,1972-12-14,#002A60
Nets,NYA,1363.4246,1972-12-28,#002A60
Nets,NYA,1367.1576,1973-01-14,#002A60
Nets,NYA,1369.1326,1973-01-28,#002A60
Nets,NYA,1330.3972,1973-02-14,#002A60
Nets,NYA,1375.0385,1973-02-28,#002A60
Nets,NYA,1356.7137,1973-03-14,#002A60
Nets,NYA,1325.072,1973-03-28,#002A60
Nets,NYA,1363.6758,1973-04-14,#002A60
Nets,NYA,1363.6758,1973-04-28,#002A60
Nets,NYA,1395.66,1973-10-14,#002A60
Nets,NYA,1398.1931,1973-10-28,#002A60
Nets,NYA,1408.2137,1973-11-14,#002A60
Nets,NYA,1501.3049,1973-11-28,#002A60
Nets,NYA,1565.7136,1973-12-14,#002A60
Nets,NYA,1571.7795,1973-12-28,#002A60
Nets,NYA,1564.4725,1974-01-14,#002A60
Nets,NYA,1563.5029,1974-01-28,#002A60
Nets,NYA,1571.304,1974-02-14,#002A60
Nets,NYA,1573.4766,1974-02-28,#002A60
Nets,NYA,1579.207,1974-03-14,#002A60
Nets,NYA,1598.2604,1974-03-28,#002A60
Nets,NYA,1625.1732,1974-04-14,#002A60
Nets,NYA,1648.2656,1974-04-28,#002A60
Nets,NYA,1627.842,1974-11-14,#002A60
Nets,NYA,1620.9915,1974-11-28,#002A60
Nets,NYA,1648.6316,1974-12-14,#002A60
Nets,NYA,1644.2231,1974-12-28,#002A60
Nets,NYA,1629.7001,1975-01-14,#002A60
Nets,NYA,1653.2975,1975-01-28,#002A60
Nets,NYA,1642.4794,1975-02-14,#002A60
Nets,NYA,1639.8446,1975-02-28,#002A60
Nets,NYA,1639.4757,1975-03-14,#002A60
Nets,NYA,1636.5977,1975-03-28,#002A60
Nets,NYA,1568.5818,1975-04-14,#002A60
Nets,NYA,1567.4674,1975-04-28,#002A60
Nets,NYA,1567.4674,1975-05-14,#002A60
Nets,NYA,1568.3186,1975-10-28,#002A60
Nets,NYA,1571.0524,1975-11-14,#002A60
Nets,NYA,1566.4196,1975-11-28,#002A60
Nets,NYA,1591.8121,1975-12-14,#002A60
Nets,NYA,1585.8645,1975-12-28,#002A60
Nets,NYA,1604.7513,1976-01-14,#002A60
Nets,NYA,1545.6121,1976-01-28,#002A60
Nets,NYA,1532.3904,1976-02-14,#002A60
Nets,NYA,1556.9321,1976-02-28,#002A60
Nets,NYA,1573.8882,1976-03-14,#002A60
Nets,NYA,1604.3716,1976-03-28,#002A60
Nets,NYA,1582.8516,1976-04-14,#002A60
Nets,NYA,1606.1465,1976-04-28,#002A60
Nets,NYN,1592.0676,1976-05-14,#002A60
Nets,NYN,1566.4891,1976-10-28,#002A60
Nets,NYN,1526.5282,1976-11-14,#002A60
Nets,NYN,1530.8202,1976-11-28,#002A60
Nets,NYN,1511.7494,1976-12-14,#002A60
Nets,NYN,1472.9808,1976-12-28,#002A60
Nets,NYN,1391.5613,1977-01-14,#002A60
Nets,NYN,1354.6909,1977-01-28,#002A60
Nets,NYN,1346.876,1977-03-14,#002A60
Nets,NJN,1338.7395,1977-04-14,#002A60
Nets,NJN,1331.7268,1977-10-28,#002A60
Nets,NJN,1299.7917,1977-11-28,#002A60
Nets,NJN,1329.9436,1977-12-14,#002A60
Nets,NJN,1323.9167,1977-12-28,#002A60
Nets,NJN,1330.4398,1978-01-14,#002A60
Nets,NJN,1303.2703,1978-01-28,#002A60
Nets,NJN,1323.3854,1978-02-14,#002A60
Nets,NJN,1328.2646,1978-02-28,#002A60
Nets,NJN,1344.2047,1978-03-14,#002A60
Nets,NJN,1397.3586,1978-03-28,#002A60
Nets,NJN,1432.2729,1978-04-14,#002A60
Nets,NJN,1432.2729,1978-04-28,#002A60
Nets,NJN,1432.2729,1978-05-14,#002A60
Nets,NJN,1432.2729,1978-05-28,#002A60
Nets,NJN,1437.6613,1978-10-14,#002A60
Nets,NJN,1433.7795,1978-10-28,#002A60
Nets,NJN,1480.4568,1978-11-14,#002A60
Nets,NJN,1432.3992,1978-11-28,#002A60
Nets,NJN,1462.6687,1978-12-14,#002A60
Nets,NJN,1428.3779,1978-12-28,#002A60
Nets,NJN,1441.2917,1979-01-14,#002A60
Nets,NJN,1448.4637,1979-01-28,#002A60
Nets,NJN,1444.2362,1979-02-14,#002A60
Nets,NJN,1472.3774,1979-02-28,#002A60
Nets,NJN,1435.7094,1979-03-14,#002A60
Nets,NJN,1415.71,1979-03-28,#002A60
Nets,NJN,1415.8246,1979-10-14,#002A60
Nets,NJN,1387.9585,1979-10-28,#002A60
Nets,NJN,1397.0599,1979-11-14,#002A60
Nets,NJN,1444.8344,1979-11-28,#002A60
Nets,NJN,1442.7537,1979-12-14,#002A60
Nets,NJN,1449.6578,1979-12-28,#002A60
Nets,NJN,1461.2355,1980-01-28,#002A60
Nets,NJN,1477.2242,1980-02-14,#002A60
Nets,NJN,1449.3309,1980-02-28,#002A60
Nets,NJN,1477.6793,1980-03-14,#002A60
Nets,NJN,1475.2465,1980-03-28,#002A60
Nets,NJN,1452.7227,1980-04-14,#002A60
Nets,NJN,1452.7227,1980-05-14,#002A60
Nets,NJN,1457.5341,1980-10-14,#002A60
Nets,NJN,1443.5154,1980-10-28,#002A60
Nets,NJN,1429.0145,1980-11-14,#002A60
Nets,NJN,1408.8494,1980-11-28,#002A60
Nets,NJN,1406.9998,1980-12-14,#002A60
Nets,NJN,1378.392,1980-12-28,#002A60
Nets,NJN,1345.0341,1981-01-14,#002A60
Nets,NJN,1346.137,1981-01-28,#002A60
Nets,NJN,1344.0929,1981-02-14,#002A60
Nets,NJN,1288.583,1981-02-28,#002A60
Nets,NJN,1317.7402,1981-03-14,#002A60
Nets,NJN,1331.5721,1981-03-28,#002A60
Nets,NJN,1368.9069,1981-04-14,#002A60
Nets,NJN,1368.9069,1981-05-14,#002A60
Nets,NJN,1360.0239,1981-11-14,#002A60
Nets,NJN,1365.1075,1981-11-28,#002A60
Nets,NJN,1423.1263,1981-12-28,#002A60
Nets,NJN,1463.64,1982-01-14,#002A60
Nets,NJN,1486.7095,1982-01-28,#002A60
Nets,NJN,1512.0291,1982-02-14,#002A60
Nets,NJN,1504.3903,1982-02-28,#002A60
Nets,NJN,1521.2224,1982-03-14,#002A60
Nets,NJN,1515.307,1982-03-28,#002A60
Nets,NJN,1539.6295,1982-04-14,#002A60
Nets,NJN,1543.8845,1982-04-28,#002A60
Nets,NJN,1543.8845,1982-05-14,#002A60
Nets,NJN,1513.8413,1982-11-14,#002A60
Nets,NJN,1535.4512,1982-11-28,#002A60
Nets,NJN,1547.3202,1982-12-14,#002A60
Nets,NJN,1561.8788,1982-12-28,#002A60
Nets,NJN,1602.8387,1983-01-14,#002A60
Nets,NJN,1591.2834,1983-01-28,#002A60
Nets,NJN,1568.2446,1983-04-14,#002A60
Nets,NJN,1553.0487,1983-05-14,#002A60
Nets,NJN,1553.0487,1983-10-28,#002A60
Nets,NJN,1528.845,1983-11-28,#002A60
Nets,NJN,1544.5869,1983-12-14,#002A60
Nets,NJN,1504.8842,1983-12-28,#002A60
Nets,NJN,1520.9586,1984-01-14,#002A60
Nets,NJN,1520.9907,1984-02-14,#002A60
Nets,NJN,1532.6493,1984-02-28,#002A60
Nets,NJN,1556.5255,1984-03-14,#002A60
Nets,NJN,1570.4648,1984-03-28,#002A60
Nets,NJN,1573.6689,1984-04-14,#002A60
Nets,NJN,1601.0082,1984-04-28,#002A60
Nets,NJN,1533.5597,1984-10-28,#002A60
Nets,NJN,1523.6433,1984-11-14,#002A60
Nets,NJN,1545.0607,1984-11-28,#002A60
Nets,NJN,1522.821,1984-12-14,#002A60
Nets,NJN,1517.0413,1984-12-28,#002A60
Nets,NJN,1518.6403,1985-01-14,#002A60
Nets,NJN,1510.9127,1985-01-28,#002A60
Nets,NJN,1550.0592,1985-02-14,#002A60
Nets,NJN,1556.9563,1985-02-28,#002A60
Nets,NJN,1501.8147,1985-03-14,#002A60
Nets,NJN,1484.4014,1985-03-28,#002A60
Nets,NJN,1540.637,1985-04-14,#002A60
Nets,NJN,1523.7159,1985-04-28,#002A60
Nets,NJN,1523.7159,1985-05-14,#002A60
Nets,NJN,1501.6052,1985-11-14,#002A60
Nets,NJN,1520.6438,1985-12-14,#002A60
Nets,NJN,1539.3081,1985-12-28,#002A60
Nets,NJN,1529.402,1986-01-14,#002A60
Nets,NJN,1544.1818,1986-01-28,#002A60
Nets,NJN,1493.9591,1986-02-14,#002A60
Nets,NJN,1466.4194,1986-02-28,#002A60
Nets,NJN,1440.548,1986-03-14,#002A60
Nets,NJN,1453.7446,1986-03-28,#002A60
Nets,NJN,1427.9578,1986-11-14,#002A60
Nets,NJN,1391.5159,1986-11-28,#002A60
Nets,NJN,1399.2413,1986-12-14,#002A60
Nets,NJN,1435.8888,1986-12-28,#002A60
Nets,NJN,1427.8317,1987-01-14,#002A60
Nets,NJN,1400.3352,1987-01-28,#002A60
Nets,NJN,1365.3684,1987-02-14,#002A60
Nets,NJN,1374.8282,1987-02-28,#002A60
Nets,NJN,1438.3278,1987-03-14,#002A60
Nets,NJN,1412.6526,1987-03-28,#002A60
Nets,NJN,1396.1327,1987-04-14,#002A60
Nets,NJN,1402.6949,1987-04-28,#002A60
Nets,NJN,1402.6949,1987-05-14,#002A60
Nets,NJN,1402.6949,1987-05-28,#002A60
Nets,NJN,1402.6949,1987-06-14,#002A60
Nets,NJN,1382.9904,1987-11-14,#002A60
Nets,NJN,1363.5997,1987-11-28,#002A60
Nets,NJN,1328.0132,1987-12-14,#002A60
Nets,NJN,1330.493,1987-12-28,#002A60
Nets,NJN,1325.5393,1988-01-14,#002A60
Nets,NJN,1308.2915,1988-01-28,#002A60
Nets,NJN,1354.9756,1988-02-14,#002A60
Nets,NJN,1330.7596,1988-02-28,#002A60
Nets,NJN,1355.7219,1988-03-14,#002A60
Nets,NJN,1356.6133,1988-03-28,#002A60
Nets,NJN,1324.8201,1988-04-14,#002A60
Nets,NJN,1369.2283,1988-04-28,#002A60
Nets,NJN,1369.2283,1988-05-14,#002A60
Nets,NJN,1369.2283,1988-05-28,#002A60
Nets,NJN,1369.2283,1988-06-14,#002A60
Nets,NJN,1387.9452,1988-11-14,#002A60
Nets,NJN,1400.3741,1988-11-28,#002A60
Nets,NJN,1383.5989,1988-12-14,#002A60
Nets,NJN,1391.3081,1988-12-28,#002A60
Nets,NJN,1388.5963,1989-01-14,#002A60
Nets,NJN,1371.814,1989-01-28,#002A60
Nets,NJN,1379.8297,1989-02-14,#002A60
Nets,NJN,1362.6294,1989-02-28,#002A60
Nets,NJN,1345.4263,1989-03-14,#002A60
Nets,NJN,1321.5768,1989-03-28,#002A60
Nets,NJN,1339.6143,1989-04-14,#002A60
Nets,NJN,1372.3248,1989-04-28,#002A60
Nets,NJN,1372.3248,1989-05-14,#002A60
Nets,NJN,1372.3248,1989-05-28,#002A60
Nets,NJN,1371.0111,1989-11-14,#002A60
Nets,NJN,1300.9529,1989-11-28,#002A60
Nets,NJN,1326.6207,1989-12-14,#002A60
Nets,NJN,1326.6763,1989-12-28,#002A60
Nets,NJN,1333.1643,1990-01-14,#002A60
Nets,NJN,1312.5786,1990-01-28,#002A60
Nets,NJN,1295.6306,1990-02-14,#002A60
Nets,NJN,1269.6375,1990-02-28,#002A60
Nets,NJN,1275.6538,1990-03-14,#002A60
Nets,NJN,1256.3112,1990-03-28,#002A60
Nets,NJN,1229.4768,1990-04-14,#002A60
Nets,NJN,1278.7744,1990-04-28,#002A60
Nets,NJN,1278.7744,1990-05-28,#002A60
Nets,NJN,1278.7744,1990-06-14,#002A60
Nets,NJN,1294.52,1990-11-14,#002A60
Nets,NJN,1310.8395,1990-11-28,#002A60
Nets,NJN,1307.4528,1990-12-14,#002A60
Nets,NJN,1317.8907,1990-12-28,#002A60
Nets,NJN,1297.299,1991-01-14,#002A60
Nets,NJN,1343.1901,1991-01-28,#002A60
Nets,NJN,1359.2064,1991-02-14,#002A60
Nets,NJN,1384.2858,1991-02-28,#002A60
Nets,NJN,1365.7222,1991-03-14,#002A60
Nets,NJN,1342.301,1991-03-28,#002A60
Nets,NJN,1306.5658,1991-04-14,#002A60
Nets,NJN,1382.6237,1991-04-28,#002A60
Nets,NJN,1382.6237,1991-05-14,#002A60
Nets,NJN,1382.6237,1991-05-28,#002A60
Nets,NJN,1333.3384,1991-11-14,#002A60
Nets,NJN,1344.8463,1991-12-14,#002A60
Nets,NJN,1394.519,1991-12-28,#002A60
Nets,NJN,1412.4639,1992-01-14,#002A60
Nets,NJN,1438.764,1992-01-28,#002A60
Nets,NJN,1430.6941,1992-02-14,#002A60
Nets,NJN,1468.6088,1992-02-28,#002A60
Nets,NJN,1476.6522,1992-03-14,#002A60
Nets,NJN,1453.765,1992-03-28,#002A60
Nets,NJN,1510.0931,1992-04-14,#002A60
Nets,NJN,1503.3037,1992-04-28,#002A60
Nets,NJN,1503.7487,1992-05-14,#002A60
Nets,NJN,1503.7487,1992-05-28,#002A60
Nets,NJN,1503.7487,1992-06-14,#002A60
Nets,NJN,1482.8932,1992-11-14,#002A60
Nets,NJN,1477.6538,1992-11-28,#002A60
Nets,NJN,1484.4204,1992-12-14,#002A60
Nets,NJN,1495.9868,1992-12-28,#002A60
Nets,NJN,1507.8313,1993-01-14,#002A60
Nets,NJN,1504.6223,1993-01-28,#002A60
Nets,NJN,1518.9803,1993-02-14,#002A60
Nets,NJN,1514.7322,1993-02-28,#002A60
Nets,NJN,1586.1265,1993-03-14,#002A60
Nets,NJN,1568.4857,1993-03-28,#002A60
Nets,NJN,1523.4766,1993-04-14,#002A60
Nets,NJN,1504.1041,1993-05-14,#002A60
Nets,NJN,1504.1041,1993-05-28,#002A60
Nets,NJN,1529.5378,1993-11-14,#002A60
Nets,NJN,1477.9337,1993-11-28,#002A60
Nets,NJN,1507.2302,1993-12-14,#002A60
Nets,NJN,1518.2305,1993-12-28,#002A60
Nets,NJN,1470.3704,1994-01-14,#002A60
Nets,NJN,1518.1648,1994-01-28,#002A60
Nets,NJN,1545.2395,1994-02-28,#002A60
Nets,NJN,1513.193,1994-03-14,#002A60
Nets,NJN,1538.8948,1994-03-28,#002A60
Nets,NJN,1549.7296,1994-04-14,#002A60
Nets,NJN,1551.9691,1994-04-28,#002A60
Nets,NJN,1530.0326,1994-05-14,#002A60
Nets,NJN,1530.0326,1994-05-28,#002A60
Nets,NJN,1498.865,1994-11-14,#002A60
Nets,NJN,1491.7047,1994-11-28,#002A60
Nets,NJN,1482.1686,1994-12-14,#002A60
Nets,NJN,1466.842,1994-12-28,#002A60
Nets,NJN,1462.4139,1995-01-14,#002A60
Nets,NJN,1446.8696,1995-01-28,#002A60
Nets,NJN,1446.1003,1995-02-14,#002A60
Nets,NJN,1415.3583,1995-02-28,#002A60
Nets,NJN,1462.3101,1995-03-14,#002A60
Nets,NJN,1420.4937,1995-03-28,#002A60
Nets,NJN,1369.8311,1995-04-14,#002A60
Nets,NJN,1390.3868,1995-04-28,#002A60
Nets,NJN,1390.3868,1995-05-14,#002A60
Nets,NJN,1390.3868,1995-05-28,#002A60
Nets,NJN,1390.3868,1995-06-14,#002A60
Nets,NJN,1412.7537,1995-11-14,#002A60
Nets,NJN,1392.657,1995-11-28,#002A60
Nets,NJN,1415.3262,1995-12-14,#002A60
Nets,NJN,1403.7958,1995-12-28,#002A60
Nets,NJN,1372.125,1996-01-14,#002A60
Nets,NJN,1377.7263,1996-01-28,#002A60
Nets,NJN,1407.8221,1996-02-14,#002A60
Nets,NJN,1424.7592,1996-02-28,#002A60
Nets,NJN,1404.9658,1996-03-14,#002A60
Nets,NJN,1402.3929,1996-03-28,#002A60
Nets,NJN,1336.6782,1996-04-14,#002A60
Nets,NJN,1361.1584,1996-04-28,#002A60
Nets,NJN,1361.1584,1996-05-14,#002A60
Nets,NJN,1361.1584,1996-05-28,#002A60
Nets,NJN,1361.1584,1996-06-14,#002A60
Nets,NJN,1336.2294,1996-11-14,#002A60
Nets,NJN,1342.6031,1996-11-28,#002A60
Nets,NJN,1360.1343,1996-12-14,#002A60
Nets,NJN,1376.1115,1996-12-28,#002A60
Nets,NJN,1340.7645,1997-01-14,#002A60
Nets,NJN,1326.6213,1997-01-28,#002A60
Nets,NJN,1362.7845,1997-02-14,#002A60
Nets,NJN,1357.7542,1997-02-28,#002A60
Nets,NJN,1357.1879,1997-03-14,#002A60
Nets,NJN,1396.4425,1997-03-28,#002A60
Nets,NJN,1367.1028,1997-04-14,#002A60
Nets,NJN,1436.7822,1997-04-28,#002A60
Nets,NJN,1436.7822,1997-05-14,#002A60
Nets,NJN,1436.7822,1997-05-28,#002A60
Nets,NJN,1447.8265,1997-11-14,#002A60
Nets,NJN,1496.2391,1997-11-28,#002A60
Nets,NJN,1489.3167,1997-12-14,#002A60
Nets,NJN,1499.8064,1997-12-28,#002A60
Nets,NJN,1500.6796,1998-01-14,#002A60
Nets,NJN,1545.4275,1998-01-28,#002A60
Nets,NJN,1564.375,1998-02-14,#002A60
Nets,NJN,1521.3885,1998-02-28,#002A60
Nets,NJN,1503.3177,1998-03-14,#002A60
Nets,NJN,1502.0647,1998-03-28,#002A60
Nets,NJN,1519.4724,1998-04-14,#002A60
Nets,NJN,1505.9932,1998-04-28,#002A60
Nets,NJN,1502.4205,1998-06-14,#002A60
Nets,NJN,1477.2034,1999-02-14,#002A60
Nets,NJN,1457.14,1999-02-28,#002A60
Nets,NJN,1407.6759,1999-03-14,#002A60
Nets,NJN,1378.1483,1999-03-28,#002A60
Nets,NJN,1387.6389,1999-04-14,#002A60
Nets,NJN,1441.3544,1999-04-28,#002A60
Nets,NJN,1453.0813,1999-05-14,#002A60
Nets,NJN,1414.5208,1999-11-14,#002A60
Nets,NJN,1383.5018,1999-11-28,#002A60
Nets,NJN,1423.6101,1999-12-14,#002A60
Nets,NJN,1464.277,1999-12-28,#002A60
Nets,NJN,1462.4777,2000-01-14,#002A60
Nets,NJN,1446.7671,2000-01-28,#002A60
Nets,NJN,1452.7924,2000-02-28,#002A60
Nets,NJN,1529.7585,2000-03-14,#002A60
Nets,NJN,1517.2604,2000-03-28,#002A60
Nets,NJN,1439.5614,2000-04-14,#002A60
Nets,NJN,1436.5286,2000-04-28,#002A60
Nets,NJN,1436.5286,2000-05-14,#002A60
Nets,NJN,1436.5286,2000-05-28,#002A60
Nets,NJN,1436.5286,2000-06-14,#002A60
Nets,NJN,1457.8899,2000-11-14,#002A60
Nets,NJN,1452.9613,2000-11-28,#002A60
Nets,NJN,1414.5258,2000-12-14,#002A60
Nets,NJN,1373.4227,2000-12-28,#002A60
Nets,NJN,1369.6725,2001-01-14,#002A60
Nets,NJN,1354.0995,2001-01-28,#002A60
Nets,NJN,1349.4606,2001-02-14,#002A60
Nets,NJN,1361.8716,2001-02-28,#002A60
Nets,NJN,1388.8949,2001-03-14,#002A60
Nets,NJN,1396.7855,2001-03-28,#002A60
Nets,NJN,1351.1989,2001-04-14,#002A60
Nets,NJN,1386.601,2001-04-28,#002A60
Nets,NJN,1386.601,2001-05-14,#002A60
Nets,NJN,1386.601,2001-05-28,#002A60
Nets,NJN,1454.444,2001-11-14,#002A60
Nets,NJN,1437.2769,2001-11-28,#002A60
Nets,NJN,1478.7018,2001-12-14,#002A60
Nets,NJN,1512.1058,2001-12-28,#002A60
Nets,NJN,1529.8922,2002-01-14,#002A60
Nets,NJN,1558.871,2002-01-28,#002A60
Nets,NJN,1557.5491,2002-02-14,#002A60
Nets,NJN,1570.7611,2002-02-28,#002A60
Nets,NJN,1559.4719,2002-03-14,#002A60
Nets,NJN,1579.2703,2002-03-28,#002A60
Nets,NJN,1567.2369,2002-04-14,#002A60
Nets,NJN,1547.9767,2002-04-28,#002A60
Nets,NJN,1579.5206,2002-05-14,#002A60
Nets,NJN,1587.6899,2002-05-28,#002A60
Nets,NJN,1589.3696,2002-11-14,#002A60
Nets,NJN,1575.923,2002-11-28,#002A60
Nets,NJN,1603.0325,2002-12-14,#002A60
Nets,NJN,1639.6617,2002-12-28,#002A60
Nets,NJN,1631.993,2003-01-14,#002A60
Nets,NJN,1634.5873,2003-01-28,#002A60
Nets,NJN,1621.796,2003-02-14,#002A60
Nets,NJN,1578.5348,2003-02-28,#002A60
Nets,NJN,1571.6509,2003-03-14,#002A60
Nets,NJN,1570.8739,2003-03-28,#002A60
Nets,NJN,1549.1521,2003-04-14,#002A60
Nets,NJN,1546.9092,2003-04-28,#002A60
Nets,NJN,1602.6924,2003-05-14,#002A60
Nets,NJN,1578.5491,2003-10-28,#002A60
Nets,NJN,1558.3882,2003-11-14,#002A60
Nets,NJN,1578.621,2003-11-28,#002A60
Nets,NJN,1556.6945,2003-12-14,#002A60
Nets,NJN,1566.6563,2003-12-28,#002A60
Nets,NJN,1580.4711,2004-01-14,#002A60
Nets,NJN,1564.5864,2004-01-28,#002A60
Nets,NJN,1640.0796,2004-02-28,#002A60
Nets,NJN,1598.9578,2004-03-14,#002A60
Nets,NJN,1547.1207,2004-03-28,#002A60
Nets,NJN,1525.3848,2004-04-14,#002A60
Nets,NJN,1549.1964,2004-04-28,#002A60
Nets,NJN,1591.1345,2004-05-14,#002A60
Nets,NJN,1530.45,2004-05-28,#002A60
Nets,NJN,1468.3269,2004-11-14,#002A60
Nets,NJN,1420.2635,2004-11-28,#002A60
Nets,NJN,1417.2504,2004-12-14,#002A60
Nets,NJN,1422.3032,2004-12-28,#002A60
Nets,NJN,1392.4116,2005-01-14,#002A60
Nets,NJN,1435.1022,2005-01-28,#002A60
Nets,NJN,1472.6155,2005-02-14,#002A60
Nets,NJN,1466.4929,2005-02-28,#002A60
Nets,NJN,1460.5117,2005-03-14,#002A60
Nets,NJN,1462.1323,2005-03-28,#002A60
Nets,NJN,1524.7479,2005-04-14,#002A60
Nets,NJN,1535.567,2005-04-28,#002A60
Nets,NJN,1496.5869,2005-05-14,#002A60
Nets,NJN,1496.5869,2005-05-28,#002A60
Nets,NJN,1496.5869,2005-06-14,#002A60
Nets,NJN,1504.3354,2005-11-14,#002A60
Nets,NJN,1521.2216,2005-11-28,#002A60
Nets,NJN,1465.96,2005-12-14,#002A60
Nets,NJN,1542.4568,2005-12-28,#002A60
Nets,NJN,1530.1116,2006-01-14,#002A60
Nets,NJN,1513.0177,2006-01-28,#002A60
Nets,NJN,1536.0677,2006-02-14,#002A60
Nets,NJN,1518.3473,2006-02-28,#002A60
Nets,NJN,1525.0321,2006-03-14,#002A60
Nets,NJN,1607.3856,2006-03-28,#002A60
Nets,NJN,1582.3551,2006-04-14,#002A60
Nets,NJN,1558.2307,2006-04-28,#002A60
Nets,NJN,1547.05,2006-05-14,#002A60
Nets,NJN,1538.7128,2006-05-28,#002A60
Nets,NJN,1540.0972,2006-11-14,#002A60
Nets,NJN,1480.4855,2006-11-28,#002A60
Nets,NJN,1472.0864,2006-12-14,#002A60
Nets,NJN,1458.4019,2006-12-28,#002A60
Nets,NJN,1486.9056,2007-01-14,#002A60
Nets,NJN,1518.8369,2007-01-28,#002A60
Nets,NJN,1470.4779,2007-02-14,#002A60
Nets,NJN,1466.8889,2007-02-28,#002A60
Nets,NJN,1459.0457,2007-03-14,#002A60
Nets,NJN,1470.3478,2007-03-28,#002A60
Nets,NJN,1490.0648,2007-04-14,#002A60
Nets,NJN,1539.0807,2007-04-28,#002A60
Nets,NJN,1536.2958,2007-05-14,#002A60
Nets,NJN,1538.7743,2007-05-28,#002A60
Nets,NJN,1538.7743,2007-06-14,#002A60
Nets,NJN,1480.7957,2007-11-14,#002A60
Nets,NJN,1457.1298,2007-11-28,#002A60
Nets,NJN,1445.1238,2007-12-14,#002A60
Nets,NJN,1439.5986,2007-12-28,#002A60
Nets,NJN,1430.7936,2008-01-14,#002A60
Nets,NJN,1389.6165,2008-01-28,#002A60
Nets,NJN,1430.9858,2008-02-14,#002A60
Nets,NJN,1428.6094,2008-02-28,#002A60
Nets,NJN,1417.9528,2008-03-14,#002A60
Nets,NJN,1420.4702,2008-03-28,#002A60
Nets,NJN,1414.0931,2008-04-14,#002A60
Nets,NJN,1452.6938,2008-04-28,#002A60
Nets,NJN,1452.6938,2008-05-14,#002A60
Nets,NJN,1452.6938,2008-05-28,#002A60
Nets,NJN,1452.6938,2008-10-28,#002A60
Nets,NJN,1421.6503,2008-11-14,#002A60
Nets,NJN,1476.4659,2008-11-28,#002A60
Nets,NJN,1452.2301,2008-12-14,#002A60
Nets,NJN,1431.3113,2008-12-28,#002A60
Nets,NJN,1432.6593,2009-01-14,#002A60
Nets,NJN,1409.3948,2009-01-28,#002A60
Nets,NJN,1442.301,2009-02-28,#002A60
Nets,NJN,1437.7802,2009-03-14,#002A60
Nets,NJN,1444.96,2009-03-28,#002A60
Nets,NJN,1436.4855,2009-04-14,#002A60
Nets,NJN,1449.085,2009-04-28,#002A60
Nets,NJN,1449.085,2009-05-14,#002A60
Nets,NJN,1449.085,2009-05-28,#002A60
Nets,NJN,1449.085,2009-06-14,#002A60
Nets,NJN,1449.085,2009-10-28,#002A60
Nets,NJN,1390.8627,2009-11-14,#002A60
Nets,NJN,1351.2306,2009-11-28,#002A60
Nets,NJN,1330.7253,2009-12-14,#002A60
Nets,NJN,1289.9268,2009-12-28,#002A60
Nets,NJN,1260.2653,2010-01-14,#002A60
Nets,NJN,1257.889,2010-01-28,#002A60
Nets,NJN,1257.8916,2010-02-28,#002A60
Nets,NJN,1270.6893,2010-03-14,#002A60
Nets,NJN,1285.2875,2010-03-28,#002A60
Nets,NJN,1301.5269,2010-04-14,#002A60
Nets,NJN,1356.7974,2010-04-28,#002A60
Nets,NJN,1356.7974,2010-05-28,#002A60
Nets,NJN,1362.0571,2010-10-28,#002A60
Nets,NJN,1376.8833,2010-11-14,#002A60
Nets,NJN,1373.5181,2010-11-28,#002A60
Nets,NJN,1339.2112,2010-12-14,#002A60
Nets,NJN,1353.9406,2010-12-28,#002A60
Nets,NJN,1320.0099,2011-01-14,#002A60
Nets,NJN,1341.9757,2011-01-28,#002A60
Nets,NJN,1336.3093,2011-02-14,#002A60
Nets,NJN,1327.723,2011-02-28,#002A60
Nets,NJN,1374.1866,2011-03-14,#002A60
Nets,NJN,1339.3949,2011-03-28,#002A60
Nets,NJN,1363.6283,2011-04-28,#002A60
Nets,NJN,1338.1683,2011-12-28,#002A60
Nets,NJN,1337.7913,2012-01-14,#002A60
Nets,NJN,1348.6873,2012-01-28,#002A60
Nets,NJN,1307.5568,2012-02-14,#002A60
Nets,NJN,1355.0344,2012-02-28,#002A60
Nets,NJN,1365.4845,2012-03-14,#002A60
Nets,NJN,1333.8412,2012-03-28,#002A60
Nets,NJN,1362.1624,2012-04-14,#002A60
Nets,BRK,1378.6919,2012-04-28,#002A60
Nets,BRK,1378.6919,2012-05-14,#002A60
Nets,BRK,1378.6919,2012-05-28,#002A60
Nets,BRK,1378.6919,2012-06-14,#002A60
Nets,BRK,1433.877,2012-11-14,#002A60
Nets,BRK,1488.6011,2012-11-28,#002A60
Nets,BRK,1473.0581,2012-12-14,#002A60
Nets,BRK,1444.2889,2012-12-28,#002A60
Nets,BRK,1533.9077,2013-01-14,#002A60
Nets,BRK,1533.4036,2013-01-28,#002A60
Nets,BRK,1517.2183,2013-02-14,#002A60
Nets,BRK,1499.7703,2013-02-28,#002A60
Nets,BRK,1503.1805,2013-03-14,#002A60
Nets,BRK,1559.266,2013-03-28,#002A60
Nets,BRK,1575.8096,2013-04-14,#002A60
Nets,BRK,1568.8097,2013-04-28,#002A60
Nets,BRK,1540.1724,2013-05-14,#002A60
Nets,BRK,1540.1724,2013-05-28,#002A60
Nets,BRK,1502.9888,2013-11-14,#002A60
Nets,BRK,1454.2723,2013-12-14,#002A60
Nets,BRK,1415.6786,2013-12-28,#002A60
Nets,BRK,1496.6344,2014-01-14,#002A60
Nets,BRK,1494.9084,2014-01-28,#002A60
Nets,BRK,1526.3654,2014-02-28,#002A60
Nets,BRK,1547.996,2014-03-14,#002A60
Nets,BRK,1562.8167,2014-03-28,#002A60
Nets,BRK,1533.5219,2014-04-14,#002A60
Nets,BRK,1514.118,2014-04-28,#002A60
Nets,BRK,1522.6887,2014-05-14,#002A60
Nets,BRK,1502.0939,2014-05-28,#002A60
Nets,BRK,1502.0939,2014-10-28,#002A60
Nets,BRK,1516.7461,2014-11-14,#002A60
Nets,BRK,1481.7871,2014-11-28,#002A60
Nets,BRK,1468.1691,2014-12-14,#002A60
Nets,BRK,1450.3572,2014-12-28,#002A60
Nets,BRK,1421.7156,2015-01-14,#002A60
Nets,BRK,1427.8892,2015-01-28,#002A60
Nets,BRK,1491.1542,2015-02-28,#002A60
Nets,BRK,1433.2489,2015-03-14,#002A60
Nets,BRK,1467.0745,2015-03-28,#002A60
Nets,BRK,1467.5382,2015-04-14,#002A60
Nets,BRK,1475.6433,2015-04-28,#002A60
Mavericks,DAL,1312.8021,1980-10-14,#00538C
Mavericks,DAL,1293.5963,1980-10-28,#00538C
Mavericks,DAL,1255.8453,1980-11-14,#00538C
Mavericks,DAL,1237.1456,1980-11-28,#00538C
Mavericks,DAL,1224.3583,1980-12-14,#00538C
Mavericks,DAL,1219.2078,1980-12-28,#00538C
Mavericks,DAL,1247.3455,1981-01-14,#00538C
Mavericks,DAL,1213.5139,1981-01-28,#00538C
Mavericks,DAL,1191.983,1981-02-14,#00538C
Mavericks,DAL,1230.0084,1981-02-28,#00538C
Mavericks,DAL,1242.3812,1981-03-14,#00538C
Mavericks,DAL,1268.672,1981-03-28,#00538C
Mavericks,DAL,1319.8119,1981-04-14,#00538C
Mavericks,DAL,1319.8119,1981-05-14,#00538C
Mavericks,DAL,1287.3403,1981-11-14,#00538C
Mavericks,DAL,1271.4578,1981-11-28,#00538C
Mavericks,DAL,1305.0366,1981-12-28,#00538C
Mavericks,DAL,1304.6572,1982-01-14,#00538C
Mavericks,DAL,1347.9197,1982-01-28,#00538C
Mavericks,DAL,1359.1313,1982-02-14,#00538C
Mavericks,DAL,1380.4619,1982-02-28,#00538C
Mavericks,DAL,1402.548,1982-03-14,#00538C
Mavericks,DAL,1385.8109,1982-03-28,#00538C
Mavericks,DAL,1391.8456,1982-04-14,#00538C
Mavericks,DAL,1426.9001,1982-04-28,#00538C
Mavericks,DAL,1426.9001,1982-05-14,#00538C
Mavericks,DAL,1423.2675,1982-11-14,#00538C
Mavericks,DAL,1433.8666,1982-11-28,#00538C
Mavericks,DAL,1448.3583,1982-12-14,#00538C
Mavericks,DAL,1434.2947,1982-12-28,#00538C
Mavericks,DAL,1433.2146,1983-01-14,#00538C
Mavericks,DAL,1486.1051,1983-01-28,#00538C
Mavericks,DAL,1463.0339,1983-04-14,#00538C
Mavericks,DAL,1481.8123,1983-05-14,#00538C
Mavericks,DAL,1481.8123,1983-10-28,#00538C
Mavericks,DAL,1504.6906,1983-11-28,#00538C
Mavericks,DAL,1515.8932,1983-12-14,#00538C
Mavericks,DAL,1487.9615,1983-12-28,#00538C
Mavericks,DAL,1511.2616,1984-01-14,#00538C
Mavericks,DAL,1488.5514,1984-02-14,#00538C
Mavericks,DAL,1503.4763,1984-02-28,#00538C
Mavericks,DAL,1504.328,1984-03-14,#00538C
Mavericks,DAL,1505.3359,1984-03-28,#00538C
Mavericks,DAL,1509.9365,1984-04-14,#00538C
Mavericks,DAL,1504.6622,1984-04-28,#00538C
Mavericks,DAL,1492.4834,1984-10-28,#00538C
Mavericks,DAL,1478.2848,1984-11-14,#00538C
Mavericks,DAL,1463.6385,1984-11-28,#00538C
Mavericks,DAL,1503.1973,1984-12-14,#00538C
Mavericks,DAL,1525.5374,1984-12-28,#00538C
Mavericks,DAL,1571.3879,1985-01-14,#00538C
Mavericks,DAL,1553.3911,1985-01-28,#00538C
Mavericks,DAL,1523.8835,1985-02-14,#00538C
Mavericks,DAL,1542.1176,1985-02-28,#00538C
Mavericks,DAL,1571.7352,1985-03-14,#00538C
Mavericks,DAL,1541.7386,1985-03-28,#00538C
Mavericks,DAL,1525.8158,1985-04-14,#00538C
Mavericks,DAL,1516.5026,1985-04-28,#00538C
Mavericks,DAL,1516.5026,1985-05-14,#00538C
Mavericks,DAL,1493.7216,1985-11-14,#00538C
Mavericks,DAL,1525.556,1985-12-14,#00538C
Mavericks,DAL,1521.1222,1985-12-28,#00538C
Mavericks,DAL,1510.0302,1986-01-14,#00538C
Mavericks,DAL,1505.0344,1986-01-28,#00538C
Mavericks,DAL,1538.3892,1986-02-14,#00538C
Mavericks,DAL,1504.2858,1986-02-28,#00538C
Mavericks,DAL,1531.0159,1986-03-14,#00538C
Mavericks,DAL,1544.2981,1986-03-28,#00538C
Mavericks,DAL,1577.2694,1986-11-14,#00538C
Mavericks,DAL,1596.8395,1986-11-28,#00538C
Mavericks,DAL,1595.5879,1986-12-14,#00538C
Mavericks,DAL,1622.348,1986-12-28,#00538C
Mavericks,DAL,1589.9963,1987-01-14,#00538C
Mavericks,DAL,1615.4514,1987-01-28,#00538C
Mavericks,DAL,1632.9578,1987-02-14,#00538C
Mavericks,DAL,1607.2754,1987-02-28,#00538C
Mavericks,DAL,1594.0231,1987-03-14,#00538C
Mavericks,DAL,1624.05,1987-03-28,#00538C
Mavericks,DAL,1635.1169,1987-04-14,#00538C
Mavericks,DAL,1603.7551,1987-04-28,#00538C
Mavericks,DAL,1566.7279,1987-05-14,#00538C
Mavericks,DAL,1566.7279,1987-05-28,#00538C
Mavericks,DAL,1566.7279,1987-06-14,#00538C
Mavericks,DAL,1534.0973,1987-11-14,#00538C
Mavericks,DAL,1546.1958,1987-11-28,#00538C
Mavericks,DAL,1575.3496,1987-12-14,#00538C
Mavericks,DAL,1594.7795,1987-12-28,#00538C
Mavericks,DAL,1602.7124,1988-01-14,#00538C
Mavericks,DAL,1641.5994,1988-01-28,#00538C
Mavericks,DAL,1568.1926,1988-02-14,#00538C
Mavericks,DAL,1612.2649,1988-02-28,#00538C
Mavericks,DAL,1624.8667,1988-03-14,#00538C
Mavericks,DAL,1612.3583,1988-03-28,#00538C
Mavericks,DAL,1589.5719,1988-04-14,#00538C
Mavericks,DAL,1599.5468,1988-04-28,#00538C
Mavericks,DAL,1591.7012,1988-05-14,#00538C
Mavericks,DAL,1622.8462,1988-05-28,#00538C
Mavericks,DAL,1576.9314,1988-06-14,#00538C
Mavericks,DAL,1571.1145,1988-11-14,#00538C
Mavericks,DAL,1587.9646,1988-11-28,#00538C
Mavericks,DAL,1575.8857,1988-12-14,#00538C
Mavericks,DAL,1583.4923,1988-12-28,#00538C
Mavericks,DAL,1484.3583,1989-01-14,#00538C
Mavericks,DAL,1481.8298,1989-01-28,#00538C
Mavericks,DAL,1495.5652,1989-02-14,#00538C
Mavericks,DAL,1468.2618,1989-02-28,#00538C
Mavericks,DAL,1435.6543,1989-03-14,#00538C
Mavericks,DAL,1394.4215,1989-03-28,#00538C
Mavericks,DAL,1380.338,1989-04-14,#00538C
Mavericks,DAL,1431.5212,1989-04-28,#00538C
Mavericks,DAL,1431.5212,1989-05-14,#00538C
Mavericks,DAL,1431.5212,1989-05-28,#00538C
Mavericks,DAL,1445.36,1989-11-14,#00538C
Mavericks,DAL,1419.6544,1989-11-28,#00538C
Mavericks,DAL,1438.2899,1989-12-14,#00538C
Mavericks,DAL,1449.5184,1989-12-28,#00538C
Mavericks,DAL,1423.7616,1990-01-14,#00538C
Mavericks,DAL,1471.0758,1990-01-28,#00538C
Mavericks,DAL,1490.7197,1990-02-14,#00538C
Mavericks,DAL,1498.7513,1990-02-28,#00538C
Mavericks,DAL,1492.6572,1990-03-14,#00538C
Mavericks,DAL,1535.7773,1990-03-28,#00538C
Mavericks,DAL,1519.98,1990-04-14,#00538C
Mavericks,DAL,1525.7634,1990-04-28,#00538C
Mavericks,DAL,1499.0814,1990-05-28,#00538C
Mavericks,DAL,1499.0814,1990-06-14,#00538C
Mavericks,DAL,1502.7417,1990-11-14,#00538C
Mavericks,DAL,1493.8542,1990-11-28,#00538C
Mavericks,DAL,1474.9086,1990-12-14,#00538C
Mavericks,DAL,1473.2185,1990-12-28,#00538C
Mavericks,DAL,1414.5211,1991-01-14,#00538C
Mavericks,DAL,1403.0201,1991-01-28,#00538C
Mavericks,DAL,1411.4023,1991-02-14,#00538C
Mavericks,DAL,1419.1848,1991-02-28,#00538C
Mavericks,DAL,1378.5663,1991-03-14,#00538C
Mavericks,DAL,1347.7786,1991-03-28,#00538C
Mavericks,DAL,1320.5658,1991-04-14,#00538C
Mavericks,DAL,1369.6139,1991-04-28,#00538C
Mavericks,DAL,1369.6139,1991-05-14,#00538C
Mavericks,DAL,1369.6139,1991-05-28,#00538C
Mavericks,DAL,1362.5073,1991-11-14,#00538C
Mavericks,DAL,1389.1573,1991-12-14,#00538C
Mavericks,DAL,1403.6714,1991-12-28,#00538C
Mavericks,DAL,1349.7474,1992-01-14,#00538C
Mavericks,DAL,1319.4597,1992-01-28,#00538C
Mavericks,DAL,1303.7927,1992-02-14,#00538C
Mavericks,DAL,1323.8611,1992-02-28,#00538C
Mavericks,DAL,1284.7419,1992-03-14,#00538C
Mavericks,DAL,1241.5574,1992-03-28,#00538C
Mavericks,DAL,1248.7927,1992-04-14,#00538C
Mavericks,DAL,1323.0702,1992-04-28,#00538C
Mavericks,DAL,1323.0702,1992-05-14,#00538C
Mavericks,DAL,1323.0702,1992-05-28,#00538C
Mavericks,DAL,1323.0702,1992-06-14,#00538C
Mavericks,DAL,1317.8539,1992-11-14,#00538C
Mavericks,DAL,1278.0713,1992-11-28,#00538C
Mavericks,DAL,1239.6238,1992-12-14,#00538C
Mavericks,DAL,1216.4519,1992-12-28,#00538C
Mavericks,DAL,1183.692,1993-01-14,#00538C
Mavericks,DAL,1171.1066,1993-01-28,#00538C
Mavericks,DAL,1145.1926,1993-02-14,#00538C
Mavericks,DAL,1132.1041,1993-02-28,#00538C
Mavericks,DAL,1111.1008,1993-03-14,#00538C
Mavericks,DAL,1146.5994,1993-03-28,#00538C
Mavericks,DAL,1140.225,1993-04-14,#00538C
Mavericks,DAL,1264.3016,1993-05-14,#00538C
Mavericks,DAL,1264.3016,1993-05-28,#00538C
Mavericks,DAL,1273.8458,1993-11-14,#00538C
Mavericks,DAL,1251.5927,1993-11-28,#00538C
Mavericks,DAL,1225.1428,1993-12-14,#00538C
Mavericks,DAL,1223.1134,1993-12-28,#00538C
Mavericks,DAL,1195.2704,1994-01-14,#00538C
Mavericks,DAL,1191.3746,1994-01-28,#00538C
Mavericks,DAL,1229.1212,1994-02-28,#00538C
Mavericks,DAL,1211.7881,1994-03-14,#00538C
Mavericks,DAL,1198.7184,1994-03-28,#00538C
Mavericks,DAL,1232.3496,1994-04-14,#00538C
Mavericks,DAL,1333.1094,1994-04-28,#00538C
Mavericks,DAL,1333.1094,1994-05-14,#00538C
Mavericks,DAL,1333.1094,1994-05-28,#00538C
Mavericks,DAL,1350.9423,1994-11-14,#00538C
Mavericks,DAL,1364.7856,1994-11-28,#00538C
Mavericks,DAL,1371.4182,1994-12-14,#00538C
Mavericks,DAL,1401.072,1994-12-28,#00538C
Mavericks,DAL,1392.048,1995-01-14,#00538C
Mavericks,DAL,1363.8292,1995-01-28,#00538C
Mavericks,DAL,1412.3002,1995-02-14,#00538C
Mavericks,DAL,1394.9536,1995-02-28,#00538C
Mavericks,DAL,1397.0729,1995-03-14,#00538C
Mavericks,DAL,1445.4659,1995-03-28,#00538C
Mavericks,DAL,1484.8683,1995-04-14,#00538C
Mavericks,DAL,1481.2133,1995-04-28,#00538C
Mavericks,DAL,1481.2133,1995-05-14,#00538C
Mavericks,DAL,1481.2133,1995-05-28,#00538C
Mavericks,DAL,1481.2133,1995-06-14,#00538C
Mavericks,DAL,1477.2496,1995-11-14,#00538C
Mavericks,DAL,1433.3147,1995-11-28,#00538C
Mavericks,DAL,1415.8127,1995-12-14,#00538C
Mavericks,DAL,1390.817,1995-12-28,#00538C
Mavericks,DAL,1415.281,1996-01-14,#00538C
Mavericks,DAL,1415.2113,1996-01-28,#00538C
Mavericks,DAL,1398.9254,1996-02-14,#00538C
Mavericks,DAL,1388.9111,1996-02-28,#00538C
Mavericks,DAL,1361.4806,1996-03-14,#00538C
Mavericks,DAL,1317.0625,1996-03-28,#00538C
Mavericks,DAL,1302.5641,1996-04-14,#00538C
Mavericks,DAL,1391.9717,1996-04-28,#00538C
Mavericks,DAL,1391.9717,1996-05-14,#00538C
Mavericks,DAL,1391.9717,1996-05-28,#00538C
Mavericks,DAL,1391.9717,1996-06-14,#00538C
Mavericks,DAL,1377.271,1996-11-14,#00538C
Mavericks,DAL,1363.5129,1996-11-28,#00538C
Mavericks,DAL,1388.1576,1996-12-14,#00538C
Mavericks,DAL,1374.0465,1996-12-28,#00538C
Mavericks,DAL,1363.4841,1997-01-14,#00538C
Mavericks,DAL,1349.7759,1997-01-28,#00538C
Mavericks,DAL,1326.5936,1997-02-14,#00538C
Mavericks,DAL,1325.7253,1997-02-28,#00538C
Mavericks,DAL,1324.0778,1997-03-14,#00538C
Mavericks,DAL,1313.1774,1997-03-28,#00538C
Mavericks,DAL,1279.1772,1997-04-14,#00538C
Mavericks,DAL,1354.582,1997-04-28,#00538C
Mavericks,DAL,1354.582,1997-05-14,#00538C
Mavericks,DAL,1354.582,1997-05-28,#00538C
Mavericks,DAL,1353.1887,1997-11-14,#00538C
Mavericks,DAL,1308.6588,1997-11-28,#00538C
Mavericks,DAL,1299.5751,1997-12-14,#00538C
Mavericks,DAL,1276.5427,1997-12-28,#00538C
Mavericks,DAL,1258.8521,1998-01-14,#00538C
Mavericks,DAL,1293.796,1998-01-28,#00538C
Mavericks,DAL,1294.7106,1998-02-14,#00538C
Mavericks,DAL,1320.9067,1998-02-28,#00538C
Mavericks,DAL,1348.1401,1998-03-14,#00538C
Mavericks,DAL,1345.873,1998-03-28,#00538C
Mavericks,DAL,1334.2517,1998-04-14,#00538C
Mavericks,DAL,1368.9211,1998-04-28,#00538C
Mavericks,DAL,1368.9211,1998-06-14,#00538C
Mavericks,DAL,1350.0056,1999-02-14,#00538C
Mavericks,DAL,1376.0753,1999-02-28,#00538C
Mavericks,DAL,1371.1046,1999-03-14,#00538C
Mavericks,DAL,1363.0858,1999-03-28,#00538C
Mavericks,DAL,1375.0474,1999-04-14,#00538C
Mavericks,DAL,1424.3875,1999-04-28,#00538C
Mavericks,DAL,1449.9255,1999-05-14,#00538C
Mavericks,DAL,1462.4683,1999-11-14,#00538C
Mavericks,DAL,1428.2616,1999-11-28,#00538C
Mavericks,DAL,1427.4513,1999-12-14,#00538C
Mavericks,DAL,1404.0587,1999-12-28,#00538C
Mavericks,DAL,1426.0026,2000-01-14,#00538C
Mavericks,DAL,1462.1624,2000-01-28,#00538C
Mavericks,DAL,1477.193,2000-02-28,#00538C
Mavericks,DAL,1461.2747,2000-03-14,#00538C
Mavericks,DAL,1495.7739,2000-03-28,#00538C
Mavericks,DAL,1523.5923,2000-04-14,#00538C
Mavericks,DAL,1545.2712,2000-04-28,#00538C
Mavericks,DAL,1545.2712,2000-05-14,#00538C
Mavericks,DAL,1545.2712,2000-05-28,#00538C
Mavericks,DAL,1545.2712,2000-06-14,#00538C
Mavericks,DAL,1506.2755,2000-11-14,#00538C
Mavericks,DAL,1540.8199,2000-11-28,#00538C
Mavericks,DAL,1580.2305,2000-12-14,#00538C
Mavericks,DAL,1604.0536,2000-12-28,#00538C
Mavericks,DAL,1565.3253,2001-01-14,#00538C
Mavericks,DAL,1574.2937,2001-01-28,#00538C
Mavericks,DAL,1577.8555,2001-02-14,#00538C
Mavericks,DAL,1582.0631,2001-02-28,#00538C
Mavericks,DAL,1606.4753,2001-03-14,#00538C
Mavericks,DAL,1622.3405,2001-03-28,#00538C
Mavericks,DAL,1634.4534,2001-04-14,#00538C
Mavericks,DAL,1636.0792,2001-04-28,#00538C
Mavericks,DAL,1626.3281,2001-05-14,#00538C
Mavericks,DAL,1598.7987,2001-05-28,#00538C
Mavericks,DAL,1606.6582,2001-11-14,#00538C
Mavericks,DAL,1572.5101,2001-11-28,#00538C
Mavericks,DAL,1583.5148,2001-12-14,#00538C
Mavericks,DAL,1622.0856,2001-12-28,#00538C
Mavericks,DAL,1598.575,2002-01-14,#00538C
Mavericks,DAL,1614.4498,2002-01-28,#00538C
Mavericks,DAL,1613.4807,2002-02-14,#00538C
Mavericks,DAL,1593.9337,2002-02-28,#00538C
Mavericks,DAL,1602.5853,2002-03-14,#00538C
Mavericks,DAL,1616.4336,2002-03-28,#00538C
Mavericks,DAL,1686.4397,2002-04-14,#00538C
Mavericks,DAL,1689.0967,2002-04-28,#00538C
Mavericks,DAL,1633.1041,2002-05-14,#00538C
Mavericks,DAL,1633.1041,2002-05-28,#00538C
Mavericks,DAL,1687.269,2002-11-14,#00538C
Mavericks,DAL,1711.1923,2002-11-28,#00538C
Mavericks,DAL,1717.4115,2002-12-14,#00538C
Mavericks,DAL,1708.882,2002-12-28,#00538C
Mavericks,DAL,1702.3024,2003-01-14,#00538C
Mavericks,DAL,1701.0875,2003-01-28,#00538C
Mavericks,DAL,1689.5498,2003-02-14,#00538C
Mavericks,DAL,1698.1837,2003-02-28,#00538C
Mavericks,DAL,1683.2362,2003-03-14,#00538C
Mavericks,DAL,1679.0902,2003-03-28,#00538C
Mavericks,DAL,1655.915,2003-04-14,#00538C
Mavericks,DAL,1671.5383,2003-04-28,#00538C
Mavericks,DAL,1671.8778,2003-05-14,#00538C
Mavericks,DAL,1615.849,2003-10-28,#00538C
Mavericks,DAL,1622.7831,2003-11-14,#00538C
Mavericks,DAL,1597.2839,2003-11-28,#00538C
Mavericks,DAL,1621.0873,2003-12-14,#00538C
Mavericks,DAL,1604.1476,2003-12-28,#00538C
Mavericks,DAL,1577.7709,2004-01-14,#00538C
Mavericks,DAL,1618.2369,2004-01-28,#00538C
Mavericks,DAL,1646.4841,2004-02-28,#00538C
Mavericks,DAL,1641.3358,2004-03-14,#00538C
Mavericks,DAL,1627.3217,2004-03-28,#00538C
Mavericks,DAL,1636.5488,2004-04-14,#00538C
Mavericks,DAL,1625.6476,2004-04-28,#00538C
Mavericks,DAL,1602.051,2004-05-14,#00538C
Mavericks,DAL,1602.051,2004-05-28,#00538C
Mavericks,DAL,1644.7725,2004-11-14,#00538C
Mavericks,DAL,1598.3005,2004-11-28,#00538C
Mavericks,DAL,1605.1434,2004-12-14,#00538C
Mavericks,DAL,1621.9429,2004-12-28,#00538C
Mavericks,DAL,1617.0953,2005-01-14,#00538C
Mavericks,DAL,1612.4871,2005-01-28,#00538C
Mavericks,DAL,1626.4878,2005-02-14,#00538C
Mavericks,DAL,1646.7352,2005-02-28,#00538C
Mavericks,DAL,1595.1812,2005-03-14,#00538C
Mavericks,DAL,1622.071,2005-03-28,#00538C
Mavericks,DAL,1668.8088,2005-04-14,#00538C
Mavericks,DAL,1676.4014,2005-04-28,#00538C
Mavericks,DAL,1678.4176,2005-05-14,#00538C
Mavericks,DAL,1633.9901,2005-05-28,#00538C
Mavericks,DAL,1633.9901,2005-06-14,#00538C
Mavericks,DAL,1625.1313,2005-11-14,#00538C
Mavericks,DAL,1638.5341,2005-11-28,#00538C
Mavericks,DAL,1653.0941,2005-12-14,#00538C
Mavericks,DAL,1648.7792,2005-12-28,#00538C
Mavericks,DAL,1652.9377,2006-01-14,#00538C
Mavericks,DAL,1697.9459,2006-01-28,#00538C
Mavericks,DAL,1709.3335,2006-02-14,#00538C
Mavericks,DAL,1709.526,2006-02-28,#00538C
Mavericks,DAL,1698.4535,2006-03-14,#00538C
Mavericks,DAL,1691.205,2006-03-28,#00538C
Mavericks,DAL,1668.5516,2006-04-14,#00538C
Mavericks,DAL,1664.1801,2006-04-28,#00538C
Mavericks,DAL,1714.8789,2006-05-14,#00538C
Mavericks,DAL,1715.8242,2006-05-28,#00538C
Mavericks,DAL,1605.1063,2006-11-14,#00538C
Mavericks,DAL,1650.2225,2006-11-28,#00538C
Mavericks,DAL,1633.7969,2006-12-14,#00538C
Mavericks,DAL,1672.6138,2006-12-28,#00538C
Mavericks,DAL,1702.6959,2007-01-14,#00538C
Mavericks,DAL,1717.1967,2007-01-28,#00538C
Mavericks,DAL,1740.9355,2007-02-14,#00538C
Mavericks,DAL,1758.374,2007-02-28,#00538C
Mavericks,DAL,1736.7858,2007-03-14,#00538C
Mavericks,DAL,1769.3879,2007-03-28,#00538C
Mavericks,DAL,1725.6995,2007-04-14,#00538C
Mavericks,DAL,1671.9615,2007-04-28,#00538C
Mavericks,DAL,1640.4688,2007-05-14,#00538C
Mavericks,DAL,1640.4688,2007-05-28,#00538C
Mavericks,DAL,1640.4688,2007-06-14,#00538C
Mavericks,DAL,1643.4814,2007-11-14,#00538C
Mavericks,DAL,1614.6321,2007-11-28,#00538C
Mavericks,DAL,1600.2277,2007-12-14,#00538C
Mavericks,DAL,1605.2556,2007-12-28,#00538C
Mavericks,DAL,1640.8525,2008-01-14,#00538C
Mavericks,DAL,1647.8896,2008-01-28,#00538C
Mavericks,DAL,1609.197,2008-02-14,#00538C
Mavericks,DAL,1615.3138,2008-02-28,#00538C
Mavericks,DAL,1611.9271,2008-03-14,#00538C
Mavericks,DAL,1583.4207,2008-03-28,#00538C
Mavericks,DAL,1608.4191,2008-04-14,#00538C
Mavericks,DAL,1582.8375,2008-04-28,#00538C
Mavericks,DAL,1550.8833,2008-05-14,#00538C
Mavericks,DAL,1550.8833,2008-05-28,#00538C
Mavericks,DAL,1550.8833,2008-10-28,#00538C
Mavericks,DAL,1520.7042,2008-11-14,#00538C
Mavericks,DAL,1566.5497,2008-11-28,#00538C
Mavericks,DAL,1570.3766,2008-12-14,#00538C
Mavericks,DAL,1587.9988,2008-12-28,#00538C
Mavericks,DAL,1531.0955,2009-01-14,#00538C
Mavericks,DAL,1547.8756,2009-01-28,#00538C
Mavericks,DAL,1576.7175,2009-02-28,#00538C
Mavericks,DAL,1567.3865,2009-03-14,#00538C
Mavericks,DAL,1560.8864,2009-03-28,#00538C
Mavericks,DAL,1595.3564,2009-04-14,#00538C
Mavericks,DAL,1635.1589,2009-04-28,#00538C
Mavericks,DAL,1560.6396,2009-05-14,#00538C
Mavericks,DAL,1560.6396,2009-05-28,#00538C
Mavericks,DAL,1560.6396,2009-06-14,#00538C
Mavericks,DAL,1587.1086,2009-10-28,#00538C
Mavericks,DAL,1612.1528,2009-11-14,#00538C
Mavericks,DAL,1638.078,2009-11-28,#00538C
Mavericks,DAL,1628.8557,2009-12-14,#00538C
Mavericks,DAL,1632.4103,2009-12-28,#00538C
Mavericks,DAL,1605.1235,2010-01-14,#00538C
Mavericks,DAL,1611.1183,2010-01-28,#00538C
Mavericks,DAL,1613.5031,2010-02-28,#00538C
Mavericks,DAL,1573.5936,2010-03-14,#00538C
Mavericks,DAL,1566.7324,2010-03-28,#00538C
Mavericks,DAL,1598.0309,2010-04-14,#00538C
Mavericks,DAL,1594.7515,2010-04-28,#00538C
Mavericks,DAL,1579.5146,2010-05-28,#00538C
Mavericks,DAL,1571.7023,2010-10-28,#00538C
Mavericks,DAL,1594.2969,2010-11-14,#00538C
Mavericks,DAL,1625.6299,2010-11-28,#00538C
Mavericks,DAL,1642.5232,2010-12-14,#00538C
Mavericks,DAL,1651.4736,2010-12-28,#00538C
Mavericks,DAL,1592.8256,2011-01-14,#00538C
Mavericks,DAL,1582.0331,2011-01-28,#00538C
Mavericks,DAL,1626.1902,2011-02-14,#00538C
Mavericks,DAL,1657.9755,2011-02-28,#00538C
Mavericks,DAL,1641.0831,2011-03-14,#00538C
Mavericks,DAL,1663.9011,2011-03-28,#00538C
Mavericks,DAL,1657.4961,2011-04-28,#00538C
Mavericks,DAL,1628.9695,2011-12-28,#00538C
Mavericks,DAL,1636.0708,2012-01-14,#00538C
Mavericks,DAL,1611.827,2012-01-28,#00538C
Mavericks,DAL,1625.0447,2012-02-14,#00538C
Mavericks,DAL,1609.3965,2012-02-28,#00538C
Mavericks,DAL,1557.7059,2012-03-14,#00538C
Mavericks,DAL,1563.3546,2012-03-28,#00538C
Mavericks,DAL,1557.126,2012-04-14,#00538C
Mavericks,DAL,1545.8152,2012-04-28,#00538C
Mavericks,DAL,1533.9297,2012-05-14,#00538C
Mavericks,DAL,1533.9297,2012-05-28,#00538C
Mavericks,DAL,1533.9297,2012-06-14,#00538C
Mavericks,DAL,1509.1747,2012-11-14,#00538C
Mavericks,DAL,1465.7695,2012-11-28,#00538C
Mavericks,DAL,1475.7869,2012-12-14,#00538C
Mavericks,DAL,1439.9332,2012-12-28,#00538C
Mavericks,DAL,1465.755,2013-01-14,#00538C
Mavericks,DAL,1477.6227,2013-01-28,#00538C
Mavericks,DAL,1505.7542,2013-02-14,#00538C
Mavericks,DAL,1504.0455,2013-02-28,#00538C
Mavericks,DAL,1532.3767,2013-03-14,#00538C
Mavericks,DAL,1523.704,2013-03-28,#00538C
Mavericks,DAL,1530.7463,2013-04-14,#00538C
Mavericks,DAL,1527.3379,2013-04-28,#00538C
Mavericks,DAL,1527.3379,2013-05-14,#00538C
Mavericks,DAL,1527.3379,2013-05-28,#00538C
Mavericks,DAL,1541.6978,2013-11-14,#00538C
Mavericks,DAL,1530.1727,2013-12-14,#00538C
Mavericks,DAL,1547.3917,2013-12-28,#00538C
Mavericks,DAL,1552.4149,2014-01-14,#00538C
Mavericks,DAL,1537.0099,2014-01-28,#00538C
Mavericks,DAL,1569.4496,2014-02-28,#00538C
Mavericks,DAL,1601.438,2014-03-14,#00538C
Mavericks,DAL,1594.0239,2014-03-28,#00538C
Mavericks,DAL,1609.3486,2014-04-14,#00538C
Mavericks,DAL,1631.2157,2014-04-28,#00538C
Mavericks,DAL,1590.3984,2014-05-14,#00538C
Mavericks,DAL,1590.3984,2014-05-28,#00538C
Mavericks,DAL,1590.3984,2014-10-28,#00538C
Mavericks,DAL,1599.0344,2014-11-14,#00538C
Mavericks,DAL,1616.4519,2014-11-28,#00538C
Mavericks,DAL,1613.0613,2014-12-14,#00538C
Mavericks,DAL,1613.3451,2014-12-28,#00538C
Mavericks,DAL,1609.5132,2015-01-14,#00538C
Mavericks,DAL,1590.9138,2015-01-28,#00538C
Mavericks,DAL,1586.7853,2015-02-28,#00538C
Mavericks,DAL,1581.9098,2015-03-14,#00538C
Mavericks,DAL,1557.1041,2015-03-28,#00538C
Mavericks,DAL,1564.1244,2015-04-14,#00538C
Mavericks,DAL,1556.583,2015-04-28,#00538C
Magic,ORL,1305.6852,1989-11-14,#0077C0
Magic,ORL,1368.777,1989-11-28,#0077C0
Magic,ORL,1347.2632,1989-12-14,#0077C0
Magic,ORL,1326.9467,1989-12-28,#0077C0
Magic,ORL,1305.1465,1990-01-14,#0077C0
Magic,ORL,1323.9923,1990-01-28,#0077C0
Magic,ORL,1330.6174,1990-02-14,#0077C0
Magic,ORL,1282.1086,1990-02-28,#0077C0
Magic,ORL,1250.0358,1990-03-14,#0077C0
Magic,ORL,1235.9822,1990-03-28,#0077C0
Magic,ORL,1204.1578,1990-04-14,#0077C0
Magic,ORL,1281.3615,1990-04-28,#0077C0
Magic,ORL,1281.3615,1990-05-28,#0077C0
Magic,ORL,1281.3615,1990-06-14,#0077C0
Magic,ORL,1279.6957,1990-11-14,#0077C0
Magic,ORL,1266.4451,1990-11-28,#0077C0
Magic,ORL,1278.0605,1990-12-14,#0077C0
Magic,ORL,1275.9033,1990-12-28,#0077C0
Magic,ORL,1336.7581,1991-01-14,#0077C0
Magic,ORL,1321.3488,1991-01-28,#0077C0
Magic,ORL,1330.7936,1991-02-14,#0077C0
Magic,ORL,1390.6796,1991-02-28,#0077C0
Magic,ORL,1368.2866,1991-03-14,#0077C0
Magic,ORL,1399.1681,1991-03-28,#0077C0
Magic,ORL,1429.2549,1991-04-14,#0077C0
Magic,ORL,1462.0259,1991-04-28,#0077C0
Magic,ORL,1462.0259,1991-05-14,#0077C0
Magic,ORL,1462.0259,1991-05-28,#0077C0
Magic,ORL,1457.8197,1991-11-14,#0077C0
Magic,ORL,1375.9402,1991-12-14,#0077C0
Magic,ORL,1329.0059,1991-12-28,#0077C0
Magic,ORL,1319.0048,1992-01-14,#0077C0
Magic,ORL,1350.8832,1992-01-28,#0077C0
Magic,ORL,1329.1587,1992-02-14,#0077C0
Magic,ORL,1329.6853,1992-02-28,#0077C0
Magic,ORL,1281.597,1992-03-14,#0077C0
Magic,ORL,1294.636,1992-03-28,#0077C0
Magic,ORL,1325.1086,1992-04-14,#0077C0
Magic,ORL,1371.2158,1992-04-28,#0077C0
Magic,ORL,1371.2158,1992-05-14,#0077C0
Magic,ORL,1371.2158,1992-05-28,#0077C0
Magic,ORL,1371.2158,1992-06-14,#0077C0
Magic,ORL,1381.0879,1992-11-14,#0077C0
Magic,ORL,1457.1688,1992-11-28,#0077C0
Magic,ORL,1427.9471,1992-12-14,#0077C0
Magic,ORL,1484.0701,1992-12-28,#0077C0
Magic,ORL,1471.7235,1993-01-14,#0077C0
Magic,ORL,1472.4949,1993-01-28,#0077C0
Magic,ORL,1503.5466,1993-02-14,#0077C0
Magic,ORL,1509.4413,1993-02-28,#0077C0
Magic,ORL,1486.9594,1993-03-14,#0077C0
Magic,ORL,1502.9502,1993-03-28,#0077C0
Magic,ORL,1473.6608,1993-04-14,#0077C0
Magic,ORL,1521.4618,1993-05-14,#0077C0
Magic,ORL,1521.4618,1993-05-28,#0077C0
Magic,ORL,1509.5806,1993-11-14,#0077C0
Magic,ORL,1514.202,1993-11-28,#0077C0
Magic,ORL,1532.4315,1993-12-14,#0077C0
Magic,ORL,1529.2417,1993-12-28,#0077C0
Magic,ORL,1545.2617,1994-01-14,#0077C0
Magic,ORL,1574.45,1994-01-28,#0077C0
Magic,ORL,1594.7495,1994-02-28,#0077C0
Magic,ORL,1580.1965,1994-03-14,#0077C0
Magic,ORL,1572.8317,1994-03-28,#0077C0
Magic,ORL,1600.1913,1994-04-14,#0077C0
Magic,ORL,1615.567,1994-04-28,#0077C0
Magic,ORL,1570.1793,1994-05-14,#0077C0
Magic,ORL,1570.1793,1994-05-28,#0077C0
Magic,ORL,1587.5493,1994-11-14,#0077C0
Magic,ORL,1629.5276,1994-11-28,#0077C0
Magic,ORL,1649.2784,1994-12-14,#0077C0
Magic,ORL,1650.1379,1994-12-28,#0077C0
Magic,ORL,1647.03,1995-01-14,#0077C0
Magic,ORL,1666.5751,1995-01-28,#0077C0
Magic,ORL,1661.7212,1995-02-14,#0077C0
Magic,ORL,1667.048,1995-02-28,#0077C0
Magic,ORL,1673.8219,1995-03-14,#0077C0
Magic,ORL,1661.818,1995-03-28,#0077C0
Magic,ORL,1607.8011,1995-04-14,#0077C0
Magic,ORL,1610.3047,1995-04-28,#0077C0
Magic,ORL,1604.3944,1995-05-14,#0077C0
Magic,ORL,1624.3242,1995-05-28,#0077C0
Magic,ORL,1598.0093,1995-06-14,#0077C0
Magic,ORL,1585.9968,1995-11-14,#0077C0
Magic,ORL,1602.3475,1995-11-28,#0077C0
Magic,ORL,1610.6023,1995-12-14,#0077C0
Magic,ORL,1618.2593,1995-12-28,#0077C0
Magic,ORL,1602.8828,1996-01-14,#0077C0
Magic,ORL,1595.549,1996-01-28,#0077C0
Magic,ORL,1604.6405,1996-02-14,#0077C0
Magic,ORL,1620.1993,1996-02-28,#0077C0
Magic,ORL,1640.6338,1996-03-14,#0077C0
Magic,ORL,1647.8112,1996-03-28,#0077C0
Magic,ORL,1611.8816,1996-04-14,#0077C0
Magic,ORL,1647.6366,1996-04-28,#0077C0
Magic,ORL,1671.0646,1996-05-14,#0077C0
Magic,ORL,1595.8821,1996-05-28,#0077C0
Magic,ORL,1595.8821,1996-06-14,#0077C0
Magic,ORL,1605.5662,1996-11-14,#0077C0
Magic,ORL,1567.3561,1996-11-28,#0077C0
Magic,ORL,1511.0483,1996-12-14,#0077C0
Magic,ORL,1479.9924,1996-12-28,#0077C0
Magic,ORL,1496.7249,1997-01-14,#0077C0
Magic,ORL,1517.9948,1997-01-28,#0077C0
Magic,ORL,1524.6672,1997-02-14,#0077C0
Magic,ORL,1563.5614,1997-02-28,#0077C0
Magic,ORL,1560.3975,1997-03-14,#0077C0
Magic,ORL,1551.6187,1997-03-28,#0077C0
Magic,ORL,1556.5144,1997-04-14,#0077C0
Magic,ORL,1526.4287,1997-04-28,#0077C0
Magic,ORL,1516.9432,1997-05-14,#0077C0
Magic,ORL,1516.9432,1997-05-28,#0077C0
Magic,ORL,1482.72,1997-11-14,#0077C0
Magic,ORL,1513.9844,1997-11-28,#0077C0
Magic,ORL,1493.4066,1997-12-14,#0077C0
Magic,ORL,1468.3572,1997-12-28,#0077C0
Magic,ORL,1452.9203,1998-01-14,#0077C0
Magic,ORL,1422.8521,1998-01-28,#0077C0
Magic,ORL,1457.3848,1998-02-14,#0077C0
Magic,ORL,1459.4432,1998-02-28,#0077C0
Magic,ORL,1468.4052,1998-03-14,#0077C0
Magic,ORL,1498.7338,1998-03-28,#0077C0
Magic,ORL,1508.9988,1998-04-14,#0077C0
Magic,ORL,1515.9203,1998-04-28,#0077C0
Magic,ORL,1515.9203,1998-06-14,#0077C0
Magic,ORL,1537.6152,1999-02-14,#0077C0
Magic,ORL,1538.788,1999-02-28,#0077C0
Magic,ORL,1543.2081,1999-03-14,#0077C0
Magic,ORL,1561.1063,1999-03-28,#0077C0
Magic,ORL,1624.4905,1999-04-14,#0077C0
Magic,ORL,1561.5448,1999-04-28,#0077C0
Magic,ORL,1551.0334,1999-05-14,#0077C0
Magic,ORL,1524.9015,1999-11-14,#0077C0
Magic,ORL,1536.8801,1999-11-28,#0077C0
Magic,ORL,1517.198,1999-12-14,#0077C0
Magic,ORL,1538.3781,1999-12-28,#0077C0
Magic,ORL,1474.6312,2000-01-14,#0077C0
Magic,ORL,1475.8522,2000-01-28,#0077C0
Magic,ORL,1492.2943,2000-02-28,#0077C0
Magic,ORL,1494.14,2000-03-14,#0077C0
Magic,ORL,1524.2991,2000-03-28,#0077C0
Magic,ORL,1530.2218,2000-04-14,#0077C0
Magic,ORL,1522.677,2000-04-28,#0077C0
Magic,ORL,1522.677,2000-05-14,#0077C0
Magic,ORL,1522.677,2000-05-28,#0077C0
Magic,ORL,1522.677,2000-06-14,#0077C0
Magic,ORL,1495.4536,2000-11-14,#0077C0
Magic,ORL,1459.3384,2000-11-28,#0077C0
Magic,ORL,1471.1022,2000-12-14,#0077C0
Magic,ORL,1488.0442,2000-12-28,#0077C0
Magic,ORL,1480.2906,2001-01-14,#0077C0
Magic,ORL,1477.1842,2001-01-28,#0077C0
Magic,ORL,1539.8442,2001-02-14,#0077C0
Magic,ORL,1556.7947,2001-02-28,#0077C0
Magic,ORL,1560.4438,2001-03-14,#0077C0
Magic,ORL,1554.3419,2001-03-28,#0077C0
Magic,ORL,1544.7115,2001-04-14,#0077C0
Magic,ORL,1516.6642,2001-04-28,#0077C0
Magic,ORL,1524.7194,2001-05-14,#0077C0
Magic,ORL,1524.7194,2001-05-28,#0077C0
Magic,ORL,1531.1499,2001-11-14,#0077C0
Magic,ORL,1531.041,2001-11-28,#0077C0
Magic,ORL,1535.3429,2001-12-14,#0077C0
Magic,ORL,1488.6664,2001-12-28,#0077C0
Magic,ORL,1529.6654,2002-01-14,#0077C0
Magic,ORL,1524.0914,2002-01-28,#0077C0
Magic,ORL,1525.2966,2002-02-14,#0077C0
Magic,ORL,1540.9724,2002-02-28,#0077C0
Magic,ORL,1529.3086,2002-03-14,#0077C0
Magic,ORL,1512.8451,2002-03-28,#0077C0
Magic,ORL,1502.6532,2002-04-14,#0077C0
Magic,ORL,1474.6238,2002-04-28,#0077C0
Magic,ORL,1488.6497,2002-05-14,#0077C0
Magic,ORL,1488.6497,2002-05-28,#0077C0
Magic,ORL,1529.8282,2002-11-14,#0077C0
Magic,ORL,1521.7708,2002-11-28,#0077C0
Magic,ORL,1486.4312,2002-12-14,#0077C0
Magic,ORL,1492.7834,2002-12-28,#0077C0
Magic,ORL,1458.6228,2003-01-14,#0077C0
Magic,ORL,1468.6512,2003-01-28,#0077C0
Magic,ORL,1459.3793,2003-02-14,#0077C0
Magic,ORL,1487.8833,2003-02-28,#0077C0
Magic,ORL,1503.3168,2003-03-14,#0077C0
Magic,ORL,1519.2828,2003-03-28,#0077C0
Magic,ORL,1510.9036,2003-04-14,#0077C0
Magic,ORL,1511.0603,2003-04-28,#0077C0
Magic,ORL,1498.8828,2003-05-14,#0077C0
Magic,ORL,1498.8828,2003-10-28,#0077C0
Magic,ORL,1409.3668,2003-11-14,#0077C0
Magic,ORL,1376.609,2003-11-28,#0077C0
Magic,ORL,1373.791,2003-12-14,#0077C0
Magic,ORL,1395.3713,2003-12-28,#0077C0
Magic,ORL,1373.6554,2004-01-14,#0077C0
Magic,ORL,1398.014,2004-01-28,#0077C0
Magic,ORL,1369.9224,2004-02-28,#0077C0
Magic,ORL,1341.0521,2004-03-14,#0077C0
Magic,ORL,1302.5641,2004-03-28,#0077C0
Magic,ORL,1290.9779,2004-04-14,#0077C0
Magic,ORL,1349.2103,2004-04-28,#0077C0
Magic,ORL,1349.2103,2004-05-14,#0077C0
Magic,ORL,1349.2103,2004-05-28,#0077C0
Magic,ORL,1368.6104,2004-11-14,#0077C0
Magic,ORL,1400.6216,2004-11-28,#0077C0
Magic,ORL,1439.3364,2004-12-14,#0077C0
Magic,ORL,1440.7664,2004-12-28,#0077C0
Magic,ORL,1455.4781,2005-01-14,#0077C0
Magic,ORL,1459.2794,2005-01-28,#0077C0
Magic,ORL,1450.7402,2005-02-14,#0077C0
Magic,ORL,1427.84,2005-02-28,#0077C0
Magic,ORL,1416.0059,2005-03-14,#0077C0
Magic,ORL,1383.3375,2005-03-28,#0077C0
Magic,ORL,1358.3699,2005-04-14,#0077C0
Magic,ORL,1385.1106,2005-04-28,#0077C0
Magic,ORL,1385.1106,2005-05-14,#0077C0
Magic,ORL,1385.1106,2005-05-28,#0077C0
Magic,ORL,1385.1106,2005-06-14,#0077C0
Magic,ORL,1391.6805,2005-11-14,#0077C0
Magic,ORL,1416.5326,2005-11-28,#0077C0
Magic,ORL,1414.1428,2005-12-14,#0077C0
Magic,ORL,1400.1149,2005-12-28,#0077C0
Magic,ORL,1389.0696,2006-01-14,#0077C0
Magic,ORL,1425.9257,2006-01-28,#0077C0
Magic,ORL,1395.3868,2006-02-14,#0077C0
Magic,ORL,1381.6426,2006-02-28,#0077C0
Magic,ORL,1404.6278,2006-03-14,#0077C0
Magic,ORL,1445.4141,2006-03-28,#0077C0
Magic,ORL,1522.7621,2006-04-14,#0077C0
Magic,ORL,1519.5233,2006-04-28,#0077C0
Magic,ORL,1519.5233,2006-05-14,#0077C0
Magic,ORL,1519.5233,2006-05-28,#0077C0
Magic,ORL,1522.2345,2006-11-14,#0077C0
Magic,ORL,1566.3341,2006-11-28,#0077C0
Magic,ORL,1500.5344,2006-12-14,#0077C0
Magic,ORL,1477.1405,2006-12-28,#0077C0
Magic,ORL,1513.8921,2007-01-14,#0077C0
Magic,ORL,1475.2439,2007-01-28,#0077C0
Magic,ORL,1477.464,2007-02-14,#0077C0
Magic,ORL,1464.2119,2007-02-28,#0077C0
Magic,ORL,1449.6685,2007-03-14,#0077C0
Magic,ORL,1461.6609,2007-03-28,#0077C0
Magic,ORL,1495.8384,2007-04-14,#0077C0
Magic,ORL,1495.0612,2007-04-28,#0077C0
Magic,ORL,1503.2628,2007-05-14,#0077C0
Magic,ORL,1503.2628,2007-05-28,#0077C0
Magic,ORL,1503.2628,2007-06-14,#0077C0
Magic,ORL,1535.5779,2007-11-14,#0077C0
Magic,ORL,1595.4666,2007-11-28,#0077C0
Magic,ORL,1567.7782,2007-12-14,#0077C0
Magic,ORL,1544.4899,2007-12-28,#0077C0
Magic,ORL,1537.8199,2008-01-14,#0077C0
Magic,ORL,1561.1658,2008-01-28,#0077C0
Magic,ORL,1582.4733,2008-02-14,#0077C0
Magic,ORL,1585.5015,2008-02-28,#0077C0
Magic,ORL,1610.1337,2008-03-14,#0077C0
Magic,ORL,1600.6044,2008-03-28,#0077C0
Magic,ORL,1612.7207,2008-04-14,#0077C0
Magic,ORL,1624.9644,2008-04-28,#0077C0
Magic,ORL,1566.6978,2008-05-14,#0077C0
Magic,ORL,1566.6978,2008-05-28,#0077C0
Magic,ORL,1566.6978,2008-10-28,#0077C0
Magic,ORL,1578.4407,2008-11-14,#0077C0
Magic,ORL,1607.6797,2008-11-28,#0077C0
Magic,ORL,1631.6219,2008-12-14,#0077C0
Magic,ORL,1657.4598,2008-12-28,#0077C0
Magic,ORL,1706.4727,2009-01-14,#0077C0
Magic,ORL,1705.0436,2009-01-28,#0077C0
Magic,ORL,1634.171,2009-02-28,#0077C0
Magic,ORL,1666.4083,2009-03-14,#0077C0
Magic,ORL,1689.9614,2009-03-28,#0077C0
Magic,ORL,1626.7084,2009-04-14,#0077C0
Magic,ORL,1625.5596,2009-04-28,#0077C0
Magic,ORL,1656.1714,2009-05-14,#0077C0
Magic,ORL,1692.6453,2009-05-28,#0077C0
Magic,ORL,1673.2776,2009-06-14,#0077C0
Magic,ORL,1635.3656,2009-10-28,#0077C0
Magic,ORL,1621.5786,2009-11-14,#0077C0
Magic,ORL,1655.8668,2009-11-28,#0077C0
Magic,ORL,1658.6677,2009-12-14,#0077C0
Magic,ORL,1648.8907,2009-12-28,#0077C0
Magic,ORL,1600.9896,2010-01-14,#0077C0
Magic,ORL,1612.2061,2010-01-28,#0077C0
Magic,ORL,1646.8666,2010-02-28,#0077C0
Magic,ORL,1662.8118,2010-03-14,#0077C0
Magic,ORL,1686.5289,2010-03-28,#0077C0
Magic,ORL,1720.3916,2010-04-14,#0077C0
Magic,ORL,1749.2424,2010-04-28,#0077C0
Magic,ORL,1744.271,2010-05-28,#0077C0
Magic,ORL,1687.4821,2010-10-28,#0077C0
Magic,ORL,1648.6417,2010-11-14,#0077C0
Magic,ORL,1666.7638,2010-11-28,#0077C0
Magic,ORL,1628.2852,2010-12-14,#0077C0
Magic,ORL,1632.8103,2010-12-28,#0077C0
Magic,ORL,1654.9377,2011-01-14,#0077C0
Magic,ORL,1648.5632,2011-01-28,#0077C0
Magic,ORL,1643.6078,2011-02-14,#0077C0
Magic,ORL,1640.8873,2011-02-28,#0077C0
Magic,ORL,1632.6791,2011-03-14,#0077C0
Magic,ORL,1643.6167,2011-03-28,#0077C0
Magic,ORL,1608.4298,2011-04-28,#0077C0
Magic,ORL,1586.031,2011-12-28,#0077C0
Magic,ORL,1606.3802,2012-01-14,#0077C0
Magic,ORL,1540.6235,2012-01-28,#0077C0
Magic,ORL,1571.1252,2012-02-14,#0077C0
Magic,ORL,1583.4446,2012-02-28,#0077C0
Magic,ORL,1583.3226,2012-03-14,#0077C0
Magic,ORL,1566.6675,2012-03-28,#0077C0
Magic,ORL,1509.5582,2012-04-14,#0077C0
Magic,ORL,1505.8367,2012-04-28,#0077C0
Magic,ORL,1489.8534,2012-05-14,#0077C0
Magic,ORL,1489.8534,2012-05-28,#0077C0
Magic,ORL,1489.8534,2012-06-14,#0077C0
Magic,ORL,1430.1804,2012-11-14,#0077C0
Magic,ORL,1416.9491,2012-11-28,#0077C0
Magic,ORL,1446.3973,2012-12-14,#0077C0
Magic,ORL,1433.1846,2012-12-28,#0077C0
Magic,ORL,1378.1902,2013-01-14,#0077C0
Magic,ORL,1349.637,2013-01-28,#0077C0
Magic,ORL,1293.4377,2013-02-14,#0077C0
Magic,ORL,1269.9637,2013-02-28,#0077C0
Magic,ORL,1271.5924,2013-03-14,#0077C0
Magic,ORL,1267.3378,2013-03-28,#0077C0
Magic,ORL,1249.7712,2013-04-14,#0077C0
Magic,ORL,1311.5338,2013-04-28,#0077C0
Magic,ORL,1311.5338,2013-05-14,#0077C0
Magic,ORL,1311.5338,2013-05-28,#0077C0
Magic,ORL,1351.0315,2013-11-14,#0077C0
Magic,ORL,1349.3146,2013-12-14,#0077C0
Magic,ORL,1360.824,2013-12-28,#0077C0
Magic,ORL,1318.0404,2014-01-14,#0077C0
Magic,ORL,1304.0513,2014-01-28,#0077C0
Magic,ORL,1334.5634,2014-02-28,#0077C0
Magic,ORL,1312.7227,2014-03-14,#0077C0
Magic,ORL,1328.0842,2014-03-28,#0077C0
Magic,ORL,1319.5913,2014-04-14,#0077C0
Magic,ORL,1353.291,2014-04-28,#0077C0
Magic,ORL,1353.291,2014-05-14,#0077C0
Magic,ORL,1353.291,2014-05-28,#0077C0
Magic,ORL,1353.291,2014-10-28,#0077C0
Magic,ORL,1370.2115,2014-11-14,#0077C0
Magic,ORL,1359.8942,2014-11-28,#0077C0
Magic,ORL,1392.7502,2014-12-14,#0077C0
Magic,ORL,1375.0948,2014-12-28,#0077C0
Magic,ORL,1359.4933,2015-01-14,#0077C0
Magic,ORL,1312.1631,2015-01-28,#0077C0
Magic,ORL,1310.543,2015-02-28,#0077C0
Magic,ORL,1305.2365,2015-03-14,#0077C0
Magic,ORL,1285.8441,2015-03-28,#0077C0
Magic,ORL,1311.8915,2015-04-14,#0077C0
Lakers,MNL,1524.1882,1948-11-14,#552583
Lakers,MNL,1557.3899,1948-11-28,#552583
Lakers,MNL,1571.1406,1948-12-14,#552583
Lakers,MNL,1570.021,1948-12-28,#552583
Lakers,MNL,1579.3588,1949-01-14,#552583
Lakers,MNL,1613.1597,1949-01-28,#552583
Lakers,MNL,1613.5165,1949-02-28,#552583
Lakers,MNL,1595.0878,1949-11-28,#552583
Lakers,MNL,1579.7056,1949-12-14,#552583
Lakers,MNL,1555.7732,1949-12-28,#552583
Lakers,MNL,1586.75,1950-01-14,#552583
Lakers,MNL,1655.4686,1950-01-28,#552583
Lakers,MNL,1680.7645,1950-02-14,#552583
Lakers,MNL,1691.3292,1950-02-28,#552583
Lakers,MNL,1691.5402,1950-03-14,#552583
Lakers,MNL,1710.1169,1950-03-28,#552583
Lakers,MNL,1727.4318,1950-04-14,#552583
Lakers,MNL,1646.899,1950-11-14,#552583
Lakers,MNL,1644.7327,1950-11-28,#552583
Lakers,MNL,1652.0464,1950-12-14,#552583
Lakers,MNL,1632.3496,1950-12-28,#552583
Lakers,MNL,1652.2209,1951-01-14,#552583
Lakers,MNL,1664.1986,1951-01-28,#552583
Lakers,MNL,1672.8209,1951-02-14,#552583
Lakers,MNL,1644.8759,1951-02-28,#552583
Lakers,MNL,1624.2806,1951-03-14,#552583
Lakers,MNL,1622.5579,1951-03-28,#552583
Lakers,MNL,1600.3414,1951-11-14,#552583
Lakers,MNL,1622.7642,1951-11-28,#552583
Lakers,MNL,1605.9578,1951-12-14,#552583
Lakers,MNL,1640.421,1952-02-14,#552583
Lakers,MNL,1628.8535,1952-02-28,#552583
Lakers,MNL,1628.0442,1952-03-14,#552583
Lakers,MNL,1636.7214,1952-11-14,#552583
Lakers,MNL,1668.8716,1952-11-28,#552583
Lakers,MNL,1688.9839,1952-12-14,#552583
Lakers,MNL,1687.8274,1952-12-28,#552583
Lakers,MNL,1668.9125,1953-01-14,#552583
Lakers,MNL,1617.2476,1953-01-28,#552583
Lakers,MNL,1630.9694,1953-02-14,#552583
Lakers,MNL,1629.1439,1953-02-28,#552583
Lakers,MNL,1623.1163,1953-03-14,#552583
Lakers,MNL,1637.7722,1953-03-28,#552583
Lakers,MNL,1612.3525,1953-11-14,#552583
Lakers,MNL,1667.4182,1953-11-28,#552583
Lakers,MNL,1607.6855,1953-12-28,#552583
Lakers,MNL,1608.8949,1954-01-14,#552583
Lakers,MNL,1614.3622,1954-01-28,#552583
Lakers,MNL,1640.9688,1954-02-14,#552583
Lakers,MNL,1598.7288,1954-02-28,#552583
Lakers,MNL,1581.8008,1954-03-14,#552583
Lakers,MNL,1607.056,1954-03-28,#552583
Lakers,MNL,1597.1526,1954-11-14,#552583
Lakers,MNL,1595.1237,1954-11-28,#552583
Lakers,MNL,1582.1527,1954-12-14,#552583
Lakers,MNL,1593.0375,1954-12-28,#552583
Lakers,MNL,1587.288,1955-01-14,#552583
Lakers,MNL,1607.4291,1955-01-28,#552583
Lakers,MNL,1601.3123,1955-02-14,#552583
Lakers,MNL,1585.6997,1955-02-28,#552583
Lakers,MNL,1586.3949,1955-03-14,#552583
Lakers,MNL,1468.8859,1955-12-14,#552583
Lakers,MNL,1441.4633,1955-12-28,#552583
Lakers,MNL,1505.9136,1956-01-14,#552583
Lakers,MNL,1501.1769,1956-01-28,#552583
Lakers,MNL,1494.8447,1956-02-14,#552583
Lakers,MNL,1511.115,1956-02-28,#552583
Lakers,MNL,1533.9983,1956-03-14,#552583
Lakers,MNL,1528.7806,1956-03-28,#552583
Lakers,MNL,1523.1853,1956-10-28,#552583
Lakers,MNL,1536.3369,1956-11-14,#552583
Lakers,MNL,1541.813,1956-11-28,#552583
Lakers,MNL,1498.4736,1957-01-28,#552583
Lakers,MNL,1480.8531,1957-02-14,#552583
Lakers,MNL,1446.67,1957-02-28,#552583
Lakers,MNL,1506.988,1957-03-14,#552583
Lakers,MNL,1457.7534,1957-11-14,#552583
Lakers,MNL,1422.5875,1957-11-28,#552583
Lakers,MNL,1413.0847,1957-12-14,#552583
Lakers,MNL,1405.8802,1957-12-28,#552583
Lakers,MNL,1384.0726,1958-01-14,#552583
Lakers,MNL,1383.4048,1958-01-28,#552583
Lakers,MNL,1351.0187,1958-02-14,#552583
Lakers,MNL,1404.9226,1958-11-14,#552583
Lakers,MNL,1428.0795,1958-11-28,#552583
Lakers,MNL,1429.5686,1958-12-14,#552583
Lakers,MNL,1426.4998,1958-12-28,#552583
Lakers,MNL,1441.405,1959-01-14,#552583
Lakers,MNL,1446.2015,1959-01-28,#552583
Lakers,MNL,1456.9133,1959-02-14,#552583
Lakers,MNL,1492.948,1959-02-28,#552583
Lakers,MNL,1504.7159,1959-03-14,#552583
Lakers,MNL,1509.8815,1959-03-28,#552583
Lakers,MNL,1492.5833,1959-10-28,#552583
Lakers,MNL,1452.8683,1959-11-14,#552583
Lakers,MNL,1442.3856,1959-11-28,#552583
Lakers,MNL,1434.6069,1959-12-28,#552583
Lakers,MNL,1415.0414,1960-01-14,#552583
Lakers,MNL,1361.489,1960-02-14,#552583
Lakers,MNL,1422.3048,1960-02-28,#552583
Lakers,MNL,1454.9237,1960-03-14,#552583
Lakers,LAL,1437.4066,1960-10-28,#552583
Lakers,LAL,1517.2363,1960-11-28,#552583
Lakers,LAL,1489.019,1960-12-14,#552583
Lakers,LAL,1461.7902,1960-12-28,#552583
Lakers,LAL,1471.0411,1961-01-14,#552583
Lakers,LAL,1477.9628,1961-01-28,#552583
Lakers,LAL,1504.0657,1961-02-14,#552583
Lakers,LAL,1503.2948,1961-02-28,#552583
Lakers,LAL,1520.5133,1961-03-14,#552583
Lakers,LAL,1541.4984,1961-10-28,#552583
Lakers,LAL,1553.3632,1961-11-14,#552583
Lakers,LAL,1545.7913,1961-11-28,#552583
Lakers,LAL,1560.2135,1961-12-14,#552583
Lakers,LAL,1594.5352,1961-12-28,#552583
Lakers,LAL,1565.4668,1962-01-14,#552583
Lakers,LAL,1573.5614,1962-01-28,#552583
Lakers,LAL,1548.8673,1962-02-14,#552583
Lakers,LAL,1547.454,1962-02-28,#552583
Lakers,LAL,1552.0934,1962-03-14,#552583
Lakers,LAL,1565.7594,1962-03-28,#552583
Lakers,LAL,1572.9662,1962-04-14,#552583
Lakers,LAL,1534.3527,1962-10-28,#552583
Lakers,LAL,1554.7383,1962-11-14,#552583
Lakers,LAL,1597.1422,1962-11-28,#552583
Lakers,LAL,1617.8988,1962-12-14,#552583
Lakers,LAL,1625.4658,1962-12-28,#552583
Lakers,LAL,1660.4175,1963-01-14,#552583
Lakers,LAL,1629.2042,1963-02-14,#552583
Lakers,LAL,1574.2362,1963-02-28,#552583
Lakers,LAL,1516.9618,1963-03-14,#552583
Lakers,LAL,1523.8738,1963-03-28,#552583
Lakers,LAL,1531.2438,1963-04-14,#552583
Lakers,LAL,1553.7314,1963-11-14,#552583
Lakers,LAL,1562.1677,1963-11-28,#552583
Lakers,LAL,1572.3242,1963-12-14,#552583
Lakers,LAL,1558.6335,1963-12-28,#552583
Lakers,LAL,1524.9858,1964-01-28,#552583
Lakers,LAL,1461.1924,1964-02-14,#552583
Lakers,LAL,1470.7197,1964-02-28,#552583
Lakers,LAL,1477.8975,1964-03-14,#552583
Lakers,LAL,1498.3804,1964-03-28,#552583
Lakers,LAL,1515.5195,1964-10-28,#552583
Lakers,LAL,1527.626,1964-11-14,#552583
Lakers,LAL,1537.4596,1964-11-28,#552583
Lakers,LAL,1498.1801,1964-12-14,#552583
Lakers,LAL,1491.6962,1964-12-28,#552583
Lakers,LAL,1503.3772,1965-01-14,#552583
Lakers,LAL,1523.077,1965-01-28,#552583
Lakers,LAL,1544.6711,1965-02-14,#552583
Lakers,LAL,1586.3116,1965-02-28,#552583
Lakers,LAL,1604.5568,1965-03-14,#552583
Lakers,LAL,1564.644,1965-03-28,#552583
Lakers,LAL,1560.267,1965-10-28,#552583
Lakers,LAL,1530.2388,1965-11-14,#552583
Lakers,LAL,1547.2875,1965-11-28,#552583
Lakers,LAL,1545.7417,1965-12-14,#552583
Lakers,LAL,1558.2191,1965-12-28,#552583
Lakers,LAL,1560.2761,1966-01-14,#552583
Lakers,LAL,1544.5907,1966-01-28,#552583
Lakers,LAL,1564.3945,1966-02-14,#552583
Lakers,LAL,1534.3378,1966-02-28,#552583
Lakers,LAL,1559.9454,1966-04-28,#552583
Lakers,LAL,1506.3683,1966-10-28,#552583
Lakers,LAL,1496.5779,1966-11-14,#552583
Lakers,LAL,1471.0684,1966-12-14,#552583
Lakers,LAL,1449.4391,1966-12-28,#552583
Lakers,LAL,1460.0593,1967-01-14,#552583
Lakers,LAL,1458.6768,1967-01-28,#552583
Lakers,LAL,1532.7888,1967-02-14,#552583
Lakers,LAL,1508.7916,1967-02-28,#552583
Lakers,LAL,1477.9572,1967-03-14,#552583
Lakers,LAL,1464.79,1967-03-28,#552583
Lakers,LAL,1464.79,1967-04-14,#552583
Lakers,LAL,1464.79,1967-10-14,#552583
Lakers,LAL,1488.4766,1967-10-28,#552583
Lakers,LAL,1469.3281,1967-11-14,#552583
Lakers,LAL,1485.9966,1967-11-28,#552583
Lakers,LAL,1514.4084,1967-12-14,#552583
Lakers,LAL,1502.6769,1967-12-28,#552583
Lakers,LAL,1483.9762,1968-01-14,#552583
Lakers,LAL,1528.9617,1968-01-28,#552583
Lakers,LAL,1598.6798,1968-02-14,#552583
Lakers,LAL,1609.7672,1968-02-28,#552583
Lakers,LAL,1568.9429,1968-03-14,#552583
Lakers,LAL,1565.0815,1968-03-28,#552583
Lakers,LAL,1581.2457,1968-04-14,#552583
Lakers,LAL,1592.0099,1968-04-28,#552583
Lakers,LAL,1562.5504,1968-10-28,#552583
Lakers,LAL,1564.0332,1968-11-14,#552583
Lakers,LAL,1558.5804,1968-11-28,#552583
Lakers,LAL,1554.4531,1968-12-14,#552583
Lakers,LAL,1566.3647,1968-12-28,#552583
Lakers,LAL,1551.697,1969-01-14,#552583
Lakers,LAL,1567.5382,1969-01-28,#552583
Lakers,LAL,1562.5524,1969-02-14,#552583
Lakers,LAL,1516.2285,1969-02-28,#552583
Lakers,LAL,1531.2493,1969-03-14,#552583
Lakers,LAL,1549.7932,1969-03-28,#552583
Lakers,LAL,1596.3662,1969-04-14,#552583
Lakers,LAL,1574.7716,1969-10-14,#552583
Lakers,LAL,1583.9271,1969-10-28,#552583
Lakers,LAL,1542.1125,1969-11-14,#552583
Lakers,LAL,1501.6854,1969-11-28,#552583
Lakers,LAL,1468.5527,1969-12-14,#552583
Lakers,LAL,1481.6299,1969-12-28,#552583
Lakers,LAL,1504.4554,1970-01-14,#552583
Lakers,LAL,1535.6449,1970-01-28,#552583
Lakers,LAL,1521.8763,1970-02-14,#552583
Lakers,LAL,1507.2942,1970-02-28,#552583
Lakers,LAL,1524.8719,1970-03-14,#552583
Lakers,LAL,1491.6699,1970-03-28,#552583
Lakers,LAL,1536.9452,1970-04-14,#552583
Lakers,LAL,1543.4019,1970-04-28,#552583
Lakers,LAL,1546.8286,1970-10-14,#552583
Lakers,LAL,1552.9006,1970-10-28,#552583
Lakers,LAL,1572.1437,1970-11-14,#552583
Lakers,LAL,1532.2554,1970-11-28,#552583
Lakers,LAL,1563.5508,1970-12-28,#552583
Lakers,LAL,1511.3993,1971-01-14,#552583
Lakers,LAL,1532.4827,1971-01-28,#552583
Lakers,LAL,1555.146,1971-02-14,#552583
Lakers,LAL,1562.2069,1971-02-28,#552583
Lakers,LAL,1506.441,1971-03-14,#552583
Lakers,LAL,1488.876,1971-03-28,#552583
Lakers,LAL,1510.6516,1971-04-14,#552583
Lakers,LAL,1520.5177,1971-04-28,#552583
Lakers,LAL,1520.5177,1971-10-14,#552583
Lakers,LAL,1563.3959,1971-10-28,#552583
Lakers,LAL,1626.7168,1971-11-14,#552583
Lakers,LAL,1662.0088,1971-11-28,#552583
Lakers,LAL,1697.8363,1971-12-14,#552583
Lakers,LAL,1730.9028,1971-12-28,#552583
Lakers,LAL,1740.1483,1972-01-14,#552583
Lakers,LAL,1717.6486,1972-01-28,#552583
Lakers,LAL,1733.4956,1972-02-14,#552583
Lakers,LAL,1698.7639,1972-03-14,#552583
Lakers,LAL,1722.6143,1972-03-28,#552583
Lakers,LAL,1728.3066,1972-04-14,#552583
Lakers,LAL,1653.0481,1972-10-14,#552583
Lakers,LAL,1638.0282,1972-10-28,#552583
Lakers,LAL,1663.4648,1972-11-14,#552583
Lakers,LAL,1665.3594,1972-11-28,#552583
Lakers,LAL,1689.6261,1972-12-14,#552583
Lakers,LAL,1650.0281,1972-12-28,#552583
Lakers,LAL,1637.7456,1973-01-14,#552583
Lakers,LAL,1670.2494,1973-01-28,#552583
Lakers,LAL,1688.7223,1973-02-14,#552583
Lakers,LAL,1632.0433,1973-02-28,#552583
Lakers,LAL,1645.1809,1973-03-14,#552583
Lakers,LAL,1641.7327,1973-03-28,#552583
Lakers,LAL,1635.3784,1973-04-14,#552583
Lakers,LAL,1670.6813,1973-04-28,#552583
Lakers,LAL,1610.8141,1973-10-14,#552583
Lakers,LAL,1598.4813,1973-10-28,#552583
Lakers,LAL,1566.08,1973-11-14,#552583
Lakers,LAL,1595.0817,1973-11-28,#552583
Lakers,LAL,1514.6713,1973-12-14,#552583
Lakers,LAL,1481.541,1973-12-28,#552583
Lakers,LAL,1506.1765,1974-01-14,#552583
Lakers,LAL,1525.1084,1974-01-28,#552583
Lakers,LAL,1497.2889,1974-02-14,#552583
Lakers,LAL,1521.1252,1974-02-28,#552583
Lakers,LAL,1542.4285,1974-03-14,#552583
Lakers,LAL,1546.577,1974-03-28,#552583
Lakers,LAL,1527.2029,1974-04-14,#552583
Lakers,LAL,1527.2029,1974-04-28,#552583
Lakers,LAL,1463.2355,1974-11-14,#552583
Lakers,LAL,1437.7843,1974-11-28,#552583
Lakers,LAL,1446.5671,1974-12-14,#552583
Lakers,LAL,1453.7843,1974-12-28,#552583
Lakers,LAL,1434.8956,1975-01-14,#552583
Lakers,LAL,1416.1707,1975-01-28,#552583
Lakers,LAL,1402.1896,1975-02-14,#552583
Lakers,LAL,1367.5725,1975-02-28,#552583
Lakers,LAL,1376.4481,1975-03-14,#552583
Lakers,LAL,1399.6859,1975-03-28,#552583
Lakers,LAL,1412.3998,1975-04-14,#552583
Lakers,LAL,1412.3998,1975-04-28,#552583
Lakers,LAL,1412.3998,1975-05-14,#552583
Lakers,LAL,1419.3723,1975-10-28,#552583
Lakers,LAL,1445.3905,1975-11-14,#552583
Lakers,LAL,1473.3823,1975-11-28,#552583
Lakers,LAL,1505.9126,1975-12-14,#552583
Lakers,LAL,1474.1545,1975-12-28,#552583
Lakers,LAL,1442.8209,1976-01-14,#552583
Lakers,LAL,1429.1411,1976-01-28,#552583
Lakers,LAL,1447.0905,1976-02-14,#552583
Lakers,LAL,1458.6958,1976-02-28,#552583
Lakers,LAL,1480.787,1976-03-14,#552583
Lakers,LAL,1460.8359,1976-03-28,#552583
Lakers,LAL,1467.9218,1976-04-14,#552583
Lakers,LAL,1467.9218,1976-04-28,#552583
Lakers,LAL,1467.9218,1976-05-14,#552583
Lakers,LAL,1493.2526,1976-10-28,#552583
Lakers,LAL,1493.8307,1976-11-14,#552583
Lakers,LAL,1523.6179,1976-11-28,#552583
Lakers,LAL,1534.7102,1976-12-14,#552583
Lakers,LAL,1574.8816,1976-12-28,#552583
Lakers,LAL,1592.9274,1977-01-14,#552583
Lakers,LAL,1602.0515,1977-01-28,#552583
Lakers,LAL,1553.6342,1977-03-14,#552583
Lakers,LAL,1574.7175,1977-04-14,#552583
Lakers,LAL,1528.8105,1977-10-28,#552583
Lakers,LAL,1477.2764,1977-11-28,#552583
Lakers,LAL,1474.4263,1977-12-14,#552583
Lakers,LAL,1540.9001,1977-12-28,#552583
Lakers,LAL,1515.5891,1978-01-14,#552583
Lakers,LAL,1554.223,1978-01-28,#552583
Lakers,LAL,1584.4442,1978-02-14,#552583
Lakers,LAL,1599.7599,1978-02-28,#552583
Lakers,LAL,1624.5782,1978-03-14,#552583
Lakers,LAL,1611.8309,1978-03-28,#552583
Lakers,LAL,1596.0413,1978-04-14,#552583
Lakers,LAL,1562.8776,1978-04-28,#552583
Lakers,LAL,1562.8776,1978-05-14,#552583
Lakers,LAL,1562.8776,1978-05-28,#552583
Lakers,LAL,1557.4893,1978-10-14,#552583
Lakers,LAL,1572.1344,1978-10-28,#552583
Lakers,LAL,1625.2581,1978-11-14,#552583
Lakers,LAL,1617.1613,1978-11-28,#552583
Lakers,LAL,1614.7941,1978-12-14,#552583
Lakers,LAL,1603.4247,1978-12-28,#552583
Lakers,LAL,1628.0283,1979-01-14,#552583
Lakers,LAL,1580.1173,1979-01-28,#552583
Lakers,LAL,1582.6256,1979-02-14,#552583
Lakers,LAL,1594.8336,1979-02-28,#552583
Lakers,LAL,1533.7909,1979-03-14,#552583
Lakers,LAL,1538.8401,1979-03-28,#552583
Lakers,LAL,1539.198,1979-10-14,#552583
Lakers,LAL,1545.3029,1979-10-28,#552583
Lakers,LAL,1581.2173,1979-11-14,#552583
Lakers,LAL,1559.7905,1979-11-28,#552583
Lakers,LAL,1575.5229,1979-12-14,#552583
Lakers,LAL,1595.8597,1979-12-28,#552583
Lakers,LAL,1626.4578,1980-01-28,#552583
Lakers,LAL,1657.6387,1980-02-14,#552583
Lakers,LAL,1667.5004,1980-02-28,#552583
Lakers,LAL,1669.5295,1980-03-14,#552583
Lakers,LAL,1689.0092,1980-03-28,#552583
Lakers,LAL,1695.2262,1980-04-14,#552583
Lakers,LAL,1720.7853,1980-05-14,#552583
Lakers,LAL,1691.8136,1980-10-14,#552583
Lakers,LAL,1693.3348,1980-10-28,#552583
Lakers,LAL,1689.8567,1980-11-14,#552583
Lakers,LAL,1687.4834,1980-11-28,#552583
Lakers,LAL,1641.1014,1980-12-14,#552583
Lakers,LAL,1620.0659,1980-12-28,#552583
Lakers,LAL,1595.3822,1981-01-14,#552583
Lakers,LAL,1613.1907,1981-01-28,#552583
Lakers,LAL,1618.5404,1981-02-14,#552583
Lakers,LAL,1611.3378,1981-02-28,#552583
Lakers,LAL,1609.9053,1981-03-14,#552583
Lakers,LAL,1619.2371,1981-03-28,#552583
Lakers,LAL,1566.6418,1981-04-14,#552583
Lakers,LAL,1566.6418,1981-05-14,#552583
Lakers,LAL,1564.9103,1981-11-14,#552583
Lakers,LAL,1598.647,1981-11-28,#552583
Lakers,LAL,1642.4327,1981-12-28,#552583
Lakers,LAL,1614.1592,1982-01-14,#552583
Lakers,LAL,1624.934,1982-01-28,#552583
Lakers,LAL,1583.4034,1982-02-14,#552583
Lakers,LAL,1622.1879,1982-02-28,#552583
Lakers,LAL,1587.4929,1982-03-14,#552583
Lakers,LAL,1598.8103,1982-03-28,#552583
Lakers,LAL,1618.6201,1982-04-14,#552583
Lakers,LAL,1649.75,1982-04-28,#552583
Lakers,LAL,1681.0815,1982-05-14,#552583
Lakers,LAL,1650.9884,1982-11-14,#552583
Lakers,LAL,1673.3451,1982-11-28,#552583
Lakers,LAL,1677.3586,1982-12-14,#552583
Lakers,LAL,1672.136,1982-12-28,#552583
Lakers,LAL,1691.9622,1983-01-14,#552583
Lakers,LAL,1709.6008,1983-01-28,#552583
Lakers,LAL,1625.5447,1983-04-14,#552583
Lakers,LAL,1643.6801,1983-05-14,#552583
Lakers,LAL,1593.4788,1983-10-28,#552583
Lakers,LAL,1627.1549,1983-11-28,#552583
Lakers,LAL,1586.6847,1983-12-14,#552583
Lakers,LAL,1561.5946,1983-12-28,#552583
Lakers,LAL,1530.3877,1984-01-14,#552583
Lakers,LAL,1570.9272,1984-02-14,#552583
Lakers,LAL,1600.0481,1984-02-28,#552583
Lakers,LAL,1579.886,1984-03-14,#552583
Lakers,LAL,1589.1554,1984-03-28,#552583
Lakers,LAL,1589.1625,1984-04-14,#552583
Lakers,LAL,1615.8933,1984-04-28,#552583
Lakers,LAL,1596.0723,1984-10-28,#552583
Lakers,LAL,1584.5552,1984-11-14,#552583
Lakers,LAL,1596.7633,1984-11-28,#552583
Lakers,LAL,1600.363,1984-12-14,#552583
Lakers,LAL,1631.2998,1984-12-28,#552583
Lakers,LAL,1628.1178,1985-01-14,#552583
Lakers,LAL,1645.9586,1985-01-28,#552583
Lakers,LAL,1657.8549,1985-02-14,#552583
Lakers,LAL,1646.3759,1985-02-28,#552583
Lakers,LAL,1685.682,1985-03-14,#552583
Lakers,LAL,1719.1715,1985-03-28,#552583
Lakers,LAL,1731.5975,1985-04-14,#552583
Lakers,LAL,1751.0887,1985-04-28,#552583
Lakers,LAL,1718.0522,1985-05-14,#552583
Lakers,LAL,1715.5468,1985-11-14,#552583
Lakers,LAL,1744.1252,1985-12-14,#552583
Lakers,LAL,1746.8324,1985-12-28,#552583
Lakers,LAL,1718.7356,1986-01-14,#552583
Lakers,LAL,1667.9215,1986-01-28,#552583
Lakers,LAL,1677.1466,1986-02-14,#552583
Lakers,LAL,1661.0074,1986-02-28,#552583
Lakers,LAL,1665.0907,1986-03-14,#552583
Lakers,LAL,1672.88,1986-03-28,#552583
Lakers,LAL,1633.0223,1986-11-14,#552583
Lakers,LAL,1658.0623,1986-11-28,#552583
Lakers,LAL,1663.7731,1986-12-14,#552583
Lakers,LAL,1681.4358,1986-12-28,#552583
Lakers,LAL,1690.1785,1987-01-14,#552583
Lakers,LAL,1680.2383,1987-01-28,#552583
Lakers,LAL,1688.8634,1987-02-14,#552583
Lakers,LAL,1673.8452,1987-02-28,#552583
Lakers,LAL,1696.3752,1987-03-14,#552583
Lakers,LAL,1693.9369,1987-03-28,#552583
Lakers,LAL,1728.7019,1987-04-14,#552583
Lakers,LAL,1713.3169,1987-04-28,#552583
Lakers,LAL,1717.4933,1987-05-14,#552583
Lakers,LAL,1743.462,1987-05-28,#552583
Lakers,LAL,1739.5839,1987-06-14,#552583
Lakers,LAL,1697.5977,1987-11-14,#552583
Lakers,LAL,1677.4772,1987-11-28,#552583
Lakers,LAL,1645.6559,1987-12-14,#552583
Lakers,LAL,1671.8861,1987-12-28,#552583
Lakers,LAL,1701.9998,1988-01-14,#552583
Lakers,LAL,1715.656,1988-01-28,#552583
Lakers,LAL,1731.291,1988-02-14,#552583
Lakers,LAL,1758.3601,1988-02-28,#552583
Lakers,LAL,1711.7648,1988-03-14,#552583
Lakers,LAL,1652.4711,1988-03-28,#552583
Lakers,LAL,1630.6383,1988-04-14,#552583
Lakers,LAL,1644.88,1988-04-28,#552583
Lakers,LAL,1657.2957,1988-05-14,#552583
Lakers,LAL,1645.4431,1988-05-28,#552583
Lakers,LAL,1660.3477,1988-06-14,#552583
Lakers,LAL,1634.1416,1988-11-14,#552583
Lakers,LAL,1652.8369,1988-11-28,#552583
Lakers,LAL,1670.0067,1988-12-14,#552583
Lakers,LAL,1611.2228,1988-12-28,#552583
Lakers,LAL,1622.29,1989-01-14,#552583
Lakers,LAL,1641.375,1989-01-28,#552583
Lakers,LAL,1620.55,1989-02-14,#552583
Lakers,LAL,1636.9673,1989-02-28,#552583
Lakers,LAL,1667.6421,1989-03-14,#552583
Lakers,LAL,1647.1758,1989-03-28,#552583
Lakers,LAL,1618.0151,1989-04-14,#552583
Lakers,LAL,1644.5242,1989-04-28,#552583
Lakers,LAL,1673.5103,1989-05-14,#552583
Lakers,LAL,1701.4938,1989-05-28,#552583
Lakers,LAL,1646.6743,1989-11-14,#552583
Lakers,LAL,1653.5791,1989-11-28,#552583
Lakers,LAL,1655.428,1989-12-14,#552583
Lakers,LAL,1656.2517,1989-12-28,#552583
Lakers,LAL,1657.9075,1990-01-14,#552583
Lakers,LAL,1688.0457,1990-01-28,#552583
Lakers,LAL,1668.4865,1990-02-14,#552583
Lakers,LAL,1683.1134,1990-02-28,#552583
Lakers,LAL,1680.2927,1990-03-14,#552583
Lakers,LAL,1659.5033,1990-03-28,#552583
Lakers,LAL,1696.151,1990-04-14,#552583
Lakers,LAL,1685.8799,1990-04-28,#552583
Lakers,LAL,1614.4098,1990-05-28,#552583
Lakers,LAL,1614.4098,1990-06-14,#552583
Lakers,LAL,1597.9133,1990-11-14,#552583
Lakers,LAL,1621.9758,1990-11-28,#552583
Lakers,LAL,1616.0094,1990-12-14,#552583
Lakers,LAL,1617.0319,1990-12-28,#552583
Lakers,LAL,1631.5627,1991-01-14,#552583
Lakers,LAL,1678.9635,1991-01-28,#552583
Lakers,LAL,1673.2747,1991-02-14,#552583
Lakers,LAL,1688.244,1991-02-28,#552583
Lakers,LAL,1660.4587,1991-03-14,#552583
Lakers,LAL,1637.8904,1991-03-28,#552583
Lakers,LAL,1668.8099,1991-04-14,#552583
Lakers,LAL,1662.6371,1991-04-28,#552583
Lakers,LAL,1680.5405,1991-05-14,#552583
Lakers,LAL,1694.7959,1991-05-28,#552583
Lakers,LAL,1597.4446,1991-11-14,#552583
Lakers,LAL,1576.5332,1991-12-14,#552583
Lakers,LAL,1556.2264,1991-12-28,#552583
Lakers,LAL,1528.4187,1992-01-14,#552583
Lakers,LAL,1533.5785,1992-01-28,#552583
Lakers,LAL,1507.0582,1992-02-14,#552583
Lakers,LAL,1467.7698,1992-02-28,#552583
Lakers,LAL,1482.543,1992-03-14,#552583
Lakers,LAL,1510.7568,1992-03-28,#552583
Lakers,LAL,1476.7753,1992-04-14,#552583
Lakers,LAL,1489.646,1992-04-28,#552583
Lakers,LAL,1489.9336,1992-05-14,#552583
Lakers,LAL,1489.9336,1992-05-28,#552583
Lakers,LAL,1489.9336,1992-06-14,#552583
Lakers,LAL,1458.0505,1992-11-14,#552583
Lakers,LAL,1488.8817,1992-11-28,#552583
Lakers,LAL,1534.7748,1992-12-14,#552583
Lakers,LAL,1483.0439,1992-12-28,#552583
Lakers,LAL,1480.486,1993-01-14,#552583
Lakers,LAL,1444.3857,1993-01-28,#552583
Lakers,LAL,1489.6256,1993-02-14,#552583
Lakers,LAL,1494.8336,1993-02-28,#552583
Lakers,LAL,1491.8356,1993-03-14,#552583
Lakers,LAL,1464.1075,1993-03-28,#552583
Lakers,LAL,1419.0935,1993-04-14,#552583
Lakers,LAL,1464.2797,1993-05-14,#552583
Lakers,LAL,1464.2797,1993-05-28,#552583
Lakers,LAL,1420.4133,1993-11-14,#552583
Lakers,LAL,1420.5308,1993-11-28,#552583
Lakers,LAL,1418.0253,1993-12-14,#552583
Lakers,LAL,1395.0706,1993-12-28,#552583
Lakers,LAL,1377.2667,1994-01-14,#552583
Lakers,LAL,1395.0696,1994-01-28,#552583
Lakers,LAL,1408.7382,1994-02-28,#552583
Lakers,LAL,1421.5621,1994-03-14,#552583
Lakers,LAL,1441.8853,1994-03-28,#552583
Lakers,LAL,1434.6594,1994-04-14,#552583
Lakers,LAL,1443.8677,1994-04-28,#552583
Lakers,LAL,1443.8677,1994-05-14,#552583
Lakers,LAL,1443.8677,1994-05-28,#552583
Lakers,LAL,1450.5098,1994-11-14,#552583
Lakers,LAL,1490.9896,1994-11-28,#552583
Lakers,LAL,1497.3633,1994-12-14,#552583
Lakers,LAL,1491.729,1994-12-28,#552583
Lakers,LAL,1511.2548,1995-01-14,#552583
Lakers,LAL,1540.1543,1995-01-28,#552583
Lakers,LAL,1544.4312,1995-02-14,#552583
Lakers,LAL,1533.1078,1995-02-28,#552583
Lakers,LAL,1518.7759,1995-03-14,#552583
Lakers,LAL,1524.5977,1995-03-28,#552583
Lakers,LAL,1525.6655,1995-04-14,#552583
Lakers,LAL,1511.0558,1995-04-28,#552583
Lakers,LAL,1525.1426,1995-05-14,#552583
Lakers,LAL,1524.707,1995-05-28,#552583
Lakers,LAL,1524.707,1995-06-14,#552583
Lakers,LAL,1510.8882,1995-11-14,#552583
Lakers,LAL,1530.9698,1995-11-28,#552583
Lakers,LAL,1522.0278,1995-12-14,#552583
Lakers,LAL,1534.548,1995-12-28,#552583
Lakers,LAL,1533.7544,1996-01-14,#552583
Lakers,LAL,1552.2499,1996-01-28,#552583
Lakers,LAL,1575.3724,1996-02-14,#552583
Lakers,LAL,1605.4669,1996-02-28,#552583
Lakers,LAL,1615.4697,1996-03-14,#552583
Lakers,LAL,1657.7646,1996-03-28,#552583
Lakers,LAL,1647.0122,1996-04-14,#552583
Lakers,LAL,1638.7695,1996-04-28,#552583
Lakers,LAL,1603.3704,1996-05-14,#552583
Lakers,LAL,1603.3704,1996-05-28,#552583
Lakers,LAL,1603.3704,1996-06-14,#552583
Lakers,LAL,1606.3658,1996-11-14,#552583
Lakers,LAL,1595.0314,1996-11-28,#552583
Lakers,LAL,1609.9576,1996-12-14,#552583
Lakers,LAL,1613.9946,1996-12-28,#552583
Lakers,LAL,1629.5199,1997-01-14,#552583
Lakers,LAL,1630.311,1997-01-28,#552583
Lakers,LAL,1637.6085,1997-02-14,#552583
Lakers,LAL,1600.4032,1997-02-28,#552583
Lakers,LAL,1561.9213,1997-03-14,#552583
Lakers,LAL,1601.0614,1997-03-28,#552583
Lakers,LAL,1601.5221,1997-04-14,#552583
Lakers,LAL,1621.1619,1997-04-28,#552583
Lakers,LAL,1608.7141,1997-05-14,#552583
Lakers,LAL,1608.7141,1997-05-28,#552583
Lakers,LAL,1649.1163,1997-11-14,#552583
Lakers,LAL,1641.8431,1997-11-28,#552583
Lakers,LAL,1630.7157,1997-12-14,#552583
Lakers,LAL,1641.6315,1997-12-28,#552583
Lakers,LAL,1630.7133,1998-01-14,#552583
Lakers,LAL,1625.2247,1998-01-28,#552583
Lakers,LAL,1620.2384,1998-02-14,#552583
Lakers,LAL,1637.9414,1998-02-28,#552583
Lakers,LAL,1653.2872,1998-03-14,#552583
Lakers,LAL,1659.5514,1998-03-28,#552583
Lakers,LAL,1706.045,1998-04-14,#552583
Lakers,LAL,1705.4758,1998-04-28,#552583
Lakers,LAL,1654.4419,1998-06-14,#552583
Lakers,LAL,1634.0311,1999-02-14,#552583
Lakers,LAL,1622.511,1999-02-28,#552583
Lakers,LAL,1646.5688,1999-03-14,#552583
Lakers,LAL,1625.8123,1999-03-28,#552583
Lakers,LAL,1582.8127,1999-04-14,#552583
Lakers,LAL,1573.3541,1999-04-28,#552583
Lakers,LAL,1605.694,1999-05-14,#552583
Lakers,LAL,1566.9758,1999-11-14,#552583
Lakers,LAL,1585.7794,1999-11-28,#552583
Lakers,LAL,1611.1489,1999-12-14,#552583
Lakers,LAL,1653.3601,1999-12-28,#552583
Lakers,LAL,1679.2958,2000-01-14,#552583
Lakers,LAL,1675.6145,2000-01-28,#552583
Lakers,LAL,1721.9138,2000-02-28,#552583
Lakers,LAL,1727.672,2000-03-14,#552583
Lakers,LAL,1765.8685,2000-03-28,#552583
Lakers,LAL,1749.1587,2000-04-14,#552583
Lakers,LAL,1722.5823,2000-04-28,#552583
Lakers,LAL,1714.5107,2000-05-14,#552583
Lakers,LAL,1715.986,2000-05-28,#552583
Lakers,LAL,1707.2019,2000-06-14,#552583
Lakers,LAL,1636.2627,2000-11-14,#552583
Lakers,LAL,1653.6449,2000-11-28,#552583
Lakers,LAL,1608.2197,2000-12-14,#552583
Lakers,LAL,1657.2002,2000-12-28,#552583
Lakers,LAL,1609.2384,2001-01-14,#552583
Lakers,LAL,1581.9807,2001-01-28,#552583
Lakers,LAL,1587.1172,2001-02-14,#552583
Lakers,LAL,1609.1682,2001-02-28,#552583
Lakers,LAL,1603.4723,2001-03-14,#552583
Lakers,LAL,1586.3801,2001-03-28,#552583
Lakers,LAL,1643.7015,2001-04-14,#552583
Lakers,LAL,1672.1821,2001-04-28,#552583
Lakers,LAL,1731.8064,2001-05-14,#552583
Lakers,LAL,1751.2684,2001-05-28,#552583
Lakers,LAL,1733.906,2001-11-14,#552583
Lakers,LAL,1752.0807,2001-11-28,#552583
Lakers,LAL,1728.8383,2001-12-14,#552583
Lakers,LAL,1683.4591,2001-12-28,#552583
Lakers,LAL,1709.6127,2002-01-14,#552583
Lakers,LAL,1664.7687,2002-01-28,#552583
Lakers,LAL,1674.0171,2002-02-14,#552583
Lakers,LAL,1662.3076,2002-02-28,#552583
Lakers,LAL,1675.3707,2002-03-14,#552583
Lakers,LAL,1658.7946,2002-03-28,#552583
Lakers,LAL,1662.1918,2002-04-14,#552583
Lakers,LAL,1688.1128,2002-04-28,#552583
Lakers,LAL,1712.6973,2002-05-14,#552583
Lakers,LAL,1701.1399,2002-05-28,#552583
Lakers,LAL,1610.0646,2002-11-14,#552583
Lakers,LAL,1570.8389,2002-11-28,#552583
Lakers,LAL,1553.426,2002-12-14,#552583
Lakers,LAL,1537.0229,2002-12-28,#552583
Lakers,LAL,1572.8708,2003-01-14,#552583
Lakers,LAL,1561.7444,2003-01-28,#552583
Lakers,LAL,1602.1548,2003-02-14,#552583
Lakers,LAL,1601.0383,2003-02-28,#552583
Lakers,LAL,1594.5526,2003-03-14,#552583
Lakers,LAL,1623.9763,2003-03-28,#552583
Lakers,LAL,1649.6139,2003-04-14,#552583
Lakers,LAL,1672.2843,2003-04-28,#552583
Lakers,LAL,1651.4176,2003-05-14,#552583
Lakers,LAL,1624.6414,2003-10-28,#552583
Lakers,LAL,1628.2887,2003-11-14,#552583
Lakers,LAL,1658.6825,2003-11-28,#552583
Lakers,LAL,1658.7571,2003-12-14,#552583
Lakers,LAL,1632.2251,2003-12-28,#552583
Lakers,LAL,1607.5255,2004-01-14,#552583
Lakers,LAL,1586.7332,2004-01-28,#552583
Lakers,LAL,1591.7253,2004-02-28,#552583
Lakers,LAL,1620.5951,2004-03-14,#552583
Lakers,LAL,1653.4042,2004-03-28,#552583
Lakers,LAL,1638.3962,2004-04-14,#552583
Lakers,LAL,1647.0408,2004-04-28,#552583
Lakers,LAL,1684.4097,2004-05-14,#552583
Lakers,LAL,1693.8475,2004-05-28,#552583
Lakers,LAL,1587.8368,2004-11-14,#552583
Lakers,LAL,1582.6084,2004-11-28,#552583
Lakers,LAL,1570.6978,2004-12-14,#552583
Lakers,LAL,1565.2048,2004-12-28,#552583
Lakers,LAL,1569.8955,2005-01-14,#552583
Lakers,LAL,1514.5321,2005-01-28,#552583
Lakers,LAL,1495.6199,2005-02-14,#552583
Lakers,LAL,1481.3346,2005-02-28,#552583
Lakers,LAL,1485.3188,2005-03-14,#552583
Lakers,LAL,1443.2211,2005-03-28,#552583
Lakers,LAL,1429.4843,2005-04-14,#552583
Lakers,LAL,1445.3833,2005-04-28,#552583
Lakers,LAL,1445.3833,2005-05-14,#552583
Lakers,LAL,1445.3833,2005-05-28,#552583
Lakers,LAL,1445.3833,2005-06-14,#552583
Lakers,LAL,1446.5037,2005-11-14,#552583
Lakers,LAL,1434.8566,2005-11-28,#552583
Lakers,LAL,1521.7186,2005-12-14,#552583
Lakers,LAL,1537.6616,2005-12-28,#552583
Lakers,LAL,1539.3319,2006-01-14,#552583
Lakers,LAL,1540.8151,2006-01-28,#552583
Lakers,LAL,1508.2872,2006-02-14,#552583
Lakers,LAL,1512.3269,2006-02-28,#552583
Lakers,LAL,1530.4553,2006-03-14,#552583
Lakers,LAL,1542.0598,2006-03-28,#552583
Lakers,LAL,1567.1882,2006-04-14,#552583
Lakers,LAL,1600.2952,2006-04-28,#552583
Lakers,LAL,1560.0155,2006-05-14,#552583
Lakers,LAL,1560.0155,2006-05-28,#552583
Lakers,LAL,1540.1288,2006-11-14,#552583
Lakers,LAL,1539.7368,2006-11-28,#552583
Lakers,LAL,1574.9874,2006-12-14,#552583
Lakers,LAL,1565.6984,2006-12-28,#552583
Lakers,LAL,1571.7646,2007-01-14,#552583
Lakers,LAL,1542.3071,2007-01-28,#552583
Lakers,LAL,1526.6893,2007-02-14,#552583
Lakers,LAL,1535.8013,2007-02-28,#552583
Lakers,LAL,1467.4426,2007-03-14,#552583
Lakers,LAL,1478.6219,2007-03-28,#552583
Lakers,LAL,1466.459,2007-04-14,#552583
Lakers,LAL,1475.3325,2007-04-28,#552583
Lakers,LAL,1475.7218,2007-05-14,#552583
Lakers,LAL,1475.7218,2007-05-28,#552583
Lakers,LAL,1475.7218,2007-06-14,#552583
Lakers,LAL,1513.493,2007-11-14,#552583
Lakers,LAL,1546.8842,2007-11-28,#552583
Lakers,LAL,1561.6929,2007-12-14,#552583
Lakers,LAL,1601.9651,2007-12-28,#552583
Lakers,LAL,1638.8068,2008-01-14,#552583
Lakers,LAL,1612.3496,2008-01-28,#552583
Lakers,LAL,1666.5245,2008-02-14,#552583
Lakers,LAL,1695.0177,2008-02-28,#552583
Lakers,LAL,1678.3196,2008-03-14,#552583
Lakers,LAL,1640.9364,2008-03-28,#552583
Lakers,LAL,1675.5485,2008-04-14,#552583
Lakers,LAL,1712.6995,2008-04-28,#552583
Lakers,LAL,1717.1571,2008-05-14,#552583
Lakers,LAL,1736.7959,2008-05-28,#552583
Lakers,LAL,1656.1938,2008-10-28,#552583
Lakers,LAL,1685.5458,2008-11-14,#552583
Lakers,LAL,1713.7368,2008-11-28,#552583
Lakers,LAL,1701.9385,2008-12-14,#552583
Lakers,LAL,1716.7793,2008-12-28,#552583
Lakers,LAL,1713.5001,2009-01-14,#552583
Lakers,LAL,1705.7301,2009-01-28,#552583
Lakers,LAL,1723.085,2009-02-28,#552583
Lakers,LAL,1728.1152,2009-03-14,#552583
Lakers,LAL,1727.2852,2009-03-28,#552583
Lakers,LAL,1724.7675,2009-04-14,#552583
Lakers,LAL,1722.5995,2009-04-28,#552583
Lakers,LAL,1734.3457,2009-05-14,#552583
Lakers,LAL,1760.1368,2009-05-28,#552583
Lakers,LAL,1789.9934,2009-06-14,#552583
Lakers,LAL,1692.9127,2009-10-28,#552583
Lakers,LAL,1675.9685,2009-11-14,#552583
Lakers,LAL,1700.2413,2009-11-28,#552583
Lakers,LAL,1711.0814,2009-12-14,#552583
Lakers,LAL,1691.6288,2009-12-28,#552583
Lakers,LAL,1679.7589,2010-01-14,#552583
Lakers,LAL,1697.1611,2010-01-28,#552583
Lakers,LAL,1704.0618,2010-02-28,#552583
Lakers,LAL,1688.7065,2010-03-14,#552583
Lakers,LAL,1680.5599,2010-03-28,#552583
Lakers,LAL,1613.2676,2010-04-14,#552583
Lakers,LAL,1623.2469,2010-04-28,#552583
Lakers,LAL,1686.3225,2010-05-28,#552583
Lakers,LAL,1661.7313,2010-10-28,#552583
Lakers,LAL,1665.4248,2010-11-14,#552583
Lakers,LAL,1672.9792,2010-11-28,#552583
Lakers,LAL,1658.006,2010-12-14,#552583
Lakers,LAL,1621.8438,2010-12-28,#552583
Lakers,LAL,1636.5168,2011-01-14,#552583
Lakers,LAL,1622.3311,2011-01-28,#552583
Lakers,LAL,1620.1536,2011-02-14,#552583
Lakers,LAL,1635.8875,2011-02-28,#552583
Lakers,LAL,1682.4623,2011-03-14,#552583
Lakers,LAL,1705.7744,2011-03-28,#552583
Lakers,LAL,1664.6747,2011-04-28,#552583
Lakers,LAL,1590.6942,2011-12-28,#552583
Lakers,LAL,1598.5896,2012-01-14,#552583
Lakers,LAL,1574.3755,2012-01-28,#552583
Lakers,LAL,1584.1177,2012-02-14,#552583
Lakers,LAL,1594.2472,2012-02-28,#552583
Lakers,LAL,1610.1758,2012-03-14,#552583
Lakers,LAL,1598.1803,2012-03-28,#552583
Lakers,LAL,1618.002,2012-04-14,#552583
Lakers,LAL,1593.4502,2012-04-28,#552583
Lakers,LAL,1578.796,2012-05-14,#552583
Lakers,LAL,1541.7585,2012-05-28,#552583
Lakers,LAL,1541.7585,2012-06-14,#552583
Lakers,LAL,1536.7986,2012-11-14,#552583
Lakers,LAL,1554.5105,2012-11-28,#552583
Lakers,LAL,1521.9199,2012-12-14,#552583
Lakers,LAL,1551.0206,2012-12-28,#552583
Lakers,LAL,1522.6945,2013-01-14,#552583
Lakers,LAL,1524.7694,2013-01-28,#552583
Lakers,LAL,1517.8326,2013-02-14,#552583
Lakers,LAL,1539.2234,2013-02-28,#552583
Lakers,LAL,1565.545,2013-03-14,#552583
Lakers,LAL,1525.8268,2013-03-28,#552583
Lakers,LAL,1563.4939,2013-04-14,#552583
Lakers,LAL,1513.0266,2013-04-28,#552583
Lakers,LAL,1522.1942,2013-05-14,#552583
Lakers,LAL,1522.1942,2013-05-28,#552583
Lakers,LAL,1468.4286,2013-11-14,#552583
Lakers,LAL,1471.875,2013-12-14,#552583
Lakers,LAL,1440.541,2013-12-28,#552583
Lakers,LAL,1384.1189,2014-01-14,#552583
Lakers,LAL,1383.2371,2014-01-28,#552583
Lakers,LAL,1361.1415,2014-02-28,#552583
Lakers,LAL,1350.6792,2014-03-14,#552583
Lakers,LAL,1357.057,2014-03-28,#552583
Lakers,LAL,1357.238,2014-04-14,#552583
Lakers,LAL,1410.6588,2014-04-28,#552583
Lakers,LAL,1410.6588,2014-05-14,#552583
Lakers,LAL,1410.6588,2014-05-28,#552583
Lakers,LAL,1410.6588,2014-10-28,#552583
Lakers,LAL,1393.0582,2014-11-14,#552583
Lakers,LAL,1390.7163,2014-11-28,#552583
Lakers,LAL,1411.932,2014-12-14,#552583
Lakers,LAL,1401.3608,2014-12-28,#552583
Lakers,LAL,1393.7537,2015-01-14,#552583
Lakers,LAL,1374.7493,2015-01-28,#552583
Lakers,LAL,1356.0547,2015-02-28,#552583
Lakers,LAL,1336.0887,2015-03-14,#552583
Lakers,LAL,1337.1229,2015-03-28,#552583
Lakers,LAL,1283.2395,2015-04-14,#552583
Knicks,NYK,1296.2185,1946-11-14,#F58426
Knicks,NYK,1339.6215,1946-11-28,#F58426
Knicks,NYK,1355.8319,1946-12-14,#F58426
Knicks,NYK,1329.1947,1946-12-28,#F58426
Knicks,NYK,1322.4481,1947-01-14,#F58426
Knicks,NYK,1293.2555,1947-01-28,#F58426
Knicks,NYK,1258.7804,1947-02-14,#F58426
Knicks,NYK,1274.8856,1947-02-28,#F58426
Knicks,NYK,1288.9275,1947-03-14,#F58426
Knicks,NYK,1335.4875,1947-03-28,#F58426
Knicks,NYK,1311.2809,1947-04-14,#F58426
Knicks,NYK,1379.9894,1947-11-14,#F58426
Knicks,NYK,1390.1873,1947-11-28,#F58426
Knicks,NYK,1427.932,1947-12-28,#F58426
Knicks,NYK,1423.1067,1948-01-14,#F58426
Knicks,NYK,1403.0808,1948-01-28,#F58426
Knicks,NYK,1455.2257,1948-02-14,#F58426
Knicks,NYK,1427.4135,1948-02-28,#F58426
Knicks,NYK,1422.4436,1948-03-28,#F58426
Knicks,NYK,1449.1539,1948-11-14,#F58426
Knicks,NYK,1477.272,1948-11-28,#F58426
Knicks,NYK,1495.467,1948-12-14,#F58426
Knicks,NYK,1501.3507,1948-12-28,#F58426
Knicks,NYK,1493.8461,1949-01-14,#F58426
Knicks,NYK,1447.1583,1949-01-28,#F58426
Knicks,NYK,1421.8656,1949-02-28,#F58426
Knicks,NYK,1515.8718,1949-11-28,#F58426
Knicks,NYK,1568.1173,1949-12-14,#F58426
Knicks,NYK,1540.9872,1949-12-28,#F58426
Knicks,NYK,1530.8474,1950-01-14,#F58426
Knicks,NYK,1538.1791,1950-01-28,#F58426
Knicks,NYK,1518.3304,1950-02-14,#F58426
Knicks,NYK,1528.2598,1950-02-28,#F58426
Knicks,NYK,1500.7272,1950-03-14,#F58426
Knicks,NYK,1520.3282,1950-03-28,#F58426
Knicks,NYK,1502.9863,1950-04-14,#F58426
Knicks,NYK,1485.6447,1950-11-14,#F58426
Knicks,NYK,1515.1578,1950-11-28,#F58426
Knicks,NYK,1520.3964,1950-12-14,#F58426
Knicks,NYK,1543.4175,1950-12-28,#F58426
Knicks,NYK,1534.4578,1951-01-14,#F58426
Knicks,NYK,1559.4237,1951-01-28,#F58426
Knicks,NYK,1539.604,1951-02-14,#F58426
Knicks,NYK,1542.2291,1951-02-28,#F58426
Knicks,NYK,1521.9908,1951-03-14,#F58426
Knicks,NYK,1542.6859,1951-03-28,#F58426
Knicks,NYK,1513.0048,1951-11-14,#F58426
Knicks,NYK,1505.2175,1951-11-28,#F58426
Knicks,NYK,1500.1102,1951-12-14,#F58426
Knicks,NYK,1558.4631,1952-02-14,#F58426
Knicks,NYK,1562.4666,1952-02-28,#F58426
Knicks,NYK,1567.7148,1952-03-14,#F58426
Knicks,NYK,1595.7913,1952-11-14,#F58426
Knicks,NYK,1593.7581,1952-11-28,#F58426
Knicks,NYK,1584.4738,1952-12-14,#F58426
Knicks,NYK,1606.8798,1952-12-28,#F58426
Knicks,NYK,1599.2753,1953-01-14,#F58426
Knicks,NYK,1660.1677,1953-01-28,#F58426
Knicks,NYK,1668.6129,1953-02-14,#F58426
Knicks,NYK,1662.7451,1953-02-28,#F58426
Knicks,NYK,1634.7554,1953-03-14,#F58426
Knicks,NYK,1630.8339,1953-03-28,#F58426
Knicks,NYK,1608.0149,1953-11-14,#F58426
Knicks,NYK,1629.5691,1953-11-28,#F58426
Knicks,NYK,1580.9148,1953-12-28,#F58426
Knicks,NYK,1563.8337,1954-01-14,#F58426
Knicks,NYK,1573.9656,1954-01-28,#F58426
Knicks,NYK,1547.2957,1954-02-14,#F58426
Knicks,NYK,1489.9216,1954-02-28,#F58426
Knicks,NYK,1532.0281,1954-03-14,#F58426
Knicks,NYK,1513.7937,1954-03-28,#F58426
Knicks,NYK,1537.4443,1954-11-14,#F58426
Knicks,NYK,1502.4764,1954-11-28,#F58426
Knicks,NYK,1502.2404,1954-12-14,#F58426
Knicks,NYK,1519.5159,1954-12-28,#F58426
Knicks,NYK,1500.7128,1955-01-14,#F58426
Knicks,NYK,1512.2688,1955-01-28,#F58426
Knicks,NYK,1558.5662,1955-02-14,#F58426
Knicks,NYK,1541.698,1955-02-28,#F58426
Knicks,NYK,1547.2218,1955-03-14,#F58426
Knicks,NYK,1538.296,1955-12-14,#F58426
Knicks,NYK,1567.1262,1955-12-28,#F58426
Knicks,NYK,1538.293,1956-01-14,#F58426
Knicks,NYK,1505.4307,1956-01-28,#F58426
Knicks,NYK,1525.4365,1956-02-14,#F58426
Knicks,NYK,1487.017,1956-02-28,#F58426
Knicks,NYK,1535.896,1956-03-14,#F58426
Knicks,NYK,1516.3878,1956-03-28,#F58426
Knicks,NYK,1527.0496,1956-10-28,#F58426
Knicks,NYK,1538.6775,1956-11-14,#F58426
Knicks,NYK,1526.8577,1956-11-28,#F58426
Knicks,NYK,1529.0164,1957-01-28,#F58426
Knicks,NYK,1510.7949,1957-02-14,#F58426
Knicks,NYK,1521.4935,1957-02-28,#F58426
Knicks,NYK,1526.7152,1957-03-14,#F58426
Knicks,NYK,1506.7102,1957-11-14,#F58426
Knicks,NYK,1515.3063,1957-11-28,#F58426
Knicks,NYK,1523.8263,1957-12-14,#F58426
Knicks,NYK,1536.9633,1957-12-28,#F58426
Knicks,NYK,1559.9126,1958-01-14,#F58426
Knicks,NYK,1563.7706,1958-01-28,#F58426
Knicks,NYK,1553.4857,1958-02-14,#F58426
Knicks,NYK,1585.0804,1958-11-14,#F58426
Knicks,NYK,1591.9788,1958-11-28,#F58426
Knicks,NYK,1555.5675,1958-12-14,#F58426
Knicks,NYK,1524.9834,1958-12-28,#F58426
Knicks,NYK,1530.7008,1959-01-14,#F58426
Knicks,NYK,1532.78,1959-01-28,#F58426
Knicks,NYK,1518.5259,1959-02-14,#F58426
Knicks,NYK,1535.0402,1959-02-28,#F58426
Knicks,NYK,1530.6094,1959-03-14,#F58426
Knicks,NYK,1509.6141,1959-03-28,#F58426
Knicks,NYK,1498.2112,1959-10-28,#F58426
Knicks,NYK,1495.236,1959-11-14,#F58426
Knicks,NYK,1478.0392,1959-11-28,#F58426
Knicks,NYK,1492.7832,1959-12-28,#F58426
Knicks,NYK,1500.5632,1960-01-14,#F58426
Knicks,NYK,1513.0941,1960-02-14,#F58426
Knicks,NYK,1473.2057,1960-02-28,#F58426
Knicks,NYK,1439.8661,1960-03-14,#F58426
Knicks,NYK,1440.54,1960-10-28,#F58426
Knicks,NYK,1421.8467,1960-11-28,#F58426
Knicks,NYK,1412.4515,1960-12-14,#F58426
Knicks,NYK,1410.9304,1960-12-28,#F58426
Knicks,NYK,1397.5115,1961-01-14,#F58426
Knicks,NYK,1400.6152,1961-01-28,#F58426
Knicks,NYK,1419.319,1961-02-14,#F58426
Knicks,NYK,1407.9796,1961-02-28,#F58426
Knicks,NYK,1396.8433,1961-03-14,#F58426
Knicks,NYK,1393.5483,1961-10-28,#F58426
Knicks,NYK,1385.3865,1961-11-14,#F58426
Knicks,NYK,1347.9938,1961-11-28,#F58426
Knicks,NYK,1318.9689,1961-12-14,#F58426
Knicks,NYK,1359.0436,1961-12-28,#F58426
Knicks,NYK,1375.6733,1962-01-14,#F58426
Knicks,NYK,1407.8674,1962-01-28,#F58426
Knicks,NYK,1407.0682,1962-02-14,#F58426
Knicks,NYK,1435.1907,1962-02-28,#F58426
Knicks,NYK,1417.9878,1962-03-14,#F58426
Knicks,NYK,1441.5148,1962-03-28,#F58426
Knicks,NYK,1441.5148,1962-04-14,#F58426
Knicks,NYK,1417.2573,1962-10-28,#F58426
Knicks,NYK,1394.9479,1962-11-14,#F58426
Knicks,NYK,1384.745,1962-11-28,#F58426
Knicks,NYK,1383.9669,1962-12-14,#F58426
Knicks,NYK,1392.3621,1962-12-28,#F58426
Knicks,NYK,1355.5656,1963-01-14,#F58426
Knicks,NYK,1354.0416,1963-02-14,#F58426
Knicks,NYK,1352.5342,1963-02-28,#F58426
Knicks,NYK,1320.5126,1963-03-14,#F58426
Knicks,NYK,1358.8234,1963-03-28,#F58426
Knicks,NYK,1358.8234,1963-04-14,#F58426
Knicks,NYK,1393.1569,1963-11-14,#F58426
Knicks,NYK,1362.7511,1963-11-28,#F58426
Knicks,NYK,1322.9032,1963-12-14,#F58426
Knicks,NYK,1344.7843,1963-12-28,#F58426
Knicks,NYK,1383.334,1964-01-28,#F58426
Knicks,NYK,1346.8932,1964-02-14,#F58426
Knicks,NYK,1348.3364,1964-02-28,#F58426
Knicks,NYK,1338.7941,1964-03-14,#F58426
Knicks,NYK,1380.0944,1964-03-28,#F58426
Knicks,NYK,1380.4819,1964-10-28,#F58426
Knicks,NYK,1352.8658,1964-11-14,#F58426
Knicks,NYK,1368.9052,1964-11-28,#F58426
Knicks,NYK,1384.4766,1964-12-14,#F58426
Knicks,NYK,1359.563,1964-12-28,#F58426
Knicks,NYK,1374.4631,1965-01-14,#F58426
Knicks,NYK,1379.3009,1965-01-28,#F58426
Knicks,NYK,1418.6996,1965-02-14,#F58426
Knicks,NYK,1417.7932,1965-02-28,#F58426
Knicks,NYK,1442.2615,1965-03-14,#F58426
Knicks,NYK,1468.6233,1965-03-28,#F58426
Knicks,NYK,1455.3462,1965-10-28,#F58426
Knicks,NYK,1431.752,1965-11-14,#F58426
Knicks,NYK,1418.7644,1965-11-28,#F58426
Knicks,NYK,1438.3134,1965-12-14,#F58426
Knicks,NYK,1412.6486,1965-12-28,#F58426
Knicks,NYK,1412.744,1966-01-14,#F58426
Knicks,NYK,1401.328,1966-01-28,#F58426
Knicks,NYK,1472.1769,1966-02-14,#F58426
Knicks,NYK,1468.7054,1966-02-28,#F58426
Knicks,NYK,1439.7275,1966-04-28,#F58426
Knicks,NYK,1479.5281,1966-10-28,#F58426
Knicks,NYK,1476.1226,1966-11-14,#F58426
Knicks,NYK,1425.257,1966-12-14,#F58426
Knicks,NYK,1440.53,1966-12-28,#F58426
Knicks,NYK,1456.4985,1967-01-14,#F58426
Knicks,NYK,1428.9379,1967-01-28,#F58426
Knicks,NYK,1421.7285,1967-02-14,#F58426
Knicks,NYK,1410.688,1967-02-28,#F58426
Knicks,NYK,1385.0649,1967-03-14,#F58426
Knicks,NYK,1393.658,1967-03-28,#F58426
Knicks,NYK,1426.5508,1967-04-14,#F58426
Knicks,NYK,1426.5508,1967-10-14,#F58426
Knicks,NYK,1376.3384,1967-10-28,#F58426
Knicks,NYK,1454.6953,1967-11-14,#F58426
Knicks,NYK,1401.6981,1967-11-28,#F58426
Knicks,NYK,1408.9286,1967-12-14,#F58426
Knicks,NYK,1387.8861,1967-12-28,#F58426
Knicks,NYK,1446.5022,1968-01-14,#F58426
Knicks,NYK,1472.1222,1968-01-28,#F58426
Knicks,NYK,1517.548,1968-02-14,#F58426
Knicks,NYK,1511.0295,1968-02-28,#F58426
Knicks,NYK,1498.175,1968-03-14,#F58426
Knicks,NYK,1544.8434,1968-03-28,#F58426
Knicks,NYK,1508.3043,1968-04-14,#F58426
Knicks,NYK,1508.3043,1968-04-28,#F58426
Knicks,NYK,1487.5336,1968-10-28,#F58426
Knicks,NYK,1440.2198,1968-11-14,#F58426
Knicks,NYK,1464.0699,1968-11-28,#F58426
Knicks,NYK,1503.2838,1968-12-14,#F58426
Knicks,NYK,1558.7723,1968-12-28,#F58426
Knicks,NYK,1587.639,1969-01-14,#F58426
Knicks,NYK,1599.0507,1969-01-28,#F58426
Knicks,NYK,1644.8511,1969-02-14,#F58426
Knicks,NYK,1624.4088,1969-02-28,#F58426
Knicks,NYK,1612.4443,1969-03-14,#F58426
Knicks,NYK,1642.1387,1969-03-28,#F58426
Knicks,NYK,1632.7675,1969-04-14,#F58426
Knicks,NYK,1603.4526,1969-10-14,#F58426
Knicks,NYK,1641.1573,1969-10-28,#F58426
Knicks,NYK,1688.4752,1969-11-14,#F58426
Knicks,NYK,1712.302,1969-11-28,#F58426
Knicks,NYK,1640.2625,1969-12-14,#F58426
Knicks,NYK,1652.0486,1969-12-28,#F58426
Knicks,NYK,1651.5557,1970-01-14,#F58426
Knicks,NYK,1658.5187,1970-01-28,#F58426
Knicks,NYK,1675.2028,1970-02-14,#F58426
Knicks,NYK,1647.5001,1970-02-28,#F58426
Knicks,NYK,1612.344,1970-03-14,#F58426
Knicks,NYK,1546.5762,1970-03-28,#F58426
Knicks,NYK,1559.3582,1970-04-14,#F58426
Knicks,NYK,1600.062,1970-04-28,#F58426
Knicks,NYK,1588.769,1970-10-14,#F58426
Knicks,NYK,1608.6799,1970-10-28,#F58426
Knicks,NYK,1629.6111,1970-11-14,#F58426
Knicks,NYK,1626.1615,1970-11-28,#F58426
Knicks,NYK,1597.5211,1970-12-28,#F58426
Knicks,NYK,1541.7917,1971-01-14,#F58426
Knicks,NYK,1575.8794,1971-01-28,#F58426
Knicks,NYK,1515.7787,1971-02-14,#F58426
Knicks,NYK,1524.5017,1971-02-28,#F58426
Knicks,NYK,1532.4248,1971-03-14,#F58426
Knicks,NYK,1544.8774,1971-03-28,#F58426
Knicks,NYK,1529.2308,1971-04-14,#F58426
Knicks,NYK,1496.7878,1971-04-28,#F58426
Knicks,NYK,1479.3516,1971-10-14,#F58426
Knicks,NYK,1499.2118,1971-10-28,#F58426
Knicks,NYK,1485.3092,1971-11-14,#F58426
Knicks,NYK,1533.0684,1971-11-28,#F58426
Knicks,NYK,1512.3678,1971-12-14,#F58426
Knicks,NYK,1584.2302,1971-12-28,#F58426
Knicks,NYK,1532.8044,1972-01-14,#F58426
Knicks,NYK,1543.5308,1972-01-28,#F58426
Knicks,NYK,1572.7716,1972-02-14,#F58426
Knicks,NYK,1536.6814,1972-03-14,#F58426
Knicks,NYK,1465.5969,1972-03-28,#F58426
Knicks,NYK,1535.6531,1972-04-14,#F58426
Knicks,NYK,1580.1151,1972-10-14,#F58426
Knicks,NYK,1591.965,1972-10-28,#F58426
Knicks,NYK,1619.2302,1972-11-14,#F58426
Knicks,NYK,1624.8385,1972-11-28,#F58426
Knicks,NYK,1616.4504,1972-12-14,#F58426
Knicks,NYK,1613.4855,1972-12-28,#F58426
Knicks,NYK,1653.8864,1973-01-14,#F58426
Knicks,NYK,1654.6116,1973-01-28,#F58426
Knicks,NYK,1634.6606,1973-02-14,#F58426
Knicks,NYK,1615.0979,1973-02-28,#F58426
Knicks,NYK,1606.6173,1973-03-14,#F58426
Knicks,NYK,1593.2106,1973-03-28,#F58426
Knicks,NYK,1597.0179,1973-04-14,#F58426
Knicks,NYK,1649.3977,1973-04-28,#F58426
Knicks,NYK,1629.1949,1973-10-14,#F58426
Knicks,NYK,1581.8414,1973-10-28,#F58426
Knicks,NYK,1575.0972,1973-11-14,#F58426
Knicks,NYK,1534.4999,1973-11-28,#F58426
Knicks,NYK,1548.4884,1973-12-14,#F58426
Knicks,NYK,1563.7211,1973-12-28,#F58426
Knicks,NYK,1611.7576,1974-01-14,#F58426
Knicks,NYK,1586.6139,1974-01-28,#F58426
Knicks,NYK,1594.6747,1974-02-14,#F58426
Knicks,NYK,1597.4556,1974-02-28,#F58426
Knicks,NYK,1596.8394,1974-03-14,#F58426
Knicks,NYK,1558.0942,1974-03-28,#F58426
Knicks,NYK,1531.177,1974-04-14,#F58426
Knicks,NYK,1512.6394,1974-04-28,#F58426
Knicks,NYK,1511.9264,1974-11-14,#F58426
Knicks,NYK,1516.6699,1974-11-28,#F58426
Knicks,NYK,1519.455,1974-12-14,#F58426
Knicks,NYK,1475.012,1974-12-28,#F58426
Knicks,NYK,1444.7142,1975-01-14,#F58426
Knicks,NYK,1459.8007,1975-01-28,#F58426
Knicks,NYK,1426.7194,1975-02-14,#F58426
Knicks,NYK,1444.7236,1975-02-28,#F58426
Knicks,NYK,1459.6598,1975-03-14,#F58426
Knicks,NYK,1481.8187,1975-03-28,#F58426
Knicks,NYK,1467.8621,1975-04-14,#F58426
Knicks,NYK,1467.8621,1975-04-28,#F58426
Knicks,NYK,1467.8621,1975-05-14,#F58426
Knicks,NYK,1449.0912,1975-10-28,#F58426
Knicks,NYK,1429.708,1975-11-14,#F58426
Knicks,NYK,1428.0709,1975-11-28,#F58426
Knicks,NYK,1420.9736,1975-12-14,#F58426
Knicks,NYK,1449.9152,1975-12-28,#F58426
Knicks,NYK,1489.0704,1976-01-14,#F58426
Knicks,NYK,1513.947,1976-01-28,#F58426
Knicks,NYK,1480.87,1976-02-14,#F58426
Knicks,NYK,1477.8617,1976-02-28,#F58426
Knicks,NYK,1461.6257,1976-03-14,#F58426
Knicks,NYK,1445.4088,1976-03-28,#F58426
Knicks,NYK,1484.3785,1976-04-14,#F58426
Knicks,NYK,1484.3785,1976-04-28,#F58426
Knicks,NYK,1484.3785,1976-05-14,#F58426
Knicks,NYK,1499.0244,1976-10-28,#F58426
Knicks,NYK,1493.9913,1976-11-14,#F58426
Knicks,NYK,1461.8556,1976-11-28,#F58426
Knicks,NYK,1467.2119,1976-12-14,#F58426
Knicks,NYK,1520.0845,1976-12-28,#F58426
Knicks,NYK,1484.4965,1977-01-14,#F58426
Knicks,NYK,1481.4492,1977-01-28,#F58426
Knicks,NYK,1470.7974,1977-03-14,#F58426
Knicks,NYK,1530.1718,1977-04-14,#F58426
Knicks,NYK,1525.1705,1977-10-28,#F58426
Knicks,NYK,1524.624,1977-11-28,#F58426
Knicks,NYK,1523.7485,1977-12-14,#F58426
Knicks,NYK,1519.9452,1977-12-28,#F58426
Knicks,NYK,1518.6313,1978-01-14,#F58426
Knicks,NYK,1518.5242,1978-01-28,#F58426
Knicks,NYK,1493.3334,1978-02-14,#F58426
Knicks,NYK,1519.5719,1978-02-28,#F58426
Knicks,NYK,1503.4083,1978-03-14,#F58426
Knicks,NYK,1480.4298,1978-03-28,#F58426
Knicks,NYK,1528.3208,1978-04-14,#F58426
Knicks,NYK,1486.4661,1978-04-28,#F58426
Knicks,NYK,1486.4661,1978-05-14,#F58426
Knicks,NYK,1486.4661,1978-05-28,#F58426
Knicks,NYK,1474.8416,1978-10-14,#F58426
Knicks,NYK,1487.1479,1978-10-28,#F58426
Knicks,NYK,1495.1351,1978-11-14,#F58426
Knicks,NYK,1488.4843,1978-11-28,#F58426
Knicks,NYK,1481.6239,1978-12-14,#F58426
Knicks,NYK,1494.4685,1978-12-28,#F58426
Knicks,NYK,1460.4551,1979-01-14,#F58426
Knicks,NYK,1442.3336,1979-01-28,#F58426
Knicks,NYK,1457.0267,1979-02-14,#F58426
Knicks,NYK,1424.8815,1979-02-28,#F58426
Knicks,NYK,1420.7214,1979-03-14,#F58426
Knicks,NYK,1409.594,1979-03-28,#F58426
Knicks,NYK,1428.8911,1979-10-14,#F58426
Knicks,NYK,1426.1768,1979-10-28,#F58426
Knicks,NYK,1428.1815,1979-11-14,#F58426
Knicks,NYK,1445.0387,1979-11-28,#F58426
Knicks,NYK,1433.0466,1979-12-14,#F58426
Knicks,NYK,1467.8995,1979-12-28,#F58426
Knicks,NYK,1488.9071,1980-01-28,#F58426
Knicks,NYK,1501.6771,1980-02-14,#F58426
Knicks,NYK,1466.2708,1980-02-28,#F58426
Knicks,NYK,1457.2443,1980-03-14,#F58426
Knicks,NYK,1479.2332,1980-03-28,#F58426
Knicks,NYK,1479.2332,1980-04-14,#F58426
Knicks,NYK,1479.2332,1980-05-14,#F58426
Knicks,NYK,1497.9221,1980-10-14,#F58426
Knicks,NYK,1503.676,1980-10-28,#F58426
Knicks,NYK,1549.7031,1980-11-14,#F58426
Knicks,NYK,1525.7996,1980-11-28,#F58426
Knicks,NYK,1526.9655,1980-12-14,#F58426
Knicks,NYK,1537.4039,1980-12-28,#F58426
Knicks,NYK,1527.8066,1981-01-14,#F58426
Knicks,NYK,1507.2836,1981-01-28,#F58426
Knicks,NYK,1581.9293,1981-02-14,#F58426
Knicks,NYK,1561.8618,1981-02-28,#F58426
Knicks,NYK,1549.8568,1981-03-14,#F58426
Knicks,NYK,1575.4713,1981-03-28,#F58426
Knicks,NYK,1551.952,1981-04-14,#F58426
Knicks,NYK,1551.952,1981-05-14,#F58426
Knicks,NYK,1526.014,1981-11-14,#F58426
Knicks,NYK,1513.7073,1981-11-28,#F58426
Knicks,NYK,1495.368,1981-12-28,#F58426
Knicks,NYK,1507.703,1982-01-14,#F58426
Knicks,NYK,1489.1479,1982-01-28,#F58426
Knicks,NYK,1488.2202,1982-02-14,#F58426
Knicks,NYK,1469.2452,1982-02-28,#F58426
Knicks,NYK,1443.1572,1982-03-14,#F58426
Knicks,NYK,1422.8267,1982-03-28,#F58426
Knicks,NYK,1406.9628,1982-04-14,#F58426
Knicks,NYK,1419.4478,1982-04-28,#F58426
Knicks,NYK,1419.4478,1982-05-14,#F58426
Knicks,NYK,1433.1656,1982-11-14,#F58426
Knicks,NYK,1419.0997,1982-11-28,#F58426
Knicks,NYK,1433.4357,1982-12-14,#F58426
Knicks,NYK,1449.2566,1982-12-28,#F58426
Knicks,NYK,1452.035,1983-01-14,#F58426
Knicks,NYK,1464.4941,1983-01-28,#F58426
Knicks,NYK,1608.5522,1983-04-14,#F58426
Knicks,NYK,1591.1617,1983-05-14,#F58426
Knicks,NYK,1591.1617,1983-10-28,#F58426
Knicks,NYK,1584.6909,1983-11-28,#F58426
Knicks,NYK,1582.8098,1983-12-14,#F58426
Knicks,NYK,1568.6958,1983-12-28,#F58426
Knicks,NYK,1594.444,1984-01-14,#F58426
Knicks,NYK,1642.9374,1984-02-14,#F58426
Knicks,NYK,1607.2576,1984-02-28,#F58426
Knicks,NYK,1633.1813,1984-03-14,#F58426
Knicks,NYK,1603.9974,1984-03-28,#F58426
Knicks,NYK,1565.7726,1984-04-14,#F58426
Knicks,NYK,1566.3855,1984-04-28,#F58426
Knicks,NYK,1557.9176,1984-10-28,#F58426
Knicks,NYK,1491.109,1984-11-14,#F58426
Knicks,NYK,1530.225,1984-11-28,#F58426
Knicks,NYK,1466.14,1984-12-14,#F58426
Knicks,NYK,1437.1625,1984-12-28,#F58426
Knicks,NYK,1404.2676,1985-01-14,#F58426
Knicks,NYK,1423.1868,1985-01-28,#F58426
Knicks,NYK,1391.8577,1985-02-14,#F58426
Knicks,NYK,1392.578,1985-02-28,#F58426
Knicks,NYK,1381.8861,1985-03-14,#F58426
Knicks,NYK,1375.4821,1985-03-28,#F58426
Knicks,NYK,1367.5015,1985-04-14,#F58426
Knicks,NYK,1367.5015,1985-04-28,#F58426
Knicks,NYK,1367.5015,1985-05-14,#F58426
Knicks,NYK,1354.9773,1985-11-14,#F58426
Knicks,NYK,1358.7529,1985-12-14,#F58426
Knicks,NYK,1394.5173,1985-12-28,#F58426
Knicks,NYK,1406.4379,1986-01-14,#F58426
Knicks,NYK,1394.8468,1986-01-28,#F58426
Knicks,NYK,1395.2662,1986-02-14,#F58426
Knicks,NYK,1365.6414,1986-02-28,#F58426
Knicks,NYK,1366.6018,1986-03-14,#F58426
Knicks,NYK,1342.5212,1986-03-28,#F58426
Knicks,NYK,1363.8237,1986-11-14,#F58426
Knicks,NYK,1368.6675,1986-11-28,#F58426
Knicks,NYK,1342.1689,1986-12-14,#F58426
Knicks,NYK,1364.7544,1986-12-28,#F58426
Knicks,NYK,1413.8499,1987-01-14,#F58426
Knicks,NYK,1397.5968,1987-01-28,#F58426
Knicks,NYK,1383.4183,1987-02-14,#F58426
Knicks,NYK,1365.9506,1987-02-28,#F58426
Knicks,NYK,1382.0621,1987-03-14,#F58426
Knicks,NYK,1345.2051,1987-03-28,#F58426
Knicks,NYK,1347.3153,1987-04-14,#F58426
Knicks,NYK,1366.3895,1987-04-28,#F58426
Knicks,NYK,1366.3895,1987-05-14,#F58426
Knicks,NYK,1366.3895,1987-05-28,#F58426
Knicks,NYK,1366.3895,1987-06-14,#F58426
Knicks,NYK,1362.1736,1987-11-14,#F58426
Knicks,NYK,1379.969,1987-11-28,#F58426
Knicks,NYK,1389.7554,1987-12-14,#F58426
Knicks,NYK,1404.1608,1987-12-28,#F58426
Knicks,NYK,1396.7373,1988-01-14,#F58426
Knicks,NYK,1417.7172,1988-01-28,#F58426
Knicks,NYK,1446.1316,1988-02-14,#F58426
Knicks,NYK,1459.4542,1988-02-28,#F58426
Knicks,NYK,1470.5388,1988-03-14,#F58426
Knicks,NYK,1474.8673,1988-03-28,#F58426
Knicks,NYK,1532.0599,1988-04-14,#F58426
Knicks,NYK,1525.9503,1988-04-28,#F58426
Knicks,NYK,1513.2711,1988-05-14,#F58426
Knicks,NYK,1513.2711,1988-05-28,#F58426
Knicks,NYK,1513.2711,1988-06-14,#F58426
Knicks,NYK,1540.2451,1988-11-14,#F58426
Knicks,NYK,1567.4763,1988-11-28,#F58426
Knicks,NYK,1580.3711,1988-12-14,#F58426
Knicks,NYK,1578.953,1988-12-28,#F58426
Knicks,NYK,1592.0742,1989-01-14,#F58426
Knicks,NYK,1567.9401,1989-01-28,#F58426
Knicks,NYK,1615.4009,1989-02-14,#F58426
Knicks,NYK,1604.7614,1989-02-28,#F58426
Knicks,NYK,1625.9991,1989-03-14,#F58426
Knicks,NYK,1605.8835,1989-03-28,#F58426
Knicks,NYK,1553.9744,1989-04-14,#F58426
Knicks,NYK,1564.572,1989-04-28,#F58426
Knicks,NYK,1544.5264,1989-05-14,#F58426
Knicks,NYK,1535.8412,1989-05-28,#F58426
Knicks,NYK,1525.212,1989-11-14,#F58426
Knicks,NYK,1566.2283,1989-11-28,#F58426
Knicks,NYK,1588.0021,1989-12-14,#F58426
Knicks,NYK,1618.8921,1989-12-28,#F58426
Knicks,NYK,1609.7771,1990-01-14,#F58426
Knicks,NYK,1560.2805,1990-01-28,#F58426
Knicks,NYK,1565.9907,1990-02-14,#F58426
Knicks,NYK,1553.0653,1990-02-28,#F58426
Knicks,NYK,1516.36,1990-03-14,#F58426
Knicks,NYK,1455.2838,1990-03-28,#F58426
Knicks,NYK,1472.3689,1990-04-14,#F58426
Knicks,NYK,1440.9983,1990-04-28,#F58426
Knicks,NYK,1493.641,1990-05-28,#F58426
Knicks,NYK,1493.641,1990-06-14,#F58426
Knicks,NYK,1509.1294,1990-11-14,#F58426
Knicks,NYK,1472.9424,1990-11-28,#F58426
Knicks,NYK,1473.3849,1990-12-14,#F58426
Knicks,NYK,1456.7117,1990-12-28,#F58426
Knicks,NYK,1444.6499,1991-01-14,#F58426
Knicks,NYK,1455.2144,1991-01-28,#F58426
Knicks,NYK,1436.7311,1991-02-14,#F58426
Knicks,NYK,1463.7933,1991-02-28,#F58426
Knicks,NYK,1509.3732,1991-03-14,#F58426
Knicks,NYK,1497.9779,1991-03-28,#F58426
Knicks,NYK,1490.4021,1991-04-14,#F58426
Knicks,NYK,1484.165,1991-04-28,#F58426
Knicks,NYK,1477.1803,1991-05-14,#F58426
Knicks,NYK,1477.1803,1991-05-28,#F58426
Knicks,NYK,1489.8959,1991-11-14,#F58426
Knicks,NYK,1558.8015,1991-12-14,#F58426
Knicks,NYK,1547.0325,1991-12-28,#F58426
Knicks,NYK,1535.7006,1992-01-14,#F58426
Knicks,NYK,1565.7697,1992-01-28,#F58426
Knicks,NYK,1571.6064,1992-02-14,#F58426
Knicks,NYK,1551.7999,1992-02-28,#F58426
Knicks,NYK,1550.5571,1992-03-14,#F58426
Knicks,NYK,1577.4944,1992-03-28,#F58426
Knicks,NYK,1583.2716,1992-04-14,#F58426
Knicks,NYK,1599.7714,1992-04-28,#F58426
Knicks,NYK,1626.2737,1992-05-14,#F58426
Knicks,NYK,1600.786,1992-05-28,#F58426
Knicks,NYK,1600.786,1992-06-14,#F58426
Knicks,NYK,1600.7791,1992-11-14,#F58426
Knicks,NYK,1622.7516,1992-11-28,#F58426
Knicks,NYK,1608.7108,1992-12-14,#F58426
Knicks,NYK,1631.8336,1992-12-28,#F58426
Knicks,NYK,1604.9244,1993-01-14,#F58426
Knicks,NYK,1610.5115,1993-01-28,#F58426
Knicks,NYK,1641.1582,1993-02-14,#F58426
Knicks,NYK,1600.8344,1993-02-28,#F58426
Knicks,NYK,1628.8322,1993-03-14,#F58426
Knicks,NYK,1644.8538,1993-03-28,#F58426
Knicks,NYK,1686.6812,1993-04-14,#F58426
Knicks,NYK,1690.9644,1993-05-14,#F58426
Knicks,NYK,1697.4988,1993-05-28,#F58426
Knicks,NYK,1676.1246,1993-11-14,#F58426
Knicks,NYK,1642.9091,1993-11-28,#F58426
Knicks,NYK,1660.0558,1993-12-14,#F58426
Knicks,NYK,1642.6395,1993-12-28,#F58426
Knicks,NYK,1653.8389,1994-01-14,#F58426
Knicks,NYK,1660.7032,1994-01-28,#F58426
Knicks,NYK,1618.3668,1994-02-28,#F58426
Knicks,NYK,1655.1741,1994-03-14,#F58426
Knicks,NYK,1694.3748,1994-03-28,#F58426
Knicks,NYK,1644.4762,1994-04-14,#F58426
Knicks,NYK,1657.0573,1994-04-28,#F58426
Knicks,NYK,1658.094,1994-05-14,#F58426
Knicks,NYK,1655.656,1994-05-28,#F58426
Knicks,NYK,1608.98,1994-11-14,#F58426
Knicks,NYK,1609.0715,1994-11-28,#F58426
Knicks,NYK,1592.1895,1994-12-14,#F58426
Knicks,NYK,1560.7557,1994-12-28,#F58426
Knicks,NYK,1589.7255,1995-01-14,#F58426
Knicks,NYK,1634.0741,1995-01-28,#F58426
Knicks,NYK,1614.0735,1995-02-14,#F58426
Knicks,NYK,1613.182,1995-02-28,#F58426
Knicks,NYK,1609.4841,1995-03-14,#F58426
Knicks,NYK,1596.7998,1995-03-28,#F58426
Knicks,NYK,1629.6316,1995-04-14,#F58426
Knicks,NYK,1614.2047,1995-04-28,#F58426
Knicks,NYK,1625.703,1995-05-14,#F58426
Knicks,NYK,1605.993,1995-05-28,#F58426
Knicks,NYK,1605.993,1995-06-14,#F58426
Knicks,NYK,1608.4915,1995-11-14,#F58426
Knicks,NYK,1635.0834,1995-11-28,#F58426
Knicks,NYK,1628.5134,1995-12-14,#F58426
Knicks,NYK,1602.0212,1995-12-28,#F58426
Knicks,NYK,1541.6299,1996-01-14,#F58426
Knicks,NYK,1555.3088,1996-01-28,#F58426
Knicks,NYK,1549.7568,1996-02-14,#F58426
Knicks,NYK,1500.6672,1996-02-28,#F58426
Knicks,NYK,1526.6735,1996-03-14,#F58426
Knicks,NYK,1548.0771,1996-03-28,#F58426
Knicks,NYK,1540.3927,1996-04-14,#F58426
Knicks,NYK,1569.6324,1996-04-28,#F58426
Knicks,NYK,1568.4802,1996-05-14,#F58426
Knicks,NYK,1557.9207,1996-05-28,#F58426
Knicks,NYK,1557.9207,1996-06-14,#F58426
Knicks,NYK,1563.9451,1996-11-14,#F58426
Knicks,NYK,1540.9532,1996-11-28,#F58426
Knicks,NYK,1566.0393,1996-12-14,#F58426
Knicks,NYK,1568.9686,1996-12-28,#F58426
Knicks,NYK,1581.3779,1997-01-14,#F58426
Knicks,NYK,1593.5281,1997-01-28,#F58426
Knicks,NYK,1611.8953,1997-02-14,#F58426
Knicks,NYK,1628.2218,1997-02-28,#F58426
Knicks,NYK,1598.1108,1997-03-14,#F58426
Knicks,NYK,1584.9773,1997-03-28,#F58426
Knicks,NYK,1573.1143,1997-04-14,#F58426
Knicks,NYK,1618.0615,1997-04-28,#F58426
Knicks,NYK,1630.9033,1997-05-14,#F58426
Knicks,NYK,1601.2035,1997-05-28,#F58426
Knicks,NYK,1619.5498,1997-11-14,#F58426
Knicks,NYK,1644.2224,1997-11-28,#F58426
Knicks,NYK,1598.6731,1997-12-14,#F58426
Knicks,NYK,1595.2498,1997-12-28,#F58426
Knicks,NYK,1579.457,1998-01-14,#F58426
Knicks,NYK,1583.9156,1998-01-28,#F58426
Knicks,NYK,1590.1829,1998-02-14,#F58426
Knicks,NYK,1602.4536,1998-02-28,#F58426
Knicks,NYK,1561.4696,1998-03-14,#F58426
Knicks,NYK,1545.0967,1998-03-28,#F58426
Knicks,NYK,1508.1294,1998-04-14,#F58426
Knicks,NYK,1516.7324,1998-04-28,#F58426
Knicks,NYK,1522.4021,1998-06-14,#F58426
Knicks,NYK,1542.7261,1999-02-14,#F58426
Knicks,NYK,1540.5273,1999-02-28,#F58426
Knicks,NYK,1540.922,1999-03-14,#F58426
Knicks,NYK,1529.892,1999-03-28,#F58426
Knicks,NYK,1538.6398,1999-04-14,#F58426
Knicks,NYK,1542.1357,1999-04-28,#F58426
Knicks,NYK,1569.62,1999-05-14,#F58426
Knicks,NYK,1584.3018,1999-11-14,#F58426
Knicks,NYK,1577.4247,1999-11-28,#F58426
Knicks,NYK,1594.6086,1999-12-14,#F58426
Knicks,NYK,1567.2753,1999-12-28,#F58426
Knicks,NYK,1578.1129,2000-01-14,#F58426
Knicks,NYK,1579.3822,2000-01-28,#F58426
Knicks,NYK,1560.4568,2000-02-28,#F58426
Knicks,NYK,1564.2021,2000-03-14,#F58426
Knicks,NYK,1582.095,2000-03-28,#F58426
Knicks,NYK,1595.7343,2000-04-14,#F58426
Knicks,NYK,1580.9222,2000-04-28,#F58426
Knicks,NYK,1590.6151,2000-05-14,#F58426
Knicks,NYK,1592.2371,2000-05-28,#F58426
Knicks,NYK,1525.9358,2000-06-14,#F58426
Knicks,NYK,1544.3698,2000-11-14,#F58426
Knicks,NYK,1533.5819,2000-11-28,#F58426
Knicks,NYK,1550.8624,2000-12-14,#F58426
Knicks,NYK,1539.8287,2000-12-28,#F58426
Knicks,NYK,1588.9816,2001-01-14,#F58426
Knicks,NYK,1565.725,2001-01-28,#F58426
Knicks,NYK,1548.1732,2001-02-14,#F58426
Knicks,NYK,1546.3865,2001-02-28,#F58426
Knicks,NYK,1540.9756,2001-03-14,#F58426
Knicks,NYK,1515.1418,2001-03-28,#F58426
Knicks,NYK,1527.991,2001-04-14,#F58426
Knicks,NYK,1527.0861,2001-04-28,#F58426
Knicks,NYK,1513.8307,2001-05-14,#F58426
Knicks,NYK,1513.8307,2001-05-28,#F58426
Knicks,NYK,1476.1287,2001-11-14,#F58426
Knicks,NYK,1476.8031,2001-11-28,#F58426
Knicks,NYK,1472.0072,2001-12-14,#F58426
Knicks,NYK,1448.4642,2001-12-28,#F58426
Knicks,NYK,1422.7054,2002-01-14,#F58426
Knicks,NYK,1427.1951,2002-01-28,#F58426
Knicks,NYK,1402.6527,2002-02-14,#F58426
Knicks,NYK,1375.5533,2002-02-28,#F58426
Knicks,NYK,1415.4524,2002-03-14,#F58426
Knicks,NYK,1403.2928,2002-03-28,#F58426
Knicks,NYK,1425.9747,2002-04-14,#F58426
Knicks,NYK,1433.9561,2002-04-28,#F58426
Knicks,NYK,1433.9561,2002-05-14,#F58426
Knicks,NYK,1433.9561,2002-05-28,#F58426
Knicks,NYK,1386.7415,2002-11-14,#F58426
Knicks,NYK,1399.6956,2002-11-28,#F58426
Knicks,NYK,1411.5906,2002-12-14,#F58426
Knicks,NYK,1424.9558,2002-12-28,#F58426
Knicks,NYK,1434.3094,2003-01-14,#F58426
Knicks,NYK,1453.8887,2003-01-28,#F58426
Knicks,NYK,1451.8547,2003-02-14,#F58426
Knicks,NYK,1459.0085,2003-02-28,#F58426
Knicks,NYK,1462.4332,2003-03-14,#F58426
Knicks,NYK,1469.2029,2003-03-28,#F58426
Knicks,NYK,1481.2378,2003-04-14,#F58426
Knicks,NYK,1467.3728,2003-04-28,#F58426
Knicks,NYK,1467.3728,2003-05-14,#F58426
Knicks,NYK,1467.3728,2003-10-28,#F58426
Knicks,NYK,1446.63,2003-11-14,#F58426
Knicks,NYK,1467.8109,2003-11-28,#F58426
Knicks,NYK,1447.2194,2003-12-14,#F58426
Knicks,NYK,1483.1354,2003-12-28,#F58426
Knicks,NYK,1441.8997,2004-01-14,#F58426
Knicks,NYK,1470.9929,2004-01-28,#F58426
Knicks,NYK,1438.8243,2004-02-28,#F58426
Knicks,NYK,1462.9552,2004-03-14,#F58426
Knicks,NYK,1466.7844,2004-03-28,#F58426
Knicks,NYK,1469.1002,2004-04-14,#F58426
Knicks,NYK,1453.157,2004-04-28,#F58426
Knicks,NYK,1453.157,2004-05-14,#F58426
Knicks,NYK,1453.157,2004-05-28,#F58426
Knicks,NYK,1427.7979,2004-11-14,#F58426
Knicks,NYK,1446.0294,2004-11-28,#F58426
Knicks,NYK,1458.8961,2004-12-14,#F58426
Knicks,NYK,1477.3799,2004-12-28,#F58426
Knicks,NYK,1434.4882,2005-01-14,#F58426
Knicks,NYK,1403.9126,2005-01-28,#F58426
Knicks,NYK,1382.8163,2005-02-14,#F58426
Knicks,NYK,1421.1829,2005-02-28,#F58426
Knicks,NYK,1417.2858,2005-03-14,#F58426
Knicks,NYK,1450.5518,2005-03-28,#F58426
Knicks,NYK,1409.8184,2005-04-14,#F58426
Knicks,NYK,1425.4862,2005-04-28,#F58426
Knicks,NYK,1425.4862,2005-05-14,#F58426
Knicks,NYK,1425.4862,2005-05-28,#F58426
Knicks,NYK,1425.4862,2005-06-14,#F58426
Knicks,NYK,1433.7301,2005-11-14,#F58426
Knicks,NYK,1422.9335,2005-11-28,#F58426
Knicks,NYK,1387.7252,2005-12-14,#F58426
Knicks,NYK,1359.7402,2005-12-28,#F58426
Knicks,NYK,1411.2393,2006-01-14,#F58426
Knicks,NYK,1374.6241,2006-01-28,#F58426
Knicks,NYK,1323.551,2006-02-14,#F58426
Knicks,NYK,1306.4302,2006-02-28,#F58426
Knicks,NYK,1337.8276,2006-03-14,#F58426
Knicks,NYK,1300.7582,2006-03-28,#F58426
Knicks,NYK,1309.7985,2006-04-14,#F58426
Knicks,NYK,1375.634,2006-04-28,#F58426
Knicks,NYK,1375.634,2006-05-14,#F58426
Knicks,NYK,1375.634,2006-05-28,#F58426
Knicks,NYK,1372.3518,2006-11-14,#F58426
Knicks,NYK,1400.2703,2006-11-28,#F58426
Knicks,NYK,1397.228,2006-12-14,#F58426
Knicks,NYK,1399.875,2006-12-28,#F58426
Knicks,NYK,1423.7467,2007-01-14,#F58426
Knicks,NYK,1427.76,2007-01-28,#F58426
Knicks,NYK,1445.6608,2007-02-14,#F58426
Knicks,NYK,1433.3649,2007-02-28,#F58426
Knicks,NYK,1443.6017,2007-03-14,#F58426
Knicks,NYK,1426.9929,2007-03-28,#F58426
Knicks,NYK,1394.7501,2007-04-14,#F58426
Knicks,NYK,1418.0598,2007-04-28,#F58426
Knicks,NYK,1418.0598,2007-05-14,#F58426
Knicks,NYK,1418.0598,2007-05-28,#F58426
Knicks,NYK,1418.0598,2007-06-14,#F58426
Knicks,NYK,1409.2314,2007-11-14,#F58426
Knicks,NYK,1387.3883,2007-11-28,#F58426
Knicks,NYK,1348.9608,2007-12-14,#F58426
Knicks,NYK,1331.5292,2007-12-28,#F58426
Knicks,NYK,1375.9722,2008-01-14,#F58426
Knicks,NYK,1387.9706,2008-01-28,#F58426
Knicks,NYK,1383.3062,2008-02-14,#F58426
Knicks,NYK,1383.4712,2008-02-28,#F58426
Knicks,NYK,1341.4285,2008-03-14,#F58426
Knicks,NYK,1296.2262,2008-03-28,#F58426
Knicks,NYK,1314.1118,2008-04-14,#F58426
Knicks,NYK,1363.3666,2008-04-28,#F58426
Knicks,NYK,1363.3666,2008-05-14,#F58426
Knicks,NYK,1363.3666,2008-05-28,#F58426
Knicks,NYK,1363.3666,2008-10-28,#F58426
Knicks,NYK,1410.986,2008-11-14,#F58426
Knicks,NYK,1393.313,2008-11-28,#F58426
Knicks,NYK,1435.356,2008-12-14,#F58426
Knicks,NYK,1378.2671,2008-12-28,#F58426
Knicks,NYK,1411.998,2009-01-14,#F58426
Knicks,NYK,1432.9192,2009-01-28,#F58426
Knicks,NYK,1425.3214,2009-02-28,#F58426
Knicks,NYK,1449.4281,2009-03-14,#F58426
Knicks,NYK,1374.828,2009-03-28,#F58426
Knicks,NYK,1398.7026,2009-04-14,#F58426
Knicks,NYK,1417.3716,2009-04-28,#F58426
Knicks,NYK,1417.3716,2009-05-14,#F58426
Knicks,NYK,1417.3716,2009-05-28,#F58426
Knicks,NYK,1417.3716,2009-06-14,#F58426
Knicks,NYK,1417.3716,2009-10-28,#F58426
Knicks,NYK,1369.4417,2009-11-14,#F58426
Knicks,NYK,1362.0896,2009-11-28,#F58426
Knicks,NYK,1446.0159,2009-12-14,#F58426
Knicks,NYK,1454.8108,2009-12-28,#F58426
Knicks,NYK,1455.6335,2010-01-14,#F58426
Knicks,NYK,1423.251,2010-01-28,#F58426
Knicks,NYK,1346.6331,2010-02-28,#F58426
Knicks,NYK,1410.1099,2010-03-14,#F58426
Knicks,NYK,1407.5909,2010-03-28,#F58426
Knicks,NYK,1391.4211,2010-04-14,#F58426
Knicks,NYK,1430.5217,2010-04-28,#F58426
Knicks,NYK,1430.5217,2010-05-28,#F58426
Knicks,NYK,1428.9142,2010-10-28,#F58426
Knicks,NYK,1393.0793,2010-11-14,#F58426
Knicks,NYK,1442.501,2010-11-28,#F58426
Knicks,NYK,1499.5404,2010-12-14,#F58426
Knicks,NYK,1496.7063,2010-12-28,#F58426
Knicks,NYK,1522.1405,2011-01-14,#F58426
Knicks,NYK,1501.4197,2011-01-28,#F58426
Knicks,NYK,1491.4508,2011-02-14,#F58426
Knicks,NYK,1497.9498,2011-02-28,#F58426
Knicks,NYK,1498.9788,2011-03-14,#F58426
Knicks,NYK,1474.6825,2011-03-28,#F58426
Knicks,NYK,1487.579,2011-04-28,#F58426
Knicks,NYK,1478.7377,2011-12-28,#F58426
Knicks,NYK,1491.1666,2012-01-14,#F58426
Knicks,NYK,1454.485,2012-01-28,#F58426
Knicks,NYK,1497.7068,2012-02-14,#F58426
Knicks,NYK,1497.2224,2012-02-28,#F58426
Knicks,NYK,1488.4374,2012-03-14,#F58426
Knicks,NYK,1543.5955,2012-03-28,#F58426
Knicks,NYK,1557.53,2012-04-14,#F58426
Knicks,NYK,1558.6268,2012-04-28,#F58426
Knicks,NYK,1548.2699,2012-05-14,#F58426
Knicks,NYK,1548.2699,2012-05-28,#F58426
Knicks,NYK,1548.2699,2012-06-14,#F58426
Knicks,NYK,1605.5902,2012-11-14,#F58426
Knicks,NYK,1600.2472,2012-11-28,#F58426
Knicks,NYK,1640.1101,2012-12-14,#F58426
Knicks,NYK,1603.5443,2012-12-28,#F58426
Knicks,NYK,1581.1184,2013-01-14,#F58426
Knicks,NYK,1574.5139,2013-01-28,#F58426
Knicks,NYK,1539.161,2013-02-14,#F58426
Knicks,NYK,1551.2201,2013-02-28,#F58426
Knicks,NYK,1528.9851,2013-03-14,#F58426
Knicks,NYK,1576.4142,2013-03-28,#F58426
Knicks,NYK,1644.5215,2013-04-14,#F58426
Knicks,NYK,1630.04,2013-04-28,#F58426
Knicks,NYK,1603.592,2013-05-14,#F58426
Knicks,NYK,1582.1333,2013-05-28,#F58426
Knicks,NYK,1532.4873,2013-11-14,#F58426
Knicks,NYK,1453.7405,2013-12-14,#F58426
Knicks,NYK,1421.7443,2013-12-28,#F58426
Knicks,NYK,1479.141,2014-01-14,#F58426
Knicks,NYK,1456.2875,2014-01-28,#F58426
Knicks,NYK,1420.0037,2014-02-28,#F58426
Knicks,NYK,1484.3164,2014-03-14,#F58426
Knicks,NYK,1459.631,2014-03-28,#F58426
Knicks,NYK,1539.6256,2014-04-14,#F58426
Knicks,NYK,1509.5001,2014-04-28,#F58426
Knicks,NYK,1509.5001,2014-05-14,#F58426
Knicks,NYK,1509.5001,2014-05-28,#F58426
Knicks,NYK,1509.5001,2014-10-28,#F58426
Knicks,NYK,1457.4135,2014-11-14,#F58426
Knicks,NYK,1438.5963,2014-11-28,#F58426
Knicks,NYK,1407.7175,2014-12-14,#F58426
Knicks,NYK,1368.678,2014-12-28,#F58426
Knicks,NYK,1310.6682,2015-01-14,#F58426
Knicks,NYK,1339.6975,2015-01-28,#F58426
Knicks,NYK,1312.7279,2015-02-28,#F58426
Knicks,NYK,1279.0592,2015-03-14,#F58426
Knicks,NYK,1253.193,2015-03-28,#F58426
Knicks,NYK,1255.6846,2015-04-14,#F58426
Kings,ROC,1558.4391,1948-11-14,#5A2D81
Kings,ROC,1574.4835,1948-11-28,#5A2D81
Kings,ROC,1548.1226,1948-12-14,#5A2D81
Kings,ROC,1559.5376,1948-12-28,#5A2D81
Kings,ROC,1586.7905,1949-01-14,#5A2D81
Kings,ROC,1605.3964,1949-01-28,#5A2D81
Kings,ROC,1641.8002,1949-02-28,#5A2D81
Kings,ROC,1571.6769,1949-11-28,#5A2D81
Kings,ROC,1567.5713,1949-12-14,#5A2D81
Kings,ROC,1606.8159,1949-12-28,#5A2D81
Kings,ROC,1605.6864,1950-01-14,#5A2D81
Kings,ROC,1602.7128,1950-01-28,#5A2D81
Kings,ROC,1606.4844,1950-02-14,#5A2D81
Kings,ROC,1632.7142,1950-02-28,#5A2D81
Kings,ROC,1664.941,1950-03-14,#5A2D81
Kings,ROC,1611.5322,1950-03-28,#5A2D81
Kings,ROC,1611.5322,1950-04-14,#5A2D81
Kings,ROC,1608.7909,1950-11-14,#5A2D81
Kings,ROC,1570.8411,1950-11-28,#5A2D81
Kings,ROC,1603.1344,1950-12-14,#5A2D81
Kings,ROC,1621.2672,1950-12-28,#5A2D81
Kings,ROC,1606.4729,1951-01-14,#5A2D81
Kings,ROC,1590.1235,1951-01-28,#5A2D81
Kings,ROC,1549.6821,1951-02-14,#5A2D81
Kings,ROC,1567.3236,1951-02-28,#5A2D81
Kings,ROC,1574.8992,1951-03-14,#5A2D81
Kings,ROC,1592.6877,1951-03-28,#5A2D81
Kings,ROC,1591.3267,1951-11-14,#5A2D81
Kings,ROC,1591.4066,1951-11-28,#5A2D81
Kings,ROC,1567.7823,1951-12-14,#5A2D81
Kings,ROC,1602.8688,1952-02-14,#5A2D81
Kings,ROC,1592.4221,1952-02-28,#5A2D81
Kings,ROC,1574.7904,1952-03-14,#5A2D81
Kings,ROC,1604.7019,1952-11-14,#5A2D81
Kings,ROC,1598.1823,1952-11-28,#5A2D81
Kings,ROC,1572.9652,1952-12-14,#5A2D81
Kings,ROC,1621.0675,1952-12-28,#5A2D81
Kings,ROC,1616.1095,1953-01-14,#5A2D81
Kings,ROC,1581.891,1953-01-28,#5A2D81
Kings,ROC,1618.3107,1953-02-14,#5A2D81
Kings,ROC,1607.0781,1953-02-28,#5A2D81
Kings,ROC,1570.816,1953-03-14,#5A2D81
Kings,ROC,1555.1489,1953-03-28,#5A2D81
Kings,ROC,1555.9707,1953-11-14,#5A2D81
Kings,ROC,1570.8789,1953-11-28,#5A2D81
Kings,ROC,1591.5159,1953-12-28,#5A2D81
Kings,ROC,1568.6281,1954-01-14,#5A2D81
Kings,ROC,1592.5144,1954-01-28,#5A2D81
Kings,ROC,1564.1304,1954-02-14,#5A2D81
Kings,ROC,1600.653,1954-02-28,#5A2D81
Kings,ROC,1613.2847,1954-03-14,#5A2D81
Kings,ROC,1604.9711,1954-03-28,#5A2D81
Kings,ROC,1552.5994,1954-11-14,#5A2D81
Kings,ROC,1535.3436,1954-11-28,#5A2D81
Kings,ROC,1531.5372,1954-12-14,#5A2D81
Kings,ROC,1544.9633,1954-12-28,#5A2D81
Kings,ROC,1530.4431,1955-01-14,#5A2D81
Kings,ROC,1552.1705,1955-01-28,#5A2D81
Kings,ROC,1516.6836,1955-02-14,#5A2D81
Kings,ROC,1517.1422,1955-02-28,#5A2D81
Kings,ROC,1507.115,1955-03-14,#5A2D81
Kings,ROC,1525.078,1955-12-14,#5A2D81
Kings,ROC,1490.4758,1955-12-28,#5A2D81
Kings,ROC,1487.7427,1956-01-14,#5A2D81
Kings,ROC,1487.5511,1956-01-28,#5A2D81
Kings,ROC,1487.4143,1956-02-14,#5A2D81
Kings,ROC,1462.5854,1956-02-28,#5A2D81
Kings,ROC,1476.9528,1956-03-14,#5A2D81
Kings,ROC,1476.9528,1956-03-28,#5A2D81
Kings,ROC,1469.8971,1956-10-28,#5A2D81
Kings,ROC,1493.1812,1956-11-14,#5A2D81
Kings,ROC,1503.1549,1956-11-28,#5A2D81
Kings,ROC,1437.0902,1957-01-28,#5A2D81
Kings,ROC,1482.5459,1957-02-14,#5A2D81
Kings,ROC,1457.7313,1957-02-28,#5A2D81
Kings,CIN,1482.4833,1957-03-14,#5A2D81
Kings,CIN,1459.75,1957-11-14,#5A2D81
Kings,CIN,1488.0339,1957-11-28,#5A2D81
Kings,CIN,1452.8501,1957-12-14,#5A2D81
Kings,CIN,1427.3508,1957-12-28,#5A2D81
Kings,CIN,1483.168,1958-01-14,#5A2D81
Kings,CIN,1468.3311,1958-01-28,#5A2D81
Kings,CIN,1447.3049,1958-02-14,#5A2D81
Kings,CIN,1415.3909,1958-11-14,#5A2D81
Kings,CIN,1392.2949,1958-11-28,#5A2D81
Kings,CIN,1357.2267,1958-12-14,#5A2D81
Kings,CIN,1352.7173,1958-12-28,#5A2D81
Kings,CIN,1311.8788,1959-01-14,#5A2D81
Kings,CIN,1342.2664,1959-01-28,#5A2D81
Kings,CIN,1309.3967,1959-02-14,#5A2D81
Kings,CIN,1313.7203,1959-02-28,#5A2D81
Kings,CIN,1356.1139,1959-03-14,#5A2D81
Kings,CIN,1356.1139,1959-03-28,#5A2D81
Kings,CIN,1361.1394,1959-10-28,#5A2D81
Kings,CIN,1340.5062,1959-11-14,#5A2D81
Kings,CIN,1320.6277,1959-11-28,#5A2D81
Kings,CIN,1323.7017,1959-12-28,#5A2D81
Kings,CIN,1347.6504,1960-01-14,#5A2D81
Kings,CIN,1313.6807,1960-02-14,#5A2D81
Kings,CIN,1315.6329,1960-02-28,#5A2D81
Kings,CIN,1365.6187,1960-03-14,#5A2D81
Kings,CIN,1395.4198,1960-10-28,#5A2D81
Kings,CIN,1340.2366,1960-11-28,#5A2D81
Kings,CIN,1363.3615,1960-12-14,#5A2D81
Kings,CIN,1388.1863,1960-12-28,#5A2D81
Kings,CIN,1390.7485,1961-01-14,#5A2D81
Kings,CIN,1346.667,1961-01-28,#5A2D81
Kings,CIN,1414.2424,1961-02-14,#5A2D81
Kings,CIN,1412.4113,1961-02-28,#5A2D81
Kings,CIN,1471.2256,1961-03-14,#5A2D81
Kings,CIN,1468.451,1961-10-28,#5A2D81
Kings,CIN,1509.1958,1961-11-14,#5A2D81
Kings,CIN,1503.8768,1961-11-28,#5A2D81
Kings,CIN,1511.1625,1961-12-14,#5A2D81
Kings,CIN,1483.4253,1961-12-28,#5A2D81
Kings,CIN,1494.7892,1962-01-14,#5A2D81
Kings,CIN,1523.2704,1962-01-28,#5A2D81
Kings,CIN,1491.1954,1962-02-14,#5A2D81
Kings,CIN,1518.9208,1962-02-28,#5A2D81
Kings,CIN,1505.8901,1962-03-14,#5A2D81
Kings,CIN,1488.0601,1962-03-28,#5A2D81
Kings,CIN,1488.0601,1962-04-14,#5A2D81
Kings,CIN,1496.5922,1962-10-28,#5A2D81
Kings,CIN,1502.7739,1962-11-14,#5A2D81
Kings,CIN,1547.9231,1962-11-28,#5A2D81
Kings,CIN,1539.5098,1962-12-14,#5A2D81
Kings,CIN,1538.3661,1962-12-28,#5A2D81
Kings,CIN,1494.2124,1963-01-14,#5A2D81
Kings,CIN,1520.5427,1963-02-14,#5A2D81
Kings,CIN,1489.3943,1963-02-28,#5A2D81
Kings,CIN,1516.5753,1963-03-14,#5A2D81
Kings,CIN,1553.7169,1963-03-28,#5A2D81
Kings,CIN,1554.6643,1963-04-14,#5A2D81
Kings,CIN,1532.4617,1963-11-14,#5A2D81
Kings,CIN,1556.8113,1963-11-28,#5A2D81
Kings,CIN,1575.6552,1963-12-14,#5A2D81
Kings,CIN,1584.8816,1963-12-28,#5A2D81
Kings,CIN,1568.4137,1964-01-28,#5A2D81
Kings,CIN,1612.3022,1964-02-14,#5A2D81
Kings,CIN,1615.7168,1964-02-28,#5A2D81
Kings,CIN,1613.2511,1964-03-14,#5A2D81
Kings,CIN,1606.1072,1964-03-28,#5A2D81
Kings,CIN,1576.5107,1964-10-28,#5A2D81
Kings,CIN,1566.9229,1964-11-14,#5A2D81
Kings,CIN,1550.077,1964-11-28,#5A2D81
Kings,CIN,1570.7993,1964-12-14,#5A2D81
Kings,CIN,1591.9165,1964-12-28,#5A2D81
Kings,CIN,1626.5413,1965-01-14,#5A2D81
Kings,CIN,1596.0197,1965-01-28,#5A2D81
Kings,CIN,1601.1671,1965-02-14,#5A2D81
Kings,CIN,1568.8915,1965-02-28,#5A2D81
Kings,CIN,1520.7539,1965-03-14,#5A2D81
Kings,CIN,1506.4784,1965-03-28,#5A2D81
Kings,CIN,1496.0798,1965-10-28,#5A2D81
Kings,CIN,1546.042,1965-11-14,#5A2D81
Kings,CIN,1550.1267,1965-11-28,#5A2D81
Kings,CIN,1512.6254,1965-12-14,#5A2D81
Kings,CIN,1536.9773,1965-12-28,#5A2D81
Kings,CIN,1559.354,1966-01-14,#5A2D81
Kings,CIN,1567.7446,1966-01-28,#5A2D81
Kings,CIN,1537.187,1966-02-14,#5A2D81
Kings,CIN,1538.6582,1966-02-28,#5A2D81
Kings,CIN,1498.1429,1966-04-28,#5A2D81
Kings,CIN,1466.2476,1966-10-28,#5A2D81
Kings,CIN,1438.8693,1966-11-14,#5A2D81
Kings,CIN,1447.2322,1966-12-14,#5A2D81
Kings,CIN,1422.1271,1966-12-28,#5A2D81
Kings,CIN,1456.5118,1967-01-14,#5A2D81
Kings,CIN,1448.7478,1967-01-28,#5A2D81
Kings,CIN,1455.5111,1967-02-14,#5A2D81
Kings,CIN,1484.4309,1967-02-28,#5A2D81
Kings,CIN,1514.2057,1967-03-14,#5A2D81
Kings,CIN,1490.1667,1967-03-28,#5A2D81
Kings,CIN,1490.1667,1967-04-14,#5A2D81
Kings,CIN,1490.1667,1967-10-14,#5A2D81
Kings,CIN,1497.1771,1967-10-28,#5A2D81
Kings,CIN,1442.186,1967-11-14,#5A2D81
Kings,CIN,1417.5426,1967-11-28,#5A2D81
Kings,CIN,1412.4451,1967-12-14,#5A2D81
Kings,CIN,1432.9653,1967-12-28,#5A2D81
Kings,CIN,1473.0463,1968-01-14,#5A2D81
Kings,CIN,1469.9989,1968-01-28,#5A2D81
Kings,CIN,1420.2793,1968-02-14,#5A2D81
Kings,CIN,1430.499,1968-02-28,#5A2D81
Kings,CIN,1486.4156,1968-03-14,#5A2D81
Kings,CIN,1515.7308,1968-03-28,#5A2D81
Kings,CIN,1515.7308,1968-04-14,#5A2D81
Kings,CIN,1515.7308,1968-04-28,#5A2D81
Kings,CIN,1519.6382,1968-10-28,#5A2D81
Kings,CIN,1560.0181,1968-11-14,#5A2D81
Kings,CIN,1529.1874,1968-11-28,#5A2D81
Kings,CIN,1523.5732,1968-12-14,#5A2D81
Kings,CIN,1481.8665,1968-12-28,#5A2D81
Kings,CIN,1420.2533,1969-01-14,#5A2D81
Kings,CIN,1396.7152,1969-01-28,#5A2D81
Kings,CIN,1400.5703,1969-02-14,#5A2D81
Kings,CIN,1377.0281,1969-02-28,#5A2D81
Kings,CIN,1393.3276,1969-03-14,#5A2D81
Kings,CIN,1433.2222,1969-03-28,#5A2D81
Kings,CIN,1433.2222,1969-04-14,#5A2D81
Kings,CIN,1433.2222,1969-10-14,#5A2D81
Kings,CIN,1435.3655,1969-10-28,#5A2D81
Kings,CIN,1429.9957,1969-11-14,#5A2D81
Kings,CIN,1455.4099,1969-11-28,#5A2D81
Kings,CIN,1456.9436,1969-12-14,#5A2D81
Kings,CIN,1474.5723,1969-12-28,#5A2D81
Kings,CIN,1439.0919,1970-01-14,#5A2D81
Kings,CIN,1424.5114,1970-01-28,#5A2D81
Kings,CIN,1393.0254,1970-02-14,#5A2D81
Kings,CIN,1407.9414,1970-02-28,#5A2D81
Kings,CIN,1394.8606,1970-03-14,#5A2D81
Kings,CIN,1417.766,1970-03-28,#5A2D81
Kings,CIN,1417.766,1970-04-14,#5A2D81
Kings,CIN,1417.766,1970-04-28,#5A2D81
Kings,CIN,1417.766,1970-10-14,#5A2D81
Kings,CIN,1407.9236,1970-10-28,#5A2D81
Kings,CIN,1376.3689,1970-11-14,#5A2D81
Kings,CIN,1401.8064,1970-11-28,#5A2D81
Kings,CIN,1398.2823,1970-12-28,#5A2D81
Kings,CIN,1408.3757,1971-01-14,#5A2D81
Kings,CIN,1402.933,1971-01-28,#5A2D81
Kings,CIN,1366.2965,1971-02-14,#5A2D81
Kings,CIN,1336.8397,1971-02-28,#5A2D81
Kings,CIN,1393.4048,1971-03-14,#5A2D81
Kings,CIN,1412.0084,1971-03-28,#5A2D81
Kings,CIN,1412.0084,1971-04-14,#5A2D81
Kings,CIN,1412.0084,1971-04-28,#5A2D81
Kings,CIN,1407.5377,1971-10-14,#5A2D81
Kings,CIN,1383.1954,1971-10-28,#5A2D81
Kings,CIN,1426.282,1971-11-14,#5A2D81
Kings,CIN,1415.3309,1971-11-28,#5A2D81
Kings,CIN,1365.1377,1971-12-14,#5A2D81
Kings,CIN,1321.5458,1971-12-28,#5A2D81
Kings,CIN,1317.9552,1972-01-14,#5A2D81
Kings,CIN,1297.3051,1972-01-28,#5A2D81
Kings,CIN,1303.754,1972-02-14,#5A2D81
Kings,CIN,1380.7219,1972-03-14,#5A2D81
Kings,KCO,1414.2849,1972-03-28,#5A2D81
Kings,KCO,1414.2849,1972-04-14,#5A2D81
Kings,KCO,1419.8158,1972-10-14,#5A2D81
Kings,KCO,1410.325,1972-10-28,#5A2D81
Kings,KCO,1425.6696,1972-11-14,#5A2D81
Kings,KCO,1440.3721,1972-11-28,#5A2D81
Kings,KCO,1437.2418,1972-12-14,#5A2D81
Kings,KCO,1408.6904,1972-12-28,#5A2D81
Kings,KCO,1395.022,1973-01-14,#5A2D81
Kings,KCO,1416.9771,1973-01-28,#5A2D81
Kings,KCO,1460.5885,1973-02-14,#5A2D81
Kings,KCO,1435.83,1973-02-28,#5A2D81
Kings,KCO,1426.6746,1973-03-14,#5A2D81
Kings,KCO,1424.5614,1973-03-28,#5A2D81
Kings,KCO,1424.5614,1973-04-14,#5A2D81
Kings,KCO,1424.5614,1973-04-28,#5A2D81
Kings,KCO,1461.2502,1973-10-14,#5A2D81
Kings,KCO,1421.2798,1973-10-28,#5A2D81
Kings,KCO,1398.2776,1973-11-14,#5A2D81
Kings,KCO,1310.5557,1973-11-28,#5A2D81
Kings,KCO,1329.8619,1973-12-14,#5A2D81
Kings,KCO,1380.1914,1973-12-28,#5A2D81
Kings,KCO,1409.8621,1974-01-14,#5A2D81
Kings,KCO,1405.4454,1974-01-28,#5A2D81
Kings,KCO,1392.1769,1974-02-14,#5A2D81
Kings,KCO,1419.588,1974-02-28,#5A2D81
Kings,KCO,1429.2975,1974-03-14,#5A2D81
Kings,KCO,1463.6234,1974-03-28,#5A2D81
Kings,KCO,1463.6234,1974-04-14,#5A2D81
Kings,KCO,1463.6234,1974-04-28,#5A2D81
Kings,KCO,1464.8173,1974-11-14,#5A2D81
Kings,KCO,1488.4862,1974-11-28,#5A2D81
Kings,KCO,1464.964,1974-12-14,#5A2D81
Kings,KCO,1499.7887,1974-12-28,#5A2D81
Kings,KCO,1457.7554,1975-01-14,#5A2D81
Kings,KCO,1459.0674,1975-01-28,#5A2D81
Kings,KCO,1522.7554,1975-02-14,#5A2D81
Kings,KCO,1534.814,1975-02-28,#5A2D81
Kings,KCO,1510.2806,1975-03-14,#5A2D81
Kings,KCO,1489.8701,1975-03-28,#5A2D81
Kings,KCO,1489.3174,1975-04-14,#5A2D81
Kings,KCK,1474.2683,1975-04-28,#5A2D81
Kings,KCK,1474.2683,1975-05-14,#5A2D81
Kings,KCK,1468.8373,1975-10-28,#5A2D81
Kings,KCK,1472.916,1975-11-14,#5A2D81
Kings,KCK,1472.4874,1975-11-28,#5A2D81
Kings,KCK,1432.3652,1975-12-14,#5A2D81
Kings,KCK,1374.5017,1975-12-28,#5A2D81
Kings,KCK,1372.3787,1976-01-14,#5A2D81
Kings,KCK,1388.875,1976-01-28,#5A2D81
Kings,KCK,1387.0515,1976-02-14,#5A2D81
Kings,KCK,1385.3208,1976-02-28,#5A2D81
Kings,KCK,1438.5592,1976-03-14,#5A2D81
Kings,KCK,1426.2798,1976-03-28,#5A2D81
Kings,KCK,1443.0306,1976-04-14,#5A2D81
Kings,KCK,1443.0306,1976-04-28,#5A2D81
Kings,KCK,1443.0306,1976-05-14,#5A2D81
Kings,KCK,1465.2275,1976-10-28,#5A2D81
Kings,KCK,1467.9534,1976-11-14,#5A2D81
Kings,KCK,1503.572,1976-11-28,#5A2D81
Kings,KCK,1471.5872,1976-12-14,#5A2D81
Kings,KCK,1470.5756,1976-12-28,#5A2D81
Kings,KCK,1492.1262,1977-01-14,#5A2D81
Kings,KCK,1520.5292,1977-01-28,#5A2D81
Kings,KCK,1553.0012,1977-03-14,#5A2D81
Kings,KCK,1496.1289,1977-04-14,#5A2D81
Kings,KCK,1513.7439,1977-10-28,#5A2D81
Kings,KCK,1470.9988,1977-11-28,#5A2D81
Kings,KCK,1463.9285,1977-12-14,#5A2D81
Kings,KCK,1457.373,1977-12-28,#5A2D81
Kings,KCK,1442.8988,1978-01-14,#5A2D81
Kings,KCK,1399.918,1978-01-28,#5A2D81
Kings,KCK,1459.1753,1978-02-14,#5A2D81
Kings,KCK,1455.6587,1978-02-28,#5A2D81
Kings,KCK,1442.3214,1978-03-14,#5A2D81
Kings,KCK,1487.4642,1978-03-28,#5A2D81
Kings,KCK,1460.6471,1978-04-14,#5A2D81
Kings,KCK,1460.6471,1978-04-28,#5A2D81
Kings,KCK,1460.6471,1978-05-14,#5A2D81
Kings,KCK,1460.6471,1978-05-28,#5A2D81
Kings,KCK,1460.6471,1978-10-14,#5A2D81
Kings,KCK,1474.8071,1978-10-28,#5A2D81
Kings,KCK,1509.301,1978-11-14,#5A2D81
Kings,KCK,1523.3853,1978-11-28,#5A2D81
Kings,KCK,1539.8738,1978-12-14,#5A2D81
Kings,KCK,1537.0077,1978-12-28,#5A2D81
Kings,KCK,1546.5665,1979-01-14,#5A2D81
Kings,KCK,1564.6621,1979-01-28,#5A2D81
Kings,KCK,1575.0603,1979-02-14,#5A2D81
Kings,KCK,1586.912,1979-02-28,#5A2D81
Kings,KCK,1542.2573,1979-03-14,#5A2D81
Kings,KCK,1514.6381,1979-03-28,#5A2D81
Kings,KCK,1509.1256,1979-10-14,#5A2D81
Kings,KCK,1540.3121,1979-10-28,#5A2D81
Kings,KCK,1517.3114,1979-11-14,#5A2D81
Kings,KCK,1560.7461,1979-11-28,#5A2D81
Kings,KCK,1595.8225,1979-12-14,#5A2D81
Kings,KCK,1592.1698,1979-12-28,#5A2D81
Kings,KCK,1615.1589,1980-01-28,#5A2D81
Kings,KCK,1598.8158,1980-02-14,#5A2D81
Kings,KCK,1587.5134,1980-02-28,#5A2D81
Kings,KCK,1561.0573,1980-03-14,#5A2D81
Kings,KCK,1546.5996,1980-03-28,#5A2D81
Kings,KCK,1539.5784,1980-04-14,#5A2D81
Kings,KCK,1539.5784,1980-05-14,#5A2D81
Kings,KCK,1528.2036,1980-10-14,#5A2D81
Kings,KCK,1517.0531,1980-10-28,#5A2D81
Kings,KCK,1498.4822,1980-11-14,#5A2D81
Kings,KCK,1481.797,1980-11-28,#5A2D81
Kings,KCK,1492.8602,1980-12-14,#5A2D81
Kings,KCK,1483.4985,1980-12-28,#5A2D81
Kings,KCK,1465.8585,1981-01-14,#5A2D81
Kings,KCK,1469.5353,1981-01-28,#5A2D81
Kings,KCK,1497.3049,1981-02-14,#5A2D81
Kings,KCK,1474.8156,1981-02-28,#5A2D81
Kings,KCK,1519.2697,1981-03-14,#5A2D81
Kings,KCK,1515.7802,1981-03-28,#5A2D81
Kings,KCK,1535.5212,1981-04-14,#5A2D81
Kings,KCK,1489.8947,1981-05-14,#5A2D81
Kings,KCK,1461.3835,1981-11-14,#5A2D81
Kings,KCK,1454.3212,1981-11-28,#5A2D81
Kings,KCK,1430.3639,1981-12-28,#5A2D81
Kings,KCK,1423.6095,1982-01-14,#5A2D81
Kings,KCK,1373.6479,1982-01-28,#5A2D81
Kings,KCK,1367.0382,1982-02-14,#5A2D81
Kings,KCK,1368.9331,1982-02-28,#5A2D81
Kings,KCK,1400.0447,1982-03-14,#5A2D81
Kings,KCK,1403.7698,1982-03-28,#5A2D81
Kings,KCK,1408.1809,1982-04-14,#5A2D81
Kings,KCK,1444.2588,1982-04-28,#5A2D81
Kings,KCK,1444.2588,1982-05-14,#5A2D81
Kings,KCK,1450.5918,1982-11-14,#5A2D81
Kings,KCK,1475.725,1982-11-28,#5A2D81
Kings,KCK,1486.0463,1982-12-14,#5A2D81
Kings,KCK,1526.2902,1982-12-28,#5A2D81
Kings,KCK,1509.6481,1983-01-14,#5A2D81
Kings,KCK,1463.2296,1983-01-28,#5A2D81
Kings,KCK,1546.7219,1983-04-14,#5A2D81
Kings,KCK,1519.1343,1983-05-14,#5A2D81
Kings,KCK,1519.1343,1983-10-28,#5A2D81
Kings,KCK,1512.8818,1983-11-28,#5A2D81
Kings,KCK,1517.3591,1983-12-14,#5A2D81
Kings,KCK,1503.5093,1983-12-28,#5A2D81
Kings,KCK,1467.0546,1984-01-14,#5A2D81
Kings,KCK,1444.7886,1984-02-14,#5A2D81
Kings,KCK,1457.4292,1984-02-28,#5A2D81
Kings,KCK,1485.0028,1984-03-14,#5A2D81
Kings,KCK,1483.131,1984-03-28,#5A2D81
Kings,KCK,1471.278,1984-04-14,#5A2D81
Kings,KCK,1448.1962,1984-04-28,#5A2D81
Kings,KCK,1436.993,1984-10-28,#5A2D81
Kings,KCK,1408.8264,1984-11-14,#5A2D81
Kings,KCK,1414.9087,1984-11-28,#5A2D81
Kings,KCK,1434.4816,1984-12-14,#5A2D81
Kings,KCK,1452.5464,1984-12-28,#5A2D81
Kings,KCK,1412.05,1985-01-14,#5A2D81
Kings,KCK,1402.4702,1985-01-28,#5A2D81
Kings,KCK,1370.2842,1985-02-14,#5A2D81
Kings,KCK,1381.8866,1985-02-28,#5A2D81
Kings,KCK,1421.7301,1985-03-14,#5A2D81
Kings,KCK,1455.6599,1985-03-28,#5A2D81
Kings,KCK,1438.9736,1985-04-14,#5A2D81
Kings,SAC,1445.8177,1985-04-28,#5A2D81
Kings,SAC,1445.8177,1985-05-14,#5A2D81
Kings,SAC,1439.2524,1985-11-14,#5A2D81
Kings,SAC,1415.7603,1985-12-14,#5A2D81
Kings,SAC,1395.5549,1985-12-28,#5A2D81
Kings,SAC,1407.5173,1986-01-14,#5A2D81
Kings,SAC,1448.4871,1986-01-28,#5A2D81
Kings,SAC,1440.3127,1986-02-14,#5A2D81
Kings,SAC,1485.0859,1986-02-28,#5A2D81
Kings,SAC,1474.3744,1986-03-14,#5A2D81
Kings,SAC,1461.2283,1986-03-28,#5A2D81
Kings,SAC,1434.7428,1986-11-14,#5A2D81
Kings,SAC,1427.802,1986-11-28,#5A2D81
Kings,SAC,1407.3036,1986-12-14,#5A2D81
Kings,SAC,1402.693,1986-12-28,#5A2D81
Kings,SAC,1396.5958,1987-01-14,#5A2D81
Kings,SAC,1429.9967,1987-01-28,#5A2D81
Kings,SAC,1425.0032,1987-02-14,#5A2D81
Kings,SAC,1416.8417,1987-02-28,#5A2D81
Kings,SAC,1390.21,1987-03-14,#5A2D81
Kings,SAC,1401.5211,1987-03-28,#5A2D81
Kings,SAC,1419.2173,1987-04-14,#5A2D81
Kings,SAC,1461.4296,1987-04-28,#5A2D81
Kings,SAC,1461.4296,1987-05-14,#5A2D81
Kings,SAC,1461.4296,1987-05-28,#5A2D81
Kings,SAC,1461.4296,1987-06-14,#5A2D81
Kings,SAC,1446.1996,1987-11-14,#5A2D81
Kings,SAC,1424.4261,1987-11-28,#5A2D81
Kings,SAC,1381.2903,1987-12-14,#5A2D81
Kings,SAC,1378.6075,1987-12-28,#5A2D81
Kings,SAC,1363.9343,1988-01-14,#5A2D81
Kings,SAC,1351.7937,1988-01-28,#5A2D81
Kings,SAC,1378.262,1988-02-14,#5A2D81
Kings,SAC,1346.9343,1988-02-28,#5A2D81
Kings,SAC,1343.2604,1988-03-14,#5A2D81
Kings,SAC,1377.3137,1988-03-28,#5A2D81
Kings,SAC,1360.604,1988-04-14,#5A2D81
Kings,SAC,1394.1437,1988-04-28,#5A2D81
Kings,SAC,1394.1437,1988-05-14,#5A2D81
Kings,SAC,1394.1437,1988-05-28,#5A2D81
Kings,SAC,1394.1437,1988-06-14,#5A2D81
Kings,SAC,1341.3928,1988-11-14,#5A2D81
Kings,SAC,1345.7089,1988-11-28,#5A2D81
Kings,SAC,1342.561,1988-12-14,#5A2D81
Kings,SAC,1328.0165,1988-12-28,#5A2D81
Kings,SAC,1364.9164,1989-01-14,#5A2D81
Kings,SAC,1365.8226,1989-01-28,#5A2D81
Kings,SAC,1372.6903,1989-02-14,#5A2D81
Kings,SAC,1346.7849,1989-02-28,#5A2D81
Kings,SAC,1363.6628,1989-03-14,#5A2D81
Kings,SAC,1336.7136,1989-03-28,#5A2D81
Kings,SAC,1399.4667,1989-04-14,#5A2D81
Kings,SAC,1417.3213,1989-04-28,#5A2D81
Kings,SAC,1417.3213,1989-05-14,#5A2D81
Kings,SAC,1417.3213,1989-05-28,#5A2D81
Kings,SAC,1412.8594,1989-11-14,#5A2D81
Kings,SAC,1386.8831,1989-11-28,#5A2D81
Kings,SAC,1357.9016,1989-12-14,#5A2D81
Kings,SAC,1349.5139,1989-12-28,#5A2D81
Kings,SAC,1331.3221,1990-01-14,#5A2D81
Kings,SAC,1375.6871,1990-01-28,#5A2D81
Kings,SAC,1351.5355,1990-02-14,#5A2D81
Kings,SAC,1334.0088,1990-02-28,#5A2D81
Kings,SAC,1346.1317,1990-03-14,#5A2D81
Kings,SAC,1369.5042,1990-03-28,#5A2D81
Kings,SAC,1316.1179,1990-04-14,#5A2D81
Kings,SAC,1345.8352,1990-04-28,#5A2D81
Kings,SAC,1345.8352,1990-05-28,#5A2D81
Kings,SAC,1345.8352,1990-06-14,#5A2D81
Kings,SAC,1315.355,1990-11-14,#5A2D81
Kings,SAC,1306.3398,1990-11-28,#5A2D81
Kings,SAC,1359.1393,1990-12-14,#5A2D81
Kings,SAC,1305.8199,1990-12-28,#5A2D81
Kings,SAC,1294.762,1991-01-14,#5A2D81
Kings,SAC,1333.1143,1991-01-28,#5A2D81
Kings,SAC,1352.3973,1991-02-14,#5A2D81
Kings,SAC,1304.181,1991-02-28,#5A2D81
Kings,SAC,1308.2583,1991-03-14,#5A2D81
Kings,SAC,1335.6082,1991-03-28,#5A2D81
Kings,SAC,1336.24,1991-04-14,#5A2D81
Kings,SAC,1390.2627,1991-04-28,#5A2D81
Kings,SAC,1390.2627,1991-05-14,#5A2D81
Kings,SAC,1390.2627,1991-05-28,#5A2D81
Kings,SAC,1363.528,1991-11-14,#5A2D81
Kings,SAC,1370.964,1991-12-14,#5A2D81
Kings,SAC,1341.9019,1991-12-28,#5A2D81
Kings,SAC,1331.9138,1992-01-14,#5A2D81
Kings,SAC,1342.9232,1992-01-28,#5A2D81
Kings,SAC,1354.7236,1992-02-14,#5A2D81
Kings,SAC,1364.6351,1992-02-28,#5A2D81
Kings,SAC,1329.9435,1992-03-14,#5A2D81
Kings,SAC,1372.0918,1992-03-28,#5A2D81
Kings,SAC,1391.3984,1992-04-14,#5A2D81
Kings,SAC,1430.9929,1992-04-28,#5A2D81
Kings,SAC,1430.9929,1992-05-14,#5A2D81
Kings,SAC,1430.9929,1992-05-28,#5A2D81
Kings,SAC,1430.9929,1992-06-14,#5A2D81
Kings,SAC,1443.1876,1992-11-14,#5A2D81
Kings,SAC,1421.0227,1992-11-28,#5A2D81
Kings,SAC,1387.3804,1992-12-14,#5A2D81
Kings,SAC,1415.6436,1992-12-28,#5A2D81
Kings,SAC,1434.9774,1993-01-14,#5A2D81
Kings,SAC,1428.8175,1993-01-28,#5A2D81
Kings,SAC,1393.8584,1993-02-14,#5A2D81
Kings,SAC,1369.3715,1993-02-28,#5A2D81
Kings,SAC,1363.9302,1993-03-14,#5A2D81
Kings,SAC,1337.3125,1993-03-28,#5A2D81
Kings,SAC,1349.0768,1993-04-14,#5A2D81
Kings,SAC,1392.3558,1993-05-14,#5A2D81
Kings,SAC,1392.3558,1993-05-28,#5A2D81
Kings,SAC,1394.5027,1993-11-14,#5A2D81
Kings,SAC,1368.2083,1993-11-28,#5A2D81
Kings,SAC,1332.5679,1993-12-14,#5A2D81
Kings,SAC,1337.1633,1993-12-28,#5A2D81
Kings,SAC,1373.078,1994-01-14,#5A2D81
Kings,SAC,1339.4117,1994-01-28,#5A2D81
Kings,SAC,1369.7295,1994-02-28,#5A2D81
Kings,SAC,1364.299,1994-03-14,#5A2D81
Kings,SAC,1383.1807,1994-03-28,#5A2D81
Kings,SAC,1376.5579,1994-04-14,#5A2D81
Kings,SAC,1435.9012,1994-04-28,#5A2D81
Kings,SAC,1435.9012,1994-05-14,#5A2D81
Kings,SAC,1435.9012,1994-05-28,#5A2D81
Kings,SAC,1447.823,1994-11-14,#5A2D81
Kings,SAC,1455.4724,1994-11-28,#5A2D81
Kings,SAC,1483.16,1994-12-14,#5A2D81
Kings,SAC,1479.9803,1994-12-28,#5A2D81
Kings,SAC,1490.0283,1995-01-14,#5A2D81
Kings,SAC,1498.9255,1995-01-28,#5A2D81
Kings,SAC,1501.0997,1995-02-14,#5A2D81
Kings,SAC,1453.4106,1995-02-28,#5A2D81
Kings,SAC,1445.203,1995-03-14,#5A2D81
Kings,SAC,1461.5995,1995-03-28,#5A2D81
Kings,SAC,1462.7289,1995-04-14,#5A2D81
Kings,SAC,1486.7472,1995-04-28,#5A2D81
Kings,SAC,1486.7472,1995-05-14,#5A2D81
Kings,SAC,1486.7472,1995-05-28,#5A2D81
Kings,SAC,1486.7472,1995-06-14,#5A2D81
Kings,SAC,1524.6228,1995-11-14,#5A2D81
Kings,SAC,1529.4108,1995-11-28,#5A2D81
Kings,SAC,1524.3199,1995-12-14,#5A2D81
Kings,SAC,1515.0968,1995-12-28,#5A2D81
Kings,SAC,1494.2053,1996-01-14,#5A2D81
Kings,SAC,1487.0234,1996-01-28,#5A2D81
Kings,SAC,1449.004,1996-02-14,#5A2D81
Kings,SAC,1396.601,1996-02-28,#5A2D81
Kings,SAC,1357.5417,1996-03-14,#5A2D81
Kings,SAC,1384.7432,1996-03-28,#5A2D81
Kings,SAC,1399.7465,1996-04-14,#5A2D81
Kings,SAC,1442.1573,1996-04-28,#5A2D81
Kings,SAC,1443.501,1996-05-14,#5A2D81
Kings,SAC,1443.501,1996-05-28,#5A2D81
Kings,SAC,1443.501,1996-06-14,#5A2D81
Kings,SAC,1427.182,1996-11-14,#5A2D81
Kings,SAC,1418.1147,1996-11-28,#5A2D81
Kings,SAC,1410.0601,1996-12-14,#5A2D81
Kings,SAC,1424.87,1996-12-28,#5A2D81
Kings,SAC,1404.181,1997-01-14,#5A2D81
Kings,SAC,1418.17,1997-01-28,#5A2D81
Kings,SAC,1425.4807,1997-02-14,#5A2D81
Kings,SAC,1420.338,1997-02-28,#5A2D81
Kings,SAC,1405.0592,1997-03-14,#5A2D81
Kings,SAC,1389.8802,1997-03-28,#5A2D81
Kings,SAC,1410.8729,1997-04-14,#5A2D81
Kings,SAC,1430.8005,1997-04-28,#5A2D81
Kings,SAC,1430.8005,1997-05-14,#5A2D81
Kings,SAC,1430.8005,1997-05-28,#5A2D81
Kings,SAC,1443.869,1997-11-14,#5A2D81
Kings,SAC,1434.4967,1997-11-28,#5A2D81
Kings,SAC,1413.6621,1997-12-14,#5A2D81
Kings,SAC,1420.3339,1997-12-28,#5A2D81
Kings,SAC,1457.4625,1998-01-14,#5A2D81
Kings,SAC,1463.7742,1998-01-28,#5A2D81
Kings,SAC,1461.3296,1998-02-14,#5A2D81
Kings,SAC,1421.574,1998-02-28,#5A2D81
Kings,SAC,1405.9042,1998-03-14,#5A2D81
Kings,SAC,1361.3113,1998-03-28,#5A2D81
Kings,SAC,1318.1669,1998-04-14,#5A2D81
Kings,SAC,1348.223,1998-04-28,#5A2D81
Kings,SAC,1348.223,1998-06-14,#5A2D81
Kings,SAC,1388.4783,1999-02-14,#5A2D81
Kings,SAC,1409.4111,1999-02-28,#5A2D81
Kings,SAC,1422.4021,1999-03-14,#5A2D81
Kings,SAC,1405.3228,1999-03-28,#5A2D81
Kings,SAC,1411.4901,1999-04-14,#5A2D81
Kings,SAC,1442.4619,1999-04-28,#5A2D81
Kings,SAC,1486.3303,1999-05-14,#5A2D81
Kings,SAC,1497.9675,1999-11-14,#5A2D81
Kings,SAC,1539.974,1999-11-28,#5A2D81
Kings,SAC,1531.8524,1999-12-14,#5A2D81
Kings,SAC,1511.4259,1999-12-28,#5A2D81
Kings,SAC,1542.2924,2000-01-14,#5A2D81
Kings,SAC,1563.0636,2000-01-28,#5A2D81
Kings,SAC,1513.4006,2000-02-28,#5A2D81
Kings,SAC,1544.0598,2000-03-14,#5A2D81
Kings,SAC,1560.3724,2000-03-28,#5A2D81
Kings,SAC,1550.7898,2000-04-14,#5A2D81
Kings,SAC,1535.7444,2000-04-28,#5A2D81
Kings,SAC,1545.7308,2000-05-14,#5A2D81
Kings,SAC,1545.7308,2000-05-28,#5A2D81
Kings,SAC,1545.7308,2000-06-14,#5A2D81
Kings,SAC,1578.5662,2000-11-14,#5A2D81
Kings,SAC,1594.5488,2000-11-28,#5A2D81
Kings,SAC,1603.0248,2000-12-14,#5A2D81
Kings,SAC,1621.9047,2000-12-28,#5A2D81
Kings,SAC,1621.1722,2001-01-14,#5A2D81
Kings,SAC,1635.8311,2001-01-28,#5A2D81
Kings,SAC,1606.7472,2001-02-14,#5A2D81
Kings,SAC,1623.5282,2001-02-28,#5A2D81
Kings,SAC,1639.7715,2001-03-14,#5A2D81
Kings,SAC,1668.3767,2001-03-28,#5A2D81
Kings,SAC,1665.7821,2001-04-14,#5A2D81
Kings,SAC,1664.0206,2001-04-28,#5A2D81
Kings,SAC,1604.4994,2001-05-14,#5A2D81
Kings,SAC,1604.4994,2001-05-28,#5A2D81
Kings,SAC,1632.0938,2001-11-14,#5A2D81
Kings,SAC,1655.7362,2001-11-28,#5A2D81
Kings,SAC,1636.2141,2001-12-14,#5A2D81
Kings,SAC,1639.7706,2001-12-28,#5A2D81
Kings,SAC,1666.2186,2002-01-14,#5A2D81
Kings,SAC,1698.7819,2002-01-28,#5A2D81
Kings,SAC,1690.036,2002-02-14,#5A2D81
Kings,SAC,1660.6855,2002-02-28,#5A2D81
Kings,SAC,1634.7289,2002-03-14,#5A2D81
Kings,SAC,1659.4935,2002-03-28,#5A2D81
Kings,SAC,1700.8958,2002-04-14,#5A2D81
Kings,SAC,1688.2955,2002-04-28,#5A2D81
Kings,SAC,1697.8462,2002-05-14,#5A2D81
Kings,SAC,1720.9974,2002-05-28,#5A2D81
Kings,SAC,1636.6593,2002-11-14,#5A2D81
Kings,SAC,1644.4711,2002-11-28,#5A2D81
Kings,SAC,1673.5035,2002-12-14,#5A2D81
Kings,SAC,1658.2333,2002-12-28,#5A2D81
Kings,SAC,1719.3838,2003-01-14,#5A2D81
Kings,SAC,1666.8505,2003-01-28,#5A2D81
Kings,SAC,1634.9689,2003-02-14,#5A2D81
Kings,SAC,1648.2054,2003-02-28,#5A2D81
Kings,SAC,1646.1852,2003-03-14,#5A2D81
Kings,SAC,1668.6307,2003-03-28,#5A2D81
Kings,SAC,1687.4073,2003-04-14,#5A2D81
Kings,SAC,1698.7769,2003-04-28,#5A2D81
Kings,SAC,1692.7275,2003-05-14,#5A2D81
Kings,SAC,1640.8658,2003-10-28,#5A2D81
Kings,SAC,1609.7827,2003-11-14,#5A2D81
Kings,SAC,1643.6718,2003-11-28,#5A2D81
Kings,SAC,1654.2209,2003-12-14,#5A2D81
Kings,SAC,1650.1357,2003-12-28,#5A2D81
Kings,SAC,1675.2108,2004-01-14,#5A2D81
Kings,SAC,1659.7426,2004-01-28,#5A2D81
Kings,SAC,1678.5972,2004-02-28,#5A2D81
Kings,SAC,1691.4124,2004-03-14,#5A2D81
Kings,SAC,1633.9452,2004-03-28,#5A2D81
Kings,SAC,1603.2102,2004-04-14,#5A2D81
Kings,SAC,1614.1115,2004-04-28,#5A2D81
Kings,SAC,1619.5464,2004-05-14,#5A2D81
Kings,SAC,1591.6025,2004-05-28,#5A2D81
Kings,SAC,1578.3547,2004-11-14,#5A2D81
Kings,SAC,1583.9702,2004-11-28,#5A2D81
Kings,SAC,1626.2432,2004-12-14,#5A2D81
Kings,SAC,1598.7952,2004-12-28,#5A2D81
Kings,SAC,1606.9651,2005-01-14,#5A2D81
Kings,SAC,1614.0917,2005-01-28,#5A2D81
Kings,SAC,1589.9871,2005-02-14,#5A2D81
Kings,SAC,1568.8071,2005-02-28,#5A2D81
Kings,SAC,1561.6801,2005-03-14,#5A2D81
Kings,SAC,1552.6075,2005-03-28,#5A2D81
Kings,SAC,1576.7539,2005-04-14,#5A2D81
Kings,SAC,1568.4484,2005-04-28,#5A2D81
Kings,SAC,1510.6603,2005-05-14,#5A2D81
Kings,SAC,1510.6603,2005-05-28,#5A2D81
Kings,SAC,1510.6603,2005-06-14,#5A2D81
Kings,SAC,1501.3726,2005-11-14,#5A2D81
Kings,SAC,1516.9799,2005-11-28,#5A2D81
Kings,SAC,1500.9579,2005-12-14,#5A2D81
Kings,SAC,1489.4569,2005-12-28,#5A2D81
Kings,SAC,1458.7103,2006-01-14,#5A2D81
Kings,SAC,1474.3429,2006-01-28,#5A2D81
Kings,SAC,1512.5249,2006-02-14,#5A2D81
Kings,SAC,1525.2882,2006-02-28,#5A2D81
Kings,SAC,1582.9736,2006-03-14,#5A2D81
Kings,SAC,1534.6672,2006-03-28,#5A2D81
Kings,SAC,1585.5393,2006-04-14,#5A2D81
Kings,SAC,1583.6188,2006-04-28,#5A2D81
Kings,SAC,1547.6265,2006-05-14,#5A2D81
Kings,SAC,1547.6265,2006-05-28,#5A2D81
Kings,SAC,1564.8806,2006-11-14,#5A2D81
Kings,SAC,1556.2225,2006-11-28,#5A2D81
Kings,SAC,1526.6407,2006-12-14,#5A2D81
Kings,SAC,1506.2206,2006-12-28,#5A2D81
Kings,SAC,1467.1251,2007-01-14,#5A2D81
Kings,SAC,1455.1394,2007-01-28,#5A2D81
Kings,SAC,1469.3254,2007-02-14,#5A2D81
Kings,SAC,1480.9664,2007-02-28,#5A2D81
Kings,SAC,1473.1218,2007-03-14,#5A2D81
Kings,SAC,1455.0013,2007-03-28,#5A2D81
Kings,SAC,1445.6509,2007-04-14,#5A2D81
Kings,SAC,1435.5953,2007-04-28,#5A2D81
Kings,SAC,1435.5953,2007-05-14,#5A2D81
Kings,SAC,1435.5953,2007-05-28,#5A2D81
Kings,SAC,1435.5953,2007-06-14,#5A2D81
Kings,SAC,1421.941,2007-11-14,#5A2D81
Kings,SAC,1443.0865,2007-11-28,#5A2D81
Kings,SAC,1463.0138,2007-12-14,#5A2D81
Kings,SAC,1445.0157,2007-12-28,#5A2D81
Kings,SAC,1445.9547,2008-01-14,#5A2D81
Kings,SAC,1470.4436,2008-01-28,#5A2D81
Kings,SAC,1477.604,2008-02-14,#5A2D81
Kings,SAC,1448.1842,2008-02-28,#5A2D81
Kings,SAC,1433.7473,2008-03-14,#5A2D81
Kings,SAC,1438.209,2008-03-28,#5A2D81
Kings,SAC,1468.0804,2008-04-14,#5A2D81
Kings,SAC,1469.5621,2008-04-28,#5A2D81
Kings,SAC,1469.5621,2008-05-14,#5A2D81
Kings,SAC,1469.5621,2008-05-28,#5A2D81
Kings,SAC,1469.5621,2008-10-28,#5A2D81
Kings,SAC,1447.1965,2008-11-14,#5A2D81
Kings,SAC,1416.0648,2008-11-28,#5A2D81
Kings,SAC,1384.4364,2008-12-14,#5A2D81
Kings,SAC,1354.0293,2008-12-28,#5A2D81
Kings,SAC,1351.3896,2009-01-14,#5A2D81
Kings,SAC,1324.2285,2009-01-28,#5A2D81
Kings,SAC,1297.9855,2009-02-28,#5A2D81
Kings,SAC,1298.6018,2009-03-14,#5A2D81
Kings,SAC,1313.7505,2009-03-28,#5A2D81
Kings,SAC,1285.3861,2009-04-14,#5A2D81
Kings,SAC,1334.142,2009-04-28,#5A2D81
Kings,SAC,1334.142,2009-05-14,#5A2D81
Kings,SAC,1334.142,2009-05-28,#5A2D81
Kings,SAC,1334.142,2009-06-14,#5A2D81
Kings,SAC,1334.142,2009-10-28,#5A2D81
Kings,SAC,1368.0367,2009-11-14,#5A2D81
Kings,SAC,1390.2574,2009-11-28,#5A2D81
Kings,SAC,1381.6324,2009-12-14,#5A2D81
Kings,SAC,1391.4373,2009-12-28,#5A2D81
Kings,SAC,1355.8523,2010-01-14,#5A2D81
Kings,SAC,1340.4965,2010-01-28,#5A2D81
Kings,SAC,1323.9971,2010-02-28,#5A2D81
Kings,SAC,1347.226,2010-03-14,#5A2D81
Kings,SAC,1330.8778,2010-03-28,#5A2D81
Kings,SAC,1361.3951,2010-04-14,#5A2D81
Kings,SAC,1361.3951,2010-04-28,#5A2D81
Kings,SAC,1361.3951,2010-05-28,#5A2D81
Kings,SAC,1356.1354,2010-10-28,#5A2D81
Kings,SAC,1332.3311,2010-11-14,#5A2D81
Kings,SAC,1299.6174,2010-11-28,#5A2D81
Kings,SAC,1299.2393,2010-12-14,#5A2D81
Kings,SAC,1279.213,2010-12-28,#5A2D81
Kings,SAC,1330.5615,2011-01-14,#5A2D81
Kings,SAC,1362.1995,2011-01-28,#5A2D81
Kings,SAC,1367.6842,2011-02-14,#5A2D81
Kings,SAC,1378.5487,2011-02-28,#5A2D81
Kings,SAC,1359.1498,2011-03-14,#5A2D81
Kings,SAC,1423.51,2011-03-28,#5A2D81
Kings,SAC,1453.4791,2011-04-28,#5A2D81
Kings,SAC,1438.2344,2011-12-28,#5A2D81
Kings,SAC,1409.8534,2012-01-14,#5A2D81
Kings,SAC,1391.6256,2012-01-28,#5A2D81
Kings,SAC,1409.0554,2012-02-14,#5A2D81
Kings,SAC,1410.6517,2012-02-28,#5A2D81
Kings,SAC,1368.7393,2012-03-14,#5A2D81
Kings,SAC,1405.0421,2012-03-28,#5A2D81
Kings,SAC,1362.5033,2012-04-14,#5A2D81
Kings,SAC,1415.1243,2012-04-28,#5A2D81
Kings,SAC,1415.1243,2012-05-14,#5A2D81
Kings,SAC,1415.1243,2012-05-28,#5A2D81
Kings,SAC,1415.1243,2012-06-14,#5A2D81
Kings,SAC,1372.0076,2012-11-14,#5A2D81
Kings,SAC,1374.6815,2012-11-28,#5A2D81
Kings,SAC,1394.7769,2012-12-14,#5A2D81
Kings,SAC,1390.4541,2012-12-28,#5A2D81
Kings,SAC,1385.4955,2013-01-14,#5A2D81
Kings,SAC,1372.9724,2013-01-28,#5A2D81
Kings,SAC,1367.6255,2013-02-14,#5A2D81
Kings,SAC,1375.3517,2013-02-28,#5A2D81
Kings,SAC,1410.8702,2013-03-14,#5A2D81
Kings,SAC,1443.3635,2013-03-28,#5A2D81
Kings,SAC,1414.9761,2013-04-14,#5A2D81
Kings,SAC,1440.0757,2013-04-28,#5A2D81
Kings,SAC,1440.0757,2013-05-14,#5A2D81
Kings,SAC,1440.0757,2013-05-28,#5A2D81
Kings,SAC,1405.1166,2013-11-14,#5A2D81
Kings,SAC,1408.4622,2013-12-14,#5A2D81
Kings,SAC,1398.9534,2013-12-28,#5A2D81
Kings,SAC,1415.0961,2014-01-14,#5A2D81
Kings,SAC,1412.5896,2014-01-28,#5A2D81
Kings,SAC,1427.5121,2014-02-28,#5A2D81
Kings,SAC,1423.9269,2014-03-14,#5A2D81
Kings,SAC,1413.2288,2014-03-28,#5A2D81
Kings,SAC,1406.5422,2014-04-14,#5A2D81
Kings,SAC,1419.0911,2014-04-28,#5A2D81
Kings,SAC,1419.0911,2014-05-14,#5A2D81
Kings,SAC,1419.0911,2014-05-28,#5A2D81
Kings,SAC,1419.0911,2014-10-28,#5A2D81
Kings,SAC,1478.7598,2014-11-14,#5A2D81
Kings,SAC,1505.1318,2014-11-28,#5A2D81
Kings,SAC,1438.7065,2014-12-14,#5A2D81
Kings,SAC,1424.5933,2014-12-28,#5A2D81
Kings,SAC,1409.4846,2015-01-14,#5A2D81
Kings,SAC,1388.9945,2015-01-28,#5A2D81
Kings,SAC,1383.5856,2015-02-28,#5A2D81
Kings,SAC,1394.6455,2015-03-14,#5A2D81
Kings,SAC,1424.0077,2015-03-28,#5A2D81
Kings,SAC,1418.2802,2015-04-14,#5A2D81
Jets,INJ,1343.2375,1948-11-14,#d60200
Jets,INJ,1323.4193,1948-11-28,#d60200
Jets,INJ,1329.3984,1948-12-14,#d60200
Jets,INJ,1320.028,1948-12-28,#d60200
Jets,INJ,1335.1599,1949-01-14,#d60200
Jets,INJ,1367.1337,1949-01-28,#d60200
Jets,INJ,1352.0239,1949-02-28,#d60200
Jazz,NOJ,1241.1853,1974-11-14,#00471B
Jazz,NOJ,1228.1268,1974-11-28,#00471B
Jazz,NOJ,1217.8303,1974-12-14,#00471B
Jazz,NOJ,1209.4963,1974-12-28,#00471B
Jazz,NOJ,1218.8103,1975-01-14,#00471B
Jazz,NOJ,1201.5442,1975-01-28,#00471B
Jazz,NOJ,1252.0101,1975-02-14,#00471B
Jazz,NOJ,1315.9819,1975-02-28,#00471B
Jazz,NOJ,1336.3959,1975-03-14,#00471B
Jazz,NOJ,1349.0095,1975-03-28,#00471B
Jazz,NOJ,1371.8279,1975-04-14,#00471B
Jazz,NOJ,1371.8279,1975-04-28,#00471B
Jazz,NOJ,1371.8279,1975-05-14,#00471B
Jazz,NOJ,1400.5078,1975-10-28,#00471B
Jazz,NOJ,1396.0809,1975-11-14,#00471B
Jazz,NOJ,1390.5305,1975-11-28,#00471B
Jazz,NOJ,1361.4342,1975-12-14,#00471B
Jazz,NOJ,1422.6783,1975-12-28,#00471B
Jazz,NOJ,1459.585,1976-01-14,#00471B
Jazz,NOJ,1430.5045,1976-01-28,#00471B
Jazz,NOJ,1458.7391,1976-02-14,#00471B
Jazz,NOJ,1420.52,1976-02-28,#00471B
Jazz,NOJ,1468.0112,1976-03-14,#00471B
Jazz,NOJ,1472.9368,1976-03-28,#00471B
Jazz,NOJ,1488.4333,1976-04-14,#00471B
Jazz,NOJ,1488.4333,1976-04-28,#00471B
Jazz,NOJ,1488.4333,1976-05-14,#00471B
Jazz,NOJ,1486.26,1976-10-28,#00471B
Jazz,NOJ,1516.5382,1976-11-14,#00471B
Jazz,NOJ,1515.0239,1976-11-28,#00471B
Jazz,NOJ,1479.0131,1976-12-14,#00471B
Jazz,NOJ,1446.4291,1976-12-28,#00471B
Jazz,NOJ,1420.6178,1977-01-14,#00471B
Jazz,NOJ,1441.9905,1977-01-28,#00471B
Jazz,NOJ,1371.7712,1977-03-14,#00471B
Jazz,NOJ,1437.6572,1977-04-14,#00471B
Jazz,NOJ,1474.9839,1977-10-28,#00471B
Jazz,NOJ,1468.4601,1977-11-28,#00471B
Jazz,NOJ,1425.4071,1977-12-14,#00471B
Jazz,NOJ,1418.5052,1977-12-28,#00471B
Jazz,NOJ,1431.74,1978-01-14,#00471B
Jazz,NOJ,1484.3348,1978-01-28,#00471B
Jazz,NOJ,1456.2617,1978-02-14,#00471B
Jazz,NOJ,1449.6807,1978-02-28,#00471B
Jazz,NOJ,1480.1591,1978-03-14,#00471B
Jazz,NOJ,1448.9465,1978-03-28,#00471B
Jazz,NOJ,1474.6722,1978-04-14,#00471B
Jazz,NOJ,1474.6722,1978-04-28,#00471B
Jazz,NOJ,1474.6722,1978-05-14,#00471B
Jazz,NOJ,1474.6722,1978-05-28,#00471B
Jazz,NOJ,1461.2042,1978-10-14,#00471B
Jazz,NOJ,1465.3794,1978-10-28,#00471B
Jazz,NOJ,1457.5651,1978-11-14,#00471B
Jazz,NOJ,1464.0642,1978-11-28,#00471B
Jazz,NOJ,1427.241,1978-12-14,#00471B
Jazz,NOJ,1399.9563,1978-12-28,#00471B
Jazz,NOJ,1370.9178,1979-01-14,#00471B
Jazz,NOJ,1389.7665,1979-01-28,#00471B
Jazz,NOJ,1382.7449,1979-02-14,#00471B
Jazz,NOJ,1386.0416,1979-02-28,#00471B
Jazz,NOJ,1355.3479,1979-03-14,#00471B
Jazz,NOJ,1355.3016,1979-03-28,#00471B
Jazz,UTA,1371.8407,1979-10-14,#00471B
Jazz,UTA,1359.5085,1979-10-28,#00471B
Jazz,UTA,1315.1287,1979-11-14,#00471B
Jazz,UTA,1318.7646,1979-11-28,#00471B
Jazz,UTA,1391.3406,1979-12-14,#00471B
Jazz,UTA,1383.8212,1979-12-28,#00471B
Jazz,UTA,1400.9579,1980-01-28,#00471B
Jazz,UTA,1377.6326,1980-02-14,#00471B
Jazz,UTA,1368.3842,1980-02-28,#00471B
Jazz,UTA,1352.5476,1980-03-14,#00471B
Jazz,UTA,1359.9697,1980-03-28,#00471B
Jazz,UTA,1404.8352,1980-04-14,#00471B
Jazz,UTA,1404.8352,1980-05-14,#00471B
Jazz,UTA,1402.3513,1980-10-14,#00471B
Jazz,UTA,1397.3461,1980-10-28,#00471B
Jazz,UTA,1461.8512,1980-11-14,#00471B
Jazz,UTA,1424.834,1980-11-28,#00471B
Jazz,UTA,1376.2268,1980-12-14,#00471B
Jazz,UTA,1365.5028,1980-12-28,#00471B
Jazz,UTA,1380.9407,1981-01-14,#00471B
Jazz,UTA,1370.114,1981-01-28,#00471B
Jazz,UTA,1367.799,1981-02-14,#00471B
Jazz,UTA,1350.3468,1981-02-28,#00471B
Jazz,UTA,1332.9099,1981-03-14,#00471B
Jazz,UTA,1319.3795,1981-03-28,#00471B
Jazz,UTA,1372.0377,1981-04-14,#00471B
Jazz,UTA,1372.0377,1981-05-14,#00471B
Jazz,UTA,1406.4866,1981-11-14,#00471B
Jazz,UTA,1396.4359,1981-11-28,#00471B
Jazz,UTA,1354.8853,1981-12-28,#00471B
Jazz,UTA,1360.3358,1982-01-14,#00471B
Jazz,UTA,1324.0581,1982-01-28,#00471B
Jazz,UTA,1376.4475,1982-02-14,#00471B
Jazz,UTA,1356.3962,1982-02-28,#00471B
Jazz,UTA,1320.4425,1982-03-14,#00471B
Jazz,UTA,1290.8346,1982-03-28,#00471B
Jazz,UTA,1335.9913,1982-04-14,#00471B
Jazz,UTA,1383.7813,1982-04-28,#00471B
Jazz,UTA,1383.7813,1982-05-14,#00471B
Jazz,UTA,1376.751,1982-11-14,#00471B
Jazz,UTA,1367.5419,1982-11-28,#00471B
Jazz,UTA,1394.3206,1982-12-14,#00471B
Jazz,UTA,1402.0565,1982-12-28,#00471B
Jazz,UTA,1402.2606,1983-01-14,#00471B
Jazz,UTA,1378.8708,1983-01-28,#00471B
Jazz,UTA,1397.6129,1983-04-14,#00471B
Jazz,UTA,1424.9656,1983-05-14,#00471B
Jazz,UTA,1424.9656,1983-10-28,#00471B
Jazz,UTA,1464.9966,1983-11-28,#00471B
Jazz,UTA,1493.5621,1983-12-14,#00471B
Jazz,UTA,1528.6614,1983-12-28,#00471B
Jazz,UTA,1536.6622,1984-01-14,#00471B
Jazz,UTA,1526.6643,1984-02-14,#00471B
Jazz,UTA,1490.7787,1984-02-28,#00471B
Jazz,UTA,1477.7695,1984-03-14,#00471B
Jazz,UTA,1513.6747,1984-03-28,#00471B
Jazz,UTA,1493.1279,1984-04-14,#00471B
Jazz,UTA,1503.7549,1984-04-28,#00471B
Jazz,UTA,1479.1093,1984-10-28,#00471B
Jazz,UTA,1493.2819,1984-11-14,#00471B
Jazz,UTA,1485.1116,1984-11-28,#00471B
Jazz,UTA,1493.7655,1984-12-14,#00471B
Jazz,UTA,1466.7646,1984-12-28,#00471B
Jazz,UTA,1459.354,1985-01-14,#00471B
Jazz,UTA,1455.9363,1985-01-28,#00471B
Jazz,UTA,1487.3151,1985-02-14,#00471B
Jazz,UTA,1487.6512,1985-02-28,#00471B
Jazz,UTA,1498.0406,1985-03-14,#00471B
Jazz,UTA,1522.4015,1985-03-28,#00471B
Jazz,UTA,1539.4169,1985-04-14,#00471B
Jazz,UTA,1551.3014,1985-04-28,#00471B
Jazz,UTA,1515.4669,1985-05-14,#00471B
Jazz,UTA,1499.1592,1985-11-14,#00471B
Jazz,UTA,1533.8634,1985-12-14,#00471B
Jazz,UTA,1509.5184,1985-12-28,#00471B
Jazz,UTA,1496.9039,1986-01-14,#00471B
Jazz,UTA,1475.7852,1986-01-28,#00471B
Jazz,UTA,1472.4706,1986-02-14,#00471B
Jazz,UTA,1497.0774,1986-02-28,#00471B
Jazz,UTA,1478.2876,1986-03-14,#00471B
Jazz,UTA,1492.2217,1986-03-28,#00471B
Jazz,UTA,1517.9961,1986-11-14,#00471B
Jazz,UTA,1503.9814,1986-11-28,#00471B
Jazz,UTA,1538.7885,1986-12-14,#00471B
Jazz,UTA,1537.0452,1986-12-28,#00471B
Jazz,UTA,1500.6034,1987-01-14,#00471B
Jazz,UTA,1507.3828,1987-01-28,#00471B
Jazz,UTA,1507.3008,1987-02-14,#00471B
Jazz,UTA,1528.3204,1987-02-28,#00471B
Jazz,UTA,1506.7454,1987-03-14,#00471B
Jazz,UTA,1506.1357,1987-03-28,#00471B
Jazz,UTA,1505.0299,1987-04-14,#00471B
Jazz,UTA,1491.1299,1987-04-28,#00471B
Jazz,UTA,1481.0978,1987-05-14,#00471B
Jazz,UTA,1481.0978,1987-05-28,#00471B
Jazz,UTA,1481.0978,1987-06-14,#00471B
Jazz,UTA,1497.7977,1987-11-14,#00471B
Jazz,UTA,1520.0273,1987-11-28,#00471B
Jazz,UTA,1535.1809,1987-12-14,#00471B
Jazz,UTA,1508.866,1987-12-28,#00471B
Jazz,UTA,1488.7802,1988-01-14,#00471B
Jazz,UTA,1494.172,1988-01-28,#00471B
Jazz,UTA,1516.2029,1988-02-14,#00471B
Jazz,UTA,1533.1116,1988-02-28,#00471B
Jazz,UTA,1566.2644,1988-03-14,#00471B
Jazz,UTA,1567.9071,1988-03-28,#00471B
Jazz,UTA,1554.8477,1988-04-14,#00471B
Jazz,UTA,1581.2194,1988-04-28,#00471B
Jazz,UTA,1601.7163,1988-05-14,#00471B
Jazz,UTA,1570.6917,1988-05-28,#00471B
Jazz,UTA,1570.6917,1988-06-14,#00471B
Jazz,UTA,1580.2131,1988-11-14,#00471B
Jazz,UTA,1584.9851,1988-11-28,#00471B
Jazz,UTA,1569.3823,1988-12-14,#00471B
Jazz,UTA,1545.137,1988-12-28,#00471B
Jazz,UTA,1546.254,1989-01-14,#00471B
Jazz,UTA,1563.457,1989-01-28,#00471B
Jazz,UTA,1557.3954,1989-02-14,#00471B
Jazz,UTA,1549.9653,1989-02-28,#00471B
Jazz,UTA,1597.8158,1989-03-14,#00471B
Jazz,UTA,1585.5913,1989-03-28,#00471B
Jazz,UTA,1576.9856,1989-04-14,#00471B
Jazz,UTA,1542.7498,1989-04-28,#00471B
Jazz,UTA,1530.2565,1989-05-14,#00471B
Jazz,UTA,1530.2565,1989-05-28,#00471B
Jazz,UTA,1542.3317,1989-11-14,#00471B
Jazz,UTA,1504.4426,1989-11-28,#00471B
Jazz,UTA,1538.4479,1989-12-14,#00471B
Jazz,UTA,1539.5328,1989-12-28,#00471B
Jazz,UTA,1565.993,1990-01-14,#00471B
Jazz,UTA,1595.8552,1990-01-28,#00471B
Jazz,UTA,1586.7748,1990-02-14,#00471B
Jazz,UTA,1616.077,1990-02-28,#00471B
Jazz,UTA,1631.9818,1990-03-14,#00471B
Jazz,UTA,1620.5581,1990-03-28,#00471B
Jazz,UTA,1598.0057,1990-04-14,#00471B
Jazz,UTA,1574.952,1990-04-28,#00471B
Jazz,UTA,1560.2677,1990-05-28,#00471B
Jazz,UTA,1560.2677,1990-06-14,#00471B
Jazz,UTA,1531.822,1990-11-14,#00471B
Jazz,UTA,1547.9913,1990-11-28,#00471B
Jazz,UTA,1587.9244,1990-12-14,#00471B
Jazz,UTA,1578.5303,1990-12-28,#00471B
Jazz,UTA,1597.7866,1991-01-14,#00471B
Jazz,UTA,1559.66,1991-01-28,#00471B
Jazz,UTA,1581.4032,1991-02-14,#00471B
Jazz,UTA,1602.7651,1991-02-28,#00471B
Jazz,UTA,1592.5532,1991-03-14,#00471B
Jazz,UTA,1571.7137,1991-03-28,#00471B
Jazz,UTA,1571.2155,1991-04-14,#00471B
Jazz,UTA,1618.4658,1991-04-28,#00471B
Jazz,UTA,1610.0815,1991-05-14,#00471B
Jazz,UTA,1594.8228,1991-05-28,#00471B
Jazz,UTA,1567.3971,1991-11-14,#00471B
Jazz,UTA,1588.9274,1991-12-14,#00471B
Jazz,UTA,1594.3646,1991-12-28,#00471B
Jazz,UTA,1592.8927,1992-01-14,#00471B
Jazz,UTA,1578.1241,1992-01-28,#00471B
Jazz,UTA,1596.9662,1992-02-14,#00471B
Jazz,UTA,1594.9911,1992-02-28,#00471B
Jazz,UTA,1635.9796,1992-03-14,#00471B
Jazz,UTA,1623.3669,1992-03-28,#00471B
Jazz,UTA,1636.5806,1992-04-14,#00471B
Jazz,UTA,1647.5092,1992-04-28,#00471B
Jazz,UTA,1659.5172,1992-05-14,#00471B
Jazz,UTA,1640.2574,1992-05-28,#00471B
Jazz,UTA,1585.4254,1992-06-14,#00471B
Jazz,UTA,1591.2231,1992-11-14,#00471B
Jazz,UTA,1556.0256,1992-11-28,#00471B
Jazz,UTA,1571.1431,1992-12-14,#00471B
Jazz,UTA,1582.2472,1992-12-28,#00471B
Jazz,UTA,1603.399,1993-01-14,#00471B
Jazz,UTA,1587.8052,1993-01-28,#00471B
Jazz,UTA,1584.8158,1993-02-14,#00471B
Jazz,UTA,1517.4174,1993-02-28,#00471B
Jazz,UTA,1508.5616,1993-03-14,#00471B
Jazz,UTA,1510.3771,1993-03-28,#00471B
Jazz,UTA,1519.1364,1993-04-14,#00471B
Jazz,UTA,1518.8027,1993-05-14,#00471B
Jazz,UTA,1518.8027,1993-05-28,#00471B
Jazz,UTA,1524.7798,1993-11-14,#00471B
Jazz,UTA,1544.3724,1993-11-28,#00471B
Jazz,UTA,1569.3379,1993-12-14,#00471B
Jazz,UTA,1582.7034,1993-12-28,#00471B
Jazz,UTA,1558.8538,1994-01-14,#00471B
Jazz,UTA,1580.9961,1994-01-28,#00471B
Jazz,UTA,1595.4983,1994-02-28,#00471B
Jazz,UTA,1619.6754,1994-03-14,#00471B
Jazz,UTA,1568.1854,1994-03-28,#00471B
Jazz,UTA,1592.6749,1994-04-14,#00471B
Jazz,UTA,1606.349,1994-04-28,#00471B
Jazz,UTA,1659.4875,1994-05-14,#00471B
Jazz,UTA,1631.0518,1994-05-28,#00471B
Jazz,UTA,1585.7161,1994-11-14,#00471B
Jazz,UTA,1633.5737,1994-11-28,#00471B
Jazz,UTA,1609.0287,1994-12-14,#00471B
Jazz,UTA,1651.7129,1994-12-28,#00471B
Jazz,UTA,1659.9912,1995-01-14,#00471B
Jazz,UTA,1701.9583,1995-01-28,#00471B
Jazz,UTA,1644.1667,1995-02-14,#00471B
Jazz,UTA,1663.1433,1995-02-28,#00471B
Jazz,UTA,1704.1797,1995-03-14,#00471B
Jazz,UTA,1698.496,1995-03-28,#00471B
Jazz,UTA,1657.7805,1995-04-14,#00471B
Jazz,UTA,1652.088,1995-04-28,#00471B
Jazz,UTA,1615.5409,1995-05-14,#00471B
Jazz,UTA,1615.5409,1995-05-28,#00471B
Jazz,UTA,1615.5409,1995-06-14,#00471B
Jazz,UTA,1628.4821,1995-11-14,#00471B
Jazz,UTA,1656.9512,1995-11-28,#00471B
Jazz,UTA,1631.9857,1995-12-14,#00471B
Jazz,UTA,1635.1875,1995-12-28,#00471B
Jazz,UTA,1608.5027,1996-01-14,#00471B
Jazz,UTA,1647.3993,1996-01-28,#00471B
Jazz,UTA,1649.1591,1996-02-14,#00471B
Jazz,UTA,1651.0836,1996-02-28,#00471B
Jazz,UTA,1655.5173,1996-03-14,#00471B
Jazz,UTA,1662.0349,1996-03-28,#00471B
Jazz,UTA,1603.6647,1996-04-14,#00471B
Jazz,UTA,1621.0573,1996-04-28,#00471B
Jazz,UTA,1657.0197,1996-05-14,#00471B
Jazz,UTA,1671.785,1996-05-28,#00471B
Jazz,UTA,1647.7349,1996-06-14,#00471B
Jazz,UTA,1639.939,1996-11-14,#00471B
Jazz,UTA,1675.1948,1996-11-28,#00471B
Jazz,UTA,1694.7391,1996-12-14,#00471B
Jazz,UTA,1678.161,1996-12-28,#00471B
Jazz,UTA,1607.8778,1997-01-14,#00471B
Jazz,UTA,1637.6062,1997-01-28,#00471B
Jazz,UTA,1666.7664,1997-02-14,#00471B
Jazz,UTA,1656.8813,1997-02-28,#00471B
Jazz,UTA,1682.9736,1997-03-14,#00471B
Jazz,UTA,1715.5333,1997-03-28,#00471B
Jazz,UTA,1737.546,1997-04-14,#00471B
Jazz,UTA,1750.2087,1997-04-28,#00471B
Jazz,UTA,1760.0603,1997-05-14,#00471B
Jazz,UTA,1751.3132,1997-05-28,#00471B
Jazz,UTA,1636.7566,1997-11-14,#00471B
Jazz,UTA,1635.0656,1997-11-28,#00471B
Jazz,UTA,1612.2184,1997-12-14,#00471B
Jazz,UTA,1621.9071,1997-12-28,#00471B
Jazz,UTA,1650.2881,1998-01-14,#00471B
Jazz,UTA,1653.973,1998-01-28,#00471B
Jazz,UTA,1676.5637,1998-02-14,#00471B
Jazz,UTA,1693.4421,1998-02-28,#00471B
Jazz,UTA,1731.296,1998-03-14,#00471B
Jazz,UTA,1737.4175,1998-03-28,#00471B
Jazz,UTA,1731.4821,1998-04-14,#00471B
Jazz,UTA,1696.3134,1998-04-28,#00471B
Jazz,UTA,1737.2849,1998-06-14,#00471B
Jazz,UTA,1715.3772,1999-02-14,#00471B
Jazz,UTA,1701.6458,1999-02-28,#00471B
Jazz,UTA,1713.594,1999-03-14,#00471B
Jazz,UTA,1651.7911,1999-03-28,#00471B
Jazz,UTA,1687.3536,1999-04-14,#00471B
Jazz,UTA,1649.3704,1999-04-28,#00471B
Jazz,UTA,1633.7861,1999-05-14,#00471B
Jazz,UTA,1588.6328,1999-11-14,#00471B
Jazz,UTA,1579.2971,1999-11-28,#00471B
Jazz,UTA,1601.1138,1999-12-14,#00471B
Jazz,UTA,1608.9016,1999-12-28,#00471B
Jazz,UTA,1645.4587,2000-01-14,#00471B
Jazz,UTA,1596.6215,2000-01-28,#00471B
Jazz,UTA,1582.1035,2000-02-28,#00471B
Jazz,UTA,1643.3478,2000-03-14,#00471B
Jazz,UTA,1642.2905,2000-03-28,#00471B
Jazz,UTA,1605.2625,2000-04-14,#00471B
Jazz,UTA,1619.7739,2000-04-28,#00471B
Jazz,UTA,1579.9408,2000-05-14,#00471B
Jazz,UTA,1561.4548,2000-05-28,#00471B
Jazz,UTA,1561.4548,2000-06-14,#00471B
Jazz,UTA,1574.7087,2000-11-14,#00471B
Jazz,UTA,1603.7816,2000-11-28,#00471B
Jazz,UTA,1615.338,2000-12-14,#00471B
Jazz,UTA,1604.7638,2000-12-28,#00471B
Jazz,UTA,1592.4828,2001-01-14,#00471B
Jazz,UTA,1583.1655,2001-01-28,#00471B
Jazz,UTA,1617.4105,2001-02-14,#00471B
Jazz,UTA,1647.6936,2001-02-28,#00471B
Jazz,UTA,1651.2164,2001-03-14,#00471B
Jazz,UTA,1614.0339,2001-03-28,#00471B
Jazz,UTA,1609.9468,2001-04-14,#00471B
Jazz,UTA,1615.7366,2001-04-28,#00471B
Jazz,UTA,1563.3832,2001-05-14,#00471B
Jazz,UTA,1563.3832,2001-05-28,#00471B
Jazz,UTA,1513.969,2001-11-14,#00471B
Jazz,UTA,1517.0033,2001-11-28,#00471B
Jazz,UTA,1527.829,2001-12-14,#00471B
Jazz,UTA,1578.851,2001-12-28,#00471B
Jazz,UTA,1577.1255,2002-01-14,#00471B
Jazz,UTA,1549.8069,2002-01-28,#00471B
Jazz,UTA,1562.2487,2002-02-14,#00471B
Jazz,UTA,1590.1329,2002-02-28,#00471B
Jazz,UTA,1546.097,2002-03-14,#00471B
Jazz,UTA,1560.6425,2002-03-28,#00471B
Jazz,UTA,1548.288,2002-04-14,#00471B
Jazz,UTA,1547.9829,2002-04-28,#00471B
Jazz,UTA,1524.6725,2002-05-14,#00471B
Jazz,UTA,1524.6725,2002-05-28,#00471B
Jazz,UTA,1518.7263,2002-11-14,#00471B
Jazz,UTA,1564.0542,2002-11-28,#00471B
Jazz,UTA,1552.3003,2002-12-14,#00471B
Jazz,UTA,1593.8364,2002-12-28,#00471B
Jazz,UTA,1599.9518,2003-01-14,#00471B
Jazz,UTA,1591.6613,2003-01-28,#00471B
Jazz,UTA,1573.2872,2003-02-14,#00471B
Jazz,UTA,1541.655,2003-02-28,#00471B
Jazz,UTA,1544.4004,2003-03-14,#00471B
Jazz,UTA,1549.2358,2003-03-28,#00471B
Jazz,UTA,1539.8624,2003-04-14,#00471B
Jazz,UTA,1524.8596,2003-04-28,#00471B
Jazz,UTA,1523.6207,2003-05-14,#00471B
Jazz,UTA,1523.6207,2003-10-28,#00471B
Jazz,UTA,1532.3459,2003-11-14,#00471B
Jazz,UTA,1540.708,2003-11-28,#00471B
Jazz,UTA,1528.1061,2003-12-14,#00471B
Jazz,UTA,1519.4475,2003-12-28,#00471B
Jazz,UTA,1528.4645,2004-01-14,#00471B
Jazz,UTA,1470.1688,2004-01-28,#00471B
Jazz,UTA,1481.2841,2004-02-28,#00471B
Jazz,UTA,1478.3337,2004-03-14,#00471B
Jazz,UTA,1490.7205,2004-03-28,#00471B
Jazz,UTA,1495.5116,2004-04-14,#00471B
Jazz,UTA,1519.9666,2004-04-28,#00471B
Jazz,UTA,1519.9666,2004-05-14,#00471B
Jazz,UTA,1519.9666,2004-05-28,#00471B
Jazz,UTA,1569.1587,2004-11-14,#00471B
Jazz,UTA,1521.6349,2004-11-28,#00471B
Jazz,UTA,1478.3422,2004-12-14,#00471B
Jazz,UTA,1444.1696,2004-12-28,#00471B
Jazz,UTA,1413.1807,2005-01-14,#00471B
Jazz,UTA,1426.4596,2005-01-28,#00471B
Jazz,UTA,1403.1085,2005-02-14,#00471B
Jazz,UTA,1404.7244,2005-02-28,#00471B
Jazz,UTA,1380.7083,2005-03-14,#00471B
Jazz,UTA,1372.3978,2005-03-28,#00471B
Jazz,UTA,1363.4503,2005-04-14,#00471B
Jazz,UTA,1415.6387,2005-04-28,#00471B
Jazz,UTA,1415.6387,2005-05-14,#00471B
Jazz,UTA,1415.6387,2005-05-28,#00471B
Jazz,UTA,1415.6387,2005-06-14,#00471B
Jazz,UTA,1424.6003,2005-11-14,#00471B
Jazz,UTA,1405.1248,2005-11-28,#00471B
Jazz,UTA,1412.4203,2005-12-14,#00471B
Jazz,UTA,1433.0573,2005-12-28,#00471B
Jazz,UTA,1482.1327,2006-01-14,#00471B
Jazz,UTA,1437.4199,2006-01-28,#00471B
Jazz,UTA,1431.0812,2006-02-14,#00471B
Jazz,UTA,1424.4299,2006-02-28,#00471B
Jazz,UTA,1412.6371,2006-03-14,#00471B
Jazz,UTA,1449.4614,2006-03-28,#00471B
Jazz,UTA,1489.4276,2006-04-14,#00471B
Jazz,UTA,1494.6737,2006-04-28,#00471B
Jazz,UTA,1494.6737,2006-05-14,#00471B
Jazz,UTA,1494.6737,2006-05-28,#00471B
Jazz,UTA,1544.8282,2006-11-14,#00471B
Jazz,UTA,1558.5469,2006-11-28,#00471B
Jazz,UTA,1573.3611,2006-12-14,#00471B
Jazz,UTA,1568.4116,2006-12-28,#00471B
Jazz,UTA,1542.8047,2007-01-14,#00471B
Jazz,UTA,1553.6938,2007-01-28,#00471B
Jazz,UTA,1586.3804,2007-02-14,#00471B
Jazz,UTA,1587.3988,2007-02-28,#00471B
Jazz,UTA,1609.085,2007-03-14,#00471B
Jazz,UTA,1584.0847,2007-03-28,#00471B
Jazz,UTA,1544.2856,2007-04-14,#00471B
Jazz,UTA,1571.7404,2007-04-28,#00471B
Jazz,UTA,1617.2198,2007-05-14,#00471B
Jazz,UTA,1614.1769,2007-05-28,#00471B
Jazz,UTA,1603.8054,2007-06-14,#00471B
Jazz,UTA,1611.2371,2007-11-14,#00471B
Jazz,UTA,1614.9282,2007-11-28,#00471B
Jazz,UTA,1569.172,2007-12-14,#00471B
Jazz,UTA,1572.5465,2007-12-28,#00471B
Jazz,UTA,1591.2017,2008-01-14,#00471B
Jazz,UTA,1619.0741,2008-01-28,#00471B
Jazz,UTA,1653.3158,2008-02-14,#00471B
Jazz,UTA,1617.6866,2008-02-28,#00471B
Jazz,UTA,1666.0881,2008-03-14,#00471B
Jazz,UTA,1654.7095,2008-03-28,#00471B
Jazz,UTA,1692.3331,2008-04-14,#00471B
Jazz,UTA,1677.0253,2008-04-28,#00471B
Jazz,UTA,1683.017,2008-05-14,#00471B
Jazz,UTA,1636.3356,2008-05-28,#00471B
Jazz,UTA,1636.3356,2008-10-28,#00471B
Jazz,UTA,1616.9906,2008-11-14,#00471B
Jazz,UTA,1607.0575,2008-11-28,#00471B
Jazz,UTA,1568.6846,2008-12-14,#00471B
Jazz,UTA,1577.6926,2008-12-28,#00471B
Jazz,UTA,1572.8544,2009-01-14,#00471B
Jazz,UTA,1546.679,2009-01-28,#00471B
Jazz,UTA,1596.5532,2009-02-28,#00471B
Jazz,UTA,1608.7933,2009-03-14,#00471B
Jazz,UTA,1614.9764,2009-03-28,#00471B
Jazz,UTA,1559.6093,2009-04-14,#00471B
Jazz,UTA,1531.8215,2009-04-28,#00471B
Jazz,UTA,1531.8215,2009-05-14,#00471B
Jazz,UTA,1531.8215,2009-05-28,#00471B
Jazz,UTA,1531.8215,2009-06-14,#00471B
Jazz,UTA,1531.8215,2009-10-28,#00471B
Jazz,UTA,1528.9797,2009-11-14,#00471B
Jazz,UTA,1553.6919,2009-11-28,#00471B
Jazz,UTA,1557.4167,2009-12-14,#00471B
Jazz,UTA,1564.2961,2009-12-28,#00471B
Jazz,UTA,1586.7145,2010-01-14,#00471B
Jazz,UTA,1620.4268,2010-01-28,#00471B
Jazz,UTA,1633.4622,2010-02-28,#00471B
Jazz,UTA,1649.2501,2010-03-14,#00471B
Jazz,UTA,1652.8705,2010-03-28,#00471B
Jazz,UTA,1626.2148,2010-04-14,#00471B
Jazz,UTA,1627.8191,2010-04-28,#00471B
Jazz,UTA,1563.9822,2010-05-28,#00471B
Jazz,UTA,1548.1554,2010-10-28,#00471B
Jazz,UTA,1594.334,2010-11-14,#00471B
Jazz,UTA,1616.5398,2010-11-28,#00471B
Jazz,UTA,1585.4146,2010-12-14,#00471B
Jazz,UTA,1600.5326,2010-12-28,#00471B
Jazz,UTA,1575.1382,2011-01-14,#00471B
Jazz,UTA,1518.4088,2011-01-28,#00471B
Jazz,UTA,1482.4243,2011-02-14,#00471B
Jazz,UTA,1470.9272,2011-02-28,#00471B
Jazz,UTA,1449.5764,2011-03-14,#00471B
Jazz,UTA,1412.9365,2011-03-28,#00471B
Jazz,UTA,1444.3673,2011-04-28,#00471B
Jazz,UTA,1440.29,2011-12-28,#00471B
Jazz,UTA,1475.0908,2012-01-14,#00471B
Jazz,UTA,1491.5557,2012-01-28,#00471B
Jazz,UTA,1474.6028,2012-02-14,#00471B
Jazz,UTA,1456.7495,2012-02-28,#00471B
Jazz,UTA,1482.1113,2012-03-14,#00471B
Jazz,UTA,1529.2838,2012-03-28,#00471B
Jazz,UTA,1529.4064,2012-04-14,#00471B
Jazz,UTA,1562.4069,2012-04-28,#00471B
Jazz,UTA,1542.9183,2012-05-14,#00471B
Jazz,UTA,1542.9183,2012-05-28,#00471B
Jazz,UTA,1542.9183,2012-06-14,#00471B
Jazz,UTA,1538.1224,2012-11-14,#00471B
Jazz,UTA,1548.4823,2012-11-28,#00471B
Jazz,UTA,1548.0936,2012-12-14,#00471B
Jazz,UTA,1511.7422,2012-12-28,#00471B
Jazz,UTA,1537.4719,2013-01-14,#00471B
Jazz,UTA,1495.3389,2013-01-28,#00471B
Jazz,UTA,1524.6842,2013-02-14,#00471B
Jazz,UTA,1501.4167,2013-02-28,#00471B
Jazz,UTA,1490.7285,2013-03-14,#00471B
Jazz,UTA,1497.7479,2013-03-28,#00471B
Jazz,UTA,1532.2661,2013-04-14,#00471B
Jazz,UTA,1516.0178,2013-04-28,#00471B
Jazz,UTA,1516.0178,2013-05-14,#00471B
Jazz,UTA,1516.0178,2013-05-28,#00471B
Jazz,UTA,1441.9147,2013-11-14,#00471B
Jazz,UTA,1438.1501,2013-12-14,#00471B
Jazz,UTA,1432.8458,2013-12-28,#00471B
Jazz,UTA,1445.3097,2014-01-14,#00471B
Jazz,UTA,1447.9974,2014-01-28,#00471B
Jazz,UTA,1442.549,2014-02-28,#00471B
Jazz,UTA,1390.748,2014-03-14,#00471B
Jazz,UTA,1353.2091,2014-03-28,#00471B
Jazz,UTA,1311.3872,2014-04-14,#00471B
Jazz,UTA,1367.0422,2014-04-28,#00471B
Jazz,UTA,1367.0422,2014-05-14,#00471B
Jazz,UTA,1367.0422,2014-05-28,#00471B
Jazz,UTA,1367.0422,2014-10-28,#00471B
Jazz,UTA,1390.2667,2014-11-14,#00471B
Jazz,UTA,1374.0511,2014-11-28,#00471B
Jazz,UTA,1352.8784,2014-12-14,#00471B
Jazz,UTA,1405.5706,2014-12-28,#00471B
Jazz,UTA,1440.937,2015-01-14,#00471B
Jazz,UTA,1434.5405,2015-01-28,#00471B
Jazz,UTA,1498.0531,2015-02-28,#00471B
Jazz,UTA,1547.0574,2015-03-14,#00471B
Jazz,UTA,1523.4231,2015-03-28,#00471B
Jazz,UTA,1555.2854,2015-04-14,#00471B
Ironmen,PIT,1274.5563,1946-11-14,#d6a200
Ironmen,PIT,1263.6439,1946-11-28,#d6a200
Ironmen,PIT,1236.7992,1946-12-14,#d6a200
Ironmen,PIT,1232.5814,1946-12-28,#d6a200
Ironmen,PIT,1217.7629,1947-01-14,#d6a200
Ironmen,PIT,1220.8876,1947-01-28,#d6a200
Ironmen,PIT,1190.5342,1947-02-14,#d6a200
Ironmen,PIT,1151.3198,1947-02-28,#d6a200
Ironmen,PIT,1155.5035,1947-03-14,#d6a200
Huskies,TRH,1294.7554,1946-11-14,#140070
Huskies,TRH,1243.6194,1946-11-28,#140070
Huskies,TRH,1243.2317,1946-12-14,#140070
Huskies,TRH,1244.1897,1946-12-28,#140070
Huskies,TRH,1237.1625,1947-01-14,#140070
Huskies,TRH,1209.3862,1947-01-28,#140070
Huskies,TRH,1219.0802,1947-02-14,#140070
Huskies,TRH,1248.7762,1947-02-28,#140070
Huskies,TRH,1214.9231,1947-03-14,#140070
Huskies,TRH,1212.3307,1947-03-28,#140070
Hornets,CHA,1281.4342,2004-11-14,#1D1160
Hornets,CHA,1284.5579,2004-11-28,#1D1160
Hornets,CHA,1288.8284,2004-12-14,#1D1160
Hornets,CHA,1290.0889,2004-12-28,#1D1160
Hornets,CHA,1291.5139,2005-01-14,#1D1160
Hornets,CHA,1274.9458,2005-01-28,#1D1160
Hornets,CHA,1266.3329,2005-02-14,#1D1160
Hornets,CHA,1279.9175,2005-02-28,#1D1160
Hornets,CHA,1253.3668,2005-03-14,#1D1160
Hornets,CHA,1286.9939,2005-03-28,#1D1160
Hornets,CHA,1274.2124,2005-04-14,#1D1160
Hornets,CHA,1345.4025,2005-04-28,#1D1160
Hornets,CHA,1345.4025,2005-05-14,#1D1160
Hornets,CHA,1345.4025,2005-05-28,#1D1160
Hornets,CHA,1345.4025,2005-06-14,#1D1160
Hornets,CHA,1354.6949,2005-11-14,#1D1160
Hornets,CHA,1398.5758,2005-11-28,#1D1160
Hornets,CHA,1368.2667,2005-12-14,#1D1160
Hornets,CHA,1401.356,2005-12-28,#1D1160
Hornets,CHA,1371.2982,2006-01-14,#1D1160
Hornets,CHA,1321.2109,2006-01-28,#1D1160
Hornets,CHA,1308.549,2006-02-14,#1D1160
Hornets,CHA,1338.5917,2006-02-28,#1D1160
Hornets,CHA,1340.2958,2006-03-14,#1D1160
Hornets,CHA,1342.7817,2006-03-28,#1D1160
Hornets,CHA,1355.3369,2006-04-14,#1D1160
Hornets,CHA,1402.0948,2006-04-28,#1D1160
Hornets,CHA,1402.0948,2006-05-14,#1D1160
Hornets,CHA,1402.0948,2006-05-28,#1D1160
Hornets,CHA,1375.8466,2006-11-14,#1D1160
Hornets,CHA,1388.8871,2006-11-28,#1D1160
Hornets,CHA,1366.75,2006-12-14,#1D1160
Hornets,CHA,1373.5101,2006-12-28,#1D1160
Hornets,CHA,1412.7833,2007-01-14,#1D1160
Hornets,CHA,1434.0933,2007-01-28,#1D1160
Hornets,CHA,1425.8094,2007-02-14,#1D1160
Hornets,CHA,1422.6656,2007-02-28,#1D1160
Hornets,CHA,1396.1218,2007-03-14,#1D1160
Hornets,CHA,1399.4568,2007-03-28,#1D1160
Hornets,CHA,1460.2728,2007-04-14,#1D1160
Hornets,CHA,1468.5905,2007-04-28,#1D1160
Hornets,CHA,1468.5905,2007-05-14,#1D1160
Hornets,CHA,1468.5905,2007-05-28,#1D1160
Hornets,CHA,1468.5905,2007-06-14,#1D1160
Hornets,CHA,1445.4694,2007-11-14,#1D1160
Hornets,CHA,1424.6729,2007-11-28,#1D1160
Hornets,CHA,1404.4629,2007-12-14,#1D1160
Hornets,CHA,1390.8524,2007-12-28,#1D1160
Hornets,CHA,1414.9392,2008-01-14,#1D1160
Hornets,CHA,1434.2709,2008-01-28,#1D1160
Hornets,CHA,1386.1484,2008-02-14,#1D1160
Hornets,CHA,1361.703,2008-02-28,#1D1160
Hornets,CHA,1423.1399,2008-03-14,#1D1160
Hornets,CHA,1436.2439,2008-03-28,#1D1160
Hornets,CHA,1440.948,2008-04-14,#1D1160
Hornets,CHA,1455.7322,2008-04-28,#1D1160
Hornets,CHA,1455.7322,2008-05-14,#1D1160
Hornets,CHA,1455.7322,2008-05-28,#1D1160
Hornets,CHA,1455.7322,2008-10-28,#1D1160
Hornets,CHA,1441.775,2008-11-14,#1D1160
Hornets,CHA,1426.2246,2008-11-28,#1D1160
Hornets,CHA,1399.3179,2008-12-14,#1D1160
Hornets,CHA,1415.2377,2008-12-28,#1D1160
Hornets,CHA,1444.6785,2009-01-14,#1D1160
Hornets,CHA,1474.4027,2009-01-28,#1D1160
Hornets,CHA,1467.7976,2009-02-28,#1D1160
Hornets,CHA,1473.4468,2009-03-14,#1D1160
Hornets,CHA,1478.8195,2009-03-28,#1D1160
Hornets,CHA,1460.9098,2009-04-14,#1D1160
Hornets,CHA,1464.7241,2009-04-28,#1D1160
Hornets,CHA,1464.7241,2009-05-14,#1D1160
Hornets,CHA,1464.7241,2009-05-28,#1D1160
Hornets,CHA,1464.7241,2009-06-14,#1D1160
Hornets,CHA,1464.7241,2009-10-28,#1D1160
Hornets,CHA,1453.8092,2009-11-14,#1D1160
Hornets,CHA,1499.8892,2009-11-28,#1D1160
Hornets,CHA,1490.0571,2009-12-14,#1D1160
Hornets,CHA,1477.9581,2009-12-28,#1D1160
Hornets,CHA,1528.2744,2010-01-14,#1D1160
Hornets,CHA,1550.4508,2010-01-28,#1D1160
Hornets,CHA,1516.3755,2010-02-28,#1D1160
Hornets,CHA,1565.3401,2010-03-14,#1D1160
Hornets,CHA,1555.5599,2010-03-28,#1D1160
Hornets,CHA,1548.4601,2010-04-14,#1D1160
Hornets,CHA,1517.1617,2010-04-28,#1D1160
Hornets,CHA,1517.1617,2010-05-28,#1D1160
Hornets,CHA,1508.6952,2010-10-28,#1D1160
Hornets,CHA,1500.4098,2010-11-14,#1D1160
Hornets,CHA,1490.4227,2010-11-28,#1D1160
Hornets,CHA,1470.2844,2010-12-14,#1D1160
Hornets,CHA,1423.4338,2010-12-28,#1D1160
Hornets,CHA,1444.0616,2011-01-14,#1D1160
Hornets,CHA,1464.215,2011-01-28,#1D1160
Hornets,CHA,1472.9648,2011-02-14,#1D1160
Hornets,CHA,1462.7882,2011-02-28,#1D1160
Hornets,CHA,1439.6334,2011-03-14,#1D1160
Hornets,CHA,1432.3013,2011-03-28,#1D1160
Hornets,CHA,1426.0387,2011-04-28,#1D1160
Hornets,CHA,1423.8677,2011-12-28,#1D1160
Hornets,CHA,1368.1202,2012-01-14,#1D1160
Hornets,CHA,1302.9685,2012-01-28,#1D1160
Hornets,CHA,1267.5879,2012-02-14,#1D1160
Hornets,CHA,1265.4164,2012-02-28,#1D1160
Hornets,CHA,1273.399,2012-03-14,#1D1160
Hornets,CHA,1247.4342,2012-03-28,#1D1160
Hornets,CHA,1185.5918,2012-04-14,#1D1160
Hornets,CHA,1247.7948,2012-04-28,#1D1160
Hornets,CHA,1247.7948,2012-05-14,#1D1160
Hornets,CHA,1247.7948,2012-05-28,#1D1160
Hornets,CHA,1247.7948,2012-06-14,#1D1160
Hornets,CHA,1277.9077,2012-11-14,#1D1160
Hornets,CHA,1290.36,2012-11-28,#1D1160
Hornets,CHA,1252.981,2012-12-14,#1D1160
Hornets,CHA,1238.9181,2012-12-28,#1D1160
Hornets,CHA,1263.2325,2013-01-14,#1D1160
Hornets,CHA,1258.1674,2013-01-28,#1D1160
Hornets,CHA,1268.7699,2013-02-14,#1D1160
Hornets,CHA,1243.7378,2013-02-28,#1D1160
Hornets,CHA,1253.0363,2013-03-14,#1D1160
Hornets,CHA,1269.6471,2013-03-28,#1D1160
Hornets,CHA,1295.0277,2013-04-14,#1D1160
Hornets,CHA,1349.5021,2013-04-28,#1D1160
Hornets,CHA,1349.5021,2013-05-14,#1D1160
Hornets,CHA,1349.5021,2013-05-28,#1D1160
Hornets,CHA,1377.0387,2013-11-14,#1D1160
Hornets,CHA,1374.0879,2013-12-14,#1D1160
Hornets,CHA,1398.3617,2013-12-28,#1D1160
Hornets,CHA,1387.9592,2014-01-14,#1D1160
Hornets,CHA,1402.3235,2014-01-28,#1D1160
Hornets,CHA,1482.5483,2014-02-28,#1D1160
Hornets,CHA,1526.9384,2014-03-14,#1D1160
Hornets,CHA,1513.1935,2014-03-28,#1D1160
Hornets,CHA,1543.21,2014-04-14,#1D1160
Hornets,CHA,1513.004,2014-04-28,#1D1160
Hornets,CHO,1512.225,2014-05-14,#1D1160
Hornets,CHO,1512.225,2014-05-28,#1D1160
Hornets,CHO,1512.225,2014-10-28,#1D1160
Hornets,CHO,1505.2291,2014-11-14,#1D1160
Hornets,CHO,1435.3719,2014-11-28,#1D1160
Hornets,CHO,1395.1984,2014-12-14,#1D1160
Hornets,CHO,1407.9136,2014-12-28,#1D1160
Hornets,CHO,1460.6226,2015-01-14,#1D1160
Hornets,CHO,1459.7356,2015-01-28,#1D1160
Hornets,CHO,1464.8566,2015-02-28,#1D1160
Hornets,CHO,1465.4064,2015-03-14,#1D1160
Hornets,CHO,1464.8616,2015-03-28,#1D1160
Hornets,CHO,1400.7305,2015-04-14,#1D1160
Heat,MIA,1253.7198,1988-11-14,#98002E
Heat,MIA,1225.9309,1988-11-28,#98002E
Heat,MIA,1215.5236,1988-12-14,#98002E
Heat,MIA,1237.2587,1988-12-28,#98002E
Heat,MIA,1225.9772,1989-01-14,#98002E
Heat,MIA,1205.7141,1989-01-28,#98002E
Heat,MIA,1200.7653,1989-02-14,#98002E
Heat,MIA,1213.6367,1989-02-28,#98002E
Heat,MIA,1215.7794,1989-03-14,#98002E
Heat,MIA,1246.0598,1989-03-28,#98002E
Heat,MIA,1224.6387,1989-04-14,#98002E
Heat,MIA,1278.2427,1989-04-28,#98002E
Heat,MIA,1278.2427,1989-05-14,#98002E
Heat,MIA,1278.2427,1989-05-28,#98002E
Heat,MIA,1306.0614,1989-11-14,#98002E
Heat,MIA,1290.9008,1989-11-28,#98002E
Heat,MIA,1279.6554,1989-12-14,#98002E
Heat,MIA,1266.4625,1989-12-28,#98002E
Heat,MIA,1255.0533,1990-01-14,#98002E
Heat,MIA,1247.6903,1990-01-28,#98002E
Heat,MIA,1253.665,1990-02-14,#98002E
Heat,MIA,1272.7313,1990-02-28,#98002E
Heat,MIA,1278.8246,1990-03-14,#98002E
Heat,MIA,1277.1332,1990-03-28,#98002E
Heat,MIA,1252.1469,1990-04-14,#98002E
Heat,MIA,1329.3383,1990-04-28,#98002E
Heat,MIA,1329.3383,1990-05-28,#98002E
Heat,MIA,1329.3383,1990-06-14,#98002E
Heat,MIA,1342.0377,1990-11-14,#98002E
Heat,MIA,1337.9584,1990-11-28,#98002E
Heat,MIA,1293.2484,1990-12-14,#98002E
Heat,MIA,1299.8585,1990-12-28,#98002E
Heat,MIA,1318.7843,1991-01-14,#98002E
Heat,MIA,1296.9811,1991-01-28,#98002E
Heat,MIA,1316.5988,1991-02-14,#98002E
Heat,MIA,1321.8748,1991-02-28,#98002E
Heat,MIA,1338.3005,1991-03-14,#98002E
Heat,MIA,1335.526,1991-03-28,#98002E
Heat,MIA,1317.2186,1991-04-14,#98002E
Heat,MIA,1378.4615,1991-04-28,#98002E
Heat,MIA,1378.4615,1991-05-14,#98002E
Heat,MIA,1378.4615,1991-05-28,#98002E
Heat,MIA,1411.1664,1991-11-14,#98002E
Heat,MIA,1417.8585,1991-12-14,#98002E
Heat,MIA,1408.3516,1991-12-28,#98002E
Heat,MIA,1415.8849,1992-01-14,#98002E
Heat,MIA,1434.6622,1992-01-28,#98002E
Heat,MIA,1413.7903,1992-02-14,#98002E
Heat,MIA,1425.4357,1992-02-28,#98002E
Heat,MIA,1415.6316,1992-03-14,#98002E
Heat,MIA,1442.2875,1992-03-28,#98002E
Heat,MIA,1431.9203,1992-04-14,#98002E
Heat,MIA,1426.7528,1992-04-28,#98002E
Heat,MIA,1436.506,1992-05-14,#98002E
Heat,MIA,1436.506,1992-05-28,#98002E
Heat,MIA,1436.506,1992-06-14,#98002E
Heat,MIA,1461.41,1992-11-14,#98002E
Heat,MIA,1419.848,1992-11-28,#98002E
Heat,MIA,1413.0858,1992-12-14,#98002E
Heat,MIA,1411.8684,1992-12-28,#98002E
Heat,MIA,1416.2479,1993-01-14,#98002E
Heat,MIA,1392.554,1993-01-28,#98002E
Heat,MIA,1411.8612,1993-02-14,#98002E
Heat,MIA,1446.8464,1993-02-28,#98002E
Heat,MIA,1489.5374,1993-03-14,#98002E
Heat,MIA,1528.6128,1993-03-28,#98002E
Heat,MIA,1530.0819,1993-04-14,#98002E
Heat,MIA,1461.7836,1993-05-14,#98002E
Heat,MIA,1461.7836,1993-05-28,#98002E
Heat,MIA,1519.2878,1993-11-14,#98002E
Heat,MIA,1493.8755,1993-11-28,#98002E
Heat,MIA,1492.2704,1993-12-14,#98002E
Heat,MIA,1510.6869,1993-12-28,#98002E
Heat,MIA,1520.5885,1994-01-14,#98002E
Heat,MIA,1501.6184,1994-01-28,#98002E
Heat,MIA,1608.8246,1994-02-28,#98002E
Heat,MIA,1598.8185,1994-03-14,#98002E
Heat,MIA,1557.7925,1994-03-28,#98002E
Heat,MIA,1531.3977,1994-04-14,#98002E
Heat,MIA,1531.8177,1994-04-28,#98002E
Heat,MIA,1505.4093,1994-05-14,#98002E
Heat,MIA,1505.4093,1994-05-28,#98002E
Heat,MIA,1482.0621,1994-11-14,#98002E
Heat,MIA,1463.5524,1994-11-28,#98002E
Heat,MIA,1445.0033,1994-12-14,#98002E
Heat,MIA,1468.5961,1994-12-28,#98002E
Heat,MIA,1451.173,1995-01-14,#98002E
Heat,MIA,1464.9248,1995-01-28,#98002E
Heat,MIA,1468.8519,1995-02-14,#98002E
Heat,MIA,1474.7324,1995-02-28,#98002E
Heat,MIA,1450.9574,1995-03-14,#98002E
Heat,MIA,1464.7434,1995-03-28,#98002E
Heat,MIA,1455.3049,1995-04-14,#98002E
Heat,MIA,1467.7982,1995-04-28,#98002E
Heat,MIA,1467.7982,1995-05-14,#98002E
Heat,MIA,1467.7982,1995-05-28,#98002E
Heat,MIA,1467.7982,1995-06-14,#98002E
Heat,MIA,1477.8625,1995-11-14,#98002E
Heat,MIA,1496.1288,1995-11-28,#98002E
Heat,MIA,1476.4231,1995-12-14,#98002E
Heat,MIA,1451.6394,1995-12-28,#98002E
Heat,MIA,1437.0643,1996-01-14,#98002E
Heat,MIA,1448.3571,1996-01-28,#98002E
Heat,MIA,1431.436,1996-02-14,#98002E
Heat,MIA,1460.9949,1996-02-28,#98002E
Heat,MIA,1470.3047,1996-03-14,#98002E
Heat,MIA,1534.3435,1996-03-28,#98002E
Heat,MIA,1558.7076,1996-04-14,#98002E
Heat,MIA,1528.7135,1996-04-28,#98002E
Heat,MIA,1525.6573,1996-05-14,#98002E
Heat,MIA,1525.6573,1996-05-28,#98002E
Heat,MIA,1525.6573,1996-06-14,#98002E
Heat,MIA,1533.8335,1996-11-14,#98002E
Heat,MIA,1583.6885,1996-11-28,#98002E
Heat,MIA,1606.8206,1996-12-14,#98002E
Heat,MIA,1633.7903,1996-12-28,#98002E
Heat,MIA,1632.6663,1997-01-14,#98002E
Heat,MIA,1632.835,1997-01-28,#98002E
Heat,MIA,1661.3431,1997-02-14,#98002E
Heat,MIA,1641.2905,1997-02-28,#98002E
Heat,MIA,1648.8939,1997-03-14,#98002E
Heat,MIA,1668.5002,1997-03-28,#98002E
Heat,MIA,1658.2739,1997-04-14,#98002E
Heat,MIA,1649.7057,1997-04-28,#98002E
Heat,MIA,1630.6875,1997-05-14,#98002E
Heat,MIA,1633.4098,1997-05-28,#98002E
Heat,MIA,1584.7268,1997-11-14,#98002E
Heat,MIA,1598.6176,1997-11-28,#98002E
Heat,MIA,1607.7148,1997-12-14,#98002E
Heat,MIA,1622.9166,1997-12-28,#98002E
Heat,MIA,1637.4755,1998-01-14,#98002E
Heat,MIA,1623.5801,1998-01-28,#98002E
Heat,MIA,1636.9171,1998-02-14,#98002E
Heat,MIA,1671.3766,1998-02-28,#98002E
Heat,MIA,1681.0875,1998-03-14,#98002E
Heat,MIA,1682.5044,1998-03-28,#98002E
Heat,MIA,1644.0094,1998-04-14,#98002E
Heat,MIA,1610.389,1998-04-28,#98002E
Heat,MIA,1540.3467,1998-06-14,#98002E
Heat,MIA,1541.9071,1999-02-14,#98002E
Heat,MIA,1603.6655,1999-02-28,#98002E
Heat,MIA,1625.1537,1999-03-14,#98002E
Heat,MIA,1611.9843,1999-03-28,#98002E
Heat,MIA,1622.6023,1999-04-14,#98002E
Heat,MIA,1636.6976,1999-04-28,#98002E
Heat,MIA,1591.7222,1999-05-14,#98002E
Heat,MIA,1603.7805,1999-11-14,#98002E
Heat,MIA,1608.4965,1999-11-28,#98002E
Heat,MIA,1613.0902,1999-12-14,#98002E
Heat,MIA,1590.0465,1999-12-28,#98002E
Heat,MIA,1589.9645,2000-01-14,#98002E
Heat,MIA,1560.6167,2000-01-28,#98002E
Heat,MIA,1571.8668,2000-02-28,#98002E
Heat,MIA,1585.1376,2000-03-14,#98002E
Heat,MIA,1574.2866,2000-03-28,#98002E
Heat,MIA,1577.4214,2000-04-14,#98002E
Heat,MIA,1612.0406,2000-04-28,#98002E
Heat,MIA,1602.3478,2000-05-14,#98002E
Heat,MIA,1584.976,2000-05-28,#98002E
Heat,MIA,1584.976,2000-06-14,#98002E
Heat,MIA,1589.594,2000-11-14,#98002E
Heat,MIA,1522.3921,2000-11-28,#98002E
Heat,MIA,1545.9534,2000-12-14,#98002E
Heat,MIA,1560.9077,2000-12-28,#98002E
Heat,MIA,1549.4994,2001-01-14,#98002E
Heat,MIA,1619.5043,2001-01-28,#98002E
Heat,MIA,1627.0229,2001-02-14,#98002E
Heat,MIA,1579.9724,2001-02-28,#98002E
Heat,MIA,1579.9512,2001-03-14,#98002E
Heat,MIA,1571.8079,2001-03-28,#98002E
Heat,MIA,1551.2913,2001-04-14,#98002E
Heat,MIA,1514.0142,2001-04-28,#98002E
Heat,MIA,1514.0142,2001-05-14,#98002E
Heat,MIA,1514.0142,2001-05-28,#98002E
Heat,MIA,1461.6007,2001-11-14,#98002E
Heat,MIA,1414.4558,2001-11-28,#98002E
Heat,MIA,1396.6427,2001-12-14,#98002E
Heat,MIA,1355.5609,2001-12-28,#98002E
Heat,MIA,1393.959,2002-01-14,#98002E
Heat,MIA,1448.5909,2002-01-28,#98002E
Heat,MIA,1489.6572,2002-02-14,#98002E
Heat,MIA,1487.761,2002-02-28,#98002E
Heat,MIA,1510.3513,2002-03-14,#98002E
Heat,MIA,1491.12,2002-03-28,#98002E
Heat,MIA,1438.7504,2002-04-14,#98002E
Heat,MIA,1449.3181,2002-04-28,#98002E
Heat,MIA,1449.3181,2002-05-14,#98002E
Heat,MIA,1449.3181,2002-05-28,#98002E
Heat,MIA,1421.9369,2002-11-14,#98002E
Heat,MIA,1419.4209,2002-11-28,#98002E
Heat,MIA,1397.4298,2002-12-14,#98002E
Heat,MIA,1463.2526,2002-12-28,#98002E
Heat,MIA,1446.1417,2003-01-14,#98002E
Heat,MIA,1433.4187,2003-01-28,#98002E
Heat,MIA,1440.2452,2003-02-14,#98002E
Heat,MIA,1421.5278,2003-02-28,#98002E
Heat,MIA,1390.9169,2003-03-14,#98002E
Heat,MIA,1388.678,2003-03-28,#98002E
Heat,MIA,1356.5063,2003-04-14,#98002E
Heat,MIA,1389.7332,2003-04-28,#98002E
Heat,MIA,1389.7332,2003-05-14,#98002E
Heat,MIA,1389.7332,2003-10-28,#98002E
Heat,MIA,1369.4095,2003-11-14,#98002E
Heat,MIA,1379.2742,2003-11-28,#98002E
Heat,MIA,1401.8074,2003-12-14,#98002E
Heat,MIA,1418.5396,2003-12-28,#98002E
Heat,MIA,1396.4093,2004-01-14,#98002E
Heat,MIA,1444.3607,2004-01-28,#98002E
Heat,MIA,1472.9639,2004-02-28,#98002E
Heat,MIA,1490.8035,2004-03-14,#98002E
Heat,MIA,1531.7855,2004-03-28,#98002E
Heat,MIA,1553.3381,2004-04-14,#98002E
Heat,MIA,1550.5985,2004-04-28,#98002E
Heat,MIA,1559.0818,2004-05-14,#98002E
Heat,MIA,1567.8445,2004-05-28,#98002E
Heat,MIA,1559.6002,2004-11-14,#98002E
Heat,MIA,1555.8752,2004-11-28,#98002E
Heat,MIA,1601.1143,2004-12-14,#98002E
Heat,MIA,1640.0322,2004-12-28,#98002E
Heat,MIA,1628.6122,2005-01-14,#98002E
Heat,MIA,1624.9917,2005-01-28,#98002E
Heat,MIA,1652.4269,2005-02-14,#98002E
Heat,MIA,1657.6881,2005-02-28,#98002E
Heat,MIA,1691.0779,2005-03-14,#98002E
Heat,MIA,1690.2898,2005-03-28,#98002E
Heat,MIA,1650.1764,2005-04-14,#98002E
Heat,MIA,1669.5557,2005-04-28,#98002E
Heat,MIA,1696.2896,2005-05-14,#98002E
Heat,MIA,1697.4148,2005-05-28,#98002E
Heat,MIA,1642.6552,2005-06-14,#98002E
Heat,MIA,1625.3302,2005-11-14,#98002E
Heat,MIA,1593.2301,2005-11-28,#98002E
Heat,MIA,1599.3634,2005-12-14,#98002E
Heat,MIA,1590.6719,2005-12-28,#98002E
Heat,MIA,1629.3367,2006-01-14,#98002E
Heat,MIA,1619.0485,2006-01-28,#98002E
Heat,MIA,1620.4401,2006-02-14,#98002E
Heat,MIA,1644.0133,2006-02-28,#98002E
Heat,MIA,1640.9377,2006-03-14,#98002E
Heat,MIA,1645.0251,2006-03-28,#98002E
Heat,MIA,1620.4095,2006-04-14,#98002E
Heat,MIA,1557.3751,2006-04-28,#98002E
Heat,MIA,1608.9375,2006-05-14,#98002E
Heat,MIA,1635.7739,2006-05-28,#98002E
Heat,MIA,1536.4825,2006-11-14,#98002E
Heat,MIA,1495.2135,2006-11-28,#98002E
Heat,MIA,1488.8813,2006-12-14,#98002E
Heat,MIA,1482.248,2006-12-28,#98002E
Heat,MIA,1498.3713,2007-01-14,#98002E
Heat,MIA,1489.7911,2007-01-28,#98002E
Heat,MIA,1532.0597,2007-02-14,#98002E
Heat,MIA,1539.3409,2007-02-28,#98002E
Heat,MIA,1584.4556,2007-03-14,#98002E
Heat,MIA,1523.8787,2007-03-28,#98002E
Heat,MIA,1519.1486,2007-04-14,#98002E
Heat,MIA,1478.5155,2007-04-28,#98002E
Heat,MIA,1475.0023,2007-05-14,#98002E
Heat,MIA,1475.0023,2007-05-28,#98002E
Heat,MIA,1475.0023,2007-06-14,#98002E
Heat,MIA,1437.3396,2007-11-14,#98002E
Heat,MIA,1438.5117,2007-11-28,#98002E
Heat,MIA,1424.4558,2007-12-14,#98002E
Heat,MIA,1403.4651,2007-12-28,#98002E
Heat,MIA,1337.1813,2008-01-14,#98002E
Heat,MIA,1314.288,2008-01-28,#98002E
Heat,MIA,1277.3088,2008-02-14,#98002E
Heat,MIA,1294.2559,2008-02-28,#98002E
Heat,MIA,1267.684,2008-03-14,#98002E
Heat,MIA,1254.4878,2008-03-28,#98002E
Heat,MIA,1239.1592,2008-04-14,#98002E
Heat,MIA,1316.2666,2008-04-28,#98002E
Heat,MIA,1316.2666,2008-05-14,#98002E
Heat,MIA,1316.2666,2008-05-28,#98002E
Heat,MIA,1316.2666,2008-10-28,#98002E
Heat,MIA,1400.6655,2008-11-14,#98002E
Heat,MIA,1425.6146,2008-11-28,#98002E
Heat,MIA,1419.6835,2008-12-14,#98002E
Heat,MIA,1431.9595,2008-12-28,#98002E
Heat,MIA,1460.6384,2009-01-14,#98002E
Heat,MIA,1489.5383,2009-01-28,#98002E
Heat,MIA,1456.8118,2009-02-28,#98002E
Heat,MIA,1498.551,2009-03-14,#98002E
Heat,MIA,1491.05,2009-03-28,#98002E
Heat,MIA,1494.8427,2009-04-14,#98002E
Heat,MIA,1502.244,2009-04-28,#98002E
Heat,MIA,1516.012,2009-05-14,#98002E
Heat,MIA,1516.012,2009-05-28,#98002E
Heat,MIA,1516.012,2009-06-14,#98002E
Heat,MIA,1516.012,2009-10-28,#98002E
Heat,MIA,1538.3802,2009-11-14,#98002E
Heat,MIA,1486.1304,2009-11-28,#98002E
Heat,MIA,1470.7031,2009-12-14,#98002E
Heat,MIA,1505.7758,2009-12-28,#98002E
Heat,MIA,1511.7777,2010-01-14,#98002E
Heat,MIA,1528.6696,2010-01-28,#98002E
Heat,MIA,1519.8557,2010-02-28,#98002E
Heat,MIA,1544.7791,2010-03-14,#98002E
Heat,MIA,1578.6564,2010-03-28,#98002E
Heat,MIA,1593.7953,2010-04-14,#98002E
Heat,MIA,1543.16,2010-04-28,#98002E
Heat,MIA,1543.16,2010-05-28,#98002E
Heat,MIA,1574.7668,2010-10-28,#98002E
Heat,MIA,1592.7826,2010-11-14,#98002E
Heat,MIA,1561.7012,2010-11-28,#98002E
Heat,MIA,1648.3228,2010-12-14,#98002E
Heat,MIA,1689.7924,2010-12-28,#98002E
Heat,MIA,1672.4971,2011-01-14,#98002E
Heat,MIA,1655.8776,2011-01-28,#98002E
Heat,MIA,1693.731,2011-02-14,#98002E
Heat,MIA,1669.0226,2011-02-28,#98002E
Heat,MIA,1666.5084,2011-03-14,#98002E
Heat,MIA,1651.7466,2011-03-28,#98002E
Heat,MIA,1686.7001,2011-04-28,#98002E
Heat,MIA,1675.2645,2011-12-28,#98002E
Heat,MIA,1658.1138,2012-01-14,#98002E
Heat,MIA,1661.3387,2012-01-28,#98002E
Heat,MIA,1703.2327,2012-02-14,#98002E
Heat,MIA,1729.0259,2012-02-28,#98002E
Heat,MIA,1702.932,2012-03-14,#98002E
Heat,MIA,1698.4963,2012-03-28,#98002E
Heat,MIA,1658.8671,2012-04-14,#98002E
Heat,MIA,1625.7778,2012-04-28,#98002E
Heat,MIA,1642.8645,2012-05-14,#98002E
Heat,MIA,1676.5062,2012-05-28,#98002E
Heat,MIA,1690.4612,2012-06-14,#98002E
Heat,MIA,1651.2421,2012-11-14,#98002E
Heat,MIA,1675.3992,2012-11-28,#98002E
Heat,MIA,1642.0562,2012-12-14,#98002E
Heat,MIA,1652.7982,2012-12-28,#98002E
Heat,MIA,1616.2799,2013-01-14,#98002E
Heat,MIA,1658.4253,2013-01-28,#98002E
Heat,MIA,1691.2214,2013-02-14,#98002E
Heat,MIA,1726.8428,2013-02-28,#98002E
Heat,MIA,1753.7664,2013-03-14,#98002E
Heat,MIA,1763.9471,2013-03-28,#98002E
Heat,MIA,1755.6851,2013-04-14,#98002E
Heat,MIA,1768.8599,2013-04-28,#98002E
Heat,MIA,1773.2548,2013-05-14,#98002E
Heat,MIA,1761.8629,2013-05-28,#98002E
Heat,MIA,1688.9985,2013-11-14,#98002E
Heat,MIA,1686.8662,2013-12-14,#98002E
Heat,MIA,1692.4669,2013-12-28,#98002E
Heat,MIA,1641.9406,2014-01-14,#98002E
Heat,MIA,1638.1855,2014-01-28,#98002E
Heat,MIA,1709.0024,2014-02-28,#98002E
Heat,MIA,1662.606,2014-03-14,#98002E
Heat,MIA,1657.5061,2014-03-28,#98002E
Heat,MIA,1619.6658,2014-04-14,#98002E
Heat,MIA,1616.8389,2014-04-28,#98002E
Heat,MIA,1626.1431,2014-05-14,#98002E
Heat,MIA,1629.3623,2014-05-28,#98002E
Heat,MIA,1585.8995,2014-10-28,#98002E
Heat,MIA,1566.0238,2014-11-14,#98002E
Heat,MIA,1545.3204,2014-11-28,#98002E
Heat,MIA,1485.0839,2014-12-14,#98002E
Heat,MIA,1447.6193,2014-12-28,#98002E
Heat,MIA,1468.6632,2015-01-14,#98002E
Heat,MIA,1465.98,2015-01-28,#98002E
Heat,MIA,1453.2655,2015-02-28,#98002E
Heat,MIA,1470.8107,2015-03-14,#98002E
Heat,MIA,1490.833,2015-03-28,#98002E
Heat,MIA,1455.8601,2015-04-14,#98002E
Hawks,TRI,1388.3999,1949-11-28,#E03A3E
Hawks,TRI,1380.8214,1949-12-14,#E03A3E
Hawks,TRI,1350.4829,1949-12-28,#E03A3E
Hawks,TRI,1381.1924,1950-01-14,#E03A3E
Hawks,TRI,1397.4977,1950-01-28,#E03A3E
Hawks,TRI,1415.9198,1950-02-14,#E03A3E
Hawks,TRI,1432.3143,1950-02-28,#E03A3E
Hawks,TRI,1436.1279,1950-03-14,#E03A3E
Hawks,TRI,1449.6403,1950-03-28,#E03A3E
Hawks,TRI,1449.6403,1950-04-14,#E03A3E
Hawks,TRI,1464.1432,1950-11-14,#E03A3E
Hawks,TRI,1461.5298,1950-11-28,#E03A3E
Hawks,TRI,1432.4941,1950-12-14,#E03A3E
Hawks,TRI,1457.0686,1950-12-28,#E03A3E
Hawks,TRI,1447.6685,1951-01-14,#E03A3E
Hawks,TRI,1404.6735,1951-01-28,#E03A3E
Hawks,TRI,1413.3464,1951-02-14,#E03A3E
Hawks,TRI,1410.641,1951-02-28,#E03A3E
Hawks,TRI,1407.4414,1951-03-14,#E03A3E
Hawks,MLH,1420.5488,1951-03-28,#E03A3E
Hawks,MLH,1423.3157,1951-11-14,#E03A3E
Hawks,MLH,1390.3436,1951-11-28,#E03A3E
Hawks,MLH,1376.1233,1951-12-14,#E03A3E
Hawks,MLH,1375.52,1952-02-14,#E03A3E
Hawks,MLH,1350.811,1952-02-28,#E03A3E
Hawks,MLH,1348.4331,1952-03-14,#E03A3E
Hawks,MLH,1374.5371,1952-11-14,#E03A3E
Hawks,MLH,1365.2568,1952-11-28,#E03A3E
Hawks,MLH,1388.0841,1952-12-14,#E03A3E
Hawks,MLH,1399.91,1952-12-28,#E03A3E
Hawks,MLH,1385.3612,1953-01-14,#E03A3E
Hawks,MLH,1424.5378,1953-01-28,#E03A3E
Hawks,MLH,1457.1155,1953-02-14,#E03A3E
Hawks,MLH,1460.1361,1953-02-28,#E03A3E
Hawks,MLH,1459.2206,1953-03-14,#E03A3E
Hawks,MLH,1475.5382,1953-03-28,#E03A3E
Hawks,MLH,1431.6938,1953-11-14,#E03A3E
Hawks,MLH,1399.7272,1953-11-28,#E03A3E
Hawks,MLH,1375.6533,1953-12-28,#E03A3E
Hawks,MLH,1342.1224,1954-01-14,#E03A3E
Hawks,MLH,1360.5847,1954-01-28,#E03A3E
Hawks,MLH,1368.1896,1954-02-14,#E03A3E
Hawks,MLH,1377.1686,1954-02-28,#E03A3E
Hawks,MLH,1409.0142,1954-03-14,#E03A3E
Hawks,MLH,1415.1171,1954-03-28,#E03A3E
Hawks,MLH,1429.2733,1954-11-14,#E03A3E
Hawks,MLH,1416.5798,1954-11-28,#E03A3E
Hawks,MLH,1397.7749,1954-12-14,#E03A3E
Hawks,MLH,1402.9202,1954-12-28,#E03A3E
Hawks,MLH,1461.2052,1955-01-14,#E03A3E
Hawks,MLH,1415.5844,1955-01-28,#E03A3E
Hawks,MLH,1445.9681,1955-02-14,#E03A3E
Hawks,MLH,1448.7871,1955-02-28,#E03A3E
Hawks,MLH,1467.2375,1955-03-14,#E03A3E
Hawks,STL,1469.0382,1955-12-14,#E03A3E
Hawks,STL,1490.5441,1955-12-28,#E03A3E
Hawks,STL,1458.1744,1956-01-14,#E03A3E
Hawks,STL,1456.2065,1956-01-28,#E03A3E
Hawks,STL,1483.3115,1956-02-14,#E03A3E
Hawks,STL,1508.3934,1956-02-28,#E03A3E
Hawks,STL,1515.1802,1956-03-14,#E03A3E
Hawks,STL,1485.8402,1956-03-28,#E03A3E
Hawks,STL,1499.2784,1956-10-28,#E03A3E
Hawks,STL,1519.7,1956-11-14,#E03A3E
Hawks,STL,1482.0044,1956-11-28,#E03A3E
Hawks,STL,1532.1027,1957-01-28,#E03A3E
Hawks,STL,1522.5461,1957-02-14,#E03A3E
Hawks,STL,1495.8792,1957-02-28,#E03A3E
Hawks,STL,1516.3171,1957-03-14,#E03A3E
Hawks,STL,1518.8892,1957-11-14,#E03A3E
Hawks,STL,1570.4604,1957-11-28,#E03A3E
Hawks,STL,1586.2847,1957-12-14,#E03A3E
Hawks,STL,1608.345,1957-12-28,#E03A3E
Hawks,STL,1590.3014,1958-01-14,#E03A3E
Hawks,STL,1567.771,1958-01-28,#E03A3E
Hawks,STL,1562.8857,1958-02-14,#E03A3E
Hawks,STL,1545.8644,1958-11-14,#E03A3E
Hawks,STL,1556.4194,1958-11-28,#E03A3E
Hawks,STL,1609.6809,1958-12-14,#E03A3E
Hawks,STL,1618.8652,1958-12-28,#E03A3E
Hawks,STL,1646.969,1959-01-14,#E03A3E
Hawks,STL,1646.6426,1959-01-28,#E03A3E
Hawks,STL,1653.1859,1959-02-14,#E03A3E
Hawks,STL,1616.2809,1959-02-28,#E03A3E
Hawks,STL,1591.9794,1959-03-14,#E03A3E
Hawks,STL,1575.5818,1959-03-28,#E03A3E
Hawks,STL,1543.0068,1959-10-28,#E03A3E
Hawks,STL,1576.0812,1959-11-14,#E03A3E
Hawks,STL,1576.3474,1959-11-28,#E03A3E
Hawks,STL,1605.295,1959-12-28,#E03A3E
Hawks,STL,1546.7952,1960-01-14,#E03A3E
Hawks,STL,1583.4965,1960-02-14,#E03A3E
Hawks,STL,1562.6641,1960-02-28,#E03A3E
Hawks,STL,1581.1157,1960-03-14,#E03A3E
Hawks,STL,1565.4165,1960-10-28,#E03A3E
Hawks,STL,1588.1958,1960-11-28,#E03A3E
Hawks,STL,1576.0643,1960-12-14,#E03A3E
Hawks,STL,1605.941,1960-12-28,#E03A3E
Hawks,STL,1589.0006,1961-01-14,#E03A3E
Hawks,STL,1592.7399,1961-01-28,#E03A3E
Hawks,STL,1583.863,1961-02-14,#E03A3E
Hawks,STL,1528.6602,1961-02-28,#E03A3E
Hawks,STL,1574.2455,1961-03-14,#E03A3E
Hawks,STL,1508.0303,1961-10-28,#E03A3E
Hawks,STL,1484.0662,1961-11-14,#E03A3E
Hawks,STL,1472.1615,1961-11-28,#E03A3E
Hawks,STL,1477.6897,1961-12-14,#E03A3E
Hawks,STL,1423.699,1961-12-28,#E03A3E
Hawks,STL,1439.0372,1962-01-14,#E03A3E
Hawks,STL,1480.6429,1962-01-28,#E03A3E
Hawks,STL,1434.1016,1962-02-14,#E03A3E
Hawks,STL,1413.9731,1962-02-28,#E03A3E
Hawks,STL,1416.8536,1962-03-14,#E03A3E
Hawks,STL,1445.4032,1962-03-28,#E03A3E
Hawks,STL,1445.4032,1962-04-14,#E03A3E
Hawks,STL,1457.9835,1962-10-28,#E03A3E
Hawks,STL,1457.2385,1962-11-14,#E03A3E
Hawks,STL,1501.4626,1962-11-28,#E03A3E
Hawks,STL,1509.8558,1962-12-14,#E03A3E
Hawks,STL,1508.9536,1962-12-28,#E03A3E
Hawks,STL,1540.6489,1963-01-14,#E03A3E
Hawks,STL,1530.4646,1963-02-14,#E03A3E
Hawks,STL,1523.3982,1963-02-28,#E03A3E
Hawks,STL,1540.9456,1963-03-14,#E03A3E
Hawks,STL,1540.854,1963-03-28,#E03A3E
Hawks,STL,1503.5172,1963-04-14,#E03A3E
Hawks,STL,1523.6324,1963-11-14,#E03A3E
Hawks,STL,1527.853,1963-11-28,#E03A3E
Hawks,STL,1549.3276,1963-12-14,#E03A3E
Hawks,STL,1532.892,1963-12-28,#E03A3E
Hawks,STL,1529.3822,1964-01-28,#E03A3E
Hawks,STL,1534.348,1964-02-14,#E03A3E
Hawks,STL,1536.5082,1964-02-28,#E03A3E
Hawks,STL,1554.3505,1964-03-14,#E03A3E
Hawks,STL,1534.92,1964-03-28,#E03A3E
Hawks,STL,1531.4885,1964-10-28,#E03A3E
Hawks,STL,1545.4541,1964-11-14,#E03A3E
Hawks,STL,1540.4319,1964-11-28,#E03A3E
Hawks,STL,1547.551,1964-12-14,#E03A3E
Hawks,STL,1540.332,1964-12-28,#E03A3E
Hawks,STL,1548.7046,1965-01-14,#E03A3E
Hawks,STL,1526.2787,1965-01-28,#E03A3E
Hawks,STL,1528.0875,1965-02-14,#E03A3E
Hawks,STL,1530.6434,1965-02-28,#E03A3E
Hawks,STL,1576.2606,1965-03-14,#E03A3E
Hawks,STL,1548.2656,1965-03-28,#E03A3E
Hawks,STL,1538.0717,1965-10-28,#E03A3E
Hawks,STL,1538.3619,1965-11-14,#E03A3E
Hawks,STL,1533.931,1965-11-28,#E03A3E
Hawks,STL,1492.2655,1965-12-14,#E03A3E
Hawks,STL,1493.9469,1965-12-28,#E03A3E
Hawks,STL,1452.4037,1966-01-14,#E03A3E
Hawks,STL,1466.8348,1966-01-28,#E03A3E
Hawks,STL,1480.8727,1966-02-14,#E03A3E
Hawks,STL,1479.619,1966-02-28,#E03A3E
Hawks,STL,1494.6462,1966-04-28,#E03A3E
Hawks,STL,1503.936,1966-10-28,#E03A3E
Hawks,STL,1517.9532,1966-11-14,#E03A3E
Hawks,STL,1480.2213,1966-12-14,#E03A3E
Hawks,STL,1486.913,1966-12-28,#E03A3E
Hawks,STL,1450.2692,1967-01-14,#E03A3E
Hawks,STL,1438.7322,1967-01-28,#E03A3E
Hawks,STL,1510.7087,1967-02-14,#E03A3E
Hawks,STL,1474.434,1967-02-28,#E03A3E
Hawks,STL,1508.6818,1967-03-14,#E03A3E
Hawks,STL,1519.5963,1967-03-28,#E03A3E
Hawks,STL,1506.6497,1967-04-14,#E03A3E
Hawks,STL,1506.6497,1967-10-14,#E03A3E
Hawks,STL,1552.3937,1967-10-28,#E03A3E
Hawks,STL,1566.4631,1967-11-14,#E03A3E
Hawks,STL,1520.8687,1967-11-28,#E03A3E
Hawks,STL,1540.6254,1967-12-14,#E03A3E
Hawks,STL,1542.9674,1967-12-28,#E03A3E
Hawks,STL,1580.8972,1968-01-14,#E03A3E
Hawks,STL,1594.2302,1968-01-28,#E03A3E
Hawks,STL,1565.8914,1968-02-14,#E03A3E
Hawks,STL,1559.0559,1968-02-28,#E03A3E
Hawks,STL,1559.3969,1968-03-14,#E03A3E
Hawks,STL,1527.6392,1968-03-28,#E03A3E
Hawks,ATL,1500.9757,1968-04-14,#E03A3E
Hawks,ATL,1500.9757,1968-04-28,#E03A3E
Hawks,ATL,1506.4845,1968-10-28,#E03A3E
Hawks,ATL,1476.5635,1968-11-14,#E03A3E
Hawks,ATL,1497.864,1968-11-28,#E03A3E
Hawks,ATL,1501.407,1968-12-14,#E03A3E
Hawks,ATL,1522.7849,1968-12-28,#E03A3E
Hawks,ATL,1546.1682,1969-01-14,#E03A3E
Hawks,ATL,1541.8263,1969-01-28,#E03A3E
Hawks,ATL,1517.5101,1969-02-14,#E03A3E
Hawks,ATL,1488.7816,1969-02-28,#E03A3E
Hawks,ATL,1515.8595,1969-03-14,#E03A3E
Hawks,ATL,1505.7936,1969-03-28,#E03A3E
Hawks,ATL,1510.4763,1969-04-14,#E03A3E
Hawks,ATL,1498.9268,1969-10-14,#E03A3E
Hawks,ATL,1474.9316,1969-10-28,#E03A3E
Hawks,ATL,1528.5035,1969-11-14,#E03A3E
Hawks,ATL,1472.9038,1969-11-28,#E03A3E
Hawks,ATL,1455.731,1969-12-14,#E03A3E
Hawks,ATL,1441.9729,1969-12-28,#E03A3E
Hawks,ATL,1400.0675,1970-01-14,#E03A3E
Hawks,ATL,1433.2855,1970-01-28,#E03A3E
Hawks,ATL,1453.7305,1970-02-14,#E03A3E
Hawks,ATL,1469.9785,1970-02-28,#E03A3E
Hawks,ATL,1505.9829,1970-03-14,#E03A3E
Hawks,ATL,1540.7037,1970-03-28,#E03A3E
Hawks,ATL,1512.373,1970-04-14,#E03A3E
Hawks,ATL,1490.229,1970-04-28,#E03A3E
Hawks,ATL,1490.229,1970-10-14,#E03A3E
Hawks,ATL,1444.6104,1970-10-28,#E03A3E
Hawks,ATL,1415.0613,1970-11-14,#E03A3E
Hawks,ATL,1403.9484,1970-11-28,#E03A3E
Hawks,ATL,1364.5668,1970-12-28,#E03A3E
Hawks,ATL,1339.8369,1971-01-14,#E03A3E
Hawks,ATL,1360.8947,1971-01-28,#E03A3E
Hawks,ATL,1392.4771,1971-02-14,#E03A3E
Hawks,ATL,1396.4331,1971-02-28,#E03A3E
Hawks,ATL,1465.762,1971-03-14,#E03A3E
Hawks,ATL,1468.7915,1971-03-28,#E03A3E
Hawks,ATL,1458.0591,1971-04-14,#E03A3E
Hawks,ATL,1458.0591,1971-04-28,#E03A3E
Hawks,ATL,1452.4042,1971-10-14,#E03A3E
Hawks,ATL,1443.7509,1971-10-28,#E03A3E
Hawks,ATL,1396.1014,1971-11-14,#E03A3E
Hawks,ATL,1355.2161,1971-11-28,#E03A3E
Hawks,ATL,1373.1089,1971-12-14,#E03A3E
Hawks,ATL,1387.6676,1971-12-28,#E03A3E
Hawks,ATL,1382.8942,1972-01-14,#E03A3E
Hawks,ATL,1399.5413,1972-01-28,#E03A3E
Hawks,ATL,1392.7466,1972-02-14,#E03A3E
Hawks,ATL,1385.8906,1972-03-14,#E03A3E
Hawks,ATL,1450.0032,1972-03-28,#E03A3E
Hawks,ATL,1468.7908,1972-04-14,#E03A3E
Hawks,ATL,1467.5416,1972-10-14,#E03A3E
Hawks,ATL,1457.8505,1972-10-28,#E03A3E
Hawks,ATL,1471.9098,1972-11-14,#E03A3E
Hawks,ATL,1451.3971,1972-11-28,#E03A3E
Hawks,ATL,1486.0861,1972-12-14,#E03A3E
Hawks,ATL,1471.7987,1972-12-28,#E03A3E
Hawks,ATL,1452.1361,1973-01-14,#E03A3E
Hawks,ATL,1472.7427,1973-01-28,#E03A3E
Hawks,ATL,1487.9766,1973-02-14,#E03A3E
Hawks,ATL,1506.189,1973-02-28,#E03A3E
Hawks,ATL,1501.408,1973-03-14,#E03A3E
Hawks,ATL,1501.3615,1973-03-28,#E03A3E
Hawks,ATL,1521.3237,1973-04-14,#E03A3E
Hawks,ATL,1521.3237,1973-04-28,#E03A3E
Hawks,ATL,1496.0438,1973-10-14,#E03A3E
Hawks,ATL,1544.3765,1973-10-28,#E03A3E
Hawks,ATL,1517.9958,1973-11-14,#E03A3E
Hawks,ATL,1499.6149,1973-11-28,#E03A3E
Hawks,ATL,1459.5278,1973-12-14,#E03A3E
Hawks,ATL,1471.4379,1973-12-28,#E03A3E
Hawks,ATL,1411.0302,1974-01-14,#E03A3E
Hawks,ATL,1387.6677,1974-01-28,#E03A3E
Hawks,ATL,1359.6559,1974-02-14,#E03A3E
Hawks,ATL,1365.8594,1974-02-28,#E03A3E
Hawks,ATL,1394.9401,1974-03-14,#E03A3E
Hawks,ATL,1429.3768,1974-03-28,#E03A3E
Hawks,ATL,1429.3768,1974-04-14,#E03A3E
Hawks,ATL,1429.3768,1974-04-28,#E03A3E
Hawks,ATL,1422.3037,1974-11-14,#E03A3E
Hawks,ATL,1436.7286,1974-11-28,#E03A3E
Hawks,ATL,1435.1642,1974-12-14,#E03A3E
Hawks,ATL,1437.3982,1974-12-28,#E03A3E
Hawks,ATL,1442.8579,1975-01-14,#E03A3E
Hawks,ATL,1442.2913,1975-01-28,#E03A3E
Hawks,ATL,1408.7125,1975-02-14,#E03A3E
Hawks,ATL,1410.2976,1975-02-28,#E03A3E
Hawks,ATL,1388.7314,1975-03-14,#E03A3E
Hawks,ATL,1382.4484,1975-03-28,#E03A3E
Hawks,ATL,1414.2837,1975-04-14,#E03A3E
Hawks,ATL,1414.2837,1975-04-28,#E03A3E
Hawks,ATL,1414.2837,1975-05-14,#E03A3E
Hawks,ATL,1401.0845,1975-10-28,#E03A3E
Hawks,ATL,1453.1895,1975-11-14,#E03A3E
Hawks,ATL,1455.7556,1975-11-28,#E03A3E
Hawks,ATL,1467.9348,1975-12-14,#E03A3E
Hawks,ATL,1462.1642,1975-12-28,#E03A3E
Hawks,ATL,1416.5341,1976-01-14,#E03A3E
Hawks,ATL,1436.9531,1976-01-28,#E03A3E
Hawks,ATL,1407.9203,1976-02-14,#E03A3E
Hawks,ATL,1383.7448,1976-02-28,#E03A3E
Hawks,ATL,1393.2605,1976-03-14,#E03A3E
Hawks,ATL,1357.7872,1976-03-28,#E03A3E
Hawks,ATL,1360.1699,1976-04-14,#E03A3E
Hawks,ATL,1360.1699,1976-04-28,#E03A3E
Hawks,ATL,1360.1699,1976-05-14,#E03A3E
Hawks,ATL,1383.6354,1976-10-28,#E03A3E
Hawks,ATL,1368.422,1976-11-14,#E03A3E
Hawks,ATL,1337.4635,1976-11-28,#E03A3E
Hawks,ATL,1360.8245,1976-12-14,#E03A3E
Hawks,ATL,1336.5009,1976-12-28,#E03A3E
Hawks,ATL,1369.7668,1977-01-14,#E03A3E
Hawks,ATL,1361.8967,1977-01-28,#E03A3E
Hawks,ATL,1434.8824,1977-03-14,#E03A3E
Hawks,ATL,1440.7554,1977-04-14,#E03A3E
Hawks,ATL,1449.8253,1977-10-28,#E03A3E
Hawks,ATL,1465.8207,1977-11-28,#E03A3E
Hawks,ATL,1448.2434,1977-12-14,#E03A3E
Hawks,ATL,1474.921,1977-12-28,#E03A3E
Hawks,ATL,1455.134,1978-01-14,#E03A3E
Hawks,ATL,1463.9023,1978-01-28,#E03A3E
Hawks,ATL,1480.67,1978-02-14,#E03A3E
Hawks,ATL,1501.9884,1978-02-28,#E03A3E
Hawks,ATL,1525.4606,1978-03-14,#E03A3E
Hawks,ATL,1508.1241,1978-03-28,#E03A3E
Hawks,ATL,1518.4781,1978-04-14,#E03A3E
Hawks,ATL,1504.3455,1978-04-28,#E03A3E
Hawks,ATL,1504.3455,1978-05-14,#E03A3E
Hawks,ATL,1504.3455,1978-05-28,#E03A3E
Hawks,ATL,1509.3861,1978-10-14,#E03A3E
Hawks,ATL,1494.1041,1978-10-28,#E03A3E
Hawks,ATL,1505.441,1978-11-14,#E03A3E
Hawks,ATL,1519.8639,1978-11-28,#E03A3E
Hawks,ATL,1537.7211,1978-12-14,#E03A3E
Hawks,ATL,1521.658,1978-12-28,#E03A3E
Hawks,ATL,1541.2391,1979-01-14,#E03A3E
Hawks,ATL,1517.9929,1979-01-28,#E03A3E
Hawks,ATL,1519.4954,1979-02-14,#E03A3E
Hawks,ATL,1563.0699,1979-02-28,#E03A3E
Hawks,ATL,1549.929,1979-03-14,#E03A3E
Hawks,ATL,1543.4172,1979-03-28,#E03A3E
Hawks,ATL,1545.4454,1979-10-14,#E03A3E
Hawks,ATL,1557.9913,1979-10-28,#E03A3E
Hawks,ATL,1563.941,1979-11-14,#E03A3E
Hawks,ATL,1569.4185,1979-11-28,#E03A3E
Hawks,ATL,1613.8911,1979-12-14,#E03A3E
Hawks,ATL,1615.4862,1979-12-28,#E03A3E
Hawks,ATL,1587.3563,1980-01-28,#E03A3E
Hawks,ATL,1582.3197,1980-02-14,#E03A3E
Hawks,ATL,1595.6301,1980-02-28,#E03A3E
Hawks,ATL,1599.5299,1980-03-14,#E03A3E
Hawks,ATL,1588.9709,1980-03-28,#E03A3E
Hawks,ATL,1555.6188,1980-04-14,#E03A3E
Hawks,ATL,1546.8525,1980-05-14,#E03A3E
Hawks,ATL,1554.1906,1980-10-14,#E03A3E
Hawks,ATL,1536.3632,1980-10-28,#E03A3E
Hawks,ATL,1453.5803,1980-11-14,#E03A3E
Hawks,ATL,1457.118,1980-11-28,#E03A3E
Hawks,ATL,1489.4595,1980-12-14,#E03A3E
Hawks,ATL,1510.8219,1980-12-28,#E03A3E
Hawks,ATL,1455.825,1981-01-14,#E03A3E
Hawks,ATL,1423.9993,1981-01-28,#E03A3E
Hawks,ATL,1420.5675,1981-02-14,#E03A3E
Hawks,ATL,1448.811,1981-02-28,#E03A3E
Hawks,ATL,1450.6025,1981-03-14,#E03A3E
Hawks,ATL,1426.9982,1981-03-28,#E03A3E
Hawks,ATL,1443.0529,1981-04-14,#E03A3E
Hawks,ATL,1443.0529,1981-05-14,#E03A3E
Hawks,ATL,1451.2745,1981-11-14,#E03A3E
Hawks,ATL,1479.0374,1981-11-28,#E03A3E
Hawks,ATL,1460.1835,1981-12-28,#E03A3E
Hawks,ATL,1488.9274,1982-01-14,#E03A3E
Hawks,ATL,1465.9236,1982-01-28,#E03A3E
Hawks,ATL,1443.1171,1982-02-14,#E03A3E
Hawks,ATL,1449.469,1982-02-28,#E03A3E
Hawks,ATL,1485.1411,1982-03-14,#E03A3E
Hawks,ATL,1548.0992,1982-03-28,#E03A3E
Hawks,ATL,1556.1713,1982-04-14,#E03A3E
Hawks,ATL,1526.397,1982-04-28,#E03A3E
Hawks,ATL,1526.397,1982-05-14,#E03A3E
Hawks,ATL,1514.4724,1982-11-14,#E03A3E
Hawks,ATL,1536.946,1982-11-28,#E03A3E
Hawks,ATL,1520.7626,1982-12-14,#E03A3E
Hawks,ATL,1519.3887,1982-12-28,#E03A3E
Hawks,ATL,1509.6478,1983-01-14,#E03A3E
Hawks,ATL,1492.4266,1983-01-28,#E03A3E
Hawks,ATL,1508.3575,1983-04-14,#E03A3E
Hawks,ATL,1494.6066,1983-05-14,#E03A3E
Hawks,ATL,1494.6066,1983-10-28,#E03A3E
Hawks,ATL,1489.0782,1983-11-28,#E03A3E
Hawks,ATL,1452.4089,1983-12-14,#E03A3E
Hawks,ATL,1462.8816,1983-12-28,#E03A3E
Hawks,ATL,1488.5981,1984-01-14,#E03A3E
Hawks,ATL,1493.6731,1984-02-14,#E03A3E
Hawks,ATL,1490.0425,1984-02-28,#E03A3E
Hawks,ATL,1463.5137,1984-03-14,#E03A3E
Hawks,ATL,1472.142,1984-03-28,#E03A3E
Hawks,ATL,1510.229,1984-04-14,#E03A3E
Hawks,ATL,1529.6881,1984-04-28,#E03A3E
Hawks,ATL,1510.3502,1984-10-28,#E03A3E
Hawks,ATL,1492.9733,1984-11-14,#E03A3E
Hawks,ATL,1494.3307,1984-11-28,#E03A3E
Hawks,ATL,1480.5121,1984-12-14,#E03A3E
Hawks,ATL,1473.4999,1984-12-28,#E03A3E
Hawks,ATL,1482.5707,1985-01-14,#E03A3E
Hawks,ATL,1474.2043,1985-01-28,#E03A3E
Hawks,ATL,1469.6191,1985-02-14,#E03A3E
Hawks,ATL,1463.9502,1985-02-28,#E03A3E
Hawks,ATL,1430.3873,1985-03-14,#E03A3E
Hawks,ATL,1431.9971,1985-03-28,#E03A3E
Hawks,ATL,1464.5355,1985-04-14,#E03A3E
Hawks,ATL,1464.5355,1985-04-28,#E03A3E
Hawks,ATL,1464.5355,1985-05-14,#E03A3E
Hawks,ATL,1478.532,1985-11-14,#E03A3E
Hawks,ATL,1461.7898,1985-12-14,#E03A3E
Hawks,ATL,1473.092,1985-12-28,#E03A3E
Hawks,ATL,1513.2209,1986-01-14,#E03A3E
Hawks,ATL,1536.38,1986-01-28,#E03A3E
Hawks,ATL,1540.715,1986-02-14,#E03A3E
Hawks,ATL,1558.0148,1986-02-28,#E03A3E
Hawks,ATL,1603.391,1986-03-14,#E03A3E
Hawks,ATL,1608.6658,1986-03-28,#E03A3E
Hawks,ATL,1609.5465,1986-11-14,#E03A3E
Hawks,ATL,1630.5007,1986-11-28,#E03A3E
Hawks,ATL,1645.9995,1986-12-14,#E03A3E
Hawks,ATL,1639.1296,1986-12-28,#E03A3E
Hawks,ATL,1600.9585,1987-01-14,#E03A3E
Hawks,ATL,1585.3713,1987-01-28,#E03A3E
Hawks,ATL,1597.0266,1987-02-14,#E03A3E
Hawks,ATL,1602.1179,1987-02-28,#E03A3E
Hawks,ATL,1656.4152,1987-03-14,#E03A3E
Hawks,ATL,1663.7823,1987-03-28,#E03A3E
Hawks,ATL,1684.9268,1987-04-14,#E03A3E
Hawks,ATL,1674.0216,1987-04-28,#E03A3E
Hawks,ATL,1621.0411,1987-05-14,#E03A3E
Hawks,ATL,1621.0411,1987-05-28,#E03A3E
Hawks,ATL,1621.0411,1987-06-14,#E03A3E
Hawks,ATL,1614.2994,1987-11-14,#E03A3E
Hawks,ATL,1601.7037,1987-11-28,#E03A3E
Hawks,ATL,1626.297,1987-12-14,#E03A3E
Hawks,ATL,1643.8693,1987-12-28,#E03A3E
Hawks,ATL,1660.1007,1988-01-14,#E03A3E
Hawks,ATL,1639.0712,1988-01-28,#E03A3E
Hawks,ATL,1613.2316,1988-02-14,#E03A3E
Hawks,ATL,1596.1278,1988-02-28,#E03A3E
Hawks,ATL,1591.7048,1988-03-14,#E03A3E
Hawks,ATL,1590.9811,1988-03-28,#E03A3E
Hawks,ATL,1591.645,1988-04-14,#E03A3E
Hawks,ATL,1572.9434,1988-04-28,#E03A3E
Hawks,ATL,1572.3793,1988-05-14,#E03A3E
Hawks,ATL,1572.9609,1988-05-28,#E03A3E
Hawks,ATL,1572.9609,1988-06-14,#E03A3E
Hawks,ATL,1590.2268,1988-11-14,#E03A3E
Hawks,ATL,1577.4854,1988-11-28,#E03A3E
Hawks,ATL,1601.6217,1988-12-14,#E03A3E
Hawks,ATL,1609.47,1988-12-28,#E03A3E
Hawks,ATL,1575.0616,1989-01-14,#E03A3E
Hawks,ATL,1588.1465,1989-01-28,#E03A3E
Hawks,ATL,1583.9984,1989-02-14,#E03A3E
Hawks,ATL,1587.6281,1989-02-28,#E03A3E
Hawks,ATL,1557.6576,1989-03-14,#E03A3E
Hawks,ATL,1559.0428,1989-03-28,#E03A3E
Hawks,ATL,1624.79,1989-04-14,#E03A3E
Hawks,ATL,1623.0411,1989-04-28,#E03A3E
Hawks,ATL,1554.2733,1989-05-14,#E03A3E
Hawks,ATL,1554.2733,1989-05-28,#E03A3E
Hawks,ATL,1542.7725,1989-11-14,#E03A3E
Hawks,ATL,1555.3997,1989-11-28,#E03A3E
Hawks,ATL,1573.7026,1989-12-14,#E03A3E
Hawks,ATL,1545.9711,1989-12-28,#E03A3E
Hawks,ATL,1498.5886,1990-01-14,#E03A3E
Hawks,ATL,1503.5706,1990-01-28,#E03A3E
Hawks,ATL,1474.5186,1990-02-14,#E03A3E
Hawks,ATL,1463.0499,1990-02-28,#E03A3E
Hawks,ATL,1460.4276,1990-03-14,#E03A3E
Hawks,ATL,1469.2755,1990-03-28,#E03A3E
Hawks,ATL,1517.2269,1990-04-14,#E03A3E
Hawks,ATL,1530.8418,1990-04-28,#E03A3E
Hawks,ATL,1530.8418,1990-05-28,#E03A3E
Hawks,ATL,1530.8418,1990-06-14,#E03A3E
Hawks,ATL,1515.2717,1990-11-14,#E03A3E
Hawks,ATL,1448.0264,1990-11-28,#E03A3E
Hawks,ATL,1494.0319,1990-12-14,#E03A3E
Hawks,ATL,1528.0707,1990-12-28,#E03A3E
Hawks,ATL,1549.0637,1991-01-14,#E03A3E
Hawks,ATL,1562.4215,1991-01-28,#E03A3E
Hawks,ATL,1514.8401,1991-02-14,#E03A3E
Hawks,ATL,1546.8892,1991-02-28,#E03A3E
Hawks,ATL,1538.4166,1991-03-14,#E03A3E
Hawks,ATL,1524.0088,1991-03-28,#E03A3E
Hawks,ATL,1512.6829,1991-04-14,#E03A3E
Hawks,ATL,1504.2048,1991-04-28,#E03A3E
Hawks,ATL,1486.2623,1991-05-14,#E03A3E
Hawks,ATL,1486.2623,1991-05-28,#E03A3E
Hawks,ATL,1495.495,1991-11-14,#E03A3E
Hawks,ATL,1483.5691,1991-12-14,#E03A3E
Hawks,ATL,1448.2593,1991-12-28,#E03A3E
Hawks,ATL,1498.5505,1992-01-14,#E03A3E
Hawks,ATL,1515.043,1992-01-28,#E03A3E
Hawks,ATL,1491.4792,1992-02-14,#E03A3E
Hawks,ATL,1506.3481,1992-02-28,#E03A3E
Hawks,ATL,1456.4192,1992-03-14,#E03A3E
Hawks,ATL,1467.0341,1992-03-28,#E03A3E
Hawks,ATL,1468.2324,1992-04-14,#E03A3E
Hawks,ATL,1458.8076,1992-04-28,#E03A3E
Hawks,ATL,1458.8076,1992-05-14,#E03A3E
Hawks,ATL,1458.8076,1992-05-28,#E03A3E
Hawks,ATL,1458.8076,1992-06-14,#E03A3E
Hawks,ATL,1458.9917,1992-11-14,#E03A3E
Hawks,ATL,1467.2288,1992-11-28,#E03A3E
Hawks,ATL,1456.4574,1992-12-14,#E03A3E
Hawks,ATL,1412,1992-12-28,#E03A3E
Hawks,ATL,1431.0061,1993-01-14,#E03A3E
Hawks,ATL,1444.6881,1993-01-28,#E03A3E
Hawks,ATL,1456.105,1993-02-14,#E03A3E
Hawks,ATL,1455.2089,1993-02-28,#E03A3E
Hawks,ATL,1501.7311,1993-03-14,#E03A3E
Hawks,ATL,1543.043,1993-03-28,#E03A3E
Hawks,ATL,1542.4186,1993-04-14,#E03A3E
Hawks,ATL,1522.6597,1993-05-14,#E03A3E
Hawks,ATL,1522.6597,1993-05-28,#E03A3E
Hawks,ATL,1508.8049,1993-11-14,#E03A3E
Hawks,ATL,1551.8928,1993-11-28,#E03A3E
Hawks,ATL,1606.2699,1993-12-14,#E03A3E
Hawks,ATL,1582.7705,1993-12-28,#E03A3E
Hawks,ATL,1625.3516,1994-01-14,#E03A3E
Hawks,ATL,1633.953,1994-01-28,#E03A3E
Hawks,ATL,1631.405,1994-02-28,#E03A3E
Hawks,ATL,1611.0112,1994-03-14,#E03A3E
Hawks,ATL,1629.2664,1994-03-28,#E03A3E
Hawks,ATL,1619.8243,1994-04-14,#E03A3E
Hawks,ATL,1605.0048,1994-04-28,#E03A3E
Hawks,ATL,1611.9015,1994-05-14,#E03A3E
Hawks,ATL,1572.6249,1994-05-28,#E03A3E
Hawks,ATL,1549.6456,1994-11-14,#E03A3E
Hawks,ATL,1514.5697,1994-11-28,#E03A3E
Hawks,ATL,1531.7748,1994-12-14,#E03A3E
Hawks,ATL,1523.3956,1994-12-28,#E03A3E
Hawks,ATL,1520.2653,1995-01-14,#E03A3E
Hawks,ATL,1484.5291,1995-01-28,#E03A3E
Hawks,ATL,1512.2819,1995-02-14,#E03A3E
Hawks,ATL,1514.4978,1995-02-28,#E03A3E
Hawks,ATL,1530.5656,1995-03-14,#E03A3E
Hawks,ATL,1526.7893,1995-03-28,#E03A3E
Hawks,ATL,1535.069,1995-04-14,#E03A3E
Hawks,ATL,1533.9301,1995-04-28,#E03A3E
Hawks,ATL,1508.0967,1995-05-14,#E03A3E
Hawks,ATL,1508.0967,1995-05-28,#E03A3E
Hawks,ATL,1508.0967,1995-06-14,#E03A3E
Hawks,ATL,1557.0138,1995-11-14,#E03A3E
Hawks,ATL,1567.1299,1995-11-28,#E03A3E
Hawks,ATL,1488.2173,1995-12-14,#E03A3E
Hawks,ATL,1466.6001,1995-12-28,#E03A3E
Hawks,ATL,1479.3003,1996-01-14,#E03A3E
Hawks,ATL,1537.3766,1996-01-28,#E03A3E
Hawks,ATL,1488.3584,1996-02-14,#E03A3E
Hawks,ATL,1528.3235,1996-02-28,#E03A3E
Hawks,ATL,1548.3423,1996-03-14,#E03A3E
Hawks,ATL,1565.7526,1996-03-28,#E03A3E
Hawks,ATL,1554.6415,1996-04-14,#E03A3E
Hawks,ATL,1579.1366,1996-04-28,#E03A3E
Hawks,ATL,1555.8536,1996-05-14,#E03A3E
Hawks,ATL,1533.9744,1996-05-28,#E03A3E
Hawks,ATL,1533.9744,1996-06-14,#E03A3E
Hawks,ATL,1564.2269,1996-11-14,#E03A3E
Hawks,ATL,1571.8512,1996-11-28,#E03A3E
Hawks,ATL,1576.8871,1996-12-14,#E03A3E
Hawks,ATL,1591.0618,1996-12-28,#E03A3E
Hawks,ATL,1626.2933,1997-01-14,#E03A3E
Hawks,ATL,1649.6077,1997-01-28,#E03A3E
Hawks,ATL,1616.8583,1997-02-14,#E03A3E
Hawks,ATL,1620.6885,1997-02-28,#E03A3E
Hawks,ATL,1619.3087,1997-03-14,#E03A3E
Hawks,ATL,1642.994,1997-03-28,#E03A3E
Hawks,ATL,1657.5612,1997-04-14,#E03A3E
Hawks,ATL,1610.9871,1997-04-28,#E03A3E
Hawks,ATL,1599.251,1997-05-14,#E03A3E
Hawks,ATL,1599.251,1997-05-28,#E03A3E
Hawks,ATL,1631.3662,1997-11-14,#E03A3E
Hawks,ATL,1619.7677,1997-11-28,#E03A3E
Hawks,ATL,1601.9587,1997-12-14,#E03A3E
Hawks,ATL,1585.7267,1997-12-28,#E03A3E
Hawks,ATL,1594.9746,1998-01-14,#E03A3E
Hawks,ATL,1561.4943,1998-01-28,#E03A3E
Hawks,ATL,1571.7596,1998-02-14,#E03A3E
Hawks,ATL,1579.108,1998-02-28,#E03A3E
Hawks,ATL,1577.8691,1998-03-14,#E03A3E
Hawks,ATL,1575.1663,1998-03-28,#E03A3E
Hawks,ATL,1592.2885,1998-04-14,#E03A3E
Hawks,ATL,1607.1986,1998-04-28,#E03A3E
Hawks,ATL,1579.4056,1998-06-14,#E03A3E
Hawks,ATL,1596.3154,1999-02-14,#E03A3E
Hawks,ATL,1600.238,1999-02-28,#E03A3E
Hawks,ATL,1574.4413,1999-03-14,#E03A3E
Hawks,ATL,1601.2393,1999-03-28,#E03A3E
Hawks,ATL,1551.3298,1999-04-14,#E03A3E
Hawks,ATL,1601.2506,1999-04-28,#E03A3E
Hawks,ATL,1595.9132,1999-05-14,#E03A3E
Hawks,ATL,1487.1028,1999-11-14,#E03A3E
Hawks,ATL,1531.9063,1999-11-28,#E03A3E
Hawks,ATL,1520.8138,1999-12-14,#E03A3E
Hawks,ATL,1471.2534,1999-12-28,#E03A3E
Hawks,ATL,1460.2958,2000-01-14,#E03A3E
Hawks,ATL,1450.6208,2000-01-28,#E03A3E
Hawks,ATL,1478.2002,2000-02-28,#E03A3E
Hawks,ATL,1411.5343,2000-03-14,#E03A3E
Hawks,ATL,1373.3481,2000-03-28,#E03A3E
Hawks,ATL,1312.2146,2000-04-14,#E03A3E
Hawks,ATL,1354.0496,2000-04-28,#E03A3E
Hawks,ATL,1354.0496,2000-05-14,#E03A3E
Hawks,ATL,1354.0496,2000-05-28,#E03A3E
Hawks,ATL,1354.0496,2000-06-14,#E03A3E
Hawks,ATL,1335.7565,2000-11-14,#E03A3E
Hawks,ATL,1360.0526,2000-11-28,#E03A3E
Hawks,ATL,1363.2864,2000-12-14,#E03A3E
Hawks,ATL,1396.45,2000-12-28,#E03A3E
Hawks,ATL,1389.1036,2001-01-14,#E03A3E
Hawks,ATL,1373.9501,2001-01-28,#E03A3E
Hawks,ATL,1344.3104,2001-02-14,#E03A3E
Hawks,ATL,1356.9008,2001-02-28,#E03A3E
Hawks,ATL,1347.7715,2001-03-14,#E03A3E
Hawks,ATL,1337.8706,2001-03-28,#E03A3E
Hawks,ATL,1331.1836,2001-04-14,#E03A3E
Hawks,ATL,1371.9515,2001-04-28,#E03A3E
Hawks,ATL,1371.9515,2001-05-14,#E03A3E
Hawks,ATL,1371.9515,2001-05-28,#E03A3E
Hawks,ATL,1379.7506,2001-11-14,#E03A3E
Hawks,ATL,1393.9546,2001-11-28,#E03A3E
Hawks,ATL,1407.5886,2001-12-14,#E03A3E
Hawks,ATL,1396.4375,2001-12-28,#E03A3E
Hawks,ATL,1372.1021,2002-01-14,#E03A3E
Hawks,ATL,1333.8148,2002-01-28,#E03A3E
Hawks,ATL,1369.1582,2002-02-14,#E03A3E
Hawks,ATL,1378.7457,2002-02-28,#E03A3E
Hawks,ATL,1397.179,2002-03-14,#E03A3E
Hawks,ATL,1435.1597,2002-03-28,#E03A3E
Hawks,ATL,1422.7479,2002-04-14,#E03A3E
Hawks,ATL,1437.0114,2002-04-28,#E03A3E
Hawks,ATL,1437.0114,2002-05-14,#E03A3E
Hawks,ATL,1437.0114,2002-05-28,#E03A3E
Hawks,ATL,1485.9938,2002-11-14,#E03A3E
Hawks,ATL,1473.9519,2002-11-28,#E03A3E
Hawks,ATL,1445.1106,2002-12-14,#E03A3E
Hawks,ATL,1426.3698,2002-12-28,#E03A3E
Hawks,ATL,1393.0631,2003-01-14,#E03A3E
Hawks,ATL,1381.3958,2003-01-28,#E03A3E
Hawks,ATL,1397.036,2003-02-14,#E03A3E
Hawks,ATL,1421.5637,2003-02-28,#E03A3E
Hawks,ATL,1429.9463,2003-03-14,#E03A3E
Hawks,ATL,1399.4674,2003-03-28,#E03A3E
Hawks,ATL,1440.6693,2003-04-14,#E03A3E
Hawks,ATL,1449.96,2003-04-28,#E03A3E
Hawks,ATL,1449.96,2003-05-14,#E03A3E
Hawks,ATL,1449.96,2003-10-28,#E03A3E
Hawks,ATL,1441.3834,2003-11-14,#E03A3E
Hawks,ATL,1435.2614,2003-11-28,#E03A3E
Hawks,ATL,1387.4196,2003-12-14,#E03A3E
Hawks,ATL,1376.3634,2003-12-28,#E03A3E
Hawks,ATL,1392.424,2004-01-14,#E03A3E
Hawks,ATL,1399.3483,2004-01-28,#E03A3E
Hawks,ATL,1402.5262,2004-02-28,#E03A3E
Hawks,ATL,1370.6814,2004-03-14,#E03A3E
Hawks,ATL,1364.027,2004-03-28,#E03A3E
Hawks,ATL,1404.5249,2004-04-14,#E03A3E
Hawks,ATL,1416.4968,2004-04-28,#E03A3E
Hawks,ATL,1416.4968,2004-05-14,#E03A3E
Hawks,ATL,1416.4968,2004-05-28,#E03A3E
Hawks,ATL,1396.2216,2004-11-14,#E03A3E
Hawks,ATL,1335.0015,2004-11-28,#E03A3E
Hawks,ATL,1333.1727,2004-12-14,#E03A3E
Hawks,ATL,1327.5087,2004-12-28,#E03A3E
Hawks,ATL,1330.141,2005-01-14,#E03A3E
Hawks,ATL,1310.0138,2005-01-28,#E03A3E
Hawks,ATL,1298.9594,2005-02-14,#E03A3E
Hawks,ATL,1282.7603,2005-02-28,#E03A3E
Hawks,ATL,1270.7361,2005-03-14,#E03A3E
Hawks,ATL,1233.1926,2005-03-28,#E03A3E
Hawks,ATL,1201.6516,2005-04-14,#E03A3E
Hawks,ATL,1279.0851,2005-04-28,#E03A3E
Hawks,ATL,1279.0851,2005-05-14,#E03A3E
Hawks,ATL,1279.0851,2005-05-28,#E03A3E
Hawks,ATL,1279.0851,2005-06-14,#E03A3E
Hawks,ATL,1260.5439,2005-11-14,#E03A3E
Hawks,ATL,1271.5525,2005-11-28,#E03A3E
Hawks,ATL,1295.5178,2005-12-14,#E03A3E
Hawks,ATL,1309.6796,2005-12-28,#E03A3E
Hawks,ATL,1296.3206,2006-01-14,#E03A3E
Hawks,ATL,1297.2781,2006-01-28,#E03A3E
Hawks,ATL,1340.2424,2006-02-14,#E03A3E
Hawks,ATL,1351.2648,2006-02-28,#E03A3E
Hawks,ATL,1339.3323,2006-03-14,#E03A3E
Hawks,ATL,1314.004,2006-03-28,#E03A3E
Hawks,ATL,1315.6594,2006-04-14,#E03A3E
Hawks,ATL,1375.5571,2006-04-28,#E03A3E
Hawks,ATL,1375.5571,2006-05-14,#E03A3E
Hawks,ATL,1375.5571,2006-05-28,#E03A3E
Hawks,ATL,1419.3413,2006-11-14,#E03A3E
Hawks,ATL,1405.8593,2006-11-28,#E03A3E
Hawks,ATL,1402.8142,2006-12-14,#E03A3E
Hawks,ATL,1363.995,2006-12-28,#E03A3E
Hawks,ATL,1359.7043,2007-01-14,#E03A3E
Hawks,ATL,1371.9833,2007-01-28,#E03A3E
Hawks,ATL,1412.7571,2007-02-14,#E03A3E
Hawks,ATL,1402.1881,2007-02-28,#E03A3E
Hawks,ATL,1399.5465,2007-03-14,#E03A3E
Hawks,ATL,1375.9982,2007-03-28,#E03A3E
Hawks,ATL,1357.1036,2007-04-14,#E03A3E
Hawks,ATL,1412.0149,2007-04-28,#E03A3E
Hawks,ATL,1412.0149,2007-05-14,#E03A3E
Hawks,ATL,1412.0149,2007-05-28,#E03A3E
Hawks,ATL,1412.0149,2007-06-14,#E03A3E
Hawks,ATL,1403.1304,2007-11-14,#E03A3E
Hawks,ATL,1408.1259,2007-11-28,#E03A3E
Hawks,ATL,1426.9763,2007-12-14,#E03A3E
Hawks,ATL,1457.1279,2007-12-28,#E03A3E
Hawks,ATL,1458.131,2008-01-14,#E03A3E
Hawks,ATL,1440.333,2008-01-28,#E03A3E
Hawks,ATL,1428.5348,2008-02-14,#E03A3E
Hawks,ATL,1445.0698,2008-02-28,#E03A3E
Hawks,ATL,1424.0719,2008-03-14,#E03A3E
Hawks,ATL,1458.6233,2008-03-28,#E03A3E
Hawks,ATL,1467.9808,2008-04-14,#E03A3E
Hawks,ATL,1471.4148,2008-04-28,#E03A3E
Hawks,ATL,1503.1979,2008-05-14,#E03A3E
Hawks,ATL,1503.1979,2008-05-28,#E03A3E
Hawks,ATL,1503.1979,2008-10-28,#E03A3E
Hawks,ATL,1536.6128,2008-11-14,#E03A3E
Hawks,ATL,1502.3361,2008-11-28,#E03A3E
Hawks,ATL,1530.2163,2008-12-14,#E03A3E
Hawks,ATL,1558.2922,2008-12-28,#E03A3E
Hawks,ATL,1532.8915,2009-01-14,#E03A3E
Hawks,ATL,1513.3066,2009-01-28,#E03A3E
Hawks,ATL,1492.2036,2009-02-28,#E03A3E
Hawks,ATL,1533.842,2009-03-14,#E03A3E
Hawks,ATL,1542.451,2009-03-28,#E03A3E
Hawks,ATL,1547.6647,2009-04-14,#E03A3E
Hawks,ATL,1533.3229,2009-04-28,#E03A3E
Hawks,ATL,1512.2445,2009-05-14,#E03A3E
Hawks,ATL,1512.2445,2009-05-28,#E03A3E
Hawks,ATL,1512.2445,2009-06-14,#E03A3E
Hawks,ATL,1512.2445,2009-10-28,#E03A3E
Hawks,ATL,1578.1918,2009-11-14,#E03A3E
Hawks,ATL,1569.1522,2009-11-28,#E03A3E
Hawks,ATL,1603.229,2009-12-14,#E03A3E
Hawks,ATL,1598.2723,2009-12-28,#E03A3E
Hawks,ATL,1585.6855,2010-01-14,#E03A3E
Hawks,ATL,1594.434,2010-01-28,#E03A3E
Hawks,ATL,1572.2952,2010-02-28,#E03A3E
Hawks,ATL,1601.0494,2010-03-14,#E03A3E
Hawks,ATL,1596.3344,2010-03-28,#E03A3E
Hawks,ATL,1625.6738,2010-04-14,#E03A3E
Hawks,ATL,1602.856,2010-04-28,#E03A3E
Hawks,ATL,1577.6614,2010-05-28,#E03A3E
Hawks,ATL,1581.8457,2010-10-28,#E03A3E
Hawks,ATL,1562.7645,2010-11-14,#E03A3E
Hawks,ATL,1565.9736,2010-11-28,#E03A3E
Hawks,ATL,1554.4932,2010-12-14,#E03A3E
Hawks,ATL,1569.4882,2010-12-28,#E03A3E
Hawks,ATL,1593.8574,2011-01-14,#E03A3E
Hawks,ATL,1569.6882,2011-01-28,#E03A3E
Hawks,ATL,1535.9222,2011-02-14,#E03A3E
Hawks,ATL,1533.7881,2011-02-28,#E03A3E
Hawks,ATL,1514.6359,2011-03-14,#E03A3E
Hawks,ATL,1491.3744,2011-03-28,#E03A3E
Hawks,ATL,1470.8098,2011-04-28,#E03A3E
Hawks,ATL,1515.991,2011-12-28,#E03A3E
Hawks,ATL,1548.8566,2012-01-14,#E03A3E
Hawks,ATL,1574.1794,2012-01-28,#E03A3E
Hawks,ATL,1526.4098,2012-02-14,#E03A3E
Hawks,ATL,1503.7933,2012-02-28,#E03A3E
Hawks,ATL,1520.7344,2012-03-14,#E03A3E
Hawks,ATL,1518.7839,2012-03-28,#E03A3E
Hawks,ATL,1532.312,2012-04-14,#E03A3E
Hawks,ATL,1581.7322,2012-04-28,#E03A3E
Hawks,ATL,1532.7664,2012-05-14,#E03A3E
Hawks,ATL,1532.7664,2012-05-28,#E03A3E
Hawks,ATL,1532.7664,2012-06-14,#E03A3E
Hawks,ATL,1542.999,2012-11-14,#E03A3E
Hawks,ATL,1573.166,2012-11-28,#E03A3E
Hawks,ATL,1558.6666,2012-12-14,#E03A3E
Hawks,ATL,1560.2144,2012-12-28,#E03A3E
Hawks,ATL,1493.1949,2013-01-14,#E03A3E
Hawks,ATL,1512.7794,2013-01-28,#E03A3E
Hawks,ATL,1500.764,2013-02-14,#E03A3E
Hawks,ATL,1528.7761,2013-02-28,#E03A3E
Hawks,ATL,1510.0297,2013-03-14,#E03A3E
Hawks,ATL,1513.5381,2013-03-28,#E03A3E
Hawks,ATL,1484.2531,2013-04-14,#E03A3E
Hawks,ATL,1497.4983,2013-04-28,#E03A3E
Hawks,ATL,1479.5092,2013-05-14,#E03A3E
Hawks,ATL,1479.5092,2013-05-28,#E03A3E
Hawks,ATL,1498.4052,2013-11-14,#E03A3E
Hawks,ATL,1481.0538,2013-12-14,#E03A3E
Hawks,ATL,1512.7141,2013-12-28,#E03A3E
Hawks,ATL,1498.0979,2014-01-14,#E03A3E
Hawks,ATL,1515.3625,2014-01-28,#E03A3E
Hawks,ATL,1441.5293,2014-02-28,#E03A3E
Hawks,ATL,1445.0416,2014-03-14,#E03A3E
Hawks,ATL,1426.15,2014-03-28,#E03A3E
Hawks,ATL,1472.3478,2014-04-14,#E03A3E
Hawks,ATL,1503.4021,2014-04-28,#E03A3E
Hawks,ATL,1485.8804,2014-05-14,#E03A3E
Hawks,ATL,1485.8804,2014-05-28,#E03A3E
Hawks,ATL,1485.8804,2014-10-28,#E03A3E
Hawks,ATL,1517.2491,2014-11-14,#E03A3E
Hawks,ATL,1496.2734,2014-11-28,#E03A3E
Hawks,ATL,1574.4684,2014-12-14,#E03A3E
Hawks,ATL,1587.8336,2014-12-28,#E03A3E
Hawks,ATL,1656.9828,2015-01-14,#E03A3E
Hawks,ATL,1697.03,2015-01-28,#E03A3E
Hawks,ATL,1671.8071,2015-02-28,#E03A3E
Hawks,ATL,1654.6151,2015-03-14,#E03A3E
Hawks,ATL,1612.8688,2015-03-28,#E03A3E
Hawks,ATL,1594.2922,2015-04-14,#E03A3E
Hawks,ATL,1586.1871,2015-04-28,#E03A3E
Hawks,ATL,1613.939,2015-05-14,#E03A3E
Grizzlies,VAN,1290.3683,1995-11-14,#5D76A9
Grizzlies,VAN,1271.626,1995-11-28,#5D76A9
Grizzlies,VAN,1242.3716,1995-12-14,#5D76A9
Grizzlies,VAN,1221.3208,1995-12-28,#5D76A9
Grizzlies,VAN,1224.6908,1996-01-14,#5D76A9
Grizzlies,VAN,1256.589,1996-01-28,#5D76A9
Grizzlies,VAN,1247.9833,1996-02-14,#5D76A9
Grizzlies,VAN,1232.1516,1996-02-28,#5D76A9
Grizzlies,VAN,1199.236,1996-03-14,#5D76A9
Grizzlies,VAN,1187.9579,1996-03-28,#5D76A9
Grizzlies,VAN,1180.177,1996-04-14,#5D76A9
Grizzlies,VAN,1283.5828,1996-04-28,#5D76A9
Grizzlies,VAN,1283.5828,1996-05-14,#5D76A9
Grizzlies,VAN,1283.5828,1996-05-28,#5D76A9
Grizzlies,VAN,1283.5828,1996-06-14,#5D76A9
Grizzlies,VAN,1261.5186,1996-11-14,#5D76A9
Grizzlies,VAN,1255.2968,1996-11-28,#5D76A9
Grizzlies,VAN,1261.6013,1996-12-14,#5D76A9
Grizzlies,VAN,1255.5829,1996-12-28,#5D76A9
Grizzlies,VAN,1248.8071,1997-01-14,#5D76A9
Grizzlies,VAN,1219.8324,1997-01-28,#5D76A9
Grizzlies,VAN,1247.1753,1997-02-14,#5D76A9
Grizzlies,VAN,1218.666,1997-02-28,#5D76A9
Grizzlies,VAN,1204.4519,1997-03-14,#5D76A9
Grizzlies,VAN,1200.7203,1997-03-28,#5D76A9
Grizzlies,VAN,1199.7191,1997-04-14,#5D76A9
Grizzlies,VAN,1298.9536,1997-04-28,#5D76A9
Grizzlies,VAN,1298.9536,1997-05-14,#5D76A9
Grizzlies,VAN,1298.9536,1997-05-28,#5D76A9
Grizzlies,VAN,1325.2634,1997-11-14,#5D76A9
Grizzlies,VAN,1321.5508,1997-11-28,#5D76A9
Grizzlies,VAN,1336.9475,1997-12-14,#5D76A9
Grizzlies,VAN,1323.4331,1997-12-28,#5D76A9
Grizzlies,VAN,1269.4994,1998-01-14,#5D76A9
Grizzlies,VAN,1284.6107,1998-01-28,#5D76A9
Grizzlies,VAN,1269.0732,1998-02-14,#5D76A9
Grizzlies,VAN,1243.3048,1998-02-28,#5D76A9
Grizzlies,VAN,1236.4813,1998-03-14,#5D76A9
Grizzlies,VAN,1234.7673,1998-03-28,#5D76A9
Grizzlies,VAN,1255.9517,1998-04-14,#5D76A9
Grizzlies,VAN,1308.1555,1998-04-28,#5D76A9
Grizzlies,VAN,1308.1555,1998-06-14,#5D76A9
Grizzlies,VAN,1305.3124,1999-02-14,#5D76A9
Grizzlies,VAN,1300.4369,1999-02-28,#5D76A9
Grizzlies,VAN,1246.1532,1999-03-14,#5D76A9
Grizzlies,VAN,1249.0476,1999-03-28,#5D76A9
Grizzlies,VAN,1252.7393,1999-04-14,#5D76A9
Grizzlies,VAN,1228.8424,1999-04-28,#5D76A9
Grizzlies,VAN,1282.8573,1999-05-14,#5D76A9
Grizzlies,VAN,1305.3976,1999-11-14,#5D76A9
Grizzlies,VAN,1269.5857,1999-11-28,#5D76A9
Grizzlies,VAN,1265.2896,1999-12-14,#5D76A9
Grizzlies,VAN,1260.264,1999-12-28,#5D76A9
Grizzlies,VAN,1329.4441,2000-01-14,#5D76A9
Grizzlies,VAN,1352.7979,2000-01-28,#5D76A9
Grizzlies,VAN,1379.5284,2000-02-28,#5D76A9
Grizzlies,VAN,1343.8335,2000-03-14,#5D76A9
Grizzlies,VAN,1337.0713,2000-03-28,#5D76A9
Grizzlies,VAN,1315.559,2000-04-14,#5D76A9
Grizzlies,VAN,1379.7975,2000-04-28,#5D76A9
Grizzlies,VAN,1379.7975,2000-05-14,#5D76A9
Grizzlies,VAN,1379.7975,2000-05-28,#5D76A9
Grizzlies,VAN,1379.7975,2000-06-14,#5D76A9
Grizzlies,VAN,1411.4967,2000-11-14,#5D76A9
Grizzlies,VAN,1410.6746,2000-11-28,#5D76A9
Grizzlies,VAN,1381.0892,2000-12-14,#5D76A9
Grizzlies,VAN,1365.5135,2000-12-28,#5D76A9
Grizzlies,VAN,1377.3055,2001-01-14,#5D76A9
Grizzlies,VAN,1353.1318,2001-01-28,#5D76A9
Grizzlies,VAN,1355.1724,2001-02-14,#5D76A9
Grizzlies,VAN,1376.7882,2001-02-28,#5D76A9
Grizzlies,VAN,1382.5345,2001-03-14,#5D76A9
Grizzlies,VAN,1372.2084,2001-03-28,#5D76A9
Grizzlies,VAN,1341.7874,2001-04-14,#5D76A9
Grizzlies,MEM,1379.0081,2001-04-28,#5D76A9
Grizzlies,MEM,1379.0081,2001-05-14,#5D76A9
Grizzlies,MEM,1379.0081,2001-05-28,#5D76A9
Grizzlies,MEM,1336.8971,2001-11-14,#5D76A9
Grizzlies,MEM,1337.9618,2001-11-28,#5D76A9
Grizzlies,MEM,1342.687,2001-12-14,#5D76A9
Grizzlies,MEM,1377.1272,2001-12-28,#5D76A9
Grizzlies,MEM,1384.0468,2002-01-14,#5D76A9
Grizzlies,MEM,1351.1538,2002-01-28,#5D76A9
Grizzlies,MEM,1324.8228,2002-02-14,#5D76A9
Grizzlies,MEM,1327.5879,2002-02-28,#5D76A9
Grizzlies,MEM,1314.7765,2002-03-14,#5D76A9
Grizzlies,MEM,1315.4114,2002-03-28,#5D76A9
Grizzlies,MEM,1342.9224,2002-04-14,#5D76A9
Grizzlies,MEM,1373.3893,2002-04-28,#5D76A9
Grizzlies,MEM,1373.3893,2002-05-14,#5D76A9
Grizzlies,MEM,1373.3893,2002-05-28,#5D76A9
Grizzlies,MEM,1333.7036,2002-11-14,#5D76A9
Grizzlies,MEM,1348.3939,2002-11-28,#5D76A9
Grizzlies,MEM,1370.1877,2002-12-14,#5D76A9
Grizzlies,MEM,1378.9772,2002-12-28,#5D76A9
Grizzlies,MEM,1390.8556,2003-01-14,#5D76A9
Grizzlies,MEM,1365.0946,2003-01-28,#5D76A9
Grizzlies,MEM,1358.8309,2003-02-14,#5D76A9
Grizzlies,MEM,1400.078,2003-02-28,#5D76A9
Grizzlies,MEM,1462.7638,2003-03-14,#5D76A9
Grizzlies,MEM,1450.6602,2003-03-28,#5D76A9
Grizzlies,MEM,1425.2792,2003-04-14,#5D76A9
Grizzlies,MEM,1434.0353,2003-04-28,#5D76A9
Grizzlies,MEM,1434.0353,2003-05-14,#5D76A9
Grizzlies,MEM,1434.0353,2003-10-28,#5D76A9
Grizzlies,MEM,1488.9285,2003-11-14,#5D76A9
Grizzlies,MEM,1467.0486,2003-11-28,#5D76A9
Grizzlies,MEM,1534.2897,2003-12-14,#5D76A9
Grizzlies,MEM,1508.8635,2003-12-28,#5D76A9
Grizzlies,MEM,1520.1328,2004-01-14,#5D76A9
Grizzlies,MEM,1542.9609,2004-01-28,#5D76A9
Grizzlies,MEM,1560.2129,2004-02-28,#5D76A9
Grizzlies,MEM,1600.771,2004-03-14,#5D76A9
Grizzlies,MEM,1623.2085,2004-03-28,#5D76A9
Grizzlies,MEM,1578.3088,2004-04-14,#5D76A9
Grizzlies,MEM,1518.4456,2004-04-28,#5D76A9
Grizzlies,MEM,1518.4456,2004-05-14,#5D76A9
Grizzlies,MEM,1518.4456,2004-05-28,#5D76A9
Grizzlies,MEM,1520.5571,2004-11-14,#5D76A9
Grizzlies,MEM,1514.723,2004-11-28,#5D76A9
Grizzlies,MEM,1486.3936,2004-12-14,#5D76A9
Grizzlies,MEM,1521.0459,2004-12-28,#5D76A9
Grizzlies,MEM,1572.9307,2005-01-14,#5D76A9
Grizzlies,MEM,1600.6536,2005-01-28,#5D76A9
Grizzlies,MEM,1603.6641,2005-02-14,#5D76A9
Grizzlies,MEM,1594.2052,2005-02-28,#5D76A9
Grizzlies,MEM,1591.6472,2005-03-14,#5D76A9
Grizzlies,MEM,1563.792,2005-03-28,#5D76A9
Grizzlies,MEM,1580.3605,2005-04-14,#5D76A9
Grizzlies,MEM,1538.0311,2005-04-28,#5D76A9
Grizzlies,MEM,1508.3671,2005-05-14,#5D76A9
Grizzlies,MEM,1508.3671,2005-05-28,#5D76A9
Grizzlies,MEM,1508.3671,2005-06-14,#5D76A9
Grizzlies,MEM,1527.9707,2005-11-14,#5D76A9
Grizzlies,MEM,1579.3995,2005-11-28,#5D76A9
Grizzlies,MEM,1560.7715,2005-12-14,#5D76A9
Grizzlies,MEM,1569.5508,2005-12-28,#5D76A9
Grizzlies,MEM,1577.2671,2006-01-14,#5D76A9
Grizzlies,MEM,1546.6984,2006-01-28,#5D76A9
Grizzlies,MEM,1538.6816,2006-02-14,#5D76A9
Grizzlies,MEM,1534.6897,2006-02-28,#5D76A9
Grizzlies,MEM,1550.6433,2006-03-14,#5D76A9
Grizzlies,MEM,1579.4436,2006-03-28,#5D76A9
Grizzlies,MEM,1595.6674,2006-04-14,#5D76A9
Grizzlies,MEM,1585.6761,2006-04-28,#5D76A9
Grizzlies,MEM,1540.8004,2006-05-14,#5D76A9
Grizzlies,MEM,1540.8004,2006-05-28,#5D76A9
Grizzlies,MEM,1511.4132,2006-11-14,#5D76A9
Grizzlies,MEM,1521.8499,2006-11-28,#5D76A9
Grizzlies,MEM,1446.4611,2006-12-14,#5D76A9
Grizzlies,MEM,1422.9673,2006-12-28,#5D76A9
Grizzlies,MEM,1397.6432,2007-01-14,#5D76A9
Grizzlies,MEM,1400.6062,2007-01-28,#5D76A9
Grizzlies,MEM,1388.2129,2007-02-14,#5D76A9
Grizzlies,MEM,1369.1483,2007-02-28,#5D76A9
Grizzlies,MEM,1349.4785,2007-03-14,#5D76A9
Grizzlies,MEM,1356.6637,2007-03-28,#5D76A9
Grizzlies,MEM,1337.6367,2007-04-14,#5D76A9
Grizzlies,MEM,1412.8374,2007-04-28,#5D76A9
Grizzlies,MEM,1412.8374,2007-05-14,#5D76A9
Grizzlies,MEM,1412.8374,2007-05-28,#5D76A9
Grizzlies,MEM,1412.8374,2007-06-14,#5D76A9
Grizzlies,MEM,1405.8663,2007-11-14,#5D76A9
Grizzlies,MEM,1417.9233,2007-11-28,#5D76A9
Grizzlies,MEM,1393.2983,2007-12-14,#5D76A9
Grizzlies,MEM,1373.2473,2007-12-28,#5D76A9
Grizzlies,MEM,1376.9857,2008-01-14,#5D76A9
Grizzlies,MEM,1370.1432,2008-01-28,#5D76A9
Grizzlies,MEM,1347.2688,2008-02-14,#5D76A9
Grizzlies,MEM,1322.1611,2008-02-28,#5D76A9
Grizzlies,MEM,1306.2996,2008-03-14,#5D76A9
Grizzlies,MEM,1352.9235,2008-03-28,#5D76A9
Grizzlies,MEM,1325.0176,2008-04-14,#5D76A9
Grizzlies,MEM,1366.8306,2008-04-28,#5D76A9
Grizzlies,MEM,1366.8306,2008-05-14,#5D76A9
Grizzlies,MEM,1366.8306,2008-05-28,#5D76A9
Grizzlies,MEM,1366.8306,2008-10-28,#5D76A9
Grizzlies,MEM,1348.6223,2008-11-14,#5D76A9
Grizzlies,MEM,1340.9557,2008-11-28,#5D76A9
Grizzlies,MEM,1378.8075,2008-12-14,#5D76A9
Grizzlies,MEM,1338.5471,2008-12-28,#5D76A9
Grizzlies,MEM,1322.4742,2009-01-14,#5D76A9
Grizzlies,MEM,1282.3846,2009-01-28,#5D76A9
Grizzlies,MEM,1284.4371,2009-02-28,#5D76A9
Grizzlies,MEM,1309.7476,2009-03-14,#5D76A9
Grizzlies,MEM,1313.8942,2009-03-28,#5D76A9
Grizzlies,MEM,1378.8098,2009-04-14,#5D76A9
Grizzlies,MEM,1390.4115,2009-04-28,#5D76A9
Grizzlies,MEM,1390.4115,2009-05-14,#5D76A9
Grizzlies,MEM,1390.4115,2009-05-28,#5D76A9
Grizzlies,MEM,1390.4115,2009-06-14,#5D76A9
Grizzlies,MEM,1390.4115,2009-10-28,#5D76A9
Grizzlies,MEM,1370.3987,2009-11-14,#5D76A9
Grizzlies,MEM,1402.527,2009-11-28,#5D76A9
Grizzlies,MEM,1451.8414,2009-12-14,#5D76A9
Grizzlies,MEM,1472.1476,2009-12-28,#5D76A9
Grizzlies,MEM,1523.3646,2010-01-14,#5D76A9
Grizzlies,MEM,1542.7607,2010-01-28,#5D76A9
Grizzlies,MEM,1475.0787,2010-02-28,#5D76A9
Grizzlies,MEM,1512.1631,2010-03-14,#5D76A9
Grizzlies,MEM,1498.3855,2010-03-28,#5D76A9
Grizzlies,MEM,1449.8895,2010-04-14,#5D76A9
Grizzlies,MEM,1450.2313,2010-04-28,#5D76A9
Grizzlies,MEM,1450.2313,2010-05-28,#5D76A9
Grizzlies,MEM,1458.0437,2010-10-28,#5D76A9
Grizzlies,MEM,1453.2236,2010-11-14,#5D76A9
Grizzlies,MEM,1465.7212,2010-11-28,#5D76A9
Grizzlies,MEM,1486.4968,2010-12-14,#5D76A9
Grizzlies,MEM,1477.8235,2010-12-28,#5D76A9
Grizzlies,MEM,1528.5394,2011-01-14,#5D76A9
Grizzlies,MEM,1538.0985,2011-01-28,#5D76A9
Grizzlies,MEM,1568.4424,2011-02-14,#5D76A9
Grizzlies,MEM,1582.386,2011-02-28,#5D76A9
Grizzlies,MEM,1568.6152,2011-03-14,#5D76A9
Grizzlies,MEM,1587.6205,2011-03-28,#5D76A9
Grizzlies,MEM,1607.3979,2011-04-28,#5D76A9
Grizzlies,MEM,1568.7269,2011-12-28,#5D76A9
Grizzlies,MEM,1561.3986,2012-01-14,#5D76A9
Grizzlies,MEM,1578.8141,2012-01-28,#5D76A9
Grizzlies,MEM,1564.1901,2012-02-14,#5D76A9
Grizzlies,MEM,1583.8787,2012-02-28,#5D76A9
Grizzlies,MEM,1578.8585,2012-03-14,#5D76A9
Grizzlies,MEM,1557.8682,2012-03-28,#5D76A9
Grizzlies,MEM,1612.8103,2012-04-14,#5D76A9
Grizzlies,MEM,1607.822,2012-04-28,#5D76A9
Grizzlies,MEM,1571.9635,2012-05-14,#5D76A9
Grizzlies,MEM,1571.9635,2012-05-28,#5D76A9
Grizzlies,MEM,1571.9635,2012-06-14,#5D76A9
Grizzlies,MEM,1636.2585,2012-11-14,#5D76A9
Grizzlies,MEM,1640.6633,2012-11-28,#5D76A9
Grizzlies,MEM,1618.2279,2012-12-14,#5D76A9
Grizzlies,MEM,1608.3983,2012-12-28,#5D76A9
Grizzlies,MEM,1592.5479,2013-01-14,#5D76A9
Grizzlies,MEM,1590.5242,2013-01-28,#5D76A9
Grizzlies,MEM,1583.9235,2013-02-14,#5D76A9
Grizzlies,MEM,1599.5105,2013-02-28,#5D76A9
Grizzlies,MEM,1636.7275,2013-03-14,#5D76A9
Grizzlies,MEM,1607.5194,2013-03-28,#5D76A9
Grizzlies,MEM,1639.5804,2013-04-14,#5D76A9
Grizzlies,MEM,1664.6155,2013-04-28,#5D76A9
Grizzlies,MEM,1700.8755,2013-05-14,#5D76A9
Grizzlies,MEM,1614.5604,2013-05-28,#5D76A9
Grizzlies,MEM,1560.9252,2013-11-14,#5D76A9
Grizzlies,MEM,1490.9155,2013-12-14,#5D76A9
Grizzlies,MEM,1502.3774,2013-12-28,#5D76A9
Grizzlies,MEM,1537.9457,2014-01-14,#5D76A9
Grizzlies,MEM,1577.7979,2014-01-28,#5D76A9
Grizzlies,MEM,1573.3146,2014-02-28,#5D76A9
Grizzlies,MEM,1601.1755,2014-03-14,#5D76A9
Grizzlies,MEM,1615.7277,2014-03-28,#5D76A9
Grizzlies,MEM,1621.5049,2014-04-14,#5D76A9
Grizzlies,MEM,1630.7085,2014-04-28,#5D76A9
Grizzlies,MEM,1581.522,2014-05-14,#5D76A9
Grizzlies,MEM,1581.522,2014-05-28,#5D76A9
Grizzlies,MEM,1581.522,2014-10-28,#5D76A9
Grizzlies,MEM,1618.2076,2014-11-14,#5D76A9
Grizzlies,MEM,1660.3936,2014-11-28,#5D76A9
Grizzlies,MEM,1672.4218,2014-12-14,#5D76A9
Grizzlies,MEM,1633.2147,2014-12-28,#5D76A9
Grizzlies,MEM,1609.0648,2015-01-14,#5D76A9
Grizzlies,MEM,1642.3866,2015-01-28,#5D76A9
Grizzlies,MEM,1625.8389,2015-02-28,#5D76A9
Grizzlies,MEM,1596.4865,2015-03-14,#5D76A9
Grizzlies,MEM,1573.9199,2015-03-28,#5D76A9
Grizzlies,MEM,1587.3375,2015-04-14,#5D76A9
Grizzlies,MEM,1610.1501,2015-04-28,#5D76A9
Grizzlies,MEM,1608.3455,2015-05-14,#5D76A9
Floridians,MNM,1359.8607,1967-11-14,#eb5f00
Floridians,MNM,1381.51,1967-11-28,#eb5f00
Floridians,MNM,1382.9758,1967-12-14,#eb5f00
Floridians,MNM,1407.9867,1967-12-28,#eb5f00
Floridians,MNM,1385.1506,1968-01-14,#eb5f00
Floridians,MNM,1392.4103,1968-01-28,#eb5f00
Floridians,MNM,1362.5481,1968-02-14,#eb5f00
Floridians,MNM,1372.0972,1968-02-28,#eb5f00
Floridians,MNM,1362.6167,1968-03-14,#eb5f00
Floridians,MNM,1369.775,1968-03-28,#eb5f00
Floridians,MNM,1363.6349,1968-04-14,#eb5f00
Floridians,MMF,1389.8044,1968-04-28,#eb5f00
Floridians,MMF,1374.8732,1968-10-28,#eb5f00
Floridians,MMF,1402.5696,1968-11-14,#eb5f00
Floridians,MMF,1380.1523,1968-11-28,#eb5f00
Floridians,MMF,1330.5862,1968-12-14,#eb5f00
Floridians,MMF,1322.4146,1968-12-28,#eb5f00
Floridians,MMF,1314.9022,1969-01-14,#eb5f00
Floridians,MMF,1323.5068,1969-01-28,#eb5f00
Floridians,MMF,1383.2689,1969-02-14,#eb5f00
Floridians,MMF,1407.782,1969-02-28,#eb5f00
Floridians,MMF,1388.219,1969-03-14,#eb5f00
Floridians,MMF,1409.2458,1969-03-28,#eb5f00
Floridians,MMF,1403.5529,1969-04-14,#eb5f00
Floridians,MMF,1403.9395,1969-10-14,#eb5f00
Floridians,MMF,1387.1151,1969-10-28,#eb5f00
Floridians,MMF,1354.7141,1969-11-14,#eb5f00
Floridians,MMF,1349.2335,1969-11-28,#eb5f00
Floridians,MMF,1312.6484,1969-12-14,#eb5f00
Floridians,MMF,1289.4602,1969-12-28,#eb5f00
Floridians,MMF,1305.7739,1970-01-14,#eb5f00
Floridians,MMF,1271.1366,1970-01-28,#eb5f00
Floridians,MMF,1240.3438,1970-02-14,#eb5f00
Floridians,MMF,1234.7062,1970-02-28,#eb5f00
Floridians,MMF,1223.1946,1970-03-14,#eb5f00
Floridians,MMF,1215.0648,1970-03-28,#eb5f00
Floridians,MMF,1208.356,1970-04-14,#eb5f00
Floridians,FLO,1292.0907,1970-04-28,#eb5f00
Floridians,FLO,1292.0907,1970-10-14,#eb5f00
Floridians,FLO,1334.8444,1970-10-28,#eb5f00
Floridians,FLO,1309.7252,1970-11-14,#eb5f00
Floridians,FLO,1365.1804,1970-11-28,#eb5f00
Floridians,FLO,1317.0101,1970-12-28,#eb5f00
Floridians,FLO,1297.1101,1971-01-14,#eb5f00
Floridians,FLO,1307.6766,1971-01-28,#eb5f00
Floridians,FLO,1354.2278,1971-02-14,#eb5f00
Floridians,FLO,1358.1088,1971-02-28,#eb5f00
Floridians,FLO,1342.0725,1971-03-14,#eb5f00
Floridians,FLO,1397.2217,1971-03-28,#eb5f00
Floridians,FLO,1414.2992,1971-04-14,#eb5f00
Floridians,FLO,1414.2992,1971-04-28,#eb5f00
Floridians,FLO,1414.2992,1971-10-14,#eb5f00
Floridians,FLO,1404.1929,1971-10-28,#eb5f00
Floridians,FLO,1399.4803,1971-11-14,#eb5f00
Floridians,FLO,1397.0524,1971-11-28,#eb5f00
Floridians,FLO,1395.7756,1971-12-14,#eb5f00
Floridians,FLO,1440.218,1971-12-28,#eb5f00
Floridians,FLO,1403.146,1972-01-14,#eb5f00
Floridians,FLO,1367.5552,1972-01-28,#eb5f00
Floridians,FLO,1365.2637,1972-02-14,#eb5f00
Floridians,FLO,1401.5262,1972-03-14,#eb5f00
Floridians,FLO,1396.3114,1972-03-28,#eb5f00
Falcons,DTF,1291.9098,1946-11-14,#eb002e
Falcons,DTF,1333.9537,1946-11-28,#eb002e
Falcons,DTF,1302.2896,1946-12-14,#eb002e
Falcons,DTF,1279.0566,1946-12-28,#eb002e
Falcons,DTF,1270.5358,1947-01-14,#eb002e
Falcons,DTF,1235.2026,1947-01-28,#eb002e
Falcons,DTF,1245.4514,1947-02-14,#eb002e
Falcons,DTF,1235.6567,1947-02-28,#eb002e
Falcons,DTF,1204.6473,1947-03-14,#eb002e
Falcons,DTF,1199.1213,1947-03-28,#eb002e
Denver,DNN,1226.9052,1949-11-28,#0E2240
Denver,DNN,1222.4554,1949-12-14,#0E2240
Denver,DNN,1205.2999,1949-12-28,#0E2240
Denver,DNN,1241.1686,1950-01-14,#0E2240
Denver,DNN,1207.5789,1950-01-28,#0E2240
Denver,DNN,1254.6154,1950-02-14,#0E2240
Denver,DNN,1216.6931,1950-02-28,#0E2240
Denver,DNN,1180.9923,1950-03-14,#0E2240
Condors,PTP,1305.0193,1967-10-28,#eb8600
Condors,PTP,1304.2747,1967-11-14,#eb8600
Condors,PTP,1290.9369,1967-11-28,#eb8600
Condors,PTP,1342.8511,1967-12-14,#eb8600
Condors,PTP,1381.3942,1967-12-28,#eb8600
Condors,PTP,1370.4175,1968-01-14,#eb8600
Condors,PTP,1416.8202,1968-01-28,#eb8600
Condors,PTP,1371.5771,1968-02-14,#eb8600
Condors,PTP,1403.0339,1968-02-28,#eb8600
Condors,PTP,1405.0396,1968-03-14,#eb8600
Condors,PTP,1439.4181,1968-03-28,#eb8600
Condors,PTP,1445.6906,1968-04-14,#eb8600
Condors,PTP,1438.7031,1968-04-28,#eb8600
Condors,MNP,1474.8196,1968-10-28,#eb8600
Condors,MNP,1456.0786,1968-11-14,#eb8600
Condors,MNP,1468.9032,1968-11-28,#eb8600
Condors,MNP,1482.5636,1968-12-14,#eb8600
Condors,MNP,1465.8246,1968-12-28,#eb8600
Condors,MNP,1412.7594,1969-01-14,#eb8600
Condors,MNP,1379.3995,1969-01-28,#eb8600
Condors,MNP,1359.5797,1969-02-14,#eb8600
Condors,MNP,1367.8586,1969-02-28,#eb8600
Condors,MNP,1338.2938,1969-03-14,#eb8600
Condors,MNP,1297.2461,1969-03-28,#eb8600
Condors,MNP,1309.7142,1969-04-14,#eb8600
Condors,PTP,1359.6006,1969-10-14,#eb8600
Condors,PTP,1383.1284,1969-10-28,#eb8600
Condors,PTP,1372.8611,1969-11-14,#eb8600
Condors,PTP,1333.5775,1969-11-28,#eb8600
Condors,PTP,1320.5596,1969-12-14,#eb8600
Condors,PTP,1295.0983,1969-12-28,#eb8600
Condors,PTP,1258.9885,1970-01-14,#eb8600
Condors,PTP,1256.7758,1970-01-28,#eb8600
Condors,PTP,1274.921,1970-02-14,#eb8600
Condors,PTP,1254.9871,1970-02-28,#eb8600
Condors,PTP,1264.9688,1970-03-14,#eb8600
Condors,PTP,1231.6563,1970-03-28,#eb8600
Condors,PTP,1285.795,1970-04-14,#eb8600
Condors,PTC,1345.3092,1970-04-28,#eb8600
Condors,PTC,1345.3092,1970-10-14,#eb8600
Condors,PTC,1320.7472,1970-10-28,#eb8600
Condors,PTC,1333.5829,1970-11-14,#eb8600
Condors,PTC,1322.8845,1970-11-28,#eb8600
Condors,PTC,1317.469,1970-12-28,#eb8600
Condors,PTC,1355.6365,1971-01-14,#eb8600
Condors,PTC,1359.4067,1971-01-28,#eb8600
Condors,PTC,1344.6265,1971-02-14,#eb8600
Condors,PTC,1374.8087,1971-02-28,#eb8600
Condors,PTC,1362.3278,1971-03-14,#eb8600
Condors,PTC,1379.7642,1971-03-28,#eb8600
Condors,PTC,1413.3751,1971-04-14,#eb8600
Condors,PTC,1413.3751,1971-04-28,#eb8600
Condors,PTC,1413.3751,1971-10-14,#eb8600
Condors,PTC,1413.3552,1971-10-28,#eb8600
Condors,PTC,1371.5961,1971-11-14,#eb8600
Condors,PTC,1370.3467,1971-11-28,#eb8600
Condors,PTC,1396.0867,1971-12-14,#eb8600
Condors,PTC,1341.1025,1971-12-28,#eb8600
Condors,PTC,1336.1826,1972-01-14,#eb8600
Condors,PTC,1320.6478,1972-01-28,#eb8600
Condors,PTC,1296.3237,1972-02-14,#eb8600
Condors,PTC,1237.5487,1972-03-14,#eb8600
Condors,PTC,1224.9379,1972-03-28,#eb8600
Colonels,KEN,1288.3286,1967-10-14,#1200d1
Colonels,KEN,1277.5709,1967-10-28,#1200d1
Colonels,KEN,1235.2469,1967-11-14,#1200d1
Colonels,KEN,1238.3379,1967-11-28,#1200d1
Colonels,KEN,1262.0449,1967-12-14,#1200d1
Colonels,KEN,1256.6567,1967-12-28,#1200d1
Colonels,KEN,1247.0216,1968-01-14,#1200d1
Colonels,KEN,1253.2113,1968-01-28,#1200d1
Colonels,KEN,1310.0051,1968-02-14,#1200d1
Colonels,KEN,1299.8043,1968-02-28,#1200d1
Colonels,KEN,1339.1093,1968-03-14,#1200d1
Colonels,KEN,1349.6445,1968-03-28,#1200d1
Colonels,KEN,1349.0367,1968-04-14,#1200d1
Colonels,KEN,1349.0367,1968-04-28,#1200d1
Colonels,KEN,1383.8796,1968-10-28,#1200d1
Colonels,KEN,1366.3275,1968-11-14,#1200d1
Colonels,KEN,1330.5813,1968-11-28,#1200d1
Colonels,KEN,1339.5255,1968-12-14,#1200d1
Colonels,KEN,1323.6899,1968-12-28,#1200d1
Colonels,KEN,1354.2355,1969-01-14,#1200d1
Colonels,KEN,1382.6296,1969-01-28,#1200d1
Colonels,KEN,1369.0039,1969-02-14,#1200d1
Colonels,KEN,1365.2521,1969-02-28,#1200d1
Colonels,KEN,1375.3926,1969-03-14,#1200d1
Colonels,KEN,1368.8802,1969-03-28,#1200d1
Colonels,KEN,1391.1666,1969-04-14,#1200d1
Colonels,KEN,1393.0114,1969-10-14,#1200d1
Colonels,KEN,1430.245,1969-10-28,#1200d1
Colonels,KEN,1434.2957,1969-11-14,#1200d1
Colonels,KEN,1446.6986,1969-11-28,#1200d1
Colonels,KEN,1411.0944,1969-12-14,#1200d1
Colonels,KEN,1407.7382,1969-12-28,#1200d1
Colonels,KEN,1428.9392,1970-01-14,#1200d1
Colonels,KEN,1413.5699,1970-01-28,#1200d1
Colonels,KEN,1389.4182,1970-02-14,#1200d1
Colonels,KEN,1375.5154,1970-02-28,#1200d1
Colonels,KEN,1370.0784,1970-03-14,#1200d1
Colonels,KEN,1397.4282,1970-03-28,#1200d1
Colonels,KEN,1401.3274,1970-04-14,#1200d1
Colonels,KEN,1400.3469,1970-04-28,#1200d1
Colonels,KEN,1406.9701,1970-10-14,#1200d1
Colonels,KEN,1403.636,1970-10-28,#1200d1
Colonels,KEN,1464.4204,1970-11-14,#1200d1
Colonels,KEN,1462.5229,1970-11-28,#1200d1
Colonels,KEN,1436.2069,1970-12-28,#1200d1
Colonels,KEN,1397.147,1971-01-14,#1200d1
Colonels,KEN,1405.293,1971-01-28,#1200d1
Colonels,KEN,1408.7948,1971-02-14,#1200d1
Colonels,KEN,1422.9141,1971-02-28,#1200d1
Colonels,KEN,1424.1504,1971-03-14,#1200d1
Colonels,KEN,1393.7473,1971-03-28,#1200d1
Colonels,KEN,1416.4817,1971-04-14,#1200d1
Colonels,KEN,1431.9058,1971-04-28,#1200d1
Colonels,KEN,1465.9935,1971-10-14,#1200d1
Colonels,KEN,1453.7202,1971-10-28,#1200d1
Colonels,KEN,1507.2434,1971-11-14,#1200d1
Colonels,KEN,1518.5151,1971-11-28,#1200d1
Colonels,KEN,1553.4231,1971-12-14,#1200d1
Colonels,KEN,1578.0293,1971-12-28,#1200d1
Colonels,KEN,1640.9302,1972-01-14,#1200d1
Colonels,KEN,1624.4529,1972-01-28,#1200d1
Colonels,KEN,1652.1678,1972-02-14,#1200d1
Colonels,KEN,1672.6328,1972-03-14,#1200d1
Colonels,KEN,1649.8937,1972-03-28,#1200d1
Colonels,KEN,1559.0105,1972-04-14,#1200d1
Colonels,KEN,1566.281,1972-10-14,#1200d1
Colonels,KEN,1575.0726,1972-10-28,#1200d1
Colonels,KEN,1540.8184,1972-11-14,#1200d1
Colonels,KEN,1530.1023,1972-11-28,#1200d1
Colonels,KEN,1560.6365,1972-12-14,#1200d1
Colonels,KEN,1590.9106,1972-12-28,#1200d1
Colonels,KEN,1586.0337,1973-01-14,#1200d1
Colonels,KEN,1591.3575,1973-01-28,#1200d1
Colonels,KEN,1590.2365,1973-02-14,#1200d1
Colonels,KEN,1596.287,1973-02-28,#1200d1
Colonels,KEN,1613.748,1973-03-14,#1200d1
Colonels,KEN,1650.5253,1973-03-28,#1200d1
Colonels,KEN,1638.6556,1973-04-14,#1200d1
Colonels,KEN,1630.4514,1973-04-28,#1200d1
Colonels,KEN,1612.0175,1973-10-14,#1200d1
Colonels,KEN,1630.5035,1973-10-28,#1200d1
Colonels,KEN,1598.2109,1973-11-14,#1200d1
Colonels,KEN,1575.7737,1973-11-28,#1200d1
Colonels,KEN,1556.9036,1973-12-14,#1200d1
Colonels,KEN,1573.7573,1973-12-28,#1200d1
Colonels,KEN,1582.3187,1974-01-14,#1200d1
Colonels,KEN,1555.6772,1974-01-28,#1200d1
Colonels,KEN,1591.4341,1974-02-14,#1200d1
Colonels,KEN,1581.8828,1974-02-28,#1200d1
Colonels,KEN,1590.2872,1974-03-14,#1200d1
Colonels,KEN,1578.2172,1974-03-28,#1200d1
Colonels,KEN,1587.3745,1974-04-14,#1200d1
Colonels,KEN,1556.8738,1974-04-28,#1200d1
Colonels,KEN,1602.9612,1974-11-14,#1200d1
Colonels,KEN,1590.6775,1974-11-28,#1200d1
Colonels,KEN,1552.8306,1974-12-14,#1200d1
Colonels,KEN,1587.0864,1974-12-28,#1200d1
Colonels,KEN,1601.1582,1975-01-14,#1200d1
Colonels,KEN,1614.5814,1975-01-28,#1200d1
Colonels,KEN,1642.7004,1975-02-14,#1200d1
Colonels,KEN,1630.8936,1975-02-28,#1200d1
Colonels,KEN,1599.453,1975-03-14,#1200d1
Colonels,KEN,1606.1031,1975-03-28,#1200d1
Colonels,KEN,1636.5721,1975-04-14,#1200d1
Colonels,KEN,1647.5076,1975-04-28,#1200d1
Colonels,KEN,1659.031,1975-05-14,#1200d1
Colonels,KEN,1626.865,1975-10-28,#1200d1
Colonels,KEN,1638.6206,1975-11-14,#1200d1
Colonels,KEN,1621.4508,1975-11-28,#1200d1
Colonels,KEN,1569.2725,1975-12-14,#1200d1
Colonels,KEN,1564.2083,1975-12-28,#1200d1
Colonels,KEN,1578.0249,1976-01-14,#1200d1
Colonels,KEN,1588.847,1976-01-28,#1200d1
Colonels,KEN,1562.6602,1976-02-14,#1200d1
Colonels,KEN,1520.5343,1976-02-28,#1200d1
Colonels,KEN,1542.9415,1976-03-14,#1200d1
Colonels,KEN,1525.2537,1976-03-28,#1200d1
Colonels,KEN,1505.3521,1976-04-14,#1200d1
Colonels,KEN,1546.7833,1976-04-28,#1200d1
Clippers,BUF,1227.1427,1970-12-28,#C8102E
Clippers,BUF,1211.1323,1971-01-14,#C8102E
Clippers,BUF,1199.0717,1971-01-28,#C8102E
Clippers,BUF,1197.5826,1971-02-14,#C8102E
Clippers,BUF,1179.2805,1971-02-28,#C8102E
Clippers,BUF,1228.0754,1971-03-14,#C8102E
Clippers,BUF,1266.5629,1971-03-28,#C8102E
Clippers,BUF,1266.5629,1971-04-14,#C8102E
Clippers,BUF,1266.5629,1971-04-28,#C8102E
Clippers,BUF,1273.4379,1971-10-14,#C8102E
Clippers,BUF,1261.4342,1971-10-28,#C8102E
Clippers,BUF,1321.6246,1971-11-14,#C8102E
Clippers,BUF,1285.535,1971-11-28,#C8102E
Clippers,BUF,1316.0601,1971-12-14,#C8102E
Clippers,BUF,1276.0065,1971-12-28,#C8102E
Clippers,BUF,1259.6528,1972-01-14,#C8102E
Clippers,BUF,1236.959,1972-01-28,#C8102E
Clippers,BUF,1224.6156,1972-02-14,#C8102E
Clippers,BUF,1213.3489,1972-03-14,#C8102E
Clippers,BUF,1286.4561,1972-03-28,#C8102E
Clippers,BUF,1286.4561,1972-04-14,#C8102E
Clippers,BUF,1289.7595,1972-10-14,#C8102E
Clippers,BUF,1275.1823,1972-10-28,#C8102E
Clippers,BUF,1257.8856,1972-11-14,#C8102E
Clippers,BUF,1217.8013,1972-11-28,#C8102E
Clippers,BUF,1243.9352,1972-12-14,#C8102E
Clippers,BUF,1252.5454,1972-12-28,#C8102E
Clippers,BUF,1285.0131,1973-01-14,#C8102E
Clippers,BUF,1286.7832,1973-01-28,#C8102E
Clippers,BUF,1262.3411,1973-02-14,#C8102E
Clippers,BUF,1228.1428,1973-02-28,#C8102E
Clippers,BUF,1244.7484,1973-03-14,#C8102E
Clippers,BUF,1205.1686,1973-03-28,#C8102E
Clippers,BUF,1286.167,1973-04-14,#C8102E
Clippers,BUF,1286.167,1973-04-28,#C8102E
Clippers,BUF,1281.0948,1973-10-14,#C8102E
Clippers,BUF,1335.0968,1973-10-28,#C8102E
Clippers,BUF,1320.5323,1973-11-14,#C8102E
Clippers,BUF,1356.9414,1973-11-28,#C8102E
Clippers,BUF,1370.3036,1973-12-14,#C8102E
Clippers,BUF,1376.5514,1973-12-28,#C8102E
Clippers,BUF,1427.0453,1974-01-14,#C8102E
Clippers,BUF,1403.1371,1974-01-28,#C8102E
Clippers,BUF,1451.4484,1974-02-14,#C8102E
Clippers,BUF,1535.9882,1974-02-28,#C8102E
Clippers,BUF,1527.4415,1974-03-14,#C8102E
Clippers,BUF,1499.0714,1974-03-28,#C8102E
Clippers,BUF,1514.2759,1974-04-14,#C8102E
Clippers,BUF,1514.2759,1974-04-28,#C8102E
Clippers,BUF,1568.7478,1974-11-14,#C8102E
Clippers,BUF,1586.2468,1974-11-28,#C8102E
Clippers,BUF,1586.3049,1974-12-14,#C8102E
Clippers,BUF,1561.7891,1974-12-28,#C8102E
Clippers,BUF,1547.1442,1975-01-14,#C8102E
Clippers,BUF,1569.5974,1975-01-28,#C8102E
Clippers,BUF,1526.522,1975-02-14,#C8102E
Clippers,BUF,1510.4791,1975-02-28,#C8102E
Clippers,BUF,1523.7941,1975-03-14,#C8102E
Clippers,BUF,1537.1519,1975-03-28,#C8102E
Clippers,BUF,1527.9966,1975-04-14,#C8102E
Clippers,BUF,1536.7794,1975-04-28,#C8102E
Clippers,BUF,1536.7794,1975-05-14,#C8102E
Clippers,BUF,1543.9176,1975-10-28,#C8102E
Clippers,BUF,1551.1759,1975-11-14,#C8102E
Clippers,BUF,1514.9209,1975-11-28,#C8102E
Clippers,BUF,1487.4404,1975-12-14,#C8102E
Clippers,BUF,1518.2479,1975-12-28,#C8102E
Clippers,BUF,1531.8038,1976-01-14,#C8102E
Clippers,BUF,1570.4053,1976-01-28,#C8102E
Clippers,BUF,1559.4001,1976-02-14,#C8102E
Clippers,BUF,1493.4528,1976-02-28,#C8102E
Clippers,BUF,1479.7275,1976-03-14,#C8102E
Clippers,BUF,1489.2339,1976-03-28,#C8102E
Clippers,BUF,1519.0074,1976-04-14,#C8102E
Clippers,BUF,1494.4392,1976-04-28,#C8102E
Clippers,BUF,1508.5321,1976-05-14,#C8102E
Clippers,BUF,1491.3635,1976-10-28,#C8102E
Clippers,BUF,1534.2772,1976-11-14,#C8102E
Clippers,BUF,1466.985,1976-11-28,#C8102E
Clippers,BUF,1466.6466,1976-12-14,#C8102E
Clippers,BUF,1457.9915,1976-12-28,#C8102E
Clippers,BUF,1434.5308,1977-01-14,#C8102E
Clippers,BUF,1403.5363,1977-01-28,#C8102E
Clippers,BUF,1406.1572,1977-03-14,#C8102E
Clippers,BUF,1417.1133,1977-04-14,#C8102E
Clippers,BUF,1409.0197,1977-10-28,#C8102E
Clippers,BUF,1433.0574,1977-11-28,#C8102E
Clippers,BUF,1426.6973,1977-12-14,#C8102E
Clippers,BUF,1417.114,1977-12-28,#C8102E
Clippers,BUF,1440.0614,1978-01-14,#C8102E
Clippers,BUF,1409.5833,1978-01-28,#C8102E
Clippers,BUF,1395.7216,1978-02-14,#C8102E
Clippers,BUF,1370.4823,1978-02-28,#C8102E
Clippers,BUF,1421.4315,1978-03-14,#C8102E
Clippers,BUF,1397.7271,1978-03-28,#C8102E
Clippers,SDC,1393.4178,1978-04-14,#C8102E
Clippers,SDC,1393.4178,1978-04-28,#C8102E
Clippers,SDC,1393.4178,1978-05-14,#C8102E
Clippers,SDC,1393.4178,1978-05-28,#C8102E
Clippers,SDC,1386.9554,1978-10-14,#C8102E
Clippers,SDC,1423.6191,1978-10-28,#C8102E
Clippers,SDC,1394.981,1978-11-14,#C8102E
Clippers,SDC,1394.5913,1978-11-28,#C8102E
Clippers,SDC,1401.0551,1978-12-14,#C8102E
Clippers,SDC,1411.2822,1978-12-28,#C8102E
Clippers,SDC,1422.3813,1979-01-14,#C8102E
Clippers,SDC,1450.5698,1979-01-28,#C8102E
Clippers,SDC,1458.0762,1979-02-14,#C8102E
Clippers,SDC,1513.3114,1979-02-28,#C8102E
Clippers,SDC,1538.333,1979-03-14,#C8102E
Clippers,SDC,1515.6298,1979-03-28,#C8102E
Clippers,SDC,1509.9845,1979-10-14,#C8102E
Clippers,SDC,1496.5758,1979-10-28,#C8102E
Clippers,SDC,1447.4952,1979-11-14,#C8102E
Clippers,SDC,1469.5433,1979-11-28,#C8102E
Clippers,SDC,1478.4255,1979-12-14,#C8102E
Clippers,SDC,1481.2097,1979-12-28,#C8102E
Clippers,SDC,1484.5687,1980-01-28,#C8102E
Clippers,SDC,1447.15,1980-02-14,#C8102E
Clippers,SDC,1431.7045,1980-02-28,#C8102E
Clippers,SDC,1444.618,1980-03-14,#C8102E
Clippers,SDC,1398.6188,1980-03-28,#C8102E
Clippers,SDC,1435.2599,1980-04-14,#C8102E
Clippers,SDC,1435.2599,1980-05-14,#C8102E
Clippers,SDC,1409.4105,1980-10-14,#C8102E
Clippers,SDC,1376.6302,1980-10-28,#C8102E
Clippers,SDC,1406.4227,1980-11-14,#C8102E
Clippers,SDC,1407.443,1980-11-28,#C8102E
Clippers,SDC,1420.2167,1980-12-14,#C8102E
Clippers,SDC,1457.8037,1980-12-28,#C8102E
Clippers,SDC,1445.5239,1981-01-14,#C8102E
Clippers,SDC,1441.9335,1981-01-28,#C8102E
Clippers,SDC,1455.0383,1981-02-14,#C8102E
Clippers,SDC,1495.5873,1981-02-28,#C8102E
Clippers,SDC,1472.2463,1981-03-14,#C8102E
Clippers,SDC,1459.5874,1981-03-28,#C8102E
Clippers,SDC,1483.1185,1981-04-14,#C8102E
Clippers,SDC,1483.1185,1981-05-14,#C8102E
Clippers,SDC,1449.9913,1981-11-14,#C8102E
Clippers,SDC,1445.4559,1981-11-28,#C8102E
Clippers,SDC,1379.9747,1981-12-28,#C8102E
Clippers,SDC,1388.1154,1982-01-14,#C8102E
Clippers,SDC,1386.8544,1982-01-28,#C8102E
Clippers,SDC,1352.2881,1982-02-14,#C8102E
Clippers,SDC,1363.4478,1982-02-28,#C8102E
Clippers,SDC,1340.2981,1982-03-14,#C8102E
Clippers,SDC,1304.006,1982-03-28,#C8102E
Clippers,SDC,1270.8718,1982-04-14,#C8102E
Clippers,SDC,1321.2,1982-04-28,#C8102E
Clippers,SDC,1321.2,1982-05-14,#C8102E
Clippers,SDC,1300.7933,1982-11-14,#C8102E
Clippers,SDC,1305.8365,1982-11-28,#C8102E
Clippers,SDC,1311.5974,1982-12-14,#C8102E
Clippers,SDC,1304.4873,1982-12-28,#C8102E
Clippers,SDC,1350.5785,1983-01-14,#C8102E
Clippers,SDC,1380.9126,1983-01-28,#C8102E
Clippers,SDC,1343.4919,1983-04-14,#C8102E
Clippers,SDC,1374.7704,1983-05-14,#C8102E
Clippers,SDC,1374.7704,1983-10-28,#C8102E
Clippers,SDC,1400.6885,1983-11-28,#C8102E
Clippers,SDC,1384.7887,1983-12-14,#C8102E
Clippers,SDC,1397.1228,1983-12-28,#C8102E
Clippers,SDC,1374.4352,1984-01-14,#C8102E
Clippers,SDC,1392.1586,1984-02-14,#C8102E
Clippers,SDC,1412.9377,1984-02-28,#C8102E
Clippers,SDC,1411.5519,1984-03-14,#C8102E
Clippers,SDC,1412.7418,1984-03-28,#C8102E
Clippers,SDC,1413.1757,1984-04-14,#C8102E
Clippers,LAC,1451.7338,1984-04-28,#C8102E
Clippers,LAC,1449.5544,1984-10-28,#C8102E
Clippers,LAC,1404.9141,1984-11-14,#C8102E
Clippers,LAC,1411.3353,1984-11-28,#C8102E
Clippers,LAC,1454.3922,1984-12-14,#C8102E
Clippers,LAC,1446.9348,1984-12-28,#C8102E
Clippers,LAC,1471.4077,1985-01-14,#C8102E
Clippers,LAC,1442.8062,1985-01-28,#C8102E
Clippers,LAC,1414.1885,1985-02-14,#C8102E
Clippers,LAC,1375.7699,1985-02-28,#C8102E
Clippers,LAC,1350.6984,1985-03-14,#C8102E
Clippers,LAC,1361.5439,1985-03-28,#C8102E
Clippers,LAC,1394.9297,1985-04-14,#C8102E
Clippers,LAC,1432.1097,1985-04-28,#C8102E
Clippers,LAC,1432.1097,1985-05-14,#C8102E
Clippers,LAC,1410.6868,1985-11-14,#C8102E
Clippers,LAC,1331.9053,1985-12-14,#C8102E
Clippers,LAC,1339.293,1985-12-28,#C8102E
Clippers,LAC,1331.5176,1986-01-14,#C8102E
Clippers,LAC,1393.168,1986-01-28,#C8102E
Clippers,LAC,1406.8411,1986-02-14,#C8102E
Clippers,LAC,1403.0692,1986-02-28,#C8102E
Clippers,LAC,1373.1979,1986-03-14,#C8102E
Clippers,LAC,1365.1362,1986-03-28,#C8102E
Clippers,LAC,1419.2365,1986-11-14,#C8102E
Clippers,LAC,1363.9811,1986-11-28,#C8102E
Clippers,LAC,1342.2874,1986-12-14,#C8102E
Clippers,LAC,1308.9264,1986-12-28,#C8102E
Clippers,LAC,1308.5764,1987-01-14,#C8102E
Clippers,LAC,1291.8446,1987-01-28,#C8102E
Clippers,LAC,1293.4084,1987-02-14,#C8102E
Clippers,LAC,1304.2605,1987-02-28,#C8102E
Clippers,LAC,1284.7845,1987-03-14,#C8102E
Clippers,LAC,1265.0264,1987-03-28,#C8102E
Clippers,LAC,1224.6708,1987-04-14,#C8102E
Clippers,LAC,1274.7671,1987-04-28,#C8102E
Clippers,LAC,1274.7671,1987-05-14,#C8102E
Clippers,LAC,1274.7671,1987-05-28,#C8102E
Clippers,LAC,1274.7671,1987-06-14,#C8102E
Clippers,LAC,1286.5735,1987-11-14,#C8102E
Clippers,LAC,1319.1526,1987-11-28,#C8102E
Clippers,LAC,1330.0891,1987-12-14,#C8102E
Clippers,LAC,1303.1633,1987-12-28,#C8102E
Clippers,LAC,1279.8539,1988-01-14,#C8102E
Clippers,LAC,1273.6053,1988-01-28,#C8102E
Clippers,LAC,1264.3674,1988-02-14,#C8102E
Clippers,LAC,1239.9998,1988-02-28,#C8102E
Clippers,LAC,1220.8691,1988-03-14,#C8102E
Clippers,LAC,1241.136,1988-03-28,#C8102E
Clippers,LAC,1249.775,1988-04-14,#C8102E
Clippers,LAC,1298.2817,1988-04-28,#C8102E
Clippers,LAC,1298.2817,1988-05-14,#C8102E
Clippers,LAC,1298.2817,1988-05-28,#C8102E
Clippers,LAC,1298.2817,1988-06-14,#C8102E
Clippers,LAC,1317.6339,1988-11-14,#C8102E
Clippers,LAC,1332.1533,1988-11-28,#C8102E
Clippers,LAC,1306.2234,1988-12-14,#C8102E
Clippers,LAC,1328.3324,1988-12-28,#C8102E
Clippers,LAC,1278.8361,1989-01-14,#C8102E
Clippers,LAC,1262.9059,1989-01-28,#C8102E
Clippers,LAC,1241.3511,1989-02-14,#C8102E
Clippers,LAC,1206.8214,1989-02-28,#C8102E
Clippers,LAC,1221.2587,1989-03-14,#C8102E
Clippers,LAC,1233.3677,1989-03-28,#C8102E
Clippers,LAC,1274.1775,1989-04-14,#C8102E
Clippers,LAC,1351.8435,1989-04-28,#C8102E
Clippers,LAC,1351.8435,1989-05-14,#C8102E
Clippers,LAC,1351.8435,1989-05-28,#C8102E
Clippers,LAC,1332.6239,1989-11-14,#C8102E
Clippers,LAC,1350.8329,1989-11-28,#C8102E
Clippers,LAC,1385.8715,1989-12-14,#C8102E
Clippers,LAC,1412.6333,1989-12-28,#C8102E
Clippers,LAC,1461.0245,1990-01-14,#C8102E
Clippers,LAC,1457.8618,1990-01-28,#C8102E
Clippers,LAC,1399.4733,1990-02-14,#C8102E
Clippers,LAC,1364.0122,1990-02-28,#C8102E
Clippers,LAC,1349.9545,1990-03-14,#C8102E
Clippers,LAC,1335.7058,1990-03-28,#C8102E
Clippers,LAC,1349.5038,1990-04-14,#C8102E
Clippers,LAC,1383.24,1990-04-28,#C8102E
Clippers,LAC,1383.24,1990-05-28,#C8102E
Clippers,LAC,1383.24,1990-06-14,#C8102E
Clippers,LAC,1367.1586,1990-11-14,#C8102E
Clippers,LAC,1377.0908,1990-11-28,#C8102E
Clippers,LAC,1414.8844,1990-12-14,#C8102E
Clippers,LAC,1384.1356,1990-12-28,#C8102E
Clippers,LAC,1369.4408,1991-01-14,#C8102E
Clippers,LAC,1373.1019,1991-01-28,#C8102E
Clippers,LAC,1366.9436,1991-02-14,#C8102E
Clippers,LAC,1373.1772,1991-02-28,#C8102E
Clippers,LAC,1360.9237,1991-03-14,#C8102E
Clippers,LAC,1432.1129,1991-03-28,#C8102E
Clippers,LAC,1421.2791,1991-04-14,#C8102E
Clippers,LAC,1428.1918,1991-04-28,#C8102E
Clippers,LAC,1428.1918,1991-05-14,#C8102E
Clippers,LAC,1428.1918,1991-05-28,#C8102E
Clippers,LAC,1461.6984,1991-11-14,#C8102E
Clippers,LAC,1480.4467,1991-12-14,#C8102E
Clippers,LAC,1469.2781,1991-12-28,#C8102E
Clippers,LAC,1445.0695,1992-01-14,#C8102E
Clippers,LAC,1423.9867,1992-01-28,#C8102E
Clippers,LAC,1449.123,1992-02-14,#C8102E
Clippers,LAC,1479.2028,1992-02-28,#C8102E
Clippers,LAC,1487.2222,1992-03-14,#C8102E
Clippers,LAC,1543.8135,1992-03-28,#C8102E
Clippers,LAC,1555.6407,1992-04-14,#C8102E
Clippers,LAC,1546.9009,1992-04-28,#C8102E
Clippers,LAC,1532.0635,1992-05-14,#C8102E
Clippers,LAC,1532.0635,1992-05-28,#C8102E
Clippers,LAC,1532.0635,1992-06-14,#C8102E
Clippers,LAC,1541.8103,1992-11-14,#C8102E
Clippers,LAC,1553.0752,1992-11-28,#C8102E
Clippers,LAC,1573.769,1992-12-14,#C8102E
Clippers,LAC,1536.8145,1992-12-28,#C8102E
Clippers,LAC,1506.561,1993-01-14,#C8102E
Clippers,LAC,1532.1631,1993-01-28,#C8102E
Clippers,LAC,1530.7908,1993-02-14,#C8102E
Clippers,LAC,1533.072,1993-02-28,#C8102E
Clippers,LAC,1504.3271,1993-03-14,#C8102E
Clippers,LAC,1475.052,1993-03-28,#C8102E
Clippers,LAC,1502.016,1993-04-14,#C8102E
Clippers,LAC,1514.7515,1993-05-14,#C8102E
Clippers,LAC,1514.7515,1993-05-28,#C8102E
Clippers,LAC,1503.5112,1993-11-14,#C8102E
Clippers,LAC,1505.9712,1993-11-28,#C8102E
Clippers,LAC,1480.6377,1993-12-14,#C8102E
Clippers,LAC,1419.5348,1993-12-28,#C8102E
Clippers,LAC,1388.1991,1994-01-14,#C8102E
Clippers,LAC,1404.7676,1994-01-28,#C8102E
Clippers,LAC,1374.3953,1994-02-28,#C8102E
Clippers,LAC,1401.1552,1994-03-14,#C8102E
Clippers,LAC,1398.2106,1994-03-28,#C8102E
Clippers,LAC,1355.3195,1994-04-14,#C8102E
Clippers,LAC,1356.2115,1994-04-28,#C8102E
Clippers,LAC,1356.2115,1994-05-14,#C8102E
Clippers,LAC,1356.2115,1994-05-28,#C8102E
Clippers,LAC,1337.4919,1994-11-14,#C8102E
Clippers,LAC,1308.1563,1994-11-28,#C8102E
Clippers,LAC,1316.2473,1994-12-14,#C8102E
Clippers,LAC,1296.9827,1994-12-28,#C8102E
Clippers,LAC,1284.2755,1995-01-14,#C8102E
Clippers,LAC,1298.4659,1995-01-28,#C8102E
Clippers,LAC,1304.0592,1995-02-14,#C8102E
Clippers,LAC,1325.1359,1995-02-28,#C8102E
Clippers,LAC,1333.2654,1995-03-14,#C8102E
Clippers,LAC,1293.598,1995-03-28,#C8102E
Clippers,LAC,1302.4283,1995-04-14,#C8102E
Clippers,LAC,1376.8986,1995-04-28,#C8102E
Clippers,LAC,1376.8986,1995-05-14,#C8102E
Clippers,LAC,1376.8986,1995-05-28,#C8102E
Clippers,LAC,1376.8986,1995-06-14,#C8102E
Clippers,LAC,1396.5923,1995-11-14,#C8102E
Clippers,LAC,1403.9475,1995-11-28,#C8102E
Clippers,LAC,1371.4792,1995-12-14,#C8102E
Clippers,LAC,1405.7015,1995-12-28,#C8102E
Clippers,LAC,1408.7493,1996-01-14,#C8102E
Clippers,LAC,1384.9524,1996-01-28,#C8102E
Clippers,LAC,1337.1614,1996-02-14,#C8102E
Clippers,LAC,1351.8733,1996-02-28,#C8102E
Clippers,LAC,1382.2703,1996-03-14,#C8102E
Clippers,LAC,1388.8906,1996-03-28,#C8102E
Clippers,LAC,1393.8945,1996-04-14,#C8102E
Clippers,LAC,1420.7834,1996-04-28,#C8102E
Clippers,LAC,1420.7834,1996-05-14,#C8102E
Clippers,LAC,1420.7834,1996-05-28,#C8102E
Clippers,LAC,1420.7834,1996-06-14,#C8102E
Clippers,LAC,1423.6265,1996-11-14,#C8102E
Clippers,LAC,1416.7164,1996-11-28,#C8102E
Clippers,LAC,1400.0251,1996-12-14,#C8102E
Clippers,LAC,1396.786,1996-12-28,#C8102E
Clippers,LAC,1414.9641,1997-01-14,#C8102E
Clippers,LAC,1405.6395,1997-01-28,#C8102E
Clippers,LAC,1429.297,1997-02-14,#C8102E
Clippers,LAC,1441.1268,1997-02-28,#C8102E
Clippers,LAC,1417.6753,1997-03-14,#C8102E
Clippers,LAC,1428.0991,1997-03-28,#C8102E
Clippers,LAC,1455.1829,1997-04-14,#C8102E
Clippers,LAC,1424.059,1997-04-28,#C8102E
Clippers,LAC,1439.3734,1997-05-14,#C8102E
Clippers,LAC,1439.3734,1997-05-28,#C8102E
Clippers,LAC,1394.8391,1997-11-14,#C8102E
Clippers,LAC,1367.5504,1997-11-28,#C8102E
Clippers,LAC,1353.735,1997-12-14,#C8102E
Clippers,LAC,1358.7656,1997-12-28,#C8102E
Clippers,LAC,1337.9216,1998-01-14,#C8102E
Clippers,LAC,1297.4618,1998-01-28,#C8102E
Clippers,LAC,1289.7076,1998-02-14,#C8102E
Clippers,LAC,1283.7488,1998-02-28,#C8102E
Clippers,LAC,1295.7975,1998-03-14,#C8102E
Clippers,LAC,1295.5508,1998-03-28,#C8102E
Clippers,LAC,1234.9688,1998-04-14,#C8102E
Clippers,LAC,1302.5615,1998-04-28,#C8102E
Clippers,LAC,1302.5615,1998-06-14,#C8102E
Clippers,LAC,1285.073,1999-02-14,#C8102E
Clippers,LAC,1236.9456,1999-02-28,#C8102E
Clippers,LAC,1242.4036,1999-03-14,#C8102E
Clippers,LAC,1294.6173,1999-03-28,#C8102E
Clippers,LAC,1310.307,1999-04-14,#C8102E
Clippers,LAC,1308.7268,1999-04-28,#C8102E
Clippers,LAC,1337.5844,1999-05-14,#C8102E
Clippers,LAC,1325.3444,1999-11-14,#C8102E
Clippers,LAC,1344.1317,1999-11-28,#C8102E
Clippers,LAC,1315.2173,1999-12-14,#C8102E
Clippers,LAC,1335.7195,1999-12-28,#C8102E
Clippers,LAC,1332.7629,2000-01-14,#C8102E
Clippers,LAC,1314.6534,2000-01-28,#C8102E
Clippers,LAC,1221.5192,2000-02-28,#C8102E
Clippers,LAC,1233.0956,2000-03-14,#C8102E
Clippers,LAC,1196.3553,2000-03-28,#C8102E
Clippers,LAC,1179.3364,2000-04-14,#C8102E
Clippers,LAC,1274.9213,2000-04-28,#C8102E
Clippers,LAC,1274.9213,2000-05-14,#C8102E
Clippers,LAC,1274.9213,2000-05-28,#C8102E
Clippers,LAC,1274.9213,2000-06-14,#C8102E
Clippers,LAC,1278.0848,2000-11-14,#C8102E
Clippers,LAC,1291.2411,2000-11-28,#C8102E
Clippers,LAC,1333.1306,2000-12-14,#C8102E
Clippers,LAC,1332.7369,2000-12-28,#C8102E
Clippers,LAC,1374.734,2001-01-14,#C8102E
Clippers,LAC,1343.0546,2001-01-28,#C8102E
Clippers,LAC,1377.3574,2001-02-14,#C8102E
Clippers,LAC,1396.3894,2001-02-28,#C8102E
Clippers,LAC,1415.025,2001-03-14,#C8102E
Clippers,LAC,1429.1121,2001-03-28,#C8102E
Clippers,LAC,1443.5106,2001-04-14,#C8102E
Clippers,LAC,1469.3685,2001-04-28,#C8102E
Clippers,LAC,1469.3685,2001-05-14,#C8102E
Clippers,LAC,1469.3685,2001-05-28,#C8102E
Clippers,LAC,1472.4402,2001-11-14,#C8102E
Clippers,LAC,1478.8329,2001-11-28,#C8102E
Clippers,LAC,1500.4268,2001-12-14,#C8102E
Clippers,LAC,1498.6254,2001-12-28,#C8102E
Clippers,LAC,1492.7668,2002-01-14,#C8102E
Clippers,LAC,1478.0909,2002-01-28,#C8102E
Clippers,LAC,1486.0017,2002-02-14,#C8102E
Clippers,LAC,1511.8804,2002-02-28,#C8102E
Clippers,LAC,1547.6643,2002-03-14,#C8102E
Clippers,LAC,1532.5648,2002-03-28,#C8102E
Clippers,LAC,1493.8892,2002-04-14,#C8102E
Clippers,LAC,1482.3372,2002-04-28,#C8102E
Clippers,LAC,1482.3372,2002-05-14,#C8102E
Clippers,LAC,1482.3372,2002-05-28,#C8102E
Clippers,LAC,1475.213,2002-11-14,#C8102E
Clippers,LAC,1467.0759,2002-11-28,#C8102E
Clippers,LAC,1495.0862,2002-12-14,#C8102E
Clippers,LAC,1465.5193,2002-12-28,#C8102E
Clippers,LAC,1423.2145,2003-01-14,#C8102E
Clippers,LAC,1441.4547,2003-01-28,#C8102E
Clippers,LAC,1404.444,2003-02-14,#C8102E
Clippers,LAC,1387.1157,2003-02-28,#C8102E
Clippers,LAC,1365.0311,2003-03-14,#C8102E
Clippers,LAC,1351.1779,2003-03-28,#C8102E
Clippers,LAC,1384.0536,2003-04-14,#C8102E
Clippers,LAC,1417.4043,2003-04-28,#C8102E
Clippers,LAC,1417.4043,2003-05-14,#C8102E
Clippers,LAC,1417.4043,2003-10-28,#C8102E
Clippers,LAC,1439.0054,2003-11-14,#C8102E
Clippers,LAC,1392.4595,2003-11-28,#C8102E
Clippers,LAC,1444.9011,2003-12-14,#C8102E
Clippers,LAC,1458.2397,2003-12-28,#C8102E
Clippers,LAC,1450.6301,2004-01-14,#C8102E
Clippers,LAC,1440.0164,2004-01-28,#C8102E
Clippers,LAC,1436.675,2004-02-28,#C8102E
Clippers,LAC,1421.6158,2004-03-14,#C8102E
Clippers,LAC,1374.1761,2004-03-28,#C8102E
Clippers,LAC,1334.3719,2004-04-14,#C8102E
Clippers,LAC,1401.7954,2004-04-28,#C8102E
Clippers,LAC,1401.7954,2004-05-14,#C8102E
Clippers,LAC,1401.7954,2004-05-28,#C8102E
Clippers,LAC,1466.946,2004-11-14,#C8102E
Clippers,LAC,1471.9969,2004-11-28,#C8102E
Clippers,LAC,1468.4768,2004-12-14,#C8102E
Clippers,LAC,1444.6161,2004-12-28,#C8102E
Clippers,LAC,1466.2866,2005-01-14,#C8102E
Clippers,LAC,1468.8822,2005-01-28,#C8102E
Clippers,LAC,1462.6534,2005-02-14,#C8102E
Clippers,LAC,1459.5638,2005-02-28,#C8102E
Clippers,LAC,1475.0098,2005-03-14,#C8102E
Clippers,LAC,1464.6191,2005-03-28,#C8102E
Clippers,LAC,1461.0947,2005-04-14,#C8102E
Clippers,LAC,1492.9565,2005-04-28,#C8102E
Clippers,LAC,1492.9565,2005-05-14,#C8102E
Clippers,LAC,1492.9565,2005-05-28,#C8102E
Clippers,LAC,1492.9565,2005-06-14,#C8102E
Clippers,LAC,1511.1819,2005-11-14,#C8102E
Clippers,LAC,1529.6166,2005-11-28,#C8102E
Clippers,LAC,1529.9447,2005-12-14,#C8102E
Clippers,LAC,1477.2731,2005-12-28,#C8102E
Clippers,LAC,1493.1069,2006-01-14,#C8102E
Clippers,LAC,1546.394,2006-01-28,#C8102E
Clippers,LAC,1523.9817,2006-02-14,#C8102E
Clippers,LAC,1535.6328,2006-02-28,#C8102E
Clippers,LAC,1546.7523,2006-03-14,#C8102E
Clippers,LAC,1549.0247,2006-03-28,#C8102E
Clippers,LAC,1557.8567,2006-04-14,#C8102E
Clippers,LAC,1568.637,2006-04-28,#C8102E
Clippers,LAC,1601.739,2006-05-14,#C8102E
Clippers,LAC,1565.8588,2006-05-28,#C8102E
Clippers,LAC,1576.5802,2006-11-14,#C8102E
Clippers,LAC,1528.9207,2006-11-28,#C8102E
Clippers,LAC,1498.1328,2006-12-14,#C8102E
Clippers,LAC,1500.5498,2006-12-28,#C8102E
Clippers,LAC,1487.5765,2007-01-14,#C8102E
Clippers,LAC,1510.9856,2007-01-28,#C8102E
Clippers,LAC,1479.7927,2007-02-14,#C8102E
Clippers,LAC,1481.6835,2007-02-28,#C8102E
Clippers,LAC,1454.6417,2007-03-14,#C8102E
Clippers,LAC,1511.7517,2007-03-28,#C8102E
Clippers,LAC,1525.2568,2007-04-14,#C8102E
Clippers,LAC,1529.2542,2007-04-28,#C8102E
Clippers,LAC,1529.2542,2007-05-14,#C8102E
Clippers,LAC,1529.2542,2007-05-28,#C8102E
Clippers,LAC,1529.2542,2007-06-14,#C8102E
Clippers,LAC,1541.1637,2007-11-14,#C8102E
Clippers,LAC,1475.3821,2007-11-28,#C8102E
Clippers,LAC,1461.3119,2007-12-14,#C8102E
Clippers,LAC,1430.5884,2007-12-28,#C8102E
Clippers,LAC,1420.0856,2008-01-14,#C8102E
Clippers,LAC,1408.214,2008-01-28,#C8102E
Clippers,LAC,1419.3879,2008-02-14,#C8102E
Clippers,LAC,1406.714,2008-02-28,#C8102E
Clippers,LAC,1360.8955,2008-03-14,#C8102E
Clippers,LAC,1325.1511,2008-03-28,#C8102E
Clippers,LAC,1317.2687,2008-04-14,#C8102E
Clippers,LAC,1351.7787,2008-04-28,#C8102E
Clippers,LAC,1351.7787,2008-05-14,#C8102E
Clippers,LAC,1351.7787,2008-05-28,#C8102E
Clippers,LAC,1351.7787,2008-10-28,#C8102E
Clippers,LAC,1328.1353,2008-11-14,#C8102E
Clippers,LAC,1334.8807,2008-11-28,#C8102E
Clippers,LAC,1399.8346,2008-12-14,#C8102E
Clippers,LAC,1364.0758,2008-12-28,#C8102E
Clippers,LAC,1324.9525,2009-01-14,#C8102E
Clippers,LAC,1292.6022,2009-01-28,#C8102E
Clippers,LAC,1333.2258,2009-02-28,#C8102E
Clippers,LAC,1290.2899,2009-03-14,#C8102E
Clippers,LAC,1299.7313,2009-03-28,#C8102E
Clippers,LAC,1255.522,2009-04-14,#C8102E
Clippers,LAC,1317.2549,2009-04-28,#C8102E
Clippers,LAC,1317.2549,2009-05-14,#C8102E
Clippers,LAC,1317.2549,2009-05-28,#C8102E
Clippers,LAC,1317.2549,2009-06-14,#C8102E
Clippers,LAC,1314.2346,2009-10-28,#C8102E
Clippers,LAC,1335.2874,2009-11-14,#C8102E
Clippers,LAC,1365.3059,2009-11-28,#C8102E
Clippers,LAC,1355.6217,2009-12-14,#C8102E
Clippers,LAC,1382.2819,2009-12-28,#C8102E
Clippers,LAC,1422.955,2010-01-14,#C8102E
Clippers,LAC,1405.7053,2010-01-28,#C8102E
Clippers,LAC,1376.1293,2010-02-28,#C8102E
Clippers,LAC,1340.2451,2010-03-14,#C8102E
Clippers,LAC,1330.2837,2010-03-28,#C8102E
Clippers,LAC,1320.519,2010-04-14,#C8102E
Clippers,LAC,1359.6786,2010-04-28,#C8102E
Clippers,LAC,1359.6786,2010-05-28,#C8102E
Clippers,LAC,1352.6617,2010-10-28,#C8102E
Clippers,LAC,1321.7137,2010-11-14,#C8102E
Clippers,LAC,1316.9971,2010-11-28,#C8102E
Clippers,LAC,1318.6051,2010-12-14,#C8102E
Clippers,LAC,1368.738,2010-12-28,#C8102E
Clippers,LAC,1399.9137,2011-01-14,#C8102E
Clippers,LAC,1427.9611,2011-01-28,#C8102E
Clippers,LAC,1405.9904,2011-02-14,#C8102E
Clippers,LAC,1393.5776,2011-02-28,#C8102E
Clippers,LAC,1440.6548,2011-03-14,#C8102E
Clippers,LAC,1422.4988,2011-03-28,#C8102E
Clippers,LAC,1478.7362,2011-04-28,#C8102E
Clippers,LAC,1471.3718,2011-12-28,#C8102E
Clippers,LAC,1508.3578,2012-01-14,#C8102E
Clippers,LAC,1512.1716,2012-01-28,#C8102E
Clippers,LAC,1545.3345,2012-02-14,#C8102E
Clippers,LAC,1526.0795,2012-02-28,#C8102E
Clippers,LAC,1533.2522,2012-03-14,#C8102E
Clippers,LAC,1531.3014,2012-03-28,#C8102E
Clippers,LAC,1582.2233,2012-04-14,#C8102E
Clippers,LAC,1597.1866,2012-04-28,#C8102E
Clippers,LAC,1596.6367,2012-05-14,#C8102E
Clippers,LAC,1567.9476,2012-05-28,#C8102E
Clippers,LAC,1567.9476,2012-06-14,#C8102E
Clippers,LAC,1595.3176,2012-11-14,#C8102E
Clippers,LAC,1576.3501,2012-11-28,#C8102E
Clippers,LAC,1633.9995,2012-12-14,#C8102E
Clippers,LAC,1677.3761,2012-12-28,#C8102E
Clippers,LAC,1673.431,2013-01-14,#C8102E
Clippers,LAC,1657.2223,2013-01-28,#C8102E
Clippers,LAC,1656.2739,2013-02-14,#C8102E
Clippers,LAC,1652.4404,2013-02-28,#C8102E
Clippers,LAC,1639.1637,2013-03-14,#C8102E
Clippers,LAC,1625.8818,2013-03-28,#C8102E
Clippers,LAC,1636.0679,2013-04-14,#C8102E
Clippers,LAC,1620.4568,2013-04-28,#C8102E
Clippers,LAC,1575.4142,2013-05-14,#C8102E
Clippers,LAC,1575.4142,2013-05-28,#C8102E
Clippers,LAC,1612.8456,2013-11-14,#C8102E
Clippers,LAC,1624.6477,2013-12-14,#C8102E
Clippers,LAC,1648.5902,2013-12-28,#C8102E
Clippers,LAC,1633.1016,2014-01-14,#C8102E
Clippers,LAC,1663.1285,2014-01-28,#C8102E
Clippers,LAC,1664.6746,2014-02-28,#C8102E
Clippers,LAC,1699.2661,2014-03-14,#C8102E
Clippers,LAC,1702.1838,2014-03-28,#C8102E
Clippers,LAC,1694.9344,2014-04-14,#C8102E
Clippers,LAC,1685.4128,2014-04-28,#C8102E
Clippers,LAC,1672.5115,2014-05-14,#C8102E
Clippers,LAC,1633.9928,2014-05-28,#C8102E
Clippers,LAC,1633.9928,2014-10-28,#C8102E
Clippers,LAC,1614.8687,2014-11-14,#C8102E
Clippers,LAC,1650.4938,2014-11-28,#C8102E
Clippers,LAC,1656.7434,2014-12-14,#C8102E
Clippers,LAC,1636.153,2014-12-28,#C8102E
Clippers,LAC,1624.6722,2015-01-14,#C8102E
Clippers,LAC,1652.1564,2015-01-28,#C8102E
Clippers,LAC,1672.9873,2015-02-28,#C8102E
Clippers,LAC,1644.5309,2015-03-14,#C8102E
Clippers,LAC,1679.387,2015-03-28,#C8102E
Clippers,LAC,1705.4121,2015-04-14,#C8102E
Clippers,LAC,1701.9489,2015-04-28,#C8102E
Clippers,LAC,1704.4277,2015-05-14,#C8102E
Celtics,BOS,1267.1501,1946-11-14,#007A33
Celtics,BOS,1233.7903,1946-11-28,#007A33
Celtics,BOS,1226.2948,1946-12-14,#007A33
Celtics,BOS,1198.3969,1946-12-28,#007A33
Celtics,BOS,1222.4307,1947-01-14,#007A33
Celtics,BOS,1222.5165,1947-01-28,#007A33
Celtics,BOS,1236.5378,1947-02-14,#007A33
Celtics,BOS,1226.672,1947-02-28,#007A33
Celtics,BOS,1205.2825,1947-03-14,#007A33
Celtics,BOS,1205.7163,1947-03-28,#007A33
Celtics,BOS,1285.9733,1947-04-14,#007A33
Celtics,BOS,1280.8508,1947-11-14,#007A33
Celtics,BOS,1296.5094,1947-11-28,#007A33
Celtics,BOS,1308.2306,1947-12-28,#007A33
Celtics,BOS,1330.6771,1948-01-14,#007A33
Celtics,BOS,1289.4725,1948-01-28,#007A33
Celtics,BOS,1272.4315,1948-02-14,#007A33
Celtics,BOS,1292.9001,1948-02-28,#007A33
Celtics,BOS,1304.9589,1948-03-28,#007A33
Celtics,BOS,1380.1962,1948-11-14,#007A33
Celtics,BOS,1368.9742,1948-11-28,#007A33
Celtics,BOS,1363.0594,1948-12-14,#007A33
Celtics,BOS,1355.1859,1948-12-28,#007A33
Celtics,BOS,1329.2904,1949-01-14,#007A33
Celtics,BOS,1284.6344,1949-01-28,#007A33
Celtics,BOS,1350.0612,1949-02-28,#007A33
Celtics,BOS,1388.0615,1949-11-28,#007A33
Celtics,BOS,1384.1248,1949-12-14,#007A33
Celtics,BOS,1452.4598,1949-12-28,#007A33
Celtics,BOS,1449.4409,1950-01-14,#007A33
Celtics,BOS,1433.9666,1950-01-28,#007A33
Celtics,BOS,1405.1426,1950-02-14,#007A33
Celtics,BOS,1406.1687,1950-02-28,#007A33
Celtics,BOS,1357.936,1950-03-14,#007A33
Celtics,BOS,1383.752,1950-03-28,#007A33
Celtics,BOS,1383.752,1950-04-14,#007A33
Celtics,BOS,1425.4706,1950-11-14,#007A33
Celtics,BOS,1447.5173,1950-11-28,#007A33
Celtics,BOS,1422.2737,1950-12-14,#007A33
Celtics,BOS,1435.671,1950-12-28,#007A33
Celtics,BOS,1478.3385,1951-01-14,#007A33
Celtics,BOS,1489.5007,1951-01-28,#007A33
Celtics,BOS,1502.8417,1951-02-14,#007A33
Celtics,BOS,1509.6455,1951-02-28,#007A33
Celtics,BOS,1523.0966,1951-03-14,#007A33
Celtics,BOS,1503.9678,1951-03-28,#007A33
Celtics,BOS,1525.7272,1951-11-14,#007A33
Celtics,BOS,1552.8406,1951-11-28,#007A33
Celtics,BOS,1549.9711,1951-12-14,#007A33
Celtics,BOS,1527.6848,1952-02-14,#007A33
Celtics,BOS,1562.3091,1952-02-28,#007A33
Celtics,BOS,1570.2065,1952-03-14,#007A33
Celtics,BOS,1553.3016,1952-11-14,#007A33
Celtics,BOS,1591.3561,1952-11-28,#007A33
Celtics,BOS,1564.9594,1952-12-14,#007A33
Celtics,BOS,1570.7307,1952-12-28,#007A33
Celtics,BOS,1562.3618,1953-01-14,#007A33
Celtics,BOS,1543.4683,1953-01-28,#007A33
Celtics,BOS,1546.7581,1953-02-14,#007A33
Celtics,BOS,1545.1036,1953-02-28,#007A33
Celtics,BOS,1581.4429,1953-03-14,#007A33
Celtics,BOS,1599.8497,1953-03-28,#007A33
Celtics,BOS,1551.2506,1953-11-14,#007A33
Celtics,BOS,1533.1494,1953-11-28,#007A33
Celtics,BOS,1526.3329,1953-12-28,#007A33
Celtics,BOS,1574.9513,1954-01-14,#007A33
Celtics,BOS,1544.8398,1954-01-28,#007A33
Celtics,BOS,1565.1915,1954-02-14,#007A33
Celtics,BOS,1592.2985,1954-02-28,#007A33
Celtics,BOS,1599.2255,1954-03-14,#007A33
Celtics,BOS,1565.5632,1954-03-28,#007A33
Celtics,BOS,1554.6187,1954-11-14,#007A33
Celtics,BOS,1557.1702,1954-11-28,#007A33
Celtics,BOS,1565.913,1954-12-14,#007A33
Celtics,BOS,1551.0415,1954-12-28,#007A33
Celtics,BOS,1589.3979,1955-01-14,#007A33
Celtics,BOS,1559.6548,1955-01-28,#007A33
Celtics,BOS,1495.6797,1955-02-14,#007A33
Celtics,BOS,1468.5117,1955-02-28,#007A33
Celtics,BOS,1494.5989,1955-03-14,#007A33
Celtics,BOS,1532.6868,1955-12-14,#007A33
Celtics,BOS,1554.7743,1955-12-28,#007A33
Celtics,BOS,1548.6978,1956-01-14,#007A33
Celtics,BOS,1521.3468,1956-01-28,#007A33
Celtics,BOS,1511.5417,1956-02-14,#007A33
Celtics,BOS,1498.4209,1956-02-28,#007A33
Celtics,BOS,1506.8086,1956-03-14,#007A33
Celtics,BOS,1513.2916,1956-03-28,#007A33
Celtics,BOS,1502.6299,1956-10-28,#007A33
Celtics,BOS,1505.4951,1956-11-14,#007A33
Celtics,BOS,1592.7727,1956-11-28,#007A33
Celtics,BOS,1634.5352,1957-01-28,#007A33
Celtics,BOS,1616.3363,1957-02-14,#007A33
Celtics,BOS,1618.4351,1957-02-28,#007A33
Celtics,BOS,1611.3055,1957-03-14,#007A33
Celtics,BOS,1680.9736,1957-11-14,#007A33
Celtics,BOS,1664.191,1957-11-28,#007A33
Celtics,BOS,1669.4631,1957-12-14,#007A33
Celtics,BOS,1650.0898,1957-12-28,#007A33
Celtics,BOS,1610.0215,1958-01-14,#007A33
Celtics,BOS,1631.9417,1958-01-28,#007A33
Celtics,BOS,1599.9327,1958-02-14,#007A33
Celtics,BOS,1585.0442,1958-11-14,#007A33
Celtics,BOS,1599.6809,1958-11-28,#007A33
Celtics,BOS,1603.1516,1958-12-14,#007A33
Celtics,BOS,1653.5704,1958-12-28,#007A33
Celtics,BOS,1671.219,1959-01-14,#007A33
Celtics,BOS,1660.6185,1959-01-28,#007A33
Celtics,BOS,1676.0363,1959-02-14,#007A33
Celtics,BOS,1673.8817,1959-02-28,#007A33
Celtics,BOS,1639.6096,1959-03-14,#007A33
Celtics,BOS,1647.9061,1959-03-28,#007A33
Celtics,BOS,1652.7023,1959-10-28,#007A33
Celtics,BOS,1653.9314,1959-11-14,#007A33
Celtics,BOS,1625.259,1959-11-28,#007A33
Celtics,BOS,1715.2881,1959-12-28,#007A33
Celtics,BOS,1678.8781,1960-01-14,#007A33
Celtics,BOS,1719.2813,1960-02-14,#007A33
Celtics,BOS,1695.681,1960-02-28,#007A33
Celtics,BOS,1686.5768,1960-03-14,#007A33
Celtics,BOS,1642.4897,1960-10-28,#007A33
Celtics,BOS,1664.4872,1960-11-28,#007A33
Celtics,BOS,1631.7219,1960-12-14,#007A33
Celtics,BOS,1637.704,1960-12-28,#007A33
Celtics,BOS,1659.6611,1961-01-14,#007A33
Celtics,BOS,1668.2527,1961-01-28,#007A33
Celtics,BOS,1593.2762,1961-02-14,#007A33
Celtics,BOS,1636.8134,1961-02-28,#007A33
Celtics,BOS,1648.8591,1961-03-14,#007A33
Celtics,BOS,1655.3135,1961-10-28,#007A33
Celtics,BOS,1663.7496,1961-11-14,#007A33
Celtics,BOS,1687.9342,1961-11-28,#007A33
Celtics,BOS,1703.3091,1961-12-14,#007A33
Celtics,BOS,1717.8417,1961-12-28,#007A33
Celtics,BOS,1672.78,1962-01-14,#007A33
Celtics,BOS,1612.771,1962-01-28,#007A33
Celtics,BOS,1608.6781,1962-02-14,#007A33
Celtics,BOS,1670.4126,1962-02-28,#007A33
Celtics,BOS,1683.6936,1962-03-14,#007A33
Celtics,BOS,1679.7073,1962-03-28,#007A33
Celtics,BOS,1653.1722,1962-04-14,#007A33
Celtics,BOS,1649.2952,1962-10-28,#007A33
Celtics,BOS,1649.985,1962-11-14,#007A33
Celtics,BOS,1647.4299,1962-11-28,#007A33
Celtics,BOS,1637.5911,1962-12-14,#007A33
Celtics,BOS,1620.7246,1962-12-28,#007A33
Celtics,BOS,1614.8367,1963-01-14,#007A33
Celtics,BOS,1638.5819,1963-02-14,#007A33
Celtics,BOS,1654.3656,1963-02-28,#007A33
Celtics,BOS,1672.9336,1963-03-14,#007A33
Celtics,BOS,1666.3578,1963-03-28,#007A33
Celtics,BOS,1679.3168,1963-04-14,#007A33
Celtics,BOS,1679.5636,1963-11-14,#007A33
Celtics,BOS,1702.6492,1963-11-28,#007A33
Celtics,BOS,1709.725,1963-12-14,#007A33
Celtics,BOS,1698.8286,1963-12-28,#007A33
Celtics,BOS,1668.0653,1964-01-28,#007A33
Celtics,BOS,1665.2617,1964-02-14,#007A33
Celtics,BOS,1652.7767,1964-02-28,#007A33
Celtics,BOS,1667.1366,1964-03-14,#007A33
Celtics,BOS,1654.609,1964-03-28,#007A33
Celtics,BOS,1665.2598,1964-10-28,#007A33
Celtics,BOS,1681.2169,1964-11-14,#007A33
Celtics,BOS,1648.9352,1964-11-28,#007A33
Celtics,BOS,1684.0233,1964-12-14,#007A33
Celtics,BOS,1700.6709,1964-12-28,#007A33
Celtics,BOS,1735.1115,1965-01-14,#007A33
Celtics,BOS,1730.3226,1965-01-28,#007A33
Celtics,BOS,1688.4575,1965-02-14,#007A33
Celtics,BOS,1696.7478,1965-02-28,#007A33
Celtics,BOS,1672.1637,1965-03-14,#007A33
Celtics,BOS,1669.829,1965-03-28,#007A33
Celtics,BOS,1615.7948,1965-10-28,#007A33
Celtics,BOS,1635.9861,1965-11-14,#007A33
Celtics,BOS,1625.7096,1965-11-28,#007A33
Celtics,BOS,1621.4452,1965-12-14,#007A33
Celtics,BOS,1634.0125,1965-12-28,#007A33
Celtics,BOS,1648.151,1966-01-14,#007A33
Celtics,BOS,1607.8584,1966-01-28,#007A33
Celtics,BOS,1559.6665,1966-02-14,#007A33
Celtics,BOS,1580.0928,1966-02-28,#007A33
Celtics,BOS,1647.6196,1966-04-28,#007A33
Celtics,BOS,1618.8812,1966-10-28,#007A33
Celtics,BOS,1631.0988,1966-11-14,#007A33
Celtics,BOS,1656.3727,1966-12-14,#007A33
Celtics,BOS,1661.7997,1966-12-28,#007A33
Celtics,BOS,1661.5099,1967-01-14,#007A33
Celtics,BOS,1688.4426,1967-01-28,#007A33
Celtics,BOS,1644.7385,1967-02-14,#007A33
Celtics,BOS,1658.9064,1967-02-28,#007A33
Celtics,BOS,1647.3507,1967-03-14,#007A33
Celtics,BOS,1646.4126,1967-03-28,#007A33
Celtics,BOS,1600.6477,1967-04-14,#007A33
Celtics,BOS,1600.6477,1967-10-14,#007A33
Celtics,BOS,1634.2356,1967-10-28,#007A33
Celtics,BOS,1633.5521,1967-11-14,#007A33
Celtics,BOS,1570.3031,1967-11-28,#007A33
Celtics,BOS,1565.2201,1967-12-14,#007A33
Celtics,BOS,1566.8356,1967-12-28,#007A33
Celtics,BOS,1563.5638,1968-01-14,#007A33
Celtics,BOS,1552.9515,1968-01-28,#007A33
Celtics,BOS,1537.5956,1968-02-14,#007A33
Celtics,BOS,1564.3425,1968-02-28,#007A33
Celtics,BOS,1568.8545,1968-03-14,#007A33
Celtics,BOS,1532.0034,1968-03-28,#007A33
Celtics,BOS,1545.8711,1968-04-14,#007A33
Celtics,BOS,1588.2788,1968-04-28,#007A33
Celtics,BOS,1591.4634,1968-10-28,#007A33
Celtics,BOS,1606.8956,1968-11-14,#007A33
Celtics,BOS,1608.7174,1968-11-28,#007A33
Celtics,BOS,1578.1416,1968-12-14,#007A33
Celtics,BOS,1564.1676,1968-12-28,#007A33
Celtics,BOS,1604.0186,1969-01-14,#007A33
Celtics,BOS,1599.188,1969-01-28,#007A33
Celtics,BOS,1544.6984,1969-02-14,#007A33
Celtics,BOS,1554.7617,1969-02-28,#007A33
Celtics,BOS,1537.8123,1969-03-14,#007A33
Celtics,BOS,1568.7163,1969-03-28,#007A33
Celtics,BOS,1594.5739,1969-04-14,#007A33
Celtics,BOS,1570.7678,1969-10-14,#007A33
Celtics,BOS,1550.3907,1969-10-28,#007A33
Celtics,BOS,1498.8545,1969-11-14,#007A33
Celtics,BOS,1443.9635,1969-11-28,#007A33
Celtics,BOS,1486.8229,1969-12-14,#007A33
Celtics,BOS,1456.1047,1969-12-28,#007A33
Celtics,BOS,1459.3486,1970-01-14,#007A33
Celtics,BOS,1447.0142,1970-01-28,#007A33
Celtics,BOS,1446.2584,1970-02-14,#007A33
Celtics,BOS,1423.4241,1970-02-28,#007A33
Celtics,BOS,1411.7379,1970-03-14,#007A33
Celtics,BOS,1440.8727,1970-03-28,#007A33
Celtics,BOS,1440.8727,1970-04-14,#007A33
Celtics,BOS,1440.8727,1970-04-28,#007A33
Celtics,BOS,1430.974,1970-10-14,#007A33
Celtics,BOS,1423.0232,1970-10-28,#007A33
Celtics,BOS,1468.6346,1970-11-14,#007A33
Celtics,BOS,1508.3837,1970-11-28,#007A33
Celtics,BOS,1516.7513,1970-12-28,#007A33
Celtics,BOS,1486.5404,1971-01-14,#007A33
Celtics,BOS,1446.7678,1971-01-28,#007A33
Celtics,BOS,1465.2723,1971-02-14,#007A33
Celtics,BOS,1483.5144,1971-02-28,#007A33
Celtics,BOS,1466.7817,1971-03-14,#007A33
Celtics,BOS,1462.48,1971-03-28,#007A33
Celtics,BOS,1462.48,1971-04-14,#007A33
Celtics,BOS,1462.48,1971-04-28,#007A33
Celtics,BOS,1462.48,1971-10-14,#007A33
Celtics,BOS,1514.7708,1971-10-28,#007A33
Celtics,BOS,1529.2625,1971-11-14,#007A33
Celtics,BOS,1508.8513,1971-11-28,#007A33
Celtics,BOS,1528.7236,1971-12-14,#007A33
Celtics,BOS,1566.4191,1971-12-28,#007A33
Celtics,BOS,1551.6205,1972-01-14,#007A33
Celtics,BOS,1549.7527,1972-01-28,#007A33
Celtics,BOS,1599.0416,1972-02-14,#007A33
Celtics,BOS,1578.2761,1972-03-14,#007A33
Celtics,BOS,1576.3275,1972-03-28,#007A33
Celtics,BOS,1547.9825,1972-04-14,#007A33
Celtics,BOS,1555.4999,1972-10-14,#007A33
Celtics,BOS,1584.3304,1972-10-28,#007A33
Celtics,BOS,1584.1361,1972-11-14,#007A33
Celtics,BOS,1611.6251,1972-11-28,#007A33
Celtics,BOS,1639.7344,1972-12-14,#007A33
Celtics,BOS,1644.6333,1972-12-28,#007A33
Celtics,BOS,1677.7954,1973-01-14,#007A33
Celtics,BOS,1670.7606,1973-01-28,#007A33
Celtics,BOS,1655.7391,1973-02-14,#007A33
Celtics,BOS,1657.2894,1973-02-28,#007A33
Celtics,BOS,1694.235,1973-03-14,#007A33
Celtics,BOS,1712.8502,1973-03-28,#007A33
Celtics,BOS,1711.4215,1973-04-14,#007A33
Celtics,BOS,1659.0417,1973-04-28,#007A33
Celtics,BOS,1625.666,1973-10-14,#007A33
Celtics,BOS,1584.094,1973-10-28,#007A33
Celtics,BOS,1627.1348,1973-11-14,#007A33
Celtics,BOS,1654.5881,1973-11-28,#007A33
Celtics,BOS,1656.5651,1973-12-14,#007A33
Celtics,BOS,1678.6135,1973-12-28,#007A33
Celtics,BOS,1651.0328,1974-01-14,#007A33
Celtics,BOS,1598.3495,1974-01-28,#007A33
Celtics,BOS,1580.5757,1974-02-14,#007A33
Celtics,BOS,1569.2618,1974-02-28,#007A33
Celtics,BOS,1571.1991,1974-03-14,#007A33
Celtics,BOS,1557.804,1974-03-28,#007A33
Celtics,BOS,1572.1992,1974-04-14,#007A33
Celtics,BOS,1617.6392,1974-04-28,#007A33
Celtics,BOS,1594.0662,1974-11-14,#007A33
Celtics,BOS,1570.4861,1974-11-28,#007A33
Celtics,BOS,1582.004,1974-12-14,#007A33
Celtics,BOS,1599.7672,1974-12-28,#007A33
Celtics,BOS,1636.7338,1975-01-14,#007A33
Celtics,BOS,1663.4526,1975-01-28,#007A33
Celtics,BOS,1683.6373,1975-02-14,#007A33
Celtics,BOS,1651.9388,1975-02-28,#007A33
Celtics,BOS,1650.835,1975-03-14,#007A33
Celtics,BOS,1672.5807,1975-03-28,#007A33
Celtics,BOS,1677.6636,1975-04-14,#007A33
Celtics,BOS,1644.7357,1975-04-28,#007A33
Celtics,BOS,1614.5073,1975-05-14,#007A33
Celtics,BOS,1620.2935,1975-10-28,#007A33
Celtics,BOS,1580.1563,1975-11-14,#007A33
Celtics,BOS,1595.8334,1975-11-28,#007A33
Celtics,BOS,1629.8701,1975-12-14,#007A33
Celtics,BOS,1651.0195,1975-12-28,#007A33
Celtics,BOS,1597.1011,1976-01-14,#007A33
Celtics,BOS,1619.6763,1976-01-28,#007A33
Celtics,BOS,1605.8539,1976-02-14,#007A33
Celtics,BOS,1606.4004,1976-02-28,#007A33
Celtics,BOS,1542.1097,1976-03-14,#007A33
Celtics,BOS,1568.1855,1976-03-28,#007A33
Celtics,BOS,1537.3182,1976-04-14,#007A33
Celtics,BOS,1531.2162,1976-04-28,#007A33
Celtics,BOS,1541.2384,1976-05-14,#007A33
Celtics,BOS,1590.366,1976-10-28,#007A33
Celtics,BOS,1555.1334,1976-11-14,#007A33
Celtics,BOS,1554.9117,1976-11-28,#007A33
Celtics,BOS,1538.0109,1976-12-14,#007A33
Celtics,BOS,1524.8429,1976-12-28,#007A33
Celtics,BOS,1476.9424,1977-01-14,#007A33
Celtics,BOS,1471.6051,1977-01-28,#007A33
Celtics,BOS,1470.9185,1977-03-14,#007A33
Celtics,BOS,1507.0029,1977-04-14,#007A33
Celtics,BOS,1478.0791,1977-10-28,#007A33
Celtics,BOS,1464.8058,1977-11-28,#007A33
Celtics,BOS,1442.4545,1977-12-14,#007A33
Celtics,BOS,1424.9703,1977-12-28,#007A33
Celtics,BOS,1416.6632,1978-01-14,#007A33
Celtics,BOS,1398.5137,1978-01-28,#007A33
Celtics,BOS,1463.8683,1978-02-14,#007A33
Celtics,BOS,1458.8256,1978-02-28,#007A33
Celtics,BOS,1469.1179,1978-03-14,#007A33
Celtics,BOS,1502.7808,1978-03-28,#007A33
Celtics,BOS,1451.0013,1978-04-14,#007A33
Celtics,BOS,1451.0013,1978-04-28,#007A33
Celtics,BOS,1451.0013,1978-05-14,#007A33
Celtics,BOS,1451.0013,1978-05-28,#007A33
Celtics,BOS,1439.2732,1978-10-14,#007A33
Celtics,BOS,1439.0255,1978-10-28,#007A33
Celtics,BOS,1400.3007,1978-11-14,#007A33
Celtics,BOS,1404.6543,1978-11-28,#007A33
Celtics,BOS,1415.7101,1978-12-14,#007A33
Celtics,BOS,1454.5309,1978-12-28,#007A33
Celtics,BOS,1416.2449,1979-01-14,#007A33
Celtics,BOS,1396.8264,1979-01-28,#007A33
Celtics,BOS,1445.7213,1979-02-14,#007A33
Celtics,BOS,1447.2427,1979-02-28,#007A33
Celtics,BOS,1400.4963,1979-03-14,#007A33
Celtics,BOS,1391.6425,1979-03-28,#007A33
Celtics,BOS,1441.4232,1979-10-14,#007A33
Celtics,BOS,1503.8557,1979-10-28,#007A33
Celtics,BOS,1541.7958,1979-11-14,#007A33
Celtics,BOS,1565.6783,1979-11-28,#007A33
Celtics,BOS,1554.2231,1979-12-14,#007A33
Celtics,BOS,1586.2618,1979-12-28,#007A33
Celtics,BOS,1607.3318,1980-01-28,#007A33
Celtics,BOS,1647.7498,1980-02-14,#007A33
Celtics,BOS,1669.4835,1980-02-28,#007A33
Celtics,BOS,1669.2058,1980-03-14,#007A33
Celtics,BOS,1673.8419,1980-03-28,#007A33
Celtics,BOS,1699.1088,1980-04-14,#007A33
Celtics,BOS,1632.8119,1980-05-14,#007A33
Celtics,BOS,1625.4739,1980-10-14,#007A33
Celtics,BOS,1640.8856,1980-10-28,#007A33
Celtics,BOS,1647.605,1980-11-14,#007A33
Celtics,BOS,1650.5262,1980-11-28,#007A33
Celtics,BOS,1663.8754,1980-12-14,#007A33
Celtics,BOS,1707.7675,1980-12-28,#007A33
Celtics,BOS,1716.3574,1981-01-14,#007A33
Celtics,BOS,1730.9656,1981-01-28,#007A33
Celtics,BOS,1682.2529,1981-02-14,#007A33
Celtics,BOS,1711.308,1981-02-28,#007A33
Celtics,BOS,1702.0399,1981-03-14,#007A33
Celtics,BOS,1625.9442,1981-03-28,#007A33
Celtics,BOS,1651.9469,1981-04-14,#007A33
Celtics,BOS,1692.0022,1981-05-14,#007A33
Celtics,BOS,1682.9966,1981-11-14,#007A33
Celtics,BOS,1700.3344,1981-11-28,#007A33
Celtics,BOS,1656.7993,1981-12-28,#007A33
Celtics,BOS,1655.4681,1982-01-14,#007A33
Celtics,BOS,1648.3832,1982-01-28,#007A33
Celtics,BOS,1651.9158,1982-02-14,#007A33
Celtics,BOS,1651.2441,1982-02-28,#007A33
Celtics,BOS,1690.7241,1982-03-14,#007A33
Celtics,BOS,1696.0793,1982-03-28,#007A33
Celtics,BOS,1701.3462,1982-04-14,#007A33
Celtics,BOS,1685.2151,1982-04-28,#007A33
Celtics,BOS,1704.1219,1982-05-14,#007A33
Celtics,BOS,1670.1348,1982-11-14,#007A33
Celtics,BOS,1695.175,1982-11-28,#007A33
Celtics,BOS,1708.74,1982-12-14,#007A33
Celtics,BOS,1650.833,1982-12-28,#007A33
Celtics,BOS,1689.4347,1983-01-14,#007A33
Celtics,BOS,1683.7588,1983-01-28,#007A33
Celtics,BOS,1587.3483,1983-04-14,#007A33
Celtics,BOS,1538.3376,1983-05-14,#007A33
Celtics,BOS,1538.3376,1983-10-28,#007A33
Celtics,BOS,1592.6232,1983-11-28,#007A33
Celtics,BOS,1631.0398,1983-12-14,#007A33
Celtics,BOS,1625.4865,1983-12-28,#007A33
Celtics,BOS,1634.4429,1984-01-14,#007A33
Celtics,BOS,1644.7101,1984-02-14,#007A33
Celtics,BOS,1636.7451,1984-02-28,#007A33
Celtics,BOS,1653.9277,1984-03-14,#007A33
Celtics,BOS,1664.3347,1984-03-28,#007A33
Celtics,BOS,1686.8444,1984-04-14,#007A33
Celtics,BOS,1689.4734,1984-04-28,#007A33
Celtics,BOS,1657.3899,1984-10-28,#007A33
Celtics,BOS,1661.5408,1984-11-14,#007A33
Celtics,BOS,1701.2985,1984-11-28,#007A33
Celtics,BOS,1709.2722,1984-12-14,#007A33
Celtics,BOS,1686.2483,1984-12-28,#007A33
Celtics,BOS,1703.5157,1985-01-14,#007A33
Celtics,BOS,1671.1981,1985-01-28,#007A33
Celtics,BOS,1681.4331,1985-02-14,#007A33
Celtics,BOS,1666.9281,1985-02-28,#007A33
Celtics,BOS,1688.6182,1985-03-14,#007A33
Celtics,BOS,1713.3,1985-03-28,#007A33
Celtics,BOS,1667.8104,1985-04-14,#007A33
Celtics,BOS,1676.5573,1985-04-28,#007A33
Celtics,BOS,1692.7094,1985-05-14,#007A33
Celtics,BOS,1681.6392,1985-11-14,#007A33
Celtics,BOS,1671.8279,1985-12-14,#007A33
Celtics,BOS,1644.7261,1985-12-28,#007A33
Celtics,BOS,1672.7578,1986-01-14,#007A33
Celtics,BOS,1702.6423,1986-01-28,#007A33
Celtics,BOS,1726.7955,1986-02-14,#007A33
Celtics,BOS,1731.4438,1986-02-28,#007A33
Celtics,BOS,1750.3066,1986-03-14,#007A33
Celtics,BOS,1768.6511,1986-03-28,#007A33
Celtics,BOS,1726.7258,1986-11-14,#007A33
Celtics,BOS,1729.1366,1986-11-28,#007A33
Celtics,BOS,1699.4432,1986-12-14,#007A33
Celtics,BOS,1684.4392,1986-12-28,#007A33
Celtics,BOS,1695.7922,1987-01-14,#007A33
Celtics,BOS,1718.9663,1987-01-28,#007A33
Celtics,BOS,1737.9303,1987-02-14,#007A33
Celtics,BOS,1732.019,1987-02-28,#007A33
Celtics,BOS,1718.3055,1987-03-14,#007A33
Celtics,BOS,1719.6881,1987-03-28,#007A33
Celtics,BOS,1665.5691,1987-04-14,#007A33
Celtics,BOS,1690.3145,1987-04-28,#007A33
Celtics,BOS,1672.8669,1987-05-14,#007A33
Celtics,BOS,1657.1957,1987-05-28,#007A33
Celtics,BOS,1659.1691,1987-06-14,#007A33
Celtics,BOS,1651.2142,1987-11-14,#007A33
Celtics,BOS,1602.5835,1987-11-28,#007A33
Celtics,BOS,1587.2245,1987-12-14,#007A33
Celtics,BOS,1616.7478,1987-12-28,#007A33
Celtics,BOS,1650.3754,1988-01-14,#007A33
Celtics,BOS,1647.694,1988-01-28,#007A33
Celtics,BOS,1643.7533,1988-02-14,#007A33
Celtics,BOS,1658.5931,1988-02-28,#007A33
Celtics,BOS,1653.1105,1988-03-14,#007A33
Celtics,BOS,1653.7574,1988-03-28,#007A33
Celtics,BOS,1669.1743,1988-04-14,#007A33
Celtics,BOS,1650.1472,1988-04-28,#007A33
Celtics,BOS,1648.0057,1988-05-14,#007A33
Celtics,BOS,1624.4161,1988-05-28,#007A33
Celtics,BOS,1594.0166,1988-06-14,#007A33
Celtics,BOS,1558.0123,1988-11-14,#007A33
Celtics,BOS,1550.9784,1988-11-28,#007A33
Celtics,BOS,1539.5809,1988-12-14,#007A33
Celtics,BOS,1539.1077,1988-12-28,#007A33
Celtics,BOS,1515.9819,1989-01-14,#007A33
Celtics,BOS,1518.9525,1989-01-28,#007A33
Celtics,BOS,1511.4407,1989-02-14,#007A33
Celtics,BOS,1520.2225,1989-02-28,#007A33
Celtics,BOS,1553.6903,1989-03-14,#007A33
Celtics,BOS,1551.8092,1989-03-28,#007A33
Celtics,BOS,1546.7028,1989-04-14,#007A33
Celtics,BOS,1513.7755,1989-04-28,#007A33
Celtics,BOS,1513.6538,1989-05-14,#007A33
Celtics,BOS,1513.6538,1989-05-28,#007A33
Celtics,BOS,1526.5529,1989-11-14,#007A33
Celtics,BOS,1521.2584,1989-11-28,#007A33
Celtics,BOS,1527.7141,1989-12-14,#007A33
Celtics,BOS,1556.6226,1989-12-28,#007A33
Celtics,BOS,1552.4603,1990-01-14,#007A33
Celtics,BOS,1549.7222,1990-01-28,#007A33
Celtics,BOS,1557.6742,1990-02-14,#007A33
Celtics,BOS,1563.5206,1990-02-28,#007A33
Celtics,BOS,1536.0068,1990-03-14,#007A33
Celtics,BOS,1540.9985,1990-03-28,#007A33
Celtics,BOS,1578.9857,1990-04-14,#007A33
Celtics,BOS,1616.8213,1990-04-28,#007A33
Celtics,BOS,1564.5092,1990-05-28,#007A33
Celtics,BOS,1564.5092,1990-06-14,#007A33
Celtics,BOS,1547.755,1990-11-14,#007A33
Celtics,BOS,1598.1631,1990-11-28,#007A33
Celtics,BOS,1631.0262,1990-12-14,#007A33
Celtics,BOS,1640.8363,1990-12-28,#007A33
Celtics,BOS,1640.0698,1991-01-14,#007A33
Celtics,BOS,1599.3741,1991-01-28,#007A33
Celtics,BOS,1635.5028,1991-02-14,#007A33
Celtics,BOS,1641.8304,1991-02-28,#007A33
Celtics,BOS,1651.6769,1991-03-14,#007A33
Celtics,BOS,1622.1946,1991-03-28,#007A33
Celtics,BOS,1619.1482,1991-04-14,#007A33
Celtics,BOS,1533.8422,1991-04-28,#007A33
Celtics,BOS,1554.5254,1991-05-14,#007A33
Celtics,BOS,1540.8679,1991-05-28,#007A33
Celtics,BOS,1544.4769,1991-11-14,#007A33
Celtics,BOS,1573.1625,1991-12-14,#007A33
Celtics,BOS,1581.6324,1991-12-28,#007A33
Celtics,BOS,1521.6008,1992-01-14,#007A33
Celtics,BOS,1557.2585,1992-01-28,#007A33
Celtics,BOS,1517.8643,1992-02-14,#007A33
Celtics,BOS,1510.4298,1992-02-28,#007A33
Celtics,BOS,1521.6322,1992-03-14,#007A33
Celtics,BOS,1564.4375,1992-03-28,#007A33
Celtics,BOS,1613.9025,1992-04-14,#007A33
Celtics,BOS,1626.5416,1992-04-28,#007A33
Celtics,BOS,1643.3167,1992-05-14,#007A33
Celtics,BOS,1603.6565,1992-05-28,#007A33
Celtics,BOS,1603.6565,1992-06-14,#007A33
Celtics,BOS,1546.999,1992-11-14,#007A33
Celtics,BOS,1536.5654,1992-11-28,#007A33
Celtics,BOS,1548.1338,1992-12-14,#007A33
Celtics,BOS,1495.0822,1992-12-28,#007A33
Celtics,BOS,1518.6394,1993-01-14,#007A33
Celtics,BOS,1534.5363,1993-01-28,#007A33
Celtics,BOS,1528.0618,1993-02-14,#007A33
Celtics,BOS,1529.0529,1993-02-28,#007A33
Celtics,BOS,1540.6818,1993-03-14,#007A33
Celtics,BOS,1591.7498,1993-03-28,#007A33
Celtics,BOS,1544.2292,1993-04-14,#007A33
Celtics,BOS,1528.7689,1993-05-14,#007A33
Celtics,BOS,1528.7689,1993-05-28,#007A33
Celtics,BOS,1547.6736,1993-11-14,#007A33
Celtics,BOS,1500.9352,1993-11-28,#007A33
Celtics,BOS,1470.0685,1993-12-14,#007A33
Celtics,BOS,1441.0809,1993-12-28,#007A33
Celtics,BOS,1404.8949,1994-01-14,#007A33
Celtics,BOS,1472.2567,1994-01-28,#007A33
Celtics,BOS,1386.5609,1994-02-28,#007A33
Celtics,BOS,1393.5322,1994-03-14,#007A33
Celtics,BOS,1401.6636,1994-03-28,#007A33
Celtics,BOS,1416.0814,1994-04-14,#007A33
Celtics,BOS,1419.6744,1994-04-28,#007A33
Celtics,BOS,1419.6744,1994-05-14,#007A33
Celtics,BOS,1419.6744,1994-05-28,#007A33
Celtics,BOS,1413.589,1994-11-14,#007A33
Celtics,BOS,1440.7224,1994-11-28,#007A33
Celtics,BOS,1432.4196,1994-12-14,#007A33
Celtics,BOS,1402.3285,1994-12-28,#007A33
Celtics,BOS,1427.9978,1995-01-14,#007A33
Celtics,BOS,1389.0793,1995-01-28,#007A33
Celtics,BOS,1425.4462,1995-02-14,#007A33
Celtics,BOS,1426.3787,1995-02-28,#007A33
Celtics,BOS,1398.6561,1995-03-14,#007A33
Celtics,BOS,1453.0883,1995-03-28,#007A33
Celtics,BOS,1486.9713,1995-04-14,#007A33
Celtics,BOS,1453.833,1995-04-28,#007A33
Celtics,BOS,1464.7432,1995-05-14,#007A33
Celtics,BOS,1464.7432,1995-05-28,#007A33
Celtics,BOS,1464.7432,1995-06-14,#007A33
Celtics,BOS,1442.4984,1995-11-14,#007A33
Celtics,BOS,1446.4375,1995-11-28,#007A33
Celtics,BOS,1462.9424,1995-12-14,#007A33
Celtics,BOS,1430.8099,1995-12-28,#007A33
Celtics,BOS,1391.5651,1996-01-14,#007A33
Celtics,BOS,1371.9604,1996-01-28,#007A33
Celtics,BOS,1389.1833,1996-02-14,#007A33
Celtics,BOS,1404.1143,1996-02-28,#007A33
Celtics,BOS,1408.5994,1996-03-14,#007A33
Celtics,BOS,1405.535,1996-03-28,#007A33
Celtics,BOS,1404.0238,1996-04-14,#007A33
Celtics,BOS,1442.0605,1996-04-28,#007A33
Celtics,BOS,1442.0605,1996-05-14,#007A33
Celtics,BOS,1442.0605,1996-05-28,#007A33
Celtics,BOS,1442.0605,1996-06-14,#007A33
Celtics,BOS,1429.4673,1996-11-14,#007A33
Celtics,BOS,1408.5437,1996-11-28,#007A33
Celtics,BOS,1386.6029,1996-12-14,#007A33
Celtics,BOS,1349.7234,1996-12-28,#007A33
Celtics,BOS,1364.9766,1997-01-14,#007A33
Celtics,BOS,1339.8724,1997-01-28,#007A33
Celtics,BOS,1327.8556,1997-02-14,#007A33
Celtics,BOS,1299.2603,1997-02-28,#007A33
Celtics,BOS,1284.691,1997-03-14,#007A33
Celtics,BOS,1267.3202,1997-03-28,#007A33
Celtics,BOS,1249.8927,1997-04-14,#007A33
Celtics,BOS,1328.7888,1997-04-28,#007A33
Celtics,BOS,1328.7888,1997-05-14,#007A33
Celtics,BOS,1328.7888,1997-05-28,#007A33
Celtics,BOS,1316.6393,1997-11-14,#007A33
Celtics,BOS,1352.9463,1997-11-28,#007A33
Celtics,BOS,1371.3076,1997-12-14,#007A33
Celtics,BOS,1413.1848,1997-12-28,#007A33
Celtics,BOS,1405.3678,1998-01-14,#007A33
Celtics,BOS,1423.757,1998-01-28,#007A33
Celtics,BOS,1397.017,1998-02-14,#007A33
Celtics,BOS,1445.127,1998-02-28,#007A33
Celtics,BOS,1420.4364,1998-03-14,#007A33
Celtics,BOS,1426.4564,1998-03-28,#007A33
Celtics,BOS,1438.7838,1998-04-14,#007A33
Celtics,BOS,1425.4269,1998-04-28,#007A33
Celtics,BOS,1425.4269,1998-06-14,#007A33
Celtics,BOS,1436.2815,1999-02-14,#007A33
Celtics,BOS,1472.9508,1999-02-28,#007A33
Celtics,BOS,1435.6122,1999-03-14,#007A33
Celtics,BOS,1405.653,1999-03-28,#007A33
Celtics,BOS,1423.6543,1999-04-14,#007A33
Celtics,BOS,1476.5287,1999-04-28,#007A33
Celtics,BOS,1483.4318,1999-05-14,#007A33
Celtics,BOS,1485.0918,1999-11-14,#007A33
Celtics,BOS,1486.2203,1999-11-28,#007A33
Celtics,BOS,1480.6918,1999-12-14,#007A33
Celtics,BOS,1454.4408,1999-12-28,#007A33
Celtics,BOS,1440.637,2000-01-14,#007A33
Celtics,BOS,1453.111,2000-01-28,#007A33
Celtics,BOS,1429.6294,2000-02-28,#007A33
Celtics,BOS,1456.882,2000-03-14,#007A33
Celtics,BOS,1456.5107,2000-03-28,#007A33
Celtics,BOS,1444.217,2000-04-14,#007A33
Celtics,BOS,1509.4957,2000-04-28,#007A33
Celtics,BOS,1509.4957,2000-05-14,#007A33
Celtics,BOS,1509.4957,2000-05-28,#007A33
Celtics,BOS,1509.4957,2000-06-14,#007A33
Celtics,BOS,1487.9716,2000-11-14,#007A33
Celtics,BOS,1478.7655,2000-11-28,#007A33
Celtics,BOS,1406.4592,2000-12-14,#007A33
Celtics,BOS,1418.9104,2000-12-28,#007A33
Celtics,BOS,1381.9921,2001-01-14,#007A33
Celtics,BOS,1412.0132,2001-01-28,#007A33
Celtics,BOS,1473.5754,2001-02-14,#007A33
Celtics,BOS,1468.303,2001-02-28,#007A33
Celtics,BOS,1463.3763,2001-03-14,#007A33
Celtics,BOS,1486.3956,2001-03-28,#007A33
Celtics,BOS,1467.3157,2001-04-14,#007A33
Celtics,BOS,1488.8016,2001-04-28,#007A33
Celtics,BOS,1488.8016,2001-05-14,#007A33
Celtics,BOS,1488.8016,2001-05-28,#007A33
Celtics,BOS,1498.2932,2001-11-14,#007A33
Celtics,BOS,1483.1084,2001-11-28,#007A33
Celtics,BOS,1538.2808,2001-12-14,#007A33
Celtics,BOS,1544.1002,2001-12-28,#007A33
Celtics,BOS,1532.1488,2002-01-14,#007A33
Celtics,BOS,1508.3906,2002-01-28,#007A33
Celtics,BOS,1508.5214,2002-02-14,#007A33
Celtics,BOS,1472.5181,2002-02-28,#007A33
Celtics,BOS,1537.7611,2002-03-14,#007A33
Celtics,BOS,1508.3314,2002-03-28,#007A33
Celtics,BOS,1571.7574,2002-04-14,#007A33
Celtics,BOS,1578.8102,2002-04-28,#007A33
Celtics,BOS,1612.632,2002-05-14,#007A33
Celtics,BOS,1604.4626,2002-05-28,#007A33
Celtics,BOS,1567.0392,2002-11-14,#007A33
Celtics,BOS,1568.3794,2002-11-28,#007A33
Celtics,BOS,1583.8352,2002-12-14,#007A33
Celtics,BOS,1520.7045,2002-12-28,#007A33
Celtics,BOS,1514.7365,2003-01-14,#007A33
Celtics,BOS,1523.488,2003-01-28,#007A33
Celtics,BOS,1529.4072,2003-02-14,#007A33
Celtics,BOS,1521.5403,2003-02-28,#007A33
Celtics,BOS,1535.3406,2003-03-14,#007A33
Celtics,BOS,1467.7858,2003-03-28,#007A33
Celtics,BOS,1478.2422,2003-04-14,#007A33
Celtics,BOS,1496.5875,2003-04-28,#007A33
Celtics,BOS,1489.2607,2003-05-14,#007A33
Celtics,BOS,1489.2607,2003-10-28,#007A33
Celtics,BOS,1483.5179,2003-11-14,#007A33
Celtics,BOS,1470.1035,2003-11-28,#007A33
Celtics,BOS,1480.3331,2003-12-14,#007A33
Celtics,BOS,1475.2828,2003-12-28,#007A33
Celtics,BOS,1475.119,2004-01-14,#007A33
Celtics,BOS,1455.3578,2004-01-28,#007A33
Celtics,BOS,1416.6968,2004-02-28,#007A33
Celtics,BOS,1448.9142,2004-03-14,#007A33
Celtics,BOS,1464.9307,2004-03-28,#007A33
Celtics,BOS,1436.0353,2004-04-14,#007A33
Celtics,BOS,1428.2878,2004-04-28,#007A33
Celtics,BOS,1428.2878,2004-05-14,#007A33
Celtics,BOS,1428.2878,2004-05-28,#007A33
Celtics,BOS,1461.1826,2004-11-14,#007A33
Celtics,BOS,1451.252,2004-11-28,#007A33
Celtics,BOS,1495.5104,2004-12-14,#007A33
Celtics,BOS,1502.7634,2004-12-28,#007A33
Celtics,BOS,1486.5044,2005-01-14,#007A33
Celtics,BOS,1484.5609,2005-01-28,#007A33
Celtics,BOS,1502.3481,2005-02-14,#007A33
Celtics,BOS,1512.8772,2005-02-28,#007A33
Celtics,BOS,1523.241,2005-03-14,#007A33
Celtics,BOS,1506.3558,2005-03-28,#007A33
Celtics,BOS,1531.271,2005-04-14,#007A33
Celtics,BOS,1508.2587,2005-04-28,#007A33
Celtics,BOS,1517.4677,2005-05-14,#007A33
Celtics,BOS,1517.4677,2005-05-28,#007A33
Celtics,BOS,1517.4677,2005-06-14,#007A33
Celtics,BOS,1509.9609,2005-11-14,#007A33
Celtics,BOS,1467.9924,2005-11-28,#007A33
Celtics,BOS,1487.8096,2005-12-14,#007A33
Celtics,BOS,1470.6353,2005-12-28,#007A33
Celtics,BOS,1465.6272,2006-01-14,#007A33
Celtics,BOS,1473.7701,2006-01-28,#007A33
Celtics,BOS,1441.4176,2006-02-14,#007A33
Celtics,BOS,1469.9601,2006-02-28,#007A33
Celtics,BOS,1464.7058,2006-03-14,#007A33
Celtics,BOS,1476.4589,2006-03-28,#007A33
Celtics,BOS,1435.7704,2006-04-14,#007A33
Celtics,BOS,1445.4778,2006-04-28,#007A33
Celtics,BOS,1445.4778,2006-05-14,#007A33
Celtics,BOS,1445.4778,2006-05-28,#007A33
Celtics,BOS,1435.9003,2006-11-14,#007A33
Celtics,BOS,1426.2633,2006-11-28,#007A33
Celtics,BOS,1453.7032,2006-12-14,#007A33
Celtics,BOS,1414.0817,2006-12-28,#007A33
Celtics,BOS,1392.5538,2007-01-14,#007A33
Celtics,BOS,1357.3589,2007-01-28,#007A33
Celtics,BOS,1330.0331,2007-02-14,#007A33
Celtics,BOS,1346.7928,2007-02-28,#007A33
Celtics,BOS,1373.1454,2007-03-14,#007A33
Celtics,BOS,1390.9052,2007-03-28,#007A33
Celtics,BOS,1351.7916,2007-04-14,#007A33
Celtics,BOS,1409.0916,2007-04-28,#007A33
Celtics,BOS,1409.0916,2007-05-14,#007A33
Celtics,BOS,1409.0916,2007-05-28,#007A33
Celtics,BOS,1409.0916,2007-06-14,#007A33
Celtics,BOS,1499.8679,2007-11-14,#007A33
Celtics,BOS,1535.301,2007-11-28,#007A33
Celtics,BOS,1597.824,2007-12-14,#007A33
Celtics,BOS,1648.7581,2007-12-28,#007A33
Celtics,BOS,1635.4359,2008-01-14,#007A33
Celtics,BOS,1647.6102,2008-01-28,#007A33
Celtics,BOS,1656.8273,2008-02-14,#007A33
Celtics,BOS,1669.994,2008-02-28,#007A33
Celtics,BOS,1677.3508,2008-03-14,#007A33
Celtics,BOS,1712.2025,2008-03-28,#007A33
Celtics,BOS,1720.5908,2008-04-14,#007A33
Celtics,BOS,1699.1918,2008-04-28,#007A33
Celtics,BOS,1672.0774,2008-05-14,#007A33
Celtics,BOS,1673.3297,2008-05-28,#007A33
Celtics,BOS,1670.1313,2008-10-28,#007A33
Celtics,BOS,1667.1206,2008-11-14,#007A33
Celtics,BOS,1701.5261,2008-11-28,#007A33
Celtics,BOS,1740.936,2008-12-14,#007A33
Celtics,BOS,1732.6323,2008-12-28,#007A33
Celtics,BOS,1678.3413,2009-01-14,#007A33
Celtics,BOS,1722.4286,2009-01-28,#007A33
Celtics,BOS,1722.9994,2009-02-28,#007A33
Celtics,BOS,1687.5953,2009-03-14,#007A33
Celtics,BOS,1695.3501,2009-03-28,#007A33
Celtics,BOS,1691.88,2009-04-14,#007A33
Celtics,BOS,1692.192,2009-04-28,#007A33
Celtics,BOS,1676.5913,2009-05-14,#007A33
Celtics,BOS,1629.0884,2009-05-28,#007A33
Celtics,BOS,1629.0884,2009-06-14,#007A33
Celtics,BOS,1636.2966,2009-10-28,#007A33
Celtics,BOS,1630.8624,2009-11-14,#007A33
Celtics,BOS,1638.6017,2009-11-28,#007A33
Celtics,BOS,1692.0944,2009-12-14,#007A33
Celtics,BOS,1676.1967,2009-12-28,#007A33
Celtics,BOS,1631.149,2010-01-14,#007A33
Celtics,BOS,1606.1655,2010-01-28,#007A33
Celtics,BOS,1572.5717,2010-02-28,#007A33
Celtics,BOS,1560.6556,2010-03-14,#007A33
Celtics,BOS,1576.321,2010-03-28,#007A33
Celtics,BOS,1537.5981,2010-04-14,#007A33
Celtics,BOS,1566.8972,2010-04-28,#007A33
Celtics,BOS,1673.9454,2010-05-28,#007A33
Celtics,BOS,1624.3556,2010-10-28,#007A33
Celtics,BOS,1660.78,2010-11-14,#007A33
Celtics,BOS,1678.5428,2010-11-28,#007A33
Celtics,BOS,1715.7731,2010-12-14,#007A33
Celtics,BOS,1720.3784,2010-12-28,#007A33
Celtics,BOS,1672.2472,2011-01-14,#007A33
Celtics,BOS,1663.4414,2011-01-28,#007A33
Celtics,BOS,1660.1339,2011-02-14,#007A33
Celtics,BOS,1667.2454,2011-02-28,#007A33
Celtics,BOS,1642.6279,2011-03-14,#007A33
Celtics,BOS,1617.2086,2011-03-28,#007A33
Celtics,BOS,1636.7281,2011-04-28,#007A33
Celtics,BOS,1572.1967,2011-12-28,#007A33
Celtics,BOS,1536.0167,2012-01-14,#007A33
Celtics,BOS,1554.3798,2012-01-28,#007A33
Celtics,BOS,1539.3081,2012-02-14,#007A33
Celtics,BOS,1514.8456,2012-02-28,#007A33
Celtics,BOS,1544.8835,2012-03-14,#007A33
Celtics,BOS,1545.0161,2012-03-28,#007A33
Celtics,BOS,1613.8531,2012-04-14,#007A33
Celtics,BOS,1612.1561,2012-04-28,#007A33
Celtics,BOS,1629.4375,2012-05-14,#007A33
Celtics,BOS,1630.3842,2012-05-28,#007A33
Celtics,BOS,1586.1121,2012-06-14,#007A33
Celtics,BOS,1585.342,2012-11-14,#007A33
Celtics,BOS,1544.9509,2012-11-28,#007A33
Celtics,BOS,1546.2606,2012-12-14,#007A33
Celtics,BOS,1525.7963,2012-12-28,#007A33
Celtics,BOS,1552.7875,2013-01-14,#007A33
Celtics,BOS,1501.5066,2013-01-28,#007A33
Celtics,BOS,1527.3683,2013-02-14,#007A33
Celtics,BOS,1543.106,2013-02-28,#007A33
Celtics,BOS,1531.6949,2013-03-14,#007A33
Celtics,BOS,1509.8794,2013-03-28,#007A33
Celtics,BOS,1476.7135,2013-04-14,#007A33
Celtics,BOS,1470.5205,2013-04-28,#007A33
Celtics,BOS,1479.785,2013-05-14,#007A33
Celtics,BOS,1479.785,2013-05-28,#007A33
Celtics,BOS,1451.1857,2013-11-14,#007A33
Celtics,BOS,1494.4237,2013-12-14,#007A33
Celtics,BOS,1472.7578,2013-12-28,#007A33
Celtics,BOS,1431.8542,2014-01-14,#007A33
Celtics,BOS,1398.2528,2014-01-28,#007A33
Celtics,BOS,1392.4166,2014-02-28,#007A33
Celtics,BOS,1367.3611,2014-03-14,#007A33
Celtics,BOS,1365.7328,2014-03-28,#007A33
Celtics,BOS,1346.1686,2014-04-14,#007A33
Celtics,BOS,1394.7191,2014-04-28,#007A33
Celtics,BOS,1394.7191,2014-05-14,#007A33
Celtics,BOS,1394.7191,2014-05-28,#007A33
Celtics,BOS,1394.7191,2014-10-28,#007A33
Celtics,BOS,1391.9214,2014-11-14,#007A33
Celtics,BOS,1382.7358,2014-11-28,#007A33
Celtics,BOS,1398.184,2014-12-14,#007A33
Celtics,BOS,1406.5979,2014-12-28,#007A33
Celtics,BOS,1395.9492,2015-01-14,#007A33
Celtics,BOS,1403.1152,2015-01-28,#007A33
Celtics,BOS,1424.6685,2015-02-28,#007A33
Celtics,BOS,1464.7347,2015-03-14,#007A33
Celtics,BOS,1457.8212,2015-03-28,#007A33
Celtics,BOS,1543.8622,2015-04-14,#007A33
Cavaliers,CLE,1291.026,1970-10-14,#6F263D
Cavaliers,CLE,1245.7789,1970-10-28,#6F263D
Cavaliers,CLE,1197.1753,1970-11-14,#6F263D
Cavaliers,CLE,1163.7262,1970-11-28,#6F263D
Cavaliers,CLE,1166.5416,1970-12-28,#6F263D
Cavaliers,CLE,1150.5839,1971-01-14,#6F263D
Cavaliers,CLE,1201.4548,1971-01-28,#6F263D
Cavaliers,CLE,1189.2177,1971-02-14,#6F263D
Cavaliers,CLE,1193.8943,1971-02-28,#6F263D
Cavaliers,CLE,1183.5226,1971-03-14,#6F263D
Cavaliers,CLE,1267.3424,1971-03-28,#6F263D
Cavaliers,CLE,1267.3424,1971-04-14,#6F263D
Cavaliers,CLE,1267.3424,1971-04-28,#6F263D
Cavaliers,CLE,1267.3424,1971-10-14,#6F263D
Cavaliers,CLE,1266.7396,1971-10-28,#6F263D
Cavaliers,CLE,1270.8562,1971-11-14,#6F263D
Cavaliers,CLE,1298.215,1971-11-28,#6F263D
Cavaliers,CLE,1298.3751,1971-12-14,#6F263D
Cavaliers,CLE,1295.1162,1971-12-28,#6F263D
Cavaliers,CLE,1254.0654,1972-01-14,#6F263D
Cavaliers,CLE,1244.2156,1972-01-28,#6F263D
Cavaliers,CLE,1194.5974,1972-02-14,#6F263D
Cavaliers,CLE,1257.3824,1972-03-14,#6F263D
Cavaliers,CLE,1293.2803,1972-03-28,#6F263D
Cavaliers,CLE,1293.2803,1972-04-14,#6F263D
Cavaliers,CLE,1286.8298,1972-10-14,#6F263D
Cavaliers,CLE,1298.938,1972-10-28,#6F263D
Cavaliers,CLE,1314.9728,1972-11-14,#6F263D
Cavaliers,CLE,1333.8712,1972-11-28,#6F263D
Cavaliers,CLE,1313.8812,1972-12-14,#6F263D
Cavaliers,CLE,1322.8199,1972-12-28,#6F263D
Cavaliers,CLE,1394.2585,1973-01-14,#6F263D
Cavaliers,CLE,1390.4919,1973-01-28,#6F263D
Cavaliers,CLE,1391.7164,1973-02-14,#6F263D
Cavaliers,CLE,1382.2952,1973-02-28,#6F263D
Cavaliers,CLE,1396.6168,1973-03-14,#6F263D
Cavaliers,CLE,1402.9534,1973-03-28,#6F263D
Cavaliers,CLE,1417.4812,1973-04-14,#6F263D
Cavaliers,CLE,1417.4812,1973-04-28,#6F263D
Cavaliers,CLE,1405.1907,1973-10-14,#6F263D
Cavaliers,CLE,1385.9868,1973-10-28,#6F263D
Cavaliers,CLE,1359.6967,1973-11-14,#6F263D
Cavaliers,CLE,1394.5852,1973-11-28,#6F263D
Cavaliers,CLE,1359.1626,1973-12-14,#6F263D
Cavaliers,CLE,1359.1788,1973-12-28,#6F263D
Cavaliers,CLE,1350.3146,1974-01-14,#6F263D
Cavaliers,CLE,1362.4294,1974-01-28,#6F263D
Cavaliers,CLE,1336.1058,1974-02-14,#6F263D
Cavaliers,CLE,1351.0187,1974-02-28,#6F263D
Cavaliers,CLE,1354.4984,1974-03-14,#6F263D
Cavaliers,CLE,1409.1112,1974-03-28,#6F263D
Cavaliers,CLE,1409.1112,1974-04-14,#6F263D
Cavaliers,CLE,1409.1112,1974-04-28,#6F263D
Cavaliers,CLE,1454.1002,1974-11-14,#6F263D
Cavaliers,CLE,1481.2645,1974-11-28,#6F263D
Cavaliers,CLE,1494.0475,1974-12-14,#6F263D
Cavaliers,CLE,1473.0868,1974-12-28,#6F263D
Cavaliers,CLE,1466.9722,1975-01-14,#6F263D
Cavaliers,CLE,1425.7189,1975-01-28,#6F263D
Cavaliers,CLE,1449.7382,1975-02-14,#6F263D
Cavaliers,CLE,1434.5632,1975-02-28,#6F263D
Cavaliers,CLE,1409.7568,1975-03-14,#6F263D
Cavaliers,CLE,1444.2469,1975-03-28,#6F263D
Cavaliers,CLE,1449.9215,1975-04-14,#6F263D
Cavaliers,CLE,1449.9215,1975-04-28,#6F263D
Cavaliers,CLE,1449.9215,1975-05-14,#6F263D
Cavaliers,CLE,1457.9971,1975-10-28,#6F263D
Cavaliers,CLE,1443.0226,1975-11-14,#6F263D
Cavaliers,CLE,1444.9886,1975-11-28,#6F263D
Cavaliers,CLE,1493.8546,1975-12-14,#6F263D
Cavaliers,CLE,1538.3928,1975-12-28,#6F263D
Cavaliers,CLE,1530.4414,1976-01-14,#6F263D
Cavaliers,CLE,1540.1333,1976-01-28,#6F263D
Cavaliers,CLE,1569.9584,1976-02-14,#6F263D
Cavaliers,CLE,1571.9623,1976-02-28,#6F263D
Cavaliers,CLE,1570.8633,1976-03-14,#6F263D
Cavaliers,CLE,1549.8142,1976-03-28,#6F263D
Cavaliers,CLE,1546.3595,1976-04-14,#6F263D
Cavaliers,CLE,1549.7003,1976-04-28,#6F263D
Cavaliers,CLE,1553.4357,1976-05-14,#6F263D
Cavaliers,CLE,1548.1044,1976-10-28,#6F263D
Cavaliers,CLE,1588.6057,1976-11-14,#6F263D
Cavaliers,CLE,1602.1803,1976-11-28,#6F263D
Cavaliers,CLE,1576.9766,1976-12-14,#6F263D
Cavaliers,CLE,1534.1155,1976-12-28,#6F263D
Cavaliers,CLE,1539.2992,1977-01-14,#6F263D
Cavaliers,CLE,1518.5023,1977-01-28,#6F263D
Cavaliers,CLE,1505.8043,1977-03-14,#6F263D
Cavaliers,CLE,1513.1212,1977-04-14,#6F263D
Cavaliers,CLE,1496.4171,1977-10-28,#6F263D
Cavaliers,CLE,1570.1295,1977-11-28,#6F263D
Cavaliers,CLE,1514.4092,1977-12-14,#6F263D
Cavaliers,CLE,1499.0615,1977-12-28,#6F263D
Cavaliers,CLE,1468.9645,1978-01-14,#6F263D
Cavaliers,CLE,1472.6162,1978-01-28,#6F263D
Cavaliers,CLE,1476.7329,1978-02-14,#6F263D
Cavaliers,CLE,1510.3312,1978-02-28,#6F263D
Cavaliers,CLE,1505.3418,1978-03-14,#6F263D
Cavaliers,CLE,1489.8623,1978-03-28,#6F263D
Cavaliers,CLE,1498.6406,1978-04-14,#6F263D
Cavaliers,CLE,1516.4066,1978-04-28,#6F263D
Cavaliers,CLE,1516.4066,1978-05-14,#6F263D
Cavaliers,CLE,1516.4066,1978-05-28,#6F263D
Cavaliers,CLE,1520.2458,1978-10-14,#6F263D
Cavaliers,CLE,1502.5587,1978-10-28,#6F263D
Cavaliers,CLE,1448.457,1978-11-14,#6F263D
Cavaliers,CLE,1452.5331,1978-11-28,#6F263D
Cavaliers,CLE,1456.4136,1978-12-14,#6F263D
Cavaliers,CLE,1457.3403,1978-12-28,#6F263D
Cavaliers,CLE,1463.2349,1979-01-14,#6F263D
Cavaliers,CLE,1458.1749,1979-01-28,#6F263D
Cavaliers,CLE,1454.3599,1979-02-14,#6F263D
Cavaliers,CLE,1447.5095,1979-02-28,#6F263D
Cavaliers,CLE,1442.1537,1979-03-14,#6F263D
Cavaliers,CLE,1400.2219,1979-03-28,#6F263D
Cavaliers,CLE,1402.6614,1979-10-14,#6F263D
Cavaliers,CLE,1397.6837,1979-10-28,#6F263D
Cavaliers,CLE,1413.969,1979-11-14,#6F263D
Cavaliers,CLE,1452.6147,1979-11-28,#6F263D
Cavaliers,CLE,1471.1323,1979-12-14,#6F263D
Cavaliers,CLE,1486.6229,1979-12-28,#6F263D
Cavaliers,CLE,1474.1031,1980-01-28,#6F263D
Cavaliers,CLE,1447.4734,1980-02-14,#6F263D
Cavaliers,CLE,1434.637,1980-02-28,#6F263D
Cavaliers,CLE,1472.0885,1980-03-14,#6F263D
Cavaliers,CLE,1489.6208,1980-03-28,#6F263D
Cavaliers,CLE,1493.3539,1980-04-14,#6F263D
Cavaliers,CLE,1493.3539,1980-05-14,#6F263D
Cavaliers,CLE,1486.9305,1980-10-14,#6F263D
Cavaliers,CLE,1476.0426,1980-10-28,#6F263D
Cavaliers,CLE,1433.4937,1980-11-14,#6F263D
Cavaliers,CLE,1457.2772,1980-11-28,#6F263D
Cavaliers,CLE,1423.9513,1980-12-14,#6F263D
Cavaliers,CLE,1417.4979,1980-12-28,#6F263D
Cavaliers,CLE,1432.335,1981-01-14,#6F263D
Cavaliers,CLE,1463.2977,1981-01-28,#6F263D
Cavaliers,CLE,1444.9323,1981-02-14,#6F263D
Cavaliers,CLE,1416.0419,1981-02-28,#6F263D
Cavaliers,CLE,1377.6956,1981-03-14,#6F263D
Cavaliers,CLE,1364.1224,1981-03-28,#6F263D
Cavaliers,CLE,1395.4592,1981-04-14,#6F263D
Cavaliers,CLE,1395.4592,1981-05-14,#6F263D
Cavaliers,CLE,1398.9851,1981-11-14,#6F263D
Cavaliers,CLE,1370.7502,1981-11-28,#6F263D
Cavaliers,CLE,1330.0176,1981-12-28,#6F263D
Cavaliers,CLE,1298.5536,1982-01-14,#6F263D
Cavaliers,CLE,1301.7844,1982-01-28,#6F263D
Cavaliers,CLE,1295.9879,1982-02-14,#6F263D
Cavaliers,CLE,1292.5917,1982-02-28,#6F263D
Cavaliers,CLE,1289.201,1982-03-14,#6F263D
Cavaliers,CLE,1269.4493,1982-03-28,#6F263D
Cavaliers,CLE,1235.725,1982-04-14,#6F263D
Cavaliers,CLE,1295.451,1982-04-28,#6F263D
Cavaliers,CLE,1295.451,1982-05-14,#6F263D
Cavaliers,CLE,1299.9755,1982-11-14,#6F263D
Cavaliers,CLE,1277.4446,1982-11-28,#6F263D
Cavaliers,CLE,1265.4617,1982-12-14,#6F263D
Cavaliers,CLE,1257.403,1982-12-28,#6F263D
Cavaliers,CLE,1280.8552,1983-01-14,#6F263D
Cavaliers,CLE,1292.6249,1983-01-28,#6F263D
Cavaliers,CLE,1320.9171,1983-04-14,#6F263D
Cavaliers,CLE,1376.2715,1983-05-14,#6F263D
Cavaliers,CLE,1376.2715,1983-10-28,#6F263D
Cavaliers,CLE,1376.2949,1983-11-28,#6F263D
Cavaliers,CLE,1394.353,1983-12-14,#6F263D
Cavaliers,CLE,1383.3092,1983-12-28,#6F263D
Cavaliers,CLE,1403.6157,1984-01-14,#6F263D
Cavaliers,CLE,1435.5637,1984-02-14,#6F263D
Cavaliers,CLE,1417.9497,1984-02-28,#6F263D
Cavaliers,CLE,1400.7972,1984-03-14,#6F263D
Cavaliers,CLE,1385.537,1984-03-28,#6F263D
Cavaliers,CLE,1374.2787,1984-04-14,#6F263D
Cavaliers,CLE,1403.6124,1984-04-28,#6F263D
Cavaliers,CLE,1382.7078,1984-10-28,#6F263D
Cavaliers,CLE,1361.6659,1984-11-14,#6F263D
Cavaliers,CLE,1344.1558,1984-11-28,#6F263D
Cavaliers,CLE,1331.3704,1984-12-14,#6F263D
Cavaliers,CLE,1344.1147,1984-12-28,#6F263D
Cavaliers,CLE,1365.4973,1985-01-14,#6F263D
Cavaliers,CLE,1377.7618,1985-01-28,#6F263D
Cavaliers,CLE,1407.9988,1985-02-14,#6F263D
Cavaliers,CLE,1496.9009,1985-02-28,#6F263D
Cavaliers,CLE,1483.4501,1985-03-14,#6F263D
Cavaliers,CLE,1505.2041,1985-03-28,#6F263D
Cavaliers,CLE,1522.6919,1985-04-14,#6F263D
Cavaliers,CLE,1516.6183,1985-04-28,#6F263D
Cavaliers,CLE,1516.6183,1985-05-14,#6F263D
Cavaliers,CLE,1537.7233,1985-11-14,#6F263D
Cavaliers,CLE,1515.557,1985-12-14,#6F263D
Cavaliers,CLE,1523.2609,1985-12-28,#6F263D
Cavaliers,CLE,1486.5156,1986-01-14,#6F263D
Cavaliers,CLE,1463.3379,1986-01-28,#6F263D
Cavaliers,CLE,1453.8011,1986-02-14,#6F263D
Cavaliers,CLE,1437.6534,1986-02-28,#6F263D
Cavaliers,CLE,1424.1882,1986-03-14,#6F263D
Cavaliers,CLE,1446.9467,1986-03-28,#6F263D
Cavaliers,CLE,1431.0253,1986-11-14,#6F263D
Cavaliers,CLE,1417.4579,1986-11-28,#6F263D
Cavaliers,CLE,1421.6156,1986-12-14,#6F263D
Cavaliers,CLE,1430.4835,1986-12-28,#6F263D
Cavaliers,CLE,1401.2881,1987-01-14,#6F263D
Cavaliers,CLE,1399.6637,1987-01-28,#6F263D
Cavaliers,CLE,1401.5894,1987-02-14,#6F263D
Cavaliers,CLE,1420.0674,1987-02-28,#6F263D
Cavaliers,CLE,1391.4137,1987-03-14,#6F263D
Cavaliers,CLE,1407.6296,1987-03-28,#6F263D
Cavaliers,CLE,1428.6206,1987-04-14,#6F263D
Cavaliers,CLE,1456.5153,1987-04-28,#6F263D
Cavaliers,CLE,1456.5153,1987-05-14,#6F263D
Cavaliers,CLE,1456.5153,1987-05-28,#6F263D
Cavaliers,CLE,1456.5153,1987-06-14,#6F263D
Cavaliers,CLE,1433.0613,1987-11-14,#6F263D
Cavaliers,CLE,1436.3748,1987-11-28,#6F263D
Cavaliers,CLE,1482.8268,1987-12-14,#6F263D
Cavaliers,CLE,1464.8412,1987-12-28,#6F263D
Cavaliers,CLE,1490.2932,1988-01-14,#6F263D
Cavaliers,CLE,1526.6653,1988-01-28,#6F263D
Cavaliers,CLE,1519.459,1988-02-14,#6F263D
Cavaliers,CLE,1503.3938,1988-02-28,#6F263D
Cavaliers,CLE,1503.8552,1988-03-14,#6F263D
Cavaliers,CLE,1489.1249,1988-03-28,#6F263D
Cavaliers,CLE,1553.45,1988-04-14,#6F263D
Cavaliers,CLE,1563.6246,1988-04-28,#6F263D
Cavaliers,CLE,1567.6544,1988-05-14,#6F263D
Cavaliers,CLE,1567.6544,1988-05-28,#6F263D
Cavaliers,CLE,1567.6544,1988-06-14,#6F263D
Cavaliers,CLE,1578.6467,1988-11-14,#6F263D
Cavaliers,CLE,1586.6987,1988-11-28,#6F263D
Cavaliers,CLE,1621.4346,1988-12-14,#6F263D
Cavaliers,CLE,1662.5385,1988-12-28,#6F263D
Cavaliers,CLE,1669.7828,1989-01-14,#6F263D
Cavaliers,CLE,1671.6561,1989-01-28,#6F263D
Cavaliers,CLE,1660.0323,1989-02-14,#6F263D
Cavaliers,CLE,1690.2388,1989-02-28,#6F263D
Cavaliers,CLE,1661.6569,1989-03-14,#6F263D
Cavaliers,CLE,1655.5811,1989-03-28,#6F263D
Cavaliers,CLE,1648.6111,1989-04-14,#6F263D
Cavaliers,CLE,1627.1877,1989-04-28,#6F263D
Cavaliers,CLE,1587.8738,1989-05-14,#6F263D
Cavaliers,CLE,1587.8738,1989-05-28,#6F263D
Cavaliers,CLE,1562.1453,1989-11-14,#6F263D
Cavaliers,CLE,1559.0836,1989-11-28,#6F263D
Cavaliers,CLE,1491.3608,1989-12-14,#6F263D
Cavaliers,CLE,1444.1531,1989-12-28,#6F263D
Cavaliers,CLE,1475.6602,1990-01-14,#6F263D
Cavaliers,CLE,1460.6403,1990-01-28,#6F263D
Cavaliers,CLE,1460.0852,1990-02-14,#6F263D
Cavaliers,CLE,1463.5344,1990-02-28,#6F263D
Cavaliers,CLE,1488.0281,1990-03-14,#6F263D
Cavaliers,CLE,1496.53,1990-03-28,#6F263D
Cavaliers,CLE,1507.2067,1990-04-14,#6F263D
Cavaliers,CLE,1527.5358,1990-04-28,#6F263D
Cavaliers,CLE,1525.3961,1990-05-28,#6F263D
Cavaliers,CLE,1525.3961,1990-06-14,#6F263D
Cavaliers,CLE,1556.575,1990-11-14,#6F263D
Cavaliers,CLE,1529.0551,1990-11-28,#6F263D
Cavaliers,CLE,1472.5859,1990-12-14,#6F263D
Cavaliers,CLE,1419.6812,1990-12-28,#6F263D
Cavaliers,CLE,1390.3835,1991-01-14,#6F263D
Cavaliers,CLE,1407.2072,1991-01-28,#6F263D
Cavaliers,CLE,1416.2632,1991-02-14,#6F263D
Cavaliers,CLE,1400.9393,1991-02-28,#6F263D
Cavaliers,CLE,1402.3336,1991-03-14,#6F263D
Cavaliers,CLE,1400.3951,1991-03-28,#6F263D
Cavaliers,CLE,1415.491,1991-04-14,#6F263D
Cavaliers,CLE,1450.5769,1991-04-28,#6F263D
Cavaliers,CLE,1450.5769,1991-05-14,#6F263D
Cavaliers,CLE,1450.5769,1991-05-28,#6F263D
Cavaliers,CLE,1463.4557,1991-11-14,#6F263D
Cavaliers,CLE,1510.3507,1991-12-14,#6F263D
Cavaliers,CLE,1578.66,1991-12-28,#6F263D
Cavaliers,CLE,1608.2031,1992-01-14,#6F263D
Cavaliers,CLE,1594.8096,1992-01-28,#6F263D
Cavaliers,CLE,1575.0941,1992-02-14,#6F263D
Cavaliers,CLE,1594.9926,1992-02-28,#6F263D
Cavaliers,CLE,1605.1539,1992-03-14,#6F263D
Cavaliers,CLE,1632.7164,1992-03-28,#6F263D
Cavaliers,CLE,1638.2076,1992-04-14,#6F263D
Cavaliers,CLE,1634.278,1992-04-28,#6F263D
Cavaliers,CLE,1638.7206,1992-05-14,#6F263D
Cavaliers,CLE,1662.5376,1992-05-28,#6F263D
Cavaliers,CLE,1615.4423,1992-06-14,#6F263D
Cavaliers,CLE,1620.6074,1992-11-14,#6F263D
Cavaliers,CLE,1594.8661,1992-11-28,#6F263D
Cavaliers,CLE,1589.4298,1992-12-14,#6F263D
Cavaliers,CLE,1611.431,1992-12-28,#6F263D
Cavaliers,CLE,1628.3978,1993-01-14,#6F263D
Cavaliers,CLE,1629.6006,1993-01-28,#6F263D
Cavaliers,CLE,1652.452,1993-02-14,#6F263D
Cavaliers,CLE,1676.1819,1993-02-28,#6F263D
Cavaliers,CLE,1660.8209,1993-03-14,#6F263D
Cavaliers,CLE,1632.0457,1993-03-28,#6F263D
Cavaliers,CLE,1649.6362,1993-04-14,#6F263D
Cavaliers,CLE,1633.8046,1993-05-14,#6F263D
Cavaliers,CLE,1585.2085,1993-05-28,#6F263D
Cavaliers,CLE,1569.6771,1993-11-14,#6F263D
Cavaliers,CLE,1581.5179,1993-11-28,#6F263D
Cavaliers,CLE,1537.5641,1993-12-14,#6F263D
Cavaliers,CLE,1561.0952,1993-12-28,#6F263D
Cavaliers,CLE,1574.4432,1994-01-14,#6F263D
Cavaliers,CLE,1572.5327,1994-01-28,#6F263D
Cavaliers,CLE,1619.4742,1994-02-28,#6F263D
Cavaliers,CLE,1601.9594,1994-03-14,#6F263D
Cavaliers,CLE,1608.3969,1994-03-28,#6F263D
Cavaliers,CLE,1583.9597,1994-04-14,#6F263D
Cavaliers,CLE,1580.2842,1994-04-28,#6F263D
Cavaliers,CLE,1562.1147,1994-05-14,#6F263D
Cavaliers,CLE,1562.1147,1994-05-28,#6F263D
Cavaliers,CLE,1553.2834,1994-11-14,#6F263D
Cavaliers,CLE,1563.2366,1994-11-28,#6F263D
Cavaliers,CLE,1560.9662,1994-12-14,#6F263D
Cavaliers,CLE,1600.8424,1994-12-28,#6F263D
Cavaliers,CLE,1583.2826,1995-01-14,#6F263D
Cavaliers,CLE,1550.9178,1995-01-28,#6F263D
Cavaliers,CLE,1538.3878,1995-02-14,#6F263D
Cavaliers,CLE,1552.1301,1995-02-28,#6F263D
Cavaliers,CLE,1540.6013,1995-03-14,#6F263D
Cavaliers,CLE,1511.0685,1995-03-28,#6F263D
Cavaliers,CLE,1492.6921,1995-04-14,#6F263D
Cavaliers,CLE,1493.8224,1995-04-28,#6F263D
Cavaliers,CLE,1480.2339,1995-05-14,#6F263D
Cavaliers,CLE,1480.2339,1995-05-28,#6F263D
Cavaliers,CLE,1480.2339,1995-06-14,#6F263D
Cavaliers,CLE,1429.0857,1995-11-14,#6F263D
Cavaliers,CLE,1471.0027,1995-11-28,#6F263D
Cavaliers,CLE,1477.4888,1995-12-14,#6F263D
Cavaliers,CLE,1510.1931,1995-12-28,#6F263D
Cavaliers,CLE,1535.8901,1996-01-14,#6F263D
Cavaliers,CLE,1500.2828,1996-01-28,#6F263D
Cavaliers,CLE,1555.4807,1996-02-14,#6F263D
Cavaliers,CLE,1564.7316,1996-02-28,#6F263D
Cavaliers,CLE,1517.6992,1996-03-14,#6F263D
Cavaliers,CLE,1530.787,1996-03-28,#6F263D
Cavaliers,CLE,1546.4789,1996-04-14,#6F263D
Cavaliers,CLE,1523.6958,1996-04-28,#6F263D
Cavaliers,CLE,1529.2152,1996-05-14,#6F263D
Cavaliers,CLE,1529.2152,1996-05-28,#6F263D
Cavaliers,CLE,1529.2152,1996-06-14,#6F263D
Cavaliers,CLE,1547.8007,1996-11-14,#6F263D
Cavaliers,CLE,1534.8955,1996-11-28,#6F263D
Cavaliers,CLE,1561.0769,1996-12-14,#6F263D
Cavaliers,CLE,1570.6835,1996-12-28,#6F263D
Cavaliers,CLE,1529.776,1997-01-14,#6F263D
Cavaliers,CLE,1546.7468,1997-01-28,#6F263D
Cavaliers,CLE,1539.6735,1997-02-14,#6F263D
Cavaliers,CLE,1567.6478,1997-02-28,#6F263D
Cavaliers,CLE,1530.158,1997-03-14,#6F263D
Cavaliers,CLE,1496.8883,1997-03-28,#6F263D
Cavaliers,CLE,1508.1996,1997-04-14,#6F263D
Cavaliers,CLE,1516.4308,1997-04-28,#6F263D
Cavaliers,CLE,1516.4308,1997-05-14,#6F263D
Cavaliers,CLE,1516.4308,1997-05-28,#6F263D
Cavaliers,CLE,1544.8143,1997-11-14,#6F263D
Cavaliers,CLE,1569.8302,1997-11-28,#6F263D
Cavaliers,CLE,1610.5654,1997-12-14,#6F263D
Cavaliers,CLE,1561.3605,1997-12-28,#6F263D
Cavaliers,CLE,1571.9655,1998-01-14,#6F263D
Cavaliers,CLE,1559.9839,1998-01-28,#6F263D
Cavaliers,CLE,1522.6434,1998-02-14,#6F263D
Cavaliers,CLE,1521.809,1998-02-28,#6F263D
Cavaliers,CLE,1524.7255,1998-03-14,#6F263D
Cavaliers,CLE,1568.7853,1998-03-28,#6F263D
Cavaliers,CLE,1583.0201,1998-04-14,#6F263D
Cavaliers,CLE,1559.4896,1998-04-28,#6F263D
Cavaliers,CLE,1537.1379,1998-06-14,#6F263D
Cavaliers,CLE,1553.938,1999-02-14,#6F263D
Cavaliers,CLE,1526.6853,1999-02-28,#6F263D
Cavaliers,CLE,1538.0494,1999-03-14,#6F263D
Cavaliers,CLE,1531.236,1999-03-28,#6F263D
Cavaliers,CLE,1531.9393,1999-04-14,#6F263D
Cavaliers,CLE,1474.1495,1999-04-28,#6F263D
Cavaliers,CLE,1464.9763,1999-05-14,#6F263D
Cavaliers,CLE,1481.1412,1999-11-14,#6F263D
Cavaliers,CLE,1483.1147,1999-11-28,#6F263D
Cavaliers,CLE,1497.0687,1999-12-14,#6F263D
Cavaliers,CLE,1421.0002,1999-12-28,#6F263D
Cavaliers,CLE,1432.6603,2000-01-14,#6F263D
Cavaliers,CLE,1421.0039,2000-01-28,#6F263D
Cavaliers,CLE,1407.1072,2000-02-28,#6F263D
Cavaliers,CLE,1407.9207,2000-03-14,#6F263D
Cavaliers,CLE,1405.9111,2000-03-28,#6F263D
Cavaliers,CLE,1418.7377,2000-04-14,#6F263D
Cavaliers,CLE,1443.5634,2000-04-28,#6F263D
Cavaliers,CLE,1443.5634,2000-05-14,#6F263D
Cavaliers,CLE,1443.5634,2000-05-28,#6F263D
Cavaliers,CLE,1443.5634,2000-06-14,#6F263D
Cavaliers,CLE,1460.6893,2000-11-14,#6F263D
Cavaliers,CLE,1474.0298,2000-11-28,#6F263D
Cavaliers,CLE,1488.6163,2000-12-14,#6F263D
Cavaliers,CLE,1457.3882,2000-12-28,#6F263D
Cavaliers,CLE,1449.9563,2001-01-14,#6F263D
Cavaliers,CLE,1447.8481,2001-01-28,#6F263D
Cavaliers,CLE,1384.092,2001-02-14,#6F263D
Cavaliers,CLE,1371.2189,2001-02-28,#6F263D
Cavaliers,CLE,1340.0619,2001-03-14,#6F263D
Cavaliers,CLE,1346.6149,2001-03-28,#6F263D
Cavaliers,CLE,1375.2792,2001-04-14,#6F263D
Cavaliers,CLE,1389.6302,2001-04-28,#6F263D
Cavaliers,CLE,1389.6302,2001-05-14,#6F263D
Cavaliers,CLE,1389.6302,2001-05-28,#6F263D
Cavaliers,CLE,1373.9055,2001-11-14,#6F263D
Cavaliers,CLE,1369.4929,2001-11-28,#6F263D
Cavaliers,CLE,1400.2573,2001-12-14,#6F263D
Cavaliers,CLE,1407.8557,2001-12-28,#6F263D
Cavaliers,CLE,1354.3733,2002-01-14,#6F263D
Cavaliers,CLE,1364.9554,2002-01-28,#6F263D
Cavaliers,CLE,1408.9912,2002-02-14,#6F263D
Cavaliers,CLE,1427.2516,2002-02-28,#6F263D
Cavaliers,CLE,1404.745,2002-03-14,#6F263D
Cavaliers,CLE,1382.1602,2002-03-28,#6F263D
Cavaliers,CLE,1407.2207,2002-04-14,#6F263D
Cavaliers,CLE,1422.4297,2002-04-28,#6F263D
Cavaliers,CLE,1422.4297,2002-05-14,#6F263D
Cavaliers,CLE,1422.4297,2002-05-28,#6F263D
Cavaliers,CLE,1404.0026,2002-11-14,#6F263D
Cavaliers,CLE,1356.4692,2002-11-28,#6F263D
Cavaliers,CLE,1347.6957,2002-12-14,#6F263D
Cavaliers,CLE,1313.4529,2002-12-28,#6F263D
Cavaliers,CLE,1309.4172,2003-01-14,#6F263D
Cavaliers,CLE,1293.2863,2003-01-28,#6F263D
Cavaliers,CLE,1279.6643,2003-02-14,#6F263D
Cavaliers,CLE,1270.4884,2003-02-28,#6F263D
Cavaliers,CLE,1265.1198,2003-03-14,#6F263D
Cavaliers,CLE,1287.0946,2003-03-28,#6F263D
Cavaliers,CLE,1275.0115,2003-04-14,#6F263D
Cavaliers,CLE,1337.8445,2003-04-28,#6F263D
Cavaliers,CLE,1337.8445,2003-05-14,#6F263D
Cavaliers,CLE,1337.8445,2003-10-28,#6F263D
Cavaliers,CLE,1344.2272,2003-11-14,#6F263D
Cavaliers,CLE,1340.0962,2003-11-28,#6F263D
Cavaliers,CLE,1332.3013,2003-12-14,#6F263D
Cavaliers,CLE,1371.6003,2003-12-28,#6F263D
Cavaliers,CLE,1373.3268,2004-01-14,#6F263D
Cavaliers,CLE,1406.9747,2004-01-28,#6F263D
Cavaliers,CLE,1406.6732,2004-02-28,#6F263D
Cavaliers,CLE,1472.3074,2004-03-14,#6F263D
Cavaliers,CLE,1426.0463,2004-03-28,#6F263D
Cavaliers,CLE,1432.2759,2004-04-14,#6F263D
Cavaliers,CLE,1445.1038,2004-04-28,#6F263D
Cavaliers,CLE,1445.1038,2004-05-14,#6F263D
Cavaliers,CLE,1445.1038,2004-05-28,#6F263D
Cavaliers,CLE,1475.9987,2004-11-14,#6F263D
Cavaliers,CLE,1497.7019,2004-11-28,#6F263D
Cavaliers,CLE,1514.0901,2004-12-14,#6F263D
Cavaliers,CLE,1514.3346,2004-12-28,#6F263D
Cavaliers,CLE,1528.17,2005-01-14,#6F263D
Cavaliers,CLE,1521.1117,2005-01-28,#6F263D
Cavaliers,CLE,1528.5221,2005-02-14,#6F263D
Cavaliers,CLE,1506.9014,2005-02-28,#6F263D
Cavaliers,CLE,1497.6378,2005-03-14,#6F263D
Cavaliers,CLE,1473.213,2005-03-28,#6F263D
Cavaliers,CLE,1442.826,2005-04-14,#6F263D
Cavaliers,CLE,1480.5029,2005-04-28,#6F263D
Cavaliers,CLE,1480.5029,2005-05-14,#6F263D
Cavaliers,CLE,1480.5029,2005-05-28,#6F263D
Cavaliers,CLE,1480.5029,2005-06-14,#6F263D
Cavaliers,CLE,1529.8535,2005-11-14,#6F263D
Cavaliers,CLE,1535.5198,2005-11-28,#6F263D
Cavaliers,CLE,1498.4941,2005-12-14,#6F263D
Cavaliers,CLE,1550.8915,2005-12-28,#6F263D
Cavaliers,CLE,1522.7189,2006-01-14,#6F263D
Cavaliers,CLE,1556.5955,2006-01-28,#6F263D
Cavaliers,CLE,1553.2437,2006-02-14,#6F263D
Cavaliers,CLE,1509.9518,2006-02-28,#6F263D
Cavaliers,CLE,1502.3856,2006-03-14,#6F263D
Cavaliers,CLE,1538.8759,2006-03-28,#6F263D
Cavaliers,CLE,1554.8849,2006-04-14,#6F263D
Cavaliers,CLE,1564.7924,2006-04-28,#6F263D
Cavaliers,CLE,1568.4386,2006-05-14,#6F263D
Cavaliers,CLE,1552.9172,2006-05-28,#6F263D
Cavaliers,CLE,1560.6979,2006-11-14,#6F263D
Cavaliers,CLE,1532.2833,2006-11-28,#6F263D
Cavaliers,CLE,1549.8191,2006-12-14,#6F263D
Cavaliers,CLE,1542.4667,2006-12-28,#6F263D
Cavaliers,CLE,1575.6078,2007-01-14,#6F263D
Cavaliers,CLE,1518.8562,2007-01-28,#6F263D
Cavaliers,CLE,1545.2732,2007-02-14,#6F263D
Cavaliers,CLE,1548.3943,2007-02-28,#6F263D
Cavaliers,CLE,1600.0699,2007-03-14,#6F263D
Cavaliers,CLE,1572.8353,2007-03-28,#6F263D
Cavaliers,CLE,1589.4934,2007-04-14,#6F263D
Cavaliers,CLE,1611.0167,2007-04-28,#6F263D
Cavaliers,CLE,1619.267,2007-05-14,#6F263D
Cavaliers,CLE,1623.0171,2007-05-28,#6F263D
Cavaliers,CLE,1620.6797,2007-06-14,#6F263D
Cavaliers,CLE,1568.9915,2007-11-14,#6F263D
Cavaliers,CLE,1566.2197,2007-11-28,#6F263D
Cavaliers,CLE,1501.447,2007-12-14,#6F263D
Cavaliers,CLE,1489.1141,2007-12-28,#6F263D
Cavaliers,CLE,1513.2944,2008-01-14,#6F263D
Cavaliers,CLE,1555.0898,2008-01-28,#6F263D
Cavaliers,CLE,1516.46,2008-02-14,#6F263D
Cavaliers,CLE,1525.2,2008-02-28,#6F263D
Cavaliers,CLE,1529.5557,2008-03-14,#6F263D
Cavaliers,CLE,1521.5394,2008-03-28,#6F263D
Cavaliers,CLE,1515.2999,2008-04-14,#6F263D
Cavaliers,CLE,1509.2258,2008-04-28,#6F263D
Cavaliers,CLE,1557.5101,2008-05-14,#6F263D
Cavaliers,CLE,1545.1223,2008-05-28,#6F263D
Cavaliers,CLE,1545.1223,2008-10-28,#6F263D
Cavaliers,CLE,1603.4176,2008-11-14,#6F263D
Cavaliers,CLE,1634.0366,2008-11-28,#6F263D
Cavaliers,CLE,1671.1062,2008-12-14,#6F263D
Cavaliers,CLE,1697.88,2008-12-28,#6F263D
Cavaliers,CLE,1675.9473,2009-01-14,#6F263D
Cavaliers,CLE,1683.453,2009-01-28,#6F263D
Cavaliers,CLE,1702.8866,2009-02-28,#6F263D
Cavaliers,CLE,1715.9393,2009-03-14,#6F263D
Cavaliers,CLE,1737.8643,2009-03-28,#6F263D
Cavaliers,CLE,1724.8857,2009-04-14,#6F263D
Cavaliers,CLE,1748.5725,2009-04-28,#6F263D
Cavaliers,CLE,1758.1752,2009-05-14,#6F263D
Cavaliers,CLE,1752.0944,2009-05-28,#6F263D
Cavaliers,CLE,1669.5657,2009-06-14,#6F263D
Cavaliers,CLE,1654.4287,2009-10-28,#6F263D
Cavaliers,CLE,1684.2523,2009-11-14,#6F263D
Cavaliers,CLE,1671.283,2009-11-28,#6F263D
Cavaliers,CLE,1684.4205,2009-12-14,#6F263D
Cavaliers,CLE,1739.7404,2009-12-28,#6F263D
Cavaliers,CLE,1732.8931,2010-01-14,#6F263D
Cavaliers,CLE,1750.2377,2010-01-28,#6F263D
Cavaliers,CLE,1747.3265,2010-02-28,#6F263D
Cavaliers,CLE,1745.9393,2010-03-14,#6F263D
Cavaliers,CLE,1752.0815,2010-03-28,#6F263D
Cavaliers,CLE,1701.4937,2010-04-14,#6F263D
Cavaliers,CLE,1715.8618,2010-04-28,#6F263D
Cavaliers,CLE,1617.5342,2010-05-28,#6F263D
Cavaliers,CLE,1596.2744,2010-10-28,#6F263D
Cavaliers,CLE,1540.7329,2010-11-14,#6F263D
Cavaliers,CLE,1509.7618,2010-11-28,#6F263D
Cavaliers,CLE,1409.901,2010-12-14,#6F263D
Cavaliers,CLE,1386.4414,2010-12-28,#6F263D
Cavaliers,CLE,1336.2036,2011-01-14,#6F263D
Cavaliers,CLE,1303.4546,2011-01-28,#6F263D
Cavaliers,CLE,1286.809,2011-02-14,#6F263D
Cavaliers,CLE,1288.2748,2011-02-28,#6F263D
Cavaliers,CLE,1285.7137,2011-03-14,#6F263D
Cavaliers,CLE,1293.0769,2011-03-28,#6F263D
Cavaliers,CLE,1356.5503,2011-04-28,#6F263D
Cavaliers,CLE,1379.6533,2011-12-28,#6F263D
Cavaliers,CLE,1419.0623,2012-01-14,#6F263D
Cavaliers,CLE,1395.1613,2012-01-28,#6F263D
Cavaliers,CLE,1402.517,2012-02-14,#6F263D
Cavaliers,CLE,1385.2402,2012-02-28,#6F263D
Cavaliers,CLE,1382.0527,2012-03-14,#6F263D
Cavaliers,CLE,1340.6638,2012-03-28,#6F263D
Cavaliers,CLE,1328.4905,2012-04-14,#6F263D
Cavaliers,CLE,1357.5148,2012-04-28,#6F263D
Cavaliers,CLE,1357.5148,2012-05-14,#6F263D
Cavaliers,CLE,1357.5148,2012-05-28,#6F263D
Cavaliers,CLE,1357.5148,2012-06-14,#6F263D
Cavaliers,CLE,1341.788,2012-11-14,#6F263D
Cavaliers,CLE,1348.9585,2012-11-28,#6F263D
Cavaliers,CLE,1323.3579,2012-12-14,#6F263D
Cavaliers,CLE,1329.5402,2012-12-28,#6F263D
Cavaliers,CLE,1328.9288,2013-01-14,#6F263D
Cavaliers,CLE,1356.041,2013-01-28,#6F263D
Cavaliers,CLE,1367.6669,2013-02-14,#6F263D
Cavaliers,CLE,1400.9209,2013-02-28,#6F263D
Cavaliers,CLE,1392.6874,2013-03-14,#6F263D
Cavaliers,CLE,1355.4708,2013-03-28,#6F263D
Cavaliers,CLE,1331.4358,2013-04-14,#6F263D
Cavaliers,CLE,1377.5465,2013-04-28,#6F263D
Cavaliers,CLE,1377.5465,2013-05-14,#6F263D
Cavaliers,CLE,1377.5465,2013-05-28,#6F263D
Cavaliers,CLE,1347.2939,2013-11-14,#6F263D
Cavaliers,CLE,1397.7426,2013-12-14,#6F263D
Cavaliers,CLE,1361.5282,2013-12-28,#6F263D
Cavaliers,CLE,1374.3297,2014-01-14,#6F263D
Cavaliers,CLE,1360.7777,2014-01-28,#6F263D
Cavaliers,CLE,1423.7858,2014-02-28,#6F263D
Cavaliers,CLE,1435.0958,2014-03-14,#6F263D
Cavaliers,CLE,1438.1766,2014-03-28,#6F263D
Cavaliers,CLE,1449.9618,2014-04-14,#6F263D
Cavaliers,CLE,1455.226,2014-04-28,#6F263D
Cavaliers,CLE,1455.226,2014-05-14,#6F263D
Cavaliers,CLE,1455.226,2014-05-28,#6F263D
Cavaliers,CLE,1455.226,2014-10-28,#6F263D
Cavaliers,CLE,1481.688,2014-11-14,#6F263D
Cavaliers,CLE,1498.7886,2014-11-28,#6F263D
Cavaliers,CLE,1546.2701,2014-12-14,#6F263D
Cavaliers,CLE,1497.286,2014-12-28,#6F263D
Cavaliers,CLE,1442.4127,2015-01-14,#6F263D
Cavaliers,CLE,1523.5088,2015-01-28,#6F263D
Cavaliers,CLE,1598.116,2015-02-28,#6F263D
Cavaliers,CLE,1657.1063,2015-03-14,#6F263D
Cavaliers,CLE,1664.8707,2015-03-28,#6F263D
Cavaliers,CLE,1630.6193,2015-04-14,#6F263D
Cavaliers,CLE,1644.6088,2015-04-28,#6F263D
Cavaliers,CLE,1678.9756,2015-05-14,#6F263D
Cavaliers,CLE,1700.7391,2015-06-14,#6F263D
Capitols,WSC,1316.6356,1946-11-14,#318c47
Capitols,WSC,1373.3796,1946-11-28,#318c47
Capitols,WSC,1414.1184,1946-12-14,#318c47
Capitols,WSC,1442.3615,1946-12-28,#318c47
Capitols,WSC,1453.2283,1947-01-14,#318c47
Capitols,WSC,1461.7986,1947-01-28,#318c47
Capitols,WSC,1447.2051,1947-02-14,#318c47
Capitols,WSC,1486.1029,1947-02-28,#318c47
Capitols,WSC,1523.0393,1947-03-14,#318c47
Capitols,WSC,1518.7253,1947-03-28,#318c47
Capitols,WSC,1485.6085,1947-04-14,#318c47
Capitols,WSC,1462.2957,1947-11-14,#318c47
Capitols,WSC,1451.506,1947-11-28,#318c47
Capitols,WSC,1468.288,1947-12-28,#318c47
Capitols,WSC,1454.2875,1948-01-14,#318c47
Capitols,WSC,1454.9012,1948-01-28,#318c47
Capitols,WSC,1493.4597,1948-02-14,#318c47
Capitols,WSC,1443.6302,1948-02-28,#318c47
Capitols,WSC,1478.1687,1948-03-28,#318c47
Capitols,WSC,1519.4764,1948-11-14,#318c47
Capitols,WSC,1552.3716,1948-11-28,#318c47
Capitols,WSC,1554.7571,1948-12-14,#318c47
Capitols,WSC,1534.363,1948-12-28,#318c47
Capitols,WSC,1531.3352,1949-01-14,#318c47
Capitols,WSC,1520.088,1949-01-28,#318c47
Capitols,WSC,1494.5061,1949-02-28,#318c47
Capitols,WSC,1488.1824,1949-11-28,#318c47
Capitols,WSC,1489.0441,1949-12-14,#318c47
Capitols,WSC,1464.8539,1949-12-28,#318c47
Capitols,WSC,1489.1714,1950-01-14,#318c47
Capitols,WSC,1491.5117,1950-01-28,#318c47
Capitols,WSC,1458.0056,1950-02-14,#318c47
Capitols,WSC,1430.7255,1950-02-28,#318c47
Capitols,WSC,1440.6869,1950-03-14,#318c47
Capitols,WSC,1438.463,1950-03-28,#318c47
Capitols,WSC,1438.463,1950-04-14,#318c47
Capitols,WSC,1427.2928,1950-11-14,#318c47
Capitols,WSC,1428.1923,1950-11-28,#318c47
Capitols,WSC,1415.5793,1950-12-14,#318c47
Capitols,WSC,1399.1731,1950-12-28,#318c47
Bulls,CHI,1318.1821,1966-10-28,#CE1141
Bulls,CHI,1348.9423,1966-11-14,#CE1141
Bulls,CHI,1328.9987,1966-12-14,#CE1141
Bulls,CHI,1358.3342,1966-12-28,#CE1141
Bulls,CHI,1361.5487,1967-01-14,#CE1141
Bulls,CHI,1339.9622,1967-01-28,#CE1141
Bulls,CHI,1310.8503,1967-02-14,#CE1141
Bulls,CHI,1358.6318,1967-02-28,#CE1141
Bulls,CHI,1361.0219,1967-03-14,#CE1141
Bulls,CHI,1404.2631,1967-03-28,#CE1141
Bulls,CHI,1404.2631,1967-04-14,#CE1141
Bulls,CHI,1404.2631,1967-10-14,#CE1141
Bulls,CHI,1356.6049,1967-10-28,#CE1141
Bulls,CHI,1338.3719,1967-11-14,#CE1141
Bulls,CHI,1358.0071,1967-11-28,#CE1141
Bulls,CHI,1385.7848,1967-12-14,#CE1141
Bulls,CHI,1355.0074,1967-12-28,#CE1141
Bulls,CHI,1380.5769,1968-01-14,#CE1141
Bulls,CHI,1345.524,1968-01-28,#CE1141
Bulls,CHI,1336.937,1968-02-14,#CE1141
Bulls,CHI,1345.4093,1968-02-28,#CE1141
Bulls,CHI,1335.1893,1968-03-14,#CE1141
Bulls,CHI,1338.0657,1968-03-28,#CE1141
Bulls,CHI,1389.5792,1968-04-14,#CE1141
Bulls,CHI,1389.5792,1968-04-28,#CE1141
Bulls,CHI,1401.4895,1968-10-28,#CE1141
Bulls,CHI,1383.6014,1968-11-14,#CE1141
Bulls,CHI,1391.2365,1968-11-28,#CE1141
Bulls,CHI,1376.8292,1968-12-14,#CE1141
Bulls,CHI,1387.3707,1968-12-28,#CE1141
Bulls,CHI,1380.4596,1969-01-14,#CE1141
Bulls,CHI,1348.5852,1969-01-28,#CE1141
Bulls,CHI,1344.4688,1969-02-14,#CE1141
Bulls,CHI,1376.1575,1969-02-28,#CE1141
Bulls,CHI,1407.292,1969-03-14,#CE1141
Bulls,CHI,1398.9358,1969-03-28,#CE1141
Bulls,CHI,1398.9358,1969-04-14,#CE1141
Bulls,CHI,1398.9358,1969-10-14,#CE1141
Bulls,CHI,1398.7742,1969-10-28,#CE1141
Bulls,CHI,1432.6219,1969-11-14,#CE1141
Bulls,CHI,1460.4384,1969-11-28,#CE1141
Bulls,CHI,1421.8705,1969-12-14,#CE1141
Bulls,CHI,1397.446,1969-12-28,#CE1141
Bulls,CHI,1423.754,1970-01-14,#CE1141
Bulls,CHI,1390.4512,1970-01-28,#CE1141
Bulls,CHI,1364.6309,1970-02-14,#CE1141
Bulls,CHI,1362.5134,1970-02-28,#CE1141
Bulls,CHI,1403.0327,1970-03-14,#CE1141
Bulls,CHI,1414.9214,1970-03-28,#CE1141
Bulls,CHI,1446.8699,1970-04-14,#CE1141
Bulls,CHI,1446.8699,1970-04-28,#CE1141
Bulls,CHI,1443.6946,1970-10-14,#CE1141
Bulls,CHI,1476.45,1970-10-28,#CE1141
Bulls,CHI,1506.5721,1970-11-14,#CE1141
Bulls,CHI,1500.2096,1970-11-28,#CE1141
Bulls,CHI,1514.1996,1970-12-28,#CE1141
Bulls,CHI,1491.0558,1971-01-14,#CE1141
Bulls,CHI,1498.5502,1971-01-28,#CE1141
Bulls,CHI,1544.2953,1971-02-14,#CE1141
Bulls,CHI,1576.989,1971-02-28,#CE1141
Bulls,CHI,1575.8501,1971-03-14,#CE1141
Bulls,CHI,1549.0546,1971-03-28,#CE1141
Bulls,CHI,1506.8368,1971-04-14,#CE1141
Bulls,CHI,1506.8368,1971-04-28,#CE1141
Bulls,CHI,1518.3462,1971-10-14,#CE1141
Bulls,CHI,1525.3384,1971-10-28,#CE1141
Bulls,CHI,1515.9185,1971-11-14,#CE1141
Bulls,CHI,1571.4521,1971-11-28,#CE1141
Bulls,CHI,1584.7523,1971-12-14,#CE1141
Bulls,CHI,1608.9868,1971-12-28,#CE1141
Bulls,CHI,1600.4475,1972-01-14,#CE1141
Bulls,CHI,1627.9594,1972-01-28,#CE1141
Bulls,CHI,1569.0668,1972-02-14,#CE1141
Bulls,CHI,1595.4319,1972-03-14,#CE1141
Bulls,CHI,1603.4301,1972-03-28,#CE1141
Bulls,CHI,1565.853,1972-04-14,#CE1141
Bulls,CHI,1537.7982,1972-10-14,#CE1141
Bulls,CHI,1585.8744,1972-10-28,#CE1141
Bulls,CHI,1595.7966,1972-11-14,#CE1141
Bulls,CHI,1584.3514,1972-11-28,#CE1141
Bulls,CHI,1589.2179,1972-12-14,#CE1141
Bulls,CHI,1571.0408,1972-12-28,#CE1141
Bulls,CHI,1550.1559,1973-01-14,#CE1141
Bulls,CHI,1511.8094,1973-01-28,#CE1141
Bulls,CHI,1526.3029,1973-02-14,#CE1141
Bulls,CHI,1565.8063,1973-02-28,#CE1141
Bulls,CHI,1556.6564,1973-03-14,#CE1141
Bulls,CHI,1550.0111,1973-03-28,#CE1141
Bulls,CHI,1558.8096,1973-04-14,#CE1141
Bulls,CHI,1526.5151,1973-04-28,#CE1141
Bulls,CHI,1544.8545,1973-10-14,#CE1141
Bulls,CHI,1593.6565,1973-10-28,#CE1141
Bulls,CHI,1590.4644,1973-11-14,#CE1141
Bulls,CHI,1577.4371,1973-11-28,#CE1141
Bulls,CHI,1601.0739,1973-12-14,#CE1141
Bulls,CHI,1601.9203,1973-12-28,#CE1141
Bulls,CHI,1540.6494,1974-01-14,#CE1141
Bulls,CHI,1567.6411,1974-01-28,#CE1141
Bulls,CHI,1605.6718,1974-02-14,#CE1141
Bulls,CHI,1589.7322,1974-02-28,#CE1141
Bulls,CHI,1584.3,1974-03-14,#CE1141
Bulls,CHI,1556.2676,1974-03-28,#CE1141
Bulls,CHI,1558.5417,1974-04-14,#CE1141
Bulls,CHI,1531.5228,1974-04-28,#CE1141
Bulls,CHI,1497.1093,1974-11-14,#CE1141
Bulls,CHI,1517.2587,1974-11-28,#CE1141
Bulls,CHI,1502.0822,1974-12-14,#CE1141
Bulls,CHI,1503.1167,1974-12-28,#CE1141
Bulls,CHI,1519.0314,1975-01-14,#CE1141
Bulls,CHI,1524.6849,1975-01-28,#CE1141
Bulls,CHI,1573.7744,1975-02-14,#CE1141
Bulls,CHI,1591.429,1975-02-28,#CE1141
Bulls,CHI,1543.1078,1975-03-14,#CE1141
Bulls,CHI,1520.663,1975-03-28,#CE1141
Bulls,CHI,1538.5854,1975-04-14,#CE1141
Bulls,CHI,1550.7955,1975-04-28,#CE1141
Bulls,CHI,1544.2949,1975-05-14,#CE1141
Bulls,CHI,1532.964,1975-10-28,#CE1141
Bulls,CHI,1462.9587,1975-11-14,#CE1141
Bulls,CHI,1442.8711,1975-11-28,#CE1141
Bulls,CHI,1388.6165,1975-12-14,#CE1141
Bulls,CHI,1401.8468,1975-12-28,#CE1141
Bulls,CHI,1397.5486,1976-01-14,#CE1141
Bulls,CHI,1411.525,1976-01-28,#CE1141
Bulls,CHI,1389.2891,1976-02-14,#CE1141
Bulls,CHI,1410.1245,1976-02-28,#CE1141
Bulls,CHI,1403.2345,1976-03-14,#CE1141
Bulls,CHI,1369.6091,1976-03-28,#CE1141
Bulls,CHI,1417.4683,1976-04-14,#CE1141
Bulls,CHI,1417.4683,1976-04-28,#CE1141
Bulls,CHI,1417.4683,1976-05-14,#CE1141
Bulls,CHI,1413.3978,1976-10-28,#CE1141
Bulls,CHI,1356.4747,1976-11-14,#CE1141
Bulls,CHI,1348.5718,1976-11-28,#CE1141
Bulls,CHI,1414.9706,1976-12-14,#CE1141
Bulls,CHI,1431.683,1976-12-28,#CE1141
Bulls,CHI,1450.7054,1977-01-14,#CE1141
Bulls,CHI,1457.6619,1977-01-28,#CE1141
Bulls,CHI,1555.4624,1977-03-14,#CE1141
Bulls,CHI,1605.2263,1977-04-14,#CE1141
Bulls,CHI,1564.9717,1977-10-28,#CE1141
Bulls,CHI,1579.7474,1977-11-28,#CE1141
Bulls,CHI,1592.069,1977-12-14,#CE1141
Bulls,CHI,1584.5564,1977-12-28,#CE1141
Bulls,CHI,1561.4871,1978-01-14,#CE1141
Bulls,CHI,1539.8298,1978-01-28,#CE1141
Bulls,CHI,1501.4034,1978-02-14,#CE1141
Bulls,CHI,1486.8459,1978-02-28,#CE1141
Bulls,CHI,1469.9391,1978-03-14,#CE1141
Bulls,CHI,1436.2301,1978-03-28,#CE1141
Bulls,CHI,1449.9069,1978-04-14,#CE1141
Bulls,CHI,1449.9069,1978-04-28,#CE1141
Bulls,CHI,1449.9069,1978-05-14,#CE1141
Bulls,CHI,1449.9069,1978-05-28,#CE1141
Bulls,CHI,1469.3519,1978-10-14,#CE1141
Bulls,CHI,1408.7463,1978-10-28,#CE1141
Bulls,CHI,1400.243,1978-11-14,#CE1141
Bulls,CHI,1436.7124,1978-11-28,#CE1141
Bulls,CHI,1446.1033,1978-12-14,#CE1141
Bulls,CHI,1439.9817,1978-12-28,#CE1141
Bulls,CHI,1435.755,1979-01-14,#CE1141
Bulls,CHI,1402.9543,1979-01-28,#CE1141
Bulls,CHI,1380.4867,1979-02-14,#CE1141
Bulls,CHI,1370.6675,1979-02-28,#CE1141
Bulls,CHI,1397.3876,1979-03-14,#CE1141
Bulls,CHI,1379.8165,1979-03-28,#CE1141
Bulls,CHI,1453.6622,1979-10-14,#CE1141
Bulls,CHI,1447.5723,1979-10-28,#CE1141
Bulls,CHI,1415.6887,1979-11-14,#CE1141
Bulls,CHI,1400.4326,1979-11-28,#CE1141
Bulls,CHI,1432.4031,1979-12-14,#CE1141
Bulls,CHI,1412.0854,1979-12-28,#CE1141
Bulls,CHI,1413.1946,1980-01-28,#CE1141
Bulls,CHI,1393.5294,1980-02-14,#CE1141
Bulls,CHI,1416.7432,1980-02-28,#CE1141
Bulls,CHI,1410.5212,1980-03-14,#CE1141
Bulls,CHI,1433.579,1980-03-28,#CE1141
Bulls,CHI,1445.6836,1980-04-14,#CE1141
Bulls,CHI,1445.6836,1980-05-14,#CE1141
Bulls,CHI,1463.5264,1980-10-14,#CE1141
Bulls,CHI,1445.5656,1980-10-28,#CE1141
Bulls,CHI,1423.8595,1980-11-14,#CE1141
Bulls,CHI,1454.9766,1980-11-28,#CE1141
Bulls,CHI,1478.2524,1980-12-14,#CE1141
Bulls,CHI,1523.3364,1980-12-28,#CE1141
Bulls,CHI,1500.1998,1981-01-14,#CE1141
Bulls,CHI,1546.0144,1981-01-28,#CE1141
Bulls,CHI,1533.2679,1981-02-14,#CE1141
Bulls,CHI,1507.2288,1981-02-28,#CE1141
Bulls,CHI,1544.4379,1981-03-14,#CE1141
Bulls,CHI,1594.6149,1981-03-28,#CE1141
Bulls,CHI,1556.7001,1981-04-14,#CE1141
Bulls,CHI,1556.7001,1981-05-14,#CE1141
Bulls,CHI,1528.8092,1981-11-14,#CE1141
Bulls,CHI,1522.6479,1981-11-28,#CE1141
Bulls,CHI,1496.0248,1981-12-28,#CE1141
Bulls,CHI,1493.0417,1982-01-14,#CE1141
Bulls,CHI,1487.1689,1982-01-28,#CE1141
Bulls,CHI,1439.9285,1982-02-14,#CE1141
Bulls,CHI,1441.861,1982-02-28,#CE1141
Bulls,CHI,1453.848,1982-03-14,#CE1141
Bulls,CHI,1470.1985,1982-03-28,#CE1141
Bulls,CHI,1449.3806,1982-04-14,#CE1141
Bulls,CHI,1463.397,1982-04-28,#CE1141
Bulls,CHI,1463.397,1982-05-14,#CE1141
Bulls,CHI,1450.2404,1982-11-14,#CE1141
Bulls,CHI,1427.3141,1982-11-28,#CE1141
Bulls,CHI,1425.1682,1982-12-14,#CE1141
Bulls,CHI,1420.9716,1982-12-28,#CE1141
Bulls,CHI,1411.2543,1983-01-14,#CE1141
Bulls,CHI,1406.6327,1983-01-28,#CE1141
Bulls,CHI,1387.2825,1983-04-14,#CE1141
Bulls,CHI,1419.8429,1983-05-14,#CE1141
Bulls,CHI,1419.8429,1983-10-28,#CE1141
Bulls,CHI,1404.5265,1983-11-28,#CE1141
Bulls,CHI,1397.7218,1983-12-14,#CE1141
Bulls,CHI,1473.2788,1983-12-28,#CE1141
Bulls,CHI,1455.6841,1984-01-14,#CE1141
Bulls,CHI,1465.3103,1984-02-14,#CE1141
Bulls,CHI,1408.0897,1984-02-28,#CE1141
Bulls,CHI,1399.1893,1984-03-14,#CE1141
Bulls,CHI,1376.2205,1984-03-28,#CE1141
Bulls,CHI,1334.6404,1984-04-14,#CE1141
Bulls,CHI,1390.163,1984-04-28,#CE1141
Bulls,CHI,1399.7866,1984-10-28,#CE1141
Bulls,CHI,1443.3513,1984-11-14,#CE1141
Bulls,CHI,1422.9934,1984-11-28,#CE1141
Bulls,CHI,1446.8135,1984-12-14,#CE1141
Bulls,CHI,1462.0865,1984-12-28,#CE1141
Bulls,CHI,1466.6017,1985-01-14,#CE1141
Bulls,CHI,1489.3977,1985-01-28,#CE1141
Bulls,CHI,1454.1659,1985-02-14,#CE1141
Bulls,CHI,1437.2244,1985-02-28,#CE1141
Bulls,CHI,1437.924,1985-03-14,#CE1141
Bulls,CHI,1451.3021,1985-03-28,#CE1141
Bulls,CHI,1444.7523,1985-04-14,#CE1141
Bulls,CHI,1464.2736,1985-04-28,#CE1141
Bulls,CHI,1464.2736,1985-05-14,#CE1141
Bulls,CHI,1428.4288,1985-11-14,#CE1141
Bulls,CHI,1420.7471,1985-12-14,#CE1141
Bulls,CHI,1418.9252,1985-12-28,#CE1141
Bulls,CHI,1415.2727,1986-01-14,#CE1141
Bulls,CHI,1399.3257,1986-01-28,#CE1141
Bulls,CHI,1365.6541,1986-02-14,#CE1141
Bulls,CHI,1386.3966,1986-02-28,#CE1141
Bulls,CHI,1404.4423,1986-03-14,#CE1141
Bulls,CHI,1387.1512,1986-03-28,#CE1141
Bulls,CHI,1456.1376,1986-11-14,#CE1141
Bulls,CHI,1460.8971,1986-11-28,#CE1141
Bulls,CHI,1466.2437,1986-12-14,#CE1141
Bulls,CHI,1476.3734,1986-12-28,#CE1141
Bulls,CHI,1484.1696,1987-01-14,#CE1141
Bulls,CHI,1471.6219,1987-01-28,#CE1141
Bulls,CHI,1486.4771,1987-02-14,#CE1141
Bulls,CHI,1493.7795,1987-02-28,#CE1141
Bulls,CHI,1489.8456,1987-03-14,#CE1141
Bulls,CHI,1501.8877,1987-03-28,#CE1141
Bulls,CHI,1541.4386,1987-04-14,#CE1141
Bulls,CHI,1524.7739,1987-04-28,#CE1141
Bulls,CHI,1527.121,1987-05-14,#CE1141
Bulls,CHI,1527.121,1987-05-28,#CE1141
Bulls,CHI,1527.121,1987-06-14,#CE1141
Bulls,CHI,1552.1626,1987-11-14,#CE1141
Bulls,CHI,1581.9404,1987-11-28,#CE1141
Bulls,CHI,1558.7057,1987-12-14,#CE1141
Bulls,CHI,1512.0216,1987-12-28,#CE1141
Bulls,CHI,1527.1294,1988-01-14,#CE1141
Bulls,CHI,1561.2273,1988-01-28,#CE1141
Bulls,CHI,1548.834,1988-02-14,#CE1141
Bulls,CHI,1529.89,1988-02-28,#CE1141
Bulls,CHI,1563.3866,1988-03-14,#CE1141
Bulls,CHI,1576.2462,1988-03-28,#CE1141
Bulls,CHI,1610.35,1988-04-14,#CE1141
Bulls,CHI,1619.3818,1988-04-28,#CE1141
Bulls,CHI,1599.1676,1988-05-14,#CE1141
Bulls,CHI,1546.0583,1988-05-28,#CE1141
Bulls,CHI,1546.0583,1988-06-14,#CE1141
Bulls,CHI,1563.3812,1988-11-14,#CE1141
Bulls,CHI,1532.5652,1988-11-28,#CE1141
Bulls,CHI,1538.9136,1988-12-14,#CE1141
Bulls,CHI,1556.5569,1988-12-28,#CE1141
Bulls,CHI,1567.6406,1989-01-14,#CE1141
Bulls,CHI,1550.0973,1989-01-28,#CE1141
Bulls,CHI,1537.0817,1989-02-14,#CE1141
Bulls,CHI,1557.7941,1989-02-28,#CE1141
Bulls,CHI,1551.9546,1989-03-14,#CE1141
Bulls,CHI,1583.1892,1989-03-28,#CE1141
Bulls,CHI,1545.9353,1989-04-14,#CE1141
Bulls,CHI,1550.3959,1989-04-28,#CE1141
Bulls,CHI,1580.0586,1989-05-14,#CE1141
Bulls,CHI,1590.0148,1989-05-28,#CE1141
Bulls,CHI,1565.2847,1989-11-14,#CE1141
Bulls,CHI,1549.0896,1989-11-28,#CE1141
Bulls,CHI,1574.8894,1989-12-14,#CE1141
Bulls,CHI,1581.6425,1989-12-28,#CE1141
Bulls,CHI,1580.6173,1990-01-14,#CE1141
Bulls,CHI,1586.182,1990-01-28,#CE1141
Bulls,CHI,1531.6543,1990-02-14,#CE1141
Bulls,CHI,1581.6112,1990-02-28,#CE1141
Bulls,CHI,1584.2161,1990-03-14,#CE1141
Bulls,CHI,1618.6592,1990-03-28,#CE1141
Bulls,CHI,1621.2639,1990-04-14,#CE1141
Bulls,CHI,1614.2417,1990-04-28,#CE1141
Bulls,CHI,1648.8219,1990-05-28,#CE1141
Bulls,CHI,1594.8779,1990-06-14,#CE1141
Bulls,CHI,1606.0304,1990-11-14,#CE1141
Bulls,CHI,1625.1134,1990-11-28,#CE1141
Bulls,CHI,1650.7588,1990-12-14,#CE1141
Bulls,CHI,1667.1316,1990-12-28,#CE1141
Bulls,CHI,1670.9916,1991-01-14,#CE1141
Bulls,CHI,1652.6143,1991-01-28,#CE1141
Bulls,CHI,1671.8674,1991-02-14,#CE1141
Bulls,CHI,1701.3069,1991-02-28,#CE1141
Bulls,CHI,1715.4907,1991-03-14,#CE1141
Bulls,CHI,1706.7303,1991-03-28,#CE1141
Bulls,CHI,1692.6007,1991-04-14,#CE1141
Bulls,CHI,1712.1365,1991-04-28,#CE1141
Bulls,CHI,1727.0768,1991-05-14,#CE1141
Bulls,CHI,1742.3143,1991-05-28,#CE1141
Bulls,CHI,1724.2275,1991-11-14,#CE1141
Bulls,CHI,1754.887,1991-12-14,#CE1141
Bulls,CHI,1745.8469,1991-12-28,#CE1141
Bulls,CHI,1753.2233,1992-01-14,#CE1141
Bulls,CHI,1770.7277,1992-01-28,#CE1141
Bulls,CHI,1763.5868,1992-02-14,#CE1141
Bulls,CHI,1762.0031,1992-02-28,#CE1141
Bulls,CHI,1771.5767,1992-03-14,#CE1141
Bulls,CHI,1769.0844,1992-03-28,#CE1141
Bulls,CHI,1756.6049,1992-04-14,#CE1141
Bulls,CHI,1775.1669,1992-04-28,#CE1141
Bulls,CHI,1747.465,1992-05-14,#CE1141
Bulls,CHI,1741.9357,1992-05-28,#CE1141
Bulls,CHI,1761.8357,1992-06-14,#CE1141
Bulls,CHI,1704.6014,1992-11-14,#CE1141
Bulls,CHI,1703.2037,1992-11-28,#CE1141
Bulls,CHI,1670.2014,1992-12-14,#CE1141
Bulls,CHI,1687.4928,1992-12-28,#CE1141
Bulls,CHI,1666.3967,1993-01-14,#CE1141
Bulls,CHI,1632.9916,1993-01-28,#CE1141
Bulls,CHI,1644.3539,1993-02-14,#CE1141
Bulls,CHI,1668.5016,1993-02-28,#CE1141
Bulls,CHI,1651.3544,1993-03-14,#CE1141
Bulls,CHI,1663.2131,1993-03-28,#CE1141
Bulls,CHI,1690.9076,1993-04-14,#CE1141
Bulls,CHI,1719.4025,1993-05-14,#CE1141
Bulls,CHI,1723.3661,1993-05-28,#CE1141
Bulls,CHI,1631.1699,1993-11-14,#CE1141
Bulls,CHI,1607.6973,1993-11-28,#CE1141
Bulls,CHI,1623.5673,1993-12-14,#CE1141
Bulls,CHI,1654.9556,1993-12-28,#CE1141
Bulls,CHI,1629.1642,1994-01-14,#CE1141
Bulls,CHI,1645.4312,1994-01-28,#CE1141
Bulls,CHI,1607.4122,1994-02-28,#CE1141
Bulls,CHI,1575.0432,1994-03-14,#CE1141
Bulls,CHI,1577.4978,1994-03-28,#CE1141
Bulls,CHI,1617.3164,1994-04-14,#CE1141
Bulls,CHI,1581.4846,1994-04-28,#CE1141
Bulls,CHI,1604.2594,1994-05-14,#CE1141
Bulls,CHI,1585.4114,1994-05-28,#CE1141
Bulls,CHI,1572.4622,1994-11-14,#CE1141
Bulls,CHI,1577.0369,1994-11-28,#CE1141
Bulls,CHI,1568.7667,1994-12-14,#CE1141
Bulls,CHI,1552.2048,1994-12-28,#CE1141
Bulls,CHI,1568.2788,1995-01-14,#CE1141
Bulls,CHI,1551.4138,1995-01-28,#CE1141
Bulls,CHI,1540.8855,1995-02-14,#CE1141
Bulls,CHI,1553.2571,1995-02-28,#CE1141
Bulls,CHI,1577.1477,1995-03-14,#CE1141
Bulls,CHI,1594.5635,1995-03-28,#CE1141
Bulls,CHI,1629.4524,1995-04-14,#CE1141
Bulls,CHI,1642.7378,1995-04-28,#CE1141
Bulls,CHI,1638.8702,1995-05-14,#CE1141
Bulls,CHI,1598.2924,1995-05-28,#CE1141
Bulls,CHI,1598.2924,1995-06-14,#CE1141
Bulls,CHI,1615.009,1995-11-14,#CE1141
Bulls,CHI,1653.131,1995-11-28,#CE1141
Bulls,CHI,1693.4176,1995-12-14,#CE1141
Bulls,CHI,1710.4821,1995-12-28,#CE1141
Bulls,CHI,1750.0778,1996-01-14,#CE1141
Bulls,CHI,1772.3195,1996-01-28,#CE1141
Bulls,CHI,1770.1313,1996-02-14,#CE1141
Bulls,CHI,1775.1938,1996-02-28,#CE1141
Bulls,CHI,1743.4611,1996-03-14,#CE1141
Bulls,CHI,1748.2712,1996-03-28,#CE1141
Bulls,CHI,1784.437,1996-04-14,#CE1141
Bulls,CHI,1792.7324,1996-04-28,#CE1141
Bulls,CHI,1802.2762,1996-05-14,#CE1141
Bulls,CHI,1836.6647,1996-05-28,#CE1141
Bulls,CHI,1818.4556,1996-06-14,#CE1141
Bulls,CHI,1780.8828,1996-11-14,#CE1141
Bulls,CHI,1791.3173,1996-11-28,#CE1141
Bulls,CHI,1768.9775,1996-12-14,#CE1141
Bulls,CHI,1778.9742,1996-12-28,#CE1141
Bulls,CHI,1796.765,1997-01-14,#CE1141
Bulls,CHI,1792.376,1997-01-28,#CE1141
Bulls,CHI,1796.0973,1997-02-14,#CE1141
Bulls,CHI,1798.9474,1997-02-28,#CE1141
Bulls,CHI,1787.5668,1997-03-14,#CE1141
Bulls,CHI,1809.0194,1997-03-28,#CE1141
Bulls,CHI,1787.9736,1997-04-14,#CE1141
Bulls,CHI,1772.9337,1997-04-28,#CE1141
Bulls,CHI,1787.7511,1997-05-14,#CE1141
Bulls,CHI,1798.6859,1997-05-28,#CE1141
Bulls,CHI,1674.916,1997-11-14,#CE1141
Bulls,CHI,1667.8317,1997-11-28,#CE1141
Bulls,CHI,1676.5533,1997-12-14,#CE1141
Bulls,CHI,1701.4873,1997-12-28,#CE1141
Bulls,CHI,1676.5979,1998-01-14,#CE1141
Bulls,CHI,1698.4061,1998-01-28,#CE1141
Bulls,CHI,1689.4642,1998-02-14,#CE1141
Bulls,CHI,1700.7458,1998-02-28,#CE1141
Bulls,CHI,1711.7281,1998-03-14,#CE1141
Bulls,CHI,1750.8069,1998-03-28,#CE1141
Bulls,CHI,1722.8755,1998-04-14,#CE1141
Bulls,CHI,1738.8365,1998-04-28,#CE1141
Bulls,CHI,1785.4705,1998-06-14,#CE1141
Bulls,CHI,1647.2341,1999-02-14,#CE1141
Bulls,CHI,1582.4105,1999-02-28,#CE1141
Bulls,CHI,1525.8693,1999-03-14,#CE1141
Bulls,CHI,1461.4355,1999-03-28,#CE1141
Bulls,CHI,1386.7565,1999-04-14,#CE1141
Bulls,CHI,1350.7498,1999-04-28,#CE1141
Bulls,CHI,1385.8768,1999-05-14,#CE1141
Bulls,CHI,1349.2335,1999-11-14,#CE1141
Bulls,CHI,1319.7456,1999-11-28,#CE1141
Bulls,CHI,1312.8169,1999-12-14,#CE1141
Bulls,CHI,1268.1139,1999-12-28,#CE1141
Bulls,CHI,1302.2244,2000-01-14,#CE1141
Bulls,CHI,1323.7356,2000-01-28,#CE1141
Bulls,CHI,1315.6208,2000-02-28,#CE1141
Bulls,CHI,1292.0209,2000-03-14,#CE1141
Bulls,CHI,1264.286,2000-03-28,#CE1141
Bulls,CHI,1273.4048,2000-04-14,#CE1141
Bulls,CHI,1316.6208,2000-04-28,#CE1141
Bulls,CHI,1316.6208,2000-05-14,#CE1141
Bulls,CHI,1316.6208,2000-05-28,#CE1141
Bulls,CHI,1316.6208,2000-06-14,#CE1141
Bulls,CHI,1291.8298,2000-11-14,#CE1141
Bulls,CHI,1265.1034,2000-11-28,#CE1141
Bulls,CHI,1285.5963,2000-12-14,#CE1141
Bulls,CHI,1281.6631,2000-12-28,#CE1141
Bulls,CHI,1270.964,2001-01-14,#CE1141
Bulls,CHI,1245.6863,2001-01-28,#CE1141
Bulls,CHI,1258.6577,2001-02-14,#CE1141
Bulls,CHI,1244.5734,2001-02-28,#CE1141
Bulls,CHI,1256.4777,2001-03-14,#CE1141
Bulls,CHI,1244.1476,2001-03-28,#CE1141
Bulls,CHI,1222.173,2001-04-14,#CE1141
Bulls,CHI,1305.8206,2001-04-28,#CE1141
Bulls,CHI,1305.8206,2001-05-14,#CE1141
Bulls,CHI,1305.8206,2001-05-28,#CE1141
Bulls,CHI,1285.0634,2001-11-14,#CE1141
Bulls,CHI,1278.8376,2001-11-28,#CE1141
Bulls,CHI,1292.7656,2001-12-14,#CE1141
Bulls,CHI,1287.0028,2001-12-28,#CE1141
Bulls,CHI,1286.1737,2002-01-14,#CE1141
Bulls,CHI,1281.3567,2002-01-28,#CE1141
Bulls,CHI,1320.2504,2002-02-14,#CE1141
Bulls,CHI,1328.4698,2002-02-28,#CE1141
Bulls,CHI,1294.2073,2002-03-14,#CE1141
Bulls,CHI,1275.9344,2002-03-28,#CE1141
Bulls,CHI,1288.4646,2002-04-14,#CE1141
Bulls,CHI,1354.8315,2002-04-28,#CE1141
Bulls,CHI,1354.8315,2002-05-14,#CE1141
Bulls,CHI,1354.8315,2002-05-28,#CE1141
Bulls,CHI,1344.4825,2002-11-14,#CE1141
Bulls,CHI,1338.2783,2002-11-28,#CE1141
Bulls,CHI,1342.5319,2002-12-14,#CE1141
Bulls,CHI,1358.5981,2002-12-28,#CE1141
Bulls,CHI,1381.4275,2003-01-14,#CE1141
Bulls,CHI,1401.1165,2003-01-28,#CE1141
Bulls,CHI,1374.2733,2003-02-14,#CE1141
Bulls,CHI,1351.3047,2003-02-28,#CE1141
Bulls,CHI,1351.45,2003-03-14,#CE1141
Bulls,CHI,1363.7086,2003-03-28,#CE1141
Bulls,CHI,1392.3201,2003-04-14,#CE1141
Bulls,CHI,1395.6218,2003-04-28,#CE1141
Bulls,CHI,1395.6218,2003-05-14,#CE1141
Bulls,CHI,1395.6218,2003-10-28,#CE1141
Bulls,CHI,1376.8649,2003-11-14,#CE1141
Bulls,CHI,1376.5052,2003-11-28,#CE1141
Bulls,CHI,1385.3007,2003-12-14,#CE1141
Bulls,CHI,1366.5909,2003-12-28,#CE1141
Bulls,CHI,1356.5657,2004-01-14,#CE1141
Bulls,CHI,1331.496,2004-01-28,#CE1141
Bulls,CHI,1345.644,2004-02-28,#CE1141
Bulls,CHI,1323.4027,2004-03-14,#CE1141
Bulls,CHI,1321.9178,2004-03-28,#CE1141
Bulls,CHI,1311.1244,2004-04-14,#CE1141
Bulls,CHI,1354.2731,2004-04-28,#CE1141
Bulls,CHI,1354.2731,2004-05-14,#CE1141
Bulls,CHI,1354.2731,2004-05-28,#CE1141
Bulls,CHI,1334.433,2004-11-14,#CE1141
Bulls,CHI,1341.7037,2004-11-28,#CE1141
Bulls,CHI,1379.869,2004-12-14,#CE1141
Bulls,CHI,1413.8285,2004-12-28,#CE1141
Bulls,CHI,1465.6763,2005-01-14,#CE1141
Bulls,CHI,1500.8358,2005-01-28,#CE1141
Bulls,CHI,1514.1816,2005-02-14,#CE1141
Bulls,CHI,1503.307,2005-02-28,#CE1141
Bulls,CHI,1506.1647,2005-03-14,#CE1141
Bulls,CHI,1531.6082,2005-03-28,#CE1141
Bulls,CHI,1546.4325,2005-04-14,#CE1141
Bulls,CHI,1542.1307,2005-04-28,#CE1141
Bulls,CHI,1520.0964,2005-05-14,#CE1141
Bulls,CHI,1520.0964,2005-05-28,#CE1141
Bulls,CHI,1520.0964,2005-06-14,#CE1141
Bulls,CHI,1504.897,2005-11-14,#CE1141
Bulls,CHI,1530.427,2005-11-28,#CE1141
Bulls,CHI,1514.3798,2005-12-14,#CE1141
Bulls,CHI,1460.6121,2005-12-28,#CE1141
Bulls,CHI,1477.1027,2006-01-14,#CE1141
Bulls,CHI,1512.7782,2006-01-28,#CE1141
Bulls,CHI,1498.5663,2006-02-14,#CE1141
Bulls,CHI,1508.8972,2006-02-28,#CE1141
Bulls,CHI,1501.9437,2006-03-14,#CE1141
Bulls,CHI,1479.9486,2006-03-28,#CE1141
Bulls,CHI,1497.7646,2006-04-14,#CE1141
Bulls,CHI,1555.3651,2006-04-28,#CE1141
Bulls,CHI,1572.7587,2006-05-14,#CE1141
Bulls,CHI,1572.7587,2006-05-28,#CE1141
Bulls,CHI,1551.7869,2006-11-14,#CE1141
Bulls,CHI,1534.465,2006-11-28,#CE1141
Bulls,CHI,1561.1421,2006-12-14,#CE1141
Bulls,CHI,1571.0941,2006-12-28,#CE1141
Bulls,CHI,1570.9728,2007-01-14,#CE1141
Bulls,CHI,1566.0963,2007-01-28,#CE1141
Bulls,CHI,1557.3999,2007-02-14,#CE1141
Bulls,CHI,1569.822,2007-02-28,#CE1141
Bulls,CHI,1595.3969,2007-03-14,#CE1141
Bulls,CHI,1578.7057,2007-03-28,#CE1141
Bulls,CHI,1629.861,2007-04-14,#CE1141
Bulls,CHI,1645.7803,2007-04-28,#CE1141
Bulls,CHI,1647.7136,2007-05-14,#CE1141
Bulls,CHI,1592.5647,2007-05-28,#CE1141
Bulls,CHI,1592.5647,2007-06-14,#CE1141
Bulls,CHI,1517.353,2007-11-14,#CE1141
Bulls,CHI,1510.9578,2007-11-28,#CE1141
Bulls,CHI,1514.7986,2007-12-14,#CE1141
Bulls,CHI,1487.7196,2007-12-28,#CE1141
Bulls,CHI,1468.4392,2008-01-14,#CE1141
Bulls,CHI,1465.2819,2008-01-28,#CE1141
Bulls,CHI,1456.947,2008-02-14,#CE1141
Bulls,CHI,1456.3826,2008-02-28,#CE1141
Bulls,CHI,1468.9999,2008-03-14,#CE1141
Bulls,CHI,1441.62,2008-03-28,#CE1141
Bulls,CHI,1422.5135,2008-04-14,#CE1141
Bulls,CHI,1454.8381,2008-04-28,#CE1141
Bulls,CHI,1454.8381,2008-05-14,#CE1141
Bulls,CHI,1454.8381,2008-05-28,#CE1141
Bulls,CHI,1454.8381,2008-10-28,#CE1141
Bulls,CHI,1468.9532,2008-11-14,#CE1141
Bulls,CHI,1478.5164,2008-11-28,#CE1141
Bulls,CHI,1454.6178,2008-12-14,#CE1141
Bulls,CHI,1465.131,2008-12-28,#CE1141
Bulls,CHI,1416.7139,2009-01-14,#CE1141
Bulls,CHI,1411.8395,2009-01-28,#CE1141
Bulls,CHI,1484.1469,2009-02-28,#CE1141
Bulls,CHI,1495.701,2009-03-14,#CE1141
Bulls,CHI,1529.9908,2009-03-28,#CE1141
Bulls,CHI,1523.134,2009-04-14,#CE1141
Bulls,CHI,1523.6123,2009-04-28,#CE1141
Bulls,CHI,1527.5923,2009-05-14,#CE1141
Bulls,CHI,1527.5923,2009-05-28,#CE1141
Bulls,CHI,1527.5923,2009-06-14,#CE1141
Bulls,CHI,1527.5923,2009-10-28,#CE1141
Bulls,CHI,1518.6093,2009-11-14,#CE1141
Bulls,CHI,1497.7358,2009-11-28,#CE1141
Bulls,CHI,1430.9291,2009-12-14,#CE1141
Bulls,CHI,1442.875,2009-12-28,#CE1141
Bulls,CHI,1487.7711,2010-01-14,#CE1141
Bulls,CHI,1534.272,2010-01-28,#CE1141
Bulls,CHI,1500.5802,2010-02-28,#CE1141
Bulls,CHI,1450.1537,2010-03-14,#CE1141
Bulls,CHI,1457.1649,2010-03-28,#CE1141
Bulls,CHI,1497.7133,2010-04-14,#CE1141
Bulls,CHI,1486.006,2010-04-28,#CE1141
Bulls,CHI,1486.006,2010-05-28,#CE1141
Bulls,CHI,1490.2628,2010-10-28,#CE1141
Bulls,CHI,1512.4319,2010-11-14,#CE1141
Bulls,CHI,1519.671,2010-11-28,#CE1141
Bulls,CHI,1569.1475,2010-12-14,#CE1141
Bulls,CHI,1579.5516,2010-12-28,#CE1141
Bulls,CHI,1592.283,2011-01-14,#CE1141
Bulls,CHI,1619.4866,2011-01-28,#CE1141
Bulls,CHI,1633.3164,2011-02-14,#CE1141
Bulls,CHI,1649.452,2011-02-28,#CE1141
Bulls,CHI,1682.4749,2011-03-14,#CE1141
Bulls,CHI,1677.3809,2011-03-28,#CE1141
Bulls,CHI,1688.6885,2011-04-28,#CE1141
Bulls,CHI,1633.2699,2011-12-28,#CE1141
Bulls,CHI,1682.7181,2012-01-14,#CE1141
Bulls,CHI,1670.1801,2012-01-28,#CE1141
Bulls,CHI,1691.2477,2012-02-14,#CE1141
Bulls,CHI,1667.2347,2012-02-28,#CE1141
Bulls,CHI,1695.7234,2012-03-14,#CE1141
Bulls,CHI,1682.9286,2012-03-28,#CE1141
Bulls,CHI,1674.7422,2012-04-14,#CE1141
Bulls,CHI,1672.8375,2012-04-28,#CE1141
Bulls,CHI,1598.849,2012-05-14,#CE1141
Bulls,CHI,1598.849,2012-05-28,#CE1141
Bulls,CHI,1598.849,2012-06-14,#CE1141
Bulls,CHI,1587.5032,2012-11-14,#CE1141
Bulls,CHI,1572.684,2012-11-28,#CE1141
Bulls,CHI,1586.6705,2012-12-14,#CE1141
Bulls,CHI,1559.5988,2012-12-28,#CE1141
Bulls,CHI,1541.2844,2013-01-14,#CE1141
Bulls,CHI,1548.6074,2013-01-28,#CE1141
Bulls,CHI,1564.3304,2013-02-14,#CE1141
Bulls,CHI,1543.7734,2013-02-28,#CE1141
Bulls,CHI,1525.2365,2013-03-14,#CE1141
Bulls,CHI,1527.511,2013-03-28,#CE1141
Bulls,CHI,1501.1084,2013-04-14,#CE1141
Bulls,CHI,1523.3835,2013-04-28,#CE1141
Bulls,CHI,1524.8831,2013-05-14,#CE1141
Bulls,CHI,1516.6088,2013-05-28,#CE1141
Bulls,CHI,1543.2295,2013-11-14,#CE1141
Bulls,CHI,1476.4248,2013-12-14,#CE1141
Bulls,CHI,1464.8346,2013-12-28,#CE1141
Bulls,CHI,1481.6497,2014-01-14,#CE1141
Bulls,CHI,1502.4265,2014-01-28,#CE1141
Bulls,CHI,1565.6986,2014-02-28,#CE1141
Bulls,CHI,1579.0143,2014-03-14,#CE1141
Bulls,CHI,1550.4128,2014-03-28,#CE1141
Bulls,CHI,1599.9564,2014-04-14,#CE1141
Bulls,CHI,1561.2914,2014-04-28,#CE1141
Bulls,CHI,1572.1603,2014-05-14,#CE1141
Bulls,CHI,1572.1603,2014-05-28,#CE1141
Bulls,CHI,1572.1603,2014-10-28,#CE1141
Bulls,CHI,1555.4862,2014-11-14,#CE1141
Bulls,CHI,1559.9519,2014-11-28,#CE1141
Bulls,CHI,1598.8043,2014-12-14,#CE1141
Bulls,CHI,1636.0938,2014-12-28,#CE1141
Bulls,CHI,1544.6466,2015-01-14,#CE1141
Bulls,CHI,1546.6376,2015-01-28,#CE1141
Bulls,CHI,1553.1472,2015-02-28,#CE1141
Bulls,CHI,1525.3191,2015-03-14,#CE1141
Bulls,CHI,1554.4697,2015-03-28,#CE1141
Bulls,CHI,1583.3149,2015-04-14,#CE1141
Bulls,CHI,1612.1112,2015-04-28,#CE1141
Bulls,CHI,1591.0453,2015-05-14,#CE1141
Bombers,STB,1308.4683,1946-11-14,#e6002a
Bombers,STB,1343.3895,1946-11-28,#e6002a
Bombers,STB,1304.6824,1946-12-14,#e6002a
Bombers,STB,1329.1732,1946-12-28,#e6002a
Bombers,STB,1357.0986,1947-01-14,#e6002a
Bombers,STB,1342.0918,1947-01-28,#e6002a
Bombers,STB,1353.776,1947-02-14,#e6002a
Bombers,STB,1359.1602,1947-02-28,#e6002a
Bombers,STB,1338.6482,1947-03-14,#e6002a
Bombers,STB,1374.8636,1947-03-28,#e6002a
Bombers,STB,1389.6464,1947-04-14,#e6002a
Bombers,STB,1384.1389,1947-11-14,#e6002a
Bombers,STB,1393.3099,1947-11-28,#e6002a
Bombers,STB,1425.0715,1947-12-28,#e6002a
Bombers,STB,1440.4515,1948-01-14,#e6002a
Bombers,STB,1457.2344,1948-01-28,#e6002a
Bombers,STB,1443.3657,1948-02-14,#e6002a
Bombers,STB,1464.8804,1948-02-28,#e6002a
Bombers,STB,1446.9774,1948-03-28,#e6002a
Bombers,STB,1444.9471,1948-11-14,#e6002a
Bombers,STB,1431.2598,1948-11-28,#e6002a
Bombers,STB,1417.3445,1948-12-14,#e6002a
Bombers,STB,1416.8989,1948-12-28,#e6002a
Bombers,STB,1386.7124,1949-01-14,#e6002a
Bombers,STB,1363.0999,1949-01-28,#e6002a
Bombers,STB,1353.6875,1949-02-28,#e6002a
Bombers,STB,1446.6703,1949-11-28,#e6002a
Bombers,STB,1433.5955,1949-12-14,#e6002a
Bombers,STB,1450.1229,1949-12-28,#e6002a
Bombers,STB,1434.8632,1950-01-14,#e6002a
Bombers,STB,1401.5801,1950-01-28,#e6002a
Bombers,STB,1399.6401,1950-02-14,#e6002a
Bombers,STB,1380.2056,1950-02-28,#e6002a
Bombers,STB,1378.4797,1950-03-14,#e6002a
Bucks,MIL,1401.1914,1969-10-28,#00471B
Bucks,MIL,1450.4186,1969-11-14,#00471B
Bucks,MIL,1427.4554,1969-11-28,#00471B
Bucks,MIL,1491.0468,1969-12-14,#00471B
Bucks,MIL,1530.631,1969-12-28,#00471B
Bucks,MIL,1581.5869,1970-01-14,#00471B
Bucks,MIL,1577.5321,1970-01-28,#00471B
Bucks,MIL,1610.7533,1970-02-14,#00471B
Bucks,MIL,1595.2609,1970-02-28,#00471B
Bucks,MIL,1559.4047,1970-03-14,#00471B
Bucks,MIL,1598.9172,1970-03-28,#00471B
Bucks,MIL,1603.4247,1970-04-14,#00471B
Bucks,MIL,1563.7489,1970-04-28,#00471B
Bucks,MIL,1563.7489,1970-10-14,#00471B
Bucks,MIL,1586.403,1970-10-28,#00471B
Bucks,MIL,1607.9323,1970-11-14,#00471B
Bucks,MIL,1649.6278,1970-11-28,#00471B
Bucks,MIL,1649.2981,1970-12-28,#00471B
Bucks,MIL,1677.3276,1971-01-14,#00471B
Bucks,MIL,1688.849,1971-01-28,#00471B
Bucks,MIL,1702.8547,1971-02-14,#00471B
Bucks,MIL,1743.8896,1971-02-28,#00471B
Bucks,MIL,1707.0844,1971-03-14,#00471B
Bucks,MIL,1695.8074,1971-03-28,#00471B
Bucks,MIL,1686.5189,1971-04-14,#00471B
Bucks,MIL,1718.5186,1971-04-28,#00471B
Bucks,MIL,1679.9667,1971-10-14,#00471B
Bucks,MIL,1696.6603,1971-10-28,#00471B
Bucks,MIL,1718.9626,1971-11-14,#00471B
Bucks,MIL,1708.9393,1971-11-28,#00471B
Bucks,MIL,1727.8085,1971-12-14,#00471B
Bucks,MIL,1703.486,1971-12-28,#00471B
Bucks,MIL,1711.6943,1972-01-14,#00471B
Bucks,MIL,1708.7953,1972-01-28,#00471B
Bucks,MIL,1722.7203,1972-02-14,#00471B
Bucks,MIL,1701.9501,1972-03-14,#00471B
Bucks,MIL,1677.922,1972-03-28,#00471B
Bucks,MIL,1727.9955,1972-04-14,#00471B
Bucks,MIL,1681.1185,1972-10-14,#00471B
Bucks,MIL,1688.5847,1972-10-28,#00471B
Bucks,MIL,1666.5682,1972-11-14,#00471B
Bucks,MIL,1666.271,1972-11-28,#00471B
Bucks,MIL,1666.7135,1972-12-14,#00471B
Bucks,MIL,1669.8235,1972-12-28,#00471B
Bucks,MIL,1666.3318,1973-01-14,#00471B
Bucks,MIL,1647.5746,1973-01-28,#00471B
Bucks,MIL,1629.597,1973-02-14,#00471B
Bucks,MIL,1627.0366,1973-02-28,#00471B
Bucks,MIL,1663.9617,1973-03-14,#00471B
Bucks,MIL,1708.6033,1973-03-28,#00471B
Bucks,MIL,1642.5333,1973-04-14,#00471B
Bucks,MIL,1642.5333,1973-04-28,#00471B
Bucks,MIL,1636.5107,1973-10-14,#00471B
Bucks,MIL,1667.3911,1973-10-28,#00471B
Bucks,MIL,1685.8685,1973-11-14,#00471B
Bucks,MIL,1690.8257,1973-11-28,#00471B
Bucks,MIL,1706.7159,1973-12-14,#00471B
Bucks,MIL,1698.9039,1973-12-28,#00471B
Bucks,MIL,1695.0898,1974-01-14,#00471B
Bucks,MIL,1702.8267,1974-01-28,#00471B
Bucks,MIL,1657.2404,1974-02-14,#00471B
Bucks,MIL,1642.4204,1974-02-28,#00471B
Bucks,MIL,1615.312,1974-03-14,#00471B
Bucks,MIL,1658.2914,1974-03-28,#00471B
Bucks,MIL,1686.8522,1974-04-14,#00471B
Bucks,MIL,1683.6896,1974-04-28,#00471B
Bucks,MIL,1482.5076,1974-11-14,#00471B
Bucks,MIL,1519.9415,1974-11-28,#00471B
Bucks,MIL,1499.2032,1974-12-14,#00471B
Bucks,MIL,1514.1716,1974-12-28,#00471B
Bucks,MIL,1555.4452,1975-01-14,#00471B
Bucks,MIL,1534.1132,1975-01-28,#00471B
Bucks,MIL,1536.7764,1975-02-14,#00471B
Bucks,MIL,1495.4275,1975-02-28,#00471B
Bucks,MIL,1495.3213,1975-03-14,#00471B
Bucks,MIL,1485.6776,1975-03-28,#00471B
Bucks,MIL,1484.5342,1975-04-14,#00471B
Bucks,MIL,1484.5342,1975-04-28,#00471B
Bucks,MIL,1484.5342,1975-05-14,#00471B
Bucks,MIL,1470.0381,1975-10-28,#00471B
Bucks,MIL,1477.6914,1975-11-14,#00471B
Bucks,MIL,1445.5614,1975-11-28,#00471B
Bucks,MIL,1448.9185,1975-12-14,#00471B
Bucks,MIL,1448.8683,1975-12-28,#00471B
Bucks,MIL,1460.8218,1976-01-14,#00471B
Bucks,MIL,1434.9197,1976-01-28,#00471B
Bucks,MIL,1452.3674,1976-02-14,#00471B
Bucks,MIL,1471.3481,1976-02-28,#00471B
Bucks,MIL,1433.438,1976-03-14,#00471B
Bucks,MIL,1475.2386,1976-03-28,#00471B
Bucks,MIL,1453.3184,1976-04-14,#00471B
Bucks,MIL,1438.6534,1976-04-28,#00471B
Bucks,MIL,1438.6534,1976-05-14,#00471B
Bucks,MIL,1409.1226,1976-10-28,#00471B
Bucks,MIL,1394.5347,1976-11-14,#00471B
Bucks,MIL,1377.2925,1976-11-28,#00471B
Bucks,MIL,1344.3928,1976-12-14,#00471B
Bucks,MIL,1416.1099,1976-12-28,#00471B
Bucks,MIL,1431.6681,1977-01-14,#00471B
Bucks,MIL,1384.6658,1977-01-28,#00471B
Bucks,MIL,1433.2761,1977-03-14,#00471B
Bucks,MIL,1471.484,1977-04-14,#00471B
Bucks,MIL,1479.6794,1977-10-28,#00471B
Bucks,MIL,1482.6539,1977-11-28,#00471B
Bucks,MIL,1503.8129,1977-12-14,#00471B
Bucks,MIL,1487.6644,1977-12-28,#00471B
Bucks,MIL,1467.7217,1978-01-14,#00471B
Bucks,MIL,1473.7362,1978-01-28,#00471B
Bucks,MIL,1474.7297,1978-02-14,#00471B
Bucks,MIL,1492.0107,1978-02-28,#00471B
Bucks,MIL,1470.1981,1978-03-14,#00471B
Bucks,MIL,1513.795,1978-03-28,#00471B
Bucks,MIL,1542.972,1978-04-14,#00471B
Bucks,MIL,1533.1783,1978-04-28,#00471B
Bucks,MIL,1516.4208,1978-05-14,#00471B
Bucks,MIL,1516.4208,1978-05-28,#00471B
Bucks,MIL,1516.4208,1978-10-14,#00471B
Bucks,MIL,1499.7329,1978-10-28,#00471B
Bucks,MIL,1455.4561,1978-11-14,#00471B
Bucks,MIL,1474.9316,1978-11-28,#00471B
Bucks,MIL,1464.788,1978-12-14,#00471B
Bucks,MIL,1502.7897,1978-12-28,#00471B
Bucks,MIL,1500.5533,1979-01-14,#00471B
Bucks,MIL,1510.6486,1979-01-28,#00471B
Bucks,MIL,1522.1674,1979-02-14,#00471B
Bucks,MIL,1515.0543,1979-02-28,#00471B
Bucks,MIL,1531.6075,1979-03-14,#00471B
Bucks,MIL,1568.311,1979-03-28,#00471B
Bucks,MIL,1589.6799,1979-10-14,#00471B
Bucks,MIL,1625.0239,1979-10-28,#00471B
Bucks,MIL,1619.5061,1979-11-14,#00471B
Bucks,MIL,1563.4622,1979-11-28,#00471B
Bucks,MIL,1510.3905,1979-12-14,#00471B
Bucks,MIL,1510.7067,1979-12-28,#00471B
Bucks,MIL,1476.2744,1980-01-28,#00471B
Bucks,MIL,1502.8793,1980-02-14,#00471B
Bucks,MIL,1587.0496,1980-02-28,#00471B
Bucks,MIL,1604.9647,1980-03-14,#00471B
Bucks,MIL,1629.6819,1980-03-28,#00471B
Bucks,MIL,1643.6494,1980-04-14,#00471B
Bucks,MIL,1609.3116,1980-05-14,#00471B
Bucks,MIL,1590.3806,1980-10-14,#00471B
Bucks,MIL,1634.0001,1980-10-28,#00471B
Bucks,MIL,1646.5259,1980-11-14,#00471B
Bucks,MIL,1674.4254,1980-11-28,#00471B
Bucks,MIL,1645.5409,1980-12-14,#00471B
Bucks,MIL,1639.3789,1980-12-28,#00471B
Bucks,MIL,1662.58,1981-01-14,#00471B
Bucks,MIL,1675.9539,1981-01-28,#00471B
Bucks,MIL,1656.2668,1981-02-14,#00471B
Bucks,MIL,1671.1094,1981-02-28,#00471B
Bucks,MIL,1687.0848,1981-03-14,#00471B
Bucks,MIL,1670.2136,1981-03-28,#00471B
Bucks,MIL,1670.3812,1981-04-14,#00471B
Bucks,MIL,1625.7363,1981-05-14,#00471B
Bucks,MIL,1637.8077,1981-11-14,#00471B
Bucks,MIL,1602.4189,1981-11-28,#00471B
Bucks,MIL,1635.457,1981-12-28,#00471B
Bucks,MIL,1630.9204,1982-01-14,#00471B
Bucks,MIL,1616.8589,1982-01-28,#00471B
Bucks,MIL,1663.8557,1982-02-14,#00471B
Bucks,MIL,1665.631,1982-02-28,#00471B
Bucks,MIL,1628.538,1982-03-14,#00471B
Bucks,MIL,1654.3788,1982-03-28,#00471B
Bucks,MIL,1653.8873,1982-04-14,#00471B
Bucks,MIL,1634.7207,1982-04-28,#00471B
Bucks,MIL,1606.11,1982-05-14,#00471B
Bucks,MIL,1589.6823,1982-11-14,#00471B
Bucks,MIL,1605.4324,1982-11-28,#00471B
Bucks,MIL,1588.9865,1982-12-14,#00471B
Bucks,MIL,1609.2349,1982-12-28,#00471B
Bucks,MIL,1611.4956,1983-01-14,#00471B
Bucks,MIL,1614.6992,1983-01-28,#00471B
Bucks,MIL,1580.7941,1983-04-14,#00471B
Bucks,MIL,1598.9855,1983-05-14,#00471B
Bucks,MIL,1581.7119,1983-10-28,#00471B
Bucks,MIL,1595.2596,1983-11-28,#00471B
Bucks,MIL,1583.1881,1983-12-14,#00471B
Bucks,MIL,1548.481,1983-12-28,#00471B
Bucks,MIL,1531.2003,1984-01-14,#00471B
Bucks,MIL,1541.2633,1984-02-14,#00471B
Bucks,MIL,1579.6643,1984-02-28,#00471B
Bucks,MIL,1579.3243,1984-03-14,#00471B
Bucks,MIL,1589.1354,1984-03-28,#00471B
Bucks,MIL,1629.6168,1984-04-14,#00471B
Bucks,MIL,1618.8627,1984-04-28,#00471B
Bucks,MIL,1579.6411,1984-10-28,#00471B
Bucks,MIL,1619.7184,1984-11-14,#00471B
Bucks,MIL,1577.4485,1984-11-28,#00471B
Bucks,MIL,1571.9691,1984-12-14,#00471B
Bucks,MIL,1631.4066,1984-12-28,#00471B
Bucks,MIL,1636.4829,1985-01-14,#00471B
Bucks,MIL,1660.1327,1985-01-28,#00471B
Bucks,MIL,1650.9362,1985-02-14,#00471B
Bucks,MIL,1659.9214,1985-02-28,#00471B
Bucks,MIL,1686.1937,1985-03-14,#00471B
Bucks,MIL,1710.5514,1985-03-28,#00471B
Bucks,MIL,1698.6099,1985-04-14,#00471B
Bucks,MIL,1665.0315,1985-04-28,#00471B
Bucks,MIL,1604.5205,1985-05-14,#00471B
Bucks,MIL,1648.5831,1985-11-14,#00471B
Bucks,MIL,1651.689,1985-12-14,#00471B
Bucks,MIL,1643.4067,1985-12-28,#00471B
Bucks,MIL,1647.6323,1986-01-14,#00471B
Bucks,MIL,1665.6243,1986-01-28,#00471B
Bucks,MIL,1658.7573,1986-02-14,#00471B
Bucks,MIL,1698.2391,1986-02-28,#00471B
Bucks,MIL,1651.7561,1986-03-14,#00471B
Bucks,MIL,1692.1237,1986-03-28,#00471B
Bucks,MIL,1638.4808,1986-11-14,#00471B
Bucks,MIL,1631.389,1986-11-28,#00471B
Bucks,MIL,1646.6453,1986-12-14,#00471B
Bucks,MIL,1630.5394,1986-12-28,#00471B
Bucks,MIL,1573.3818,1987-01-14,#00471B
Bucks,MIL,1582.116,1987-01-28,#00471B
Bucks,MIL,1588.8522,1987-02-14,#00471B
Bucks,MIL,1596.6775,1987-02-28,#00471B
Bucks,MIL,1591.2621,1987-03-14,#00471B
Bucks,MIL,1575.2306,1987-03-28,#00471B
Bucks,MIL,1596.8706,1987-04-14,#00471B
Bucks,MIL,1603.1897,1987-04-28,#00471B
Bucks,MIL,1619.8416,1987-05-14,#00471B
Bucks,MIL,1579.6798,1987-05-28,#00471B
Bucks,MIL,1579.6798,1987-06-14,#00471B
Bucks,MIL,1592.5929,1987-11-14,#00471B
Bucks,MIL,1620.9525,1987-11-28,#00471B
Bucks,MIL,1601.196,1987-12-14,#00471B
Bucks,MIL,1604.0262,1987-12-28,#00471B
Bucks,MIL,1544.3818,1988-01-14,#00471B
Bucks,MIL,1522.631,1988-01-28,#00471B
Bucks,MIL,1533.8312,1988-02-14,#00471B
Bucks,MIL,1560.8124,1988-02-28,#00471B
Bucks,MIL,1572.8771,1988-03-14,#00471B
Bucks,MIL,1548.4434,1988-03-28,#00471B
Bucks,MIL,1485.5737,1988-04-14,#00471B
Bucks,MIL,1483.5918,1988-04-28,#00471B
Bucks,MIL,1512.3136,1988-05-14,#00471B
Bucks,MIL,1512.3136,1988-05-28,#00471B
Bucks,MIL,1512.3136,1988-06-14,#00471B
Bucks,MIL,1494.3525,1988-11-14,#00471B
Bucks,MIL,1489.6694,1988-11-28,#00471B
Bucks,MIL,1551.9006,1988-12-14,#00471B
Bucks,MIL,1540.9298,1988-12-28,#00471B
Bucks,MIL,1580.3748,1989-01-14,#00471B
Bucks,MIL,1609.7957,1989-01-28,#00471B
Bucks,MIL,1630.2075,1989-02-14,#00471B
Bucks,MIL,1622.6361,1989-02-28,#00471B
Bucks,MIL,1642.5295,1989-03-14,#00471B
Bucks,MIL,1622.9008,1989-03-28,#00471B
Bucks,MIL,1583.4548,1989-04-14,#00471B
Bucks,MIL,1562.8152,1989-04-28,#00471B
Bucks,MIL,1551.0452,1989-05-14,#00471B
Bucks,MIL,1527.8365,1989-05-28,#00471B
Bucks,MIL,1534.6913,1989-11-14,#00471B
Bucks,MIL,1528.7078,1989-11-28,#00471B
Bucks,MIL,1506.2213,1989-12-14,#00471B
Bucks,MIL,1525.0959,1989-12-28,#00471B
Bucks,MIL,1548.9299,1990-01-14,#00471B
Bucks,MIL,1538.7688,1990-01-28,#00471B
Bucks,MIL,1548.401,1990-02-14,#00471B
Bucks,MIL,1515.5748,1990-02-28,#00471B
Bucks,MIL,1482.0215,1990-03-14,#00471B
Bucks,MIL,1473.714,1990-03-28,#00471B
Bucks,MIL,1497.2347,1990-04-14,#00471B
Bucks,MIL,1480.3622,1990-04-28,#00471B
Bucks,MIL,1477.48,1990-05-28,#00471B
Bucks,MIL,1477.48,1990-06-14,#00471B
Bucks,MIL,1513.3699,1990-11-14,#00471B
Bucks,MIL,1534.4397,1990-11-28,#00471B
Bucks,MIL,1548.3042,1990-12-14,#00471B
Bucks,MIL,1582.5524,1990-12-28,#00471B
Bucks,MIL,1562.2128,1991-01-14,#00471B
Bucks,MIL,1500.5486,1991-01-28,#00471B
Bucks,MIL,1499.3164,1991-02-14,#00471B
Bucks,MIL,1517.9906,1991-02-28,#00471B
Bucks,MIL,1500.4084,1991-03-14,#00471B
Bucks,MIL,1517.2146,1991-03-28,#00471B
Bucks,MIL,1551.6235,1991-04-14,#00471B
Bucks,MIL,1500.7651,1991-04-28,#00471B
Bucks,MIL,1517.3563,1991-05-14,#00471B
Bucks,MIL,1517.3563,1991-05-28,#00471B
Bucks,MIL,1494.5592,1991-11-14,#00471B
Bucks,MIL,1513.0212,1991-12-14,#00471B
Bucks,MIL,1509.1909,1991-12-28,#00471B
Bucks,MIL,1503.8754,1992-01-14,#00471B
Bucks,MIL,1452.0829,1992-01-28,#00471B
Bucks,MIL,1482.5361,1992-02-14,#00471B
Bucks,MIL,1450.137,1992-02-28,#00471B
Bucks,MIL,1432.8535,1992-03-14,#00471B
Bucks,MIL,1428.0745,1992-03-28,#00471B
Bucks,MIL,1393.0704,1992-04-14,#00471B
Bucks,MIL,1424.7294,1992-04-28,#00471B
Bucks,MIL,1424.7294,1992-05-14,#00471B
Bucks,MIL,1424.7294,1992-05-28,#00471B
Bucks,MIL,1424.7294,1992-06-14,#00471B
Bucks,MIL,1461.5742,1992-11-14,#00471B
Bucks,MIL,1499.9978,1992-11-28,#00471B
Bucks,MIL,1440.9907,1992-12-14,#00471B
Bucks,MIL,1414.3361,1992-12-28,#00471B
Bucks,MIL,1393.6338,1993-01-14,#00471B
Bucks,MIL,1412.9324,1993-01-28,#00471B
Bucks,MIL,1406.0468,1993-02-14,#00471B
Bucks,MIL,1398.7224,1993-02-28,#00471B
Bucks,MIL,1398.8062,1993-03-14,#00471B
Bucks,MIL,1398.3718,1993-03-28,#00471B
Bucks,MIL,1378.3892,1993-04-14,#00471B
Bucks,MIL,1406.7817,1993-05-14,#00471B
Bucks,MIL,1406.7817,1993-05-28,#00471B
Bucks,MIL,1369.4832,1993-11-14,#00471B
Bucks,MIL,1354.0225,1993-11-28,#00471B
Bucks,MIL,1341.6731,1993-12-14,#00471B
Bucks,MIL,1351.2599,1993-12-28,#00471B
Bucks,MIL,1340.0657,1994-01-14,#00471B
Bucks,MIL,1371.8502,1994-01-28,#00471B
Bucks,MIL,1359.5653,1994-02-28,#00471B
Bucks,MIL,1322.4624,1994-03-14,#00471B
Bucks,MIL,1302.0883,1994-03-28,#00471B
Bucks,MIL,1287.3132,1994-04-14,#00471B
Bucks,MIL,1348.1837,1994-04-28,#00471B
Bucks,MIL,1348.1837,1994-05-14,#00471B
Bucks,MIL,1348.1837,1994-05-28,#00471B
Bucks,MIL,1347.4033,1994-11-14,#00471B
Bucks,MIL,1362.7654,1994-11-28,#00471B
Bucks,MIL,1356.5731,1994-12-14,#00471B
Bucks,MIL,1357.1895,1994-12-28,#00471B
Bucks,MIL,1381.0447,1995-01-14,#00471B
Bucks,MIL,1386.5829,1995-01-28,#00471B
Bucks,MIL,1387.103,1995-02-14,#00471B
Bucks,MIL,1348.6416,1995-02-28,#00471B
Bucks,MIL,1361.254,1995-03-14,#00471B
Bucks,MIL,1361.9336,1995-03-28,#00471B
Bucks,MIL,1383.7253,1995-04-14,#00471B
Bucks,MIL,1438.2195,1995-04-28,#00471B
Bucks,MIL,1438.2195,1995-05-14,#00471B
Bucks,MIL,1438.2195,1995-05-28,#00471B
Bucks,MIL,1438.2195,1995-06-14,#00471B
Bucks,MIL,1436.2013,1995-11-14,#00471B
Bucks,MIL,1394.1056,1995-11-28,#00471B
Bucks,MIL,1401.0265,1995-12-14,#00471B
Bucks,MIL,1395.0321,1995-12-28,#00471B
Bucks,MIL,1420.3448,1996-01-14,#00471B
Bucks,MIL,1392.2903,1996-01-28,#00471B
Bucks,MIL,1393.5466,1996-02-14,#00471B
Bucks,MIL,1365.5768,1996-02-28,#00471B
Bucks,MIL,1346.6487,1996-03-14,#00471B
Bucks,MIL,1288.479,1996-03-28,#00471B
Bucks,MIL,1331.2228,1996-04-14,#00471B
Bucks,MIL,1391.3833,1996-04-28,#00471B
Bucks,MIL,1391.3833,1996-05-14,#00471B
Bucks,MIL,1391.3833,1996-05-28,#00471B
Bucks,MIL,1391.3833,1996-06-14,#00471B
Bucks,MIL,1416.6254,1996-11-14,#00471B
Bucks,MIL,1428.8402,1996-11-28,#00471B
Bucks,MIL,1453.5847,1996-12-14,#00471B
Bucks,MIL,1462.7769,1996-12-28,#00471B
Bucks,MIL,1481.0919,1997-01-14,#00471B
Bucks,MIL,1478.3954,1997-01-28,#00471B
Bucks,MIL,1458.9559,1997-02-14,#00471B
Bucks,MIL,1419.5999,1997-02-28,#00471B
Bucks,MIL,1399.068,1997-03-14,#00471B
Bucks,MIL,1382.0864,1997-03-28,#00471B
Bucks,MIL,1381.0372,1997-04-14,#00471B
Bucks,MIL,1440.533,1997-04-28,#00471B
Bucks,MIL,1440.533,1997-05-14,#00471B
Bucks,MIL,1440.533,1997-05-28,#00471B
Bucks,MIL,1451.4493,1997-11-14,#00471B
Bucks,MIL,1454.6266,1997-11-28,#00471B
Bucks,MIL,1459.7491,1997-12-14,#00471B
Bucks,MIL,1456.2379,1997-12-28,#00471B
Bucks,MIL,1464.7423,1998-01-14,#00471B
Bucks,MIL,1477.0387,1998-01-28,#00471B
Bucks,MIL,1487.6036,1998-02-14,#00471B
Bucks,MIL,1480.483,1998-02-28,#00471B
Bucks,MIL,1436.261,1998-03-14,#00471B
Bucks,MIL,1423.1926,1998-03-28,#00471B
Bucks,MIL,1420.6221,1998-04-14,#00471B
Bucks,MIL,1459.1982,1998-04-28,#00471B
Bucks,MIL,1459.1982,1998-06-14,#00471B
Bucks,MIL,1480.1041,1999-02-14,#00471B
Bucks,MIL,1470.3934,1999-02-28,#00471B
Bucks,MIL,1499.0729,1999-03-14,#00471B
Bucks,MIL,1503.6238,1999-03-28,#00471B
Bucks,MIL,1524.5669,1999-04-14,#00471B
Bucks,MIL,1527.8617,1999-04-28,#00471B
Bucks,MIL,1518.4995,1999-05-14,#00471B
Bucks,MIL,1537.712,1999-11-14,#00471B
Bucks,MIL,1519.7983,1999-11-28,#00471B
Bucks,MIL,1535.5553,1999-12-14,#00471B
Bucks,MIL,1554.7919,1999-12-28,#00471B
Bucks,MIL,1557.0848,2000-01-14,#00471B
Bucks,MIL,1548.536,2000-01-28,#00471B
Bucks,MIL,1459.6248,2000-02-28,#00471B
Bucks,MIL,1443.4683,2000-03-14,#00471B
Bucks,MIL,1483.0325,2000-03-28,#00471B
Bucks,MIL,1492.9924,2000-04-14,#00471B
Bucks,MIL,1518.3406,2000-04-28,#00471B
Bucks,MIL,1518.8068,2000-05-14,#00471B
Bucks,MIL,1518.8068,2000-05-28,#00471B
Bucks,MIL,1518.8068,2000-06-14,#00471B
Bucks,MIL,1481.3018,2000-11-14,#00471B
Bucks,MIL,1475.5046,2000-11-28,#00471B
Bucks,MIL,1532.3969,2000-12-14,#00471B
Bucks,MIL,1556.5759,2000-12-28,#00471B
Bucks,MIL,1572.7383,2001-01-14,#00471B
Bucks,MIL,1580.6565,2001-01-28,#00471B
Bucks,MIL,1585.9648,2001-02-14,#00471B
Bucks,MIL,1586.8218,2001-02-28,#00471B
Bucks,MIL,1549.0435,2001-03-14,#00471B
Bucks,MIL,1576.8778,2001-03-28,#00471B
Bucks,MIL,1619.0409,2001-04-14,#00471B
Bucks,MIL,1627.532,2001-04-28,#00471B
Bucks,MIL,1616.5797,2001-05-14,#00471B
Bucks,MIL,1633.238,2001-05-28,#00471B
Bucks,MIL,1596.3945,2001-11-14,#00471B
Bucks,MIL,1592.7495,2001-11-28,#00471B
Bucks,MIL,1573.1863,2001-12-14,#00471B
Bucks,MIL,1608.2943,2001-12-28,#00471B
Bucks,MIL,1603.5054,2002-01-14,#00471B
Bucks,MIL,1587.0979,2002-01-28,#00471B
Bucks,MIL,1526.4391,2002-02-14,#00471B
Bucks,MIL,1532.8103,2002-02-28,#00471B
Bucks,MIL,1492.3577,2002-03-14,#00471B
Bucks,MIL,1486.9645,2002-03-28,#00471B
Bucks,MIL,1445.7485,2002-04-14,#00471B
Bucks,MIL,1459.7567,2002-04-28,#00471B
Bucks,MIL,1459.7567,2002-05-14,#00471B
Bucks,MIL,1459.7567,2002-05-28,#00471B
Bucks,MIL,1471.3397,2002-11-14,#00471B
Bucks,MIL,1479.5858,2002-11-28,#00471B
Bucks,MIL,1475.3071,2002-12-14,#00471B
Bucks,MIL,1455.6367,2002-12-28,#00471B
Bucks,MIL,1469.6377,2003-01-14,#00471B
Bucks,MIL,1493.4521,2003-01-28,#00471B
Bucks,MIL,1519.594,2003-02-14,#00471B
Bucks,MIL,1464.8096,2003-02-28,#00471B
Bucks,MIL,1468.7598,2003-03-14,#00471B
Bucks,MIL,1473.8477,2003-03-28,#00471B
Bucks,MIL,1512.8979,2003-04-14,#00471B
Bucks,MIL,1508.9854,2003-04-28,#00471B
Bucks,MIL,1493.1877,2003-05-14,#00471B
Bucks,MIL,1493.1877,2003-10-28,#00471B
Bucks,MIL,1524.6716,2003-11-14,#00471B
Bucks,MIL,1505.4703,2003-11-28,#00471B
Bucks,MIL,1494.4431,2003-12-14,#00471B
Bucks,MIL,1513.014,2003-12-28,#00471B
Bucks,MIL,1547.3345,2004-01-14,#00471B
Bucks,MIL,1538.705,2004-01-28,#00471B
Bucks,MIL,1527.9324,2004-02-28,#00471B
Bucks,MIL,1495.2065,2004-03-14,#00471B
Bucks,MIL,1495.5198,2004-03-28,#00471B
Bucks,MIL,1499.1875,2004-04-14,#00471B
Bucks,MIL,1483.8098,2004-04-28,#00471B
Bucks,MIL,1484.3805,2004-05-14,#00471B
Bucks,MIL,1484.3805,2004-05-28,#00471B
Bucks,MIL,1493.34,2004-11-14,#00471B
Bucks,MIL,1467.9705,2004-11-28,#00471B
Bucks,MIL,1457.6775,2004-12-14,#00471B
Bucks,MIL,1438.8535,2004-12-28,#00471B
Bucks,MIL,1423.7855,2005-01-14,#00471B
Bucks,MIL,1421.3499,2005-01-28,#00471B
Bucks,MIL,1446.4124,2005-02-14,#00471B
Bucks,MIL,1454.7994,2005-02-28,#00471B
Bucks,MIL,1439.688,2005-03-14,#00471B
Bucks,MIL,1420.5428,2005-03-28,#00471B
Bucks,MIL,1388.6896,2005-04-14,#00471B
Bucks,MIL,1419.8776,2005-04-28,#00471B
Bucks,MIL,1419.8776,2005-05-14,#00471B
Bucks,MIL,1419.8776,2005-05-28,#00471B
Bucks,MIL,1419.8776,2005-06-14,#00471B
Bucks,MIL,1437.6426,2005-11-14,#00471B
Bucks,MIL,1433.0653,2005-11-28,#00471B
Bucks,MIL,1452.1663,2005-12-14,#00471B
Bucks,MIL,1446.3407,2005-12-28,#00471B
Bucks,MIL,1417.7897,2006-01-14,#00471B
Bucks,MIL,1428.5856,2006-01-28,#00471B
Bucks,MIL,1442.6456,2006-02-14,#00471B
Bucks,MIL,1457.5603,2006-02-28,#00471B
Bucks,MIL,1451.771,2006-03-14,#00471B
Bucks,MIL,1478.6244,2006-03-28,#00471B
Bucks,MIL,1475.0265,2006-04-14,#00471B
Bucks,MIL,1492.6532,2006-04-28,#00471B
Bucks,MIL,1501.1648,2006-05-14,#00471B
Bucks,MIL,1501.1648,2006-05-28,#00471B
Bucks,MIL,1475.7223,2006-11-14,#00471B
Bucks,MIL,1454.5519,2006-11-28,#00471B
Bucks,MIL,1451.4648,2006-12-14,#00471B
Bucks,MIL,1516.3766,2006-12-28,#00471B
Bucks,MIL,1482.8453,2007-01-14,#00471B
Bucks,MIL,1436.2059,2007-01-28,#00471B
Bucks,MIL,1370.748,2007-02-14,#00471B
Bucks,MIL,1416.3521,2007-02-28,#00471B
Bucks,MIL,1424.2686,2007-03-14,#00471B
Bucks,MIL,1407.3114,2007-03-28,#00471B
Bucks,MIL,1322.5322,2007-04-14,#00471B
Bucks,MIL,1365.3925,2007-04-28,#00471B
Bucks,MIL,1365.3925,2007-05-14,#00471B
Bucks,MIL,1365.3925,2007-05-28,#00471B
Bucks,MIL,1365.3925,2007-06-14,#00471B
Bucks,MIL,1398.1068,2007-11-14,#00471B
Bucks,MIL,1406.1139,2007-11-28,#00471B
Bucks,MIL,1400.2256,2007-12-14,#00471B
Bucks,MIL,1382.949,2007-12-28,#00471B
Bucks,MIL,1384.2654,2008-01-14,#00471B
Bucks,MIL,1378.6724,2008-01-28,#00471B
Bucks,MIL,1359.9523,2008-02-14,#00471B
Bucks,MIL,1367.9675,2008-02-28,#00471B
Bucks,MIL,1332.8802,2008-03-14,#00471B
Bucks,MIL,1315.9102,2008-03-28,#00471B
Bucks,MIL,1283.6371,2008-04-14,#00471B
Bucks,MIL,1330.7054,2008-04-28,#00471B
Bucks,MIL,1330.7054,2008-05-14,#00471B
Bucks,MIL,1330.7054,2008-05-28,#00471B
Bucks,MIL,1330.7054,2008-10-28,#00471B
Bucks,MIL,1375.4688,2008-11-14,#00471B
Bucks,MIL,1382.5847,2008-11-28,#00471B
Bucks,MIL,1410.3656,2008-12-14,#00471B
Bucks,MIL,1457.6625,2008-12-28,#00471B
Bucks,MIL,1455.272,2009-01-14,#00471B
Bucks,MIL,1442.2245,2009-01-28,#00471B
Bucks,MIL,1461.7296,2009-02-28,#00471B
Bucks,MIL,1442.98,2009-03-14,#00471B
Bucks,MIL,1405.3785,2009-03-28,#00471B
Bucks,MIL,1435.0315,2009-04-14,#00471B
Bucks,MIL,1445.2859,2009-04-28,#00471B
Bucks,MIL,1445.2859,2009-05-14,#00471B
Bucks,MIL,1445.2859,2009-05-28,#00471B
Bucks,MIL,1445.2859,2009-06-14,#00471B
Bucks,MIL,1445.2859,2009-10-28,#00471B
Bucks,MIL,1484.0258,2009-11-14,#00471B
Bucks,MIL,1472.051,2009-11-28,#00471B
Bucks,MIL,1472.6368,2009-12-14,#00471B
Bucks,MIL,1432.6608,2009-12-28,#00471B
Bucks,MIL,1455.595,2010-01-14,#00471B
Bucks,MIL,1470.8984,2010-01-28,#00471B
Bucks,MIL,1530.4432,2010-02-28,#00471B
Bucks,MIL,1577.1687,2010-03-14,#00471B
Bucks,MIL,1541.0396,2010-03-28,#00471B
Bucks,MIL,1550.7185,2010-04-14,#00471B
Bucks,MIL,1573.5364,2010-04-28,#00471B
Bucks,MIL,1531.6636,2010-05-28,#00471B
Bucks,MIL,1515.0343,2010-10-28,#00471B
Bucks,MIL,1530.3041,2010-11-14,#00471B
Bucks,MIL,1493.1057,2010-11-28,#00471B
Bucks,MIL,1513.5961,2010-12-14,#00471B
Bucks,MIL,1505.7561,2010-12-28,#00471B
Bucks,MIL,1510.7579,2011-01-14,#00471B
Bucks,MIL,1511.3684,2011-01-28,#00471B
Bucks,MIL,1459.3055,2011-02-14,#00471B
Bucks,MIL,1444.402,2011-02-28,#00471B
Bucks,MIL,1453.9237,2011-03-14,#00471B
Bucks,MIL,1450.0737,2011-03-28,#00471B
Bucks,MIL,1486.5464,2011-04-28,#00471B
Bucks,MIL,1494.152,2011-12-28,#00471B
Bucks,MIL,1464.0076,2012-01-14,#00471B
Bucks,MIL,1508.4254,2012-01-28,#00471B
Bucks,MIL,1472.0707,2012-02-14,#00471B
Bucks,MIL,1467.2931,2012-02-28,#00471B
Bucks,MIL,1482.9812,2012-03-14,#00471B
Bucks,MIL,1529.3606,2012-03-28,#00471B
Bucks,MIL,1524.7856,2012-04-14,#00471B
Bucks,MIL,1520.3861,2012-04-28,#00471B
Bucks,MIL,1520.3861,2012-05-14,#00471B
Bucks,MIL,1520.3861,2012-05-28,#00471B
Bucks,MIL,1520.3861,2012-06-14,#00471B
Bucks,MIL,1532.9365,2012-11-14,#00471B
Bucks,MIL,1504.2721,2012-11-28,#00471B
Bucks,MIL,1507.3311,2012-12-14,#00471B
Bucks,MIL,1504.0508,2012-12-28,#00471B
Bucks,MIL,1478.9796,2013-01-14,#00471B
Bucks,MIL,1524.4414,2013-01-28,#00471B
Bucks,MIL,1462.7015,2013-02-14,#00471B
Bucks,MIL,1479.1959,2013-02-28,#00471B
Bucks,MIL,1471.1165,2013-03-14,#00471B
Bucks,MIL,1460.5255,2013-03-28,#00471B
Bucks,MIL,1416.4331,2013-04-14,#00471B
Bucks,MIL,1425.9609,2013-04-28,#00471B
Bucks,MIL,1442.7881,2013-05-14,#00471B
Bucks,MIL,1442.7881,2013-05-28,#00471B
Bucks,MIL,1424.9376,2013-11-14,#00471B
Bucks,MIL,1343.7152,2013-12-14,#00471B
Bucks,MIL,1321.7959,2013-12-28,#00471B
Bucks,MIL,1315.4572,2014-01-14,#00471B
Bucks,MIL,1284.8223,2014-01-28,#00471B
Bucks,MIL,1273.5385,2014-02-28,#00471B
Bucks,MIL,1278.2749,2014-03-14,#00471B
Bucks,MIL,1267.407,2014-03-28,#00471B
Bucks,MIL,1261.224,2014-04-14,#00471B
Bucks,MIL,1316.6272,2014-04-28,#00471B
Bucks,MIL,1316.6272,2014-05-14,#00471B
Bucks,MIL,1316.6272,2014-05-28,#00471B
Bucks,MIL,1316.6272,2014-10-28,#00471B
Bucks,MIL,1341.3673,2014-11-14,#00471B
Bucks,MIL,1414.9785,2014-11-28,#00471B
Bucks,MIL,1431.2418,2014-12-14,#00471B
Bucks,MIL,1476.7334,2014-12-28,#00471B
Bucks,MIL,1499.2461,2015-01-14,#00471B
Bucks,MIL,1517.7402,2015-01-28,#00471B
Bucks,MIL,1515.5642,2015-02-28,#00471B
Bucks,MIL,1480.8778,2015-03-14,#00471B
Bucks,MIL,1457.3914,2015-03-28,#00471B
Bucks,MIL,1472.0676,2015-04-14,#00471B
Bucks,MIL,1443.2714,2015-04-28,#00471B
Baltimore,BLB,1427.8206,1947-11-14,#320085
Baltimore,BLB,1468.4745,1947-11-28,#320085
Baltimore,BLB,1438.0684,1947-12-28,#320085
Baltimore,BLB,1444.0375,1948-01-14,#320085
Baltimore,BLB,1448.5005,1948-01-28,#320085
Baltimore,BLB,1454.2886,1948-02-14,#320085
Baltimore,BLB,1480.5824,1948-02-28,#320085
Baltimore,BLB,1477.962,1948-03-28,#320085
Baltimore,BLB,1461.3345,1948-11-14,#320085
Baltimore,BLB,1475.5448,1948-11-28,#320085
Baltimore,BLB,1475.7483,1948-12-14,#320085
Baltimore,BLB,1458.1956,1948-12-28,#320085
Baltimore,BLB,1489.468,1949-01-14,#320085
Baltimore,BLB,1473.6287,1949-01-28,#320085
Baltimore,BLB,1430.4897,1949-02-28,#320085
Baltimore,BLB,1422.083,1949-11-28,#320085
Baltimore,BLB,1421.9816,1949-12-14,#320085
Baltimore,BLB,1400.4875,1949-12-28,#320085
Baltimore,BLB,1346.0558,1950-01-14,#320085
Baltimore,BLB,1365.2827,1950-01-28,#320085
Baltimore,BLB,1386.5159,1950-02-14,#320085
Baltimore,BLB,1356.8561,1950-02-28,#320085
Baltimore,BLB,1368.7427,1950-03-14,#320085
Baltimore,BLB,1413.8594,1950-03-28,#320085
Baltimore,BLB,1413.8594,1950-04-14,#320085
Baltimore,BLB,1394.8481,1950-11-14,#320085
Baltimore,BLB,1373.8263,1950-11-28,#320085
Baltimore,BLB,1418.7229,1950-12-14,#320085
Baltimore,BLB,1408.7201,1950-12-28,#320085
Baltimore,BLB,1403.9143,1951-01-14,#320085
Baltimore,BLB,1439.311,1951-01-28,#320085
Baltimore,BLB,1446.9385,1951-02-14,#320085
Baltimore,BLB,1414.202,1951-02-28,#320085
Baltimore,BLB,1425.6804,1951-03-14,#320085
Baltimore,BLB,1439.8684,1951-03-28,#320085
Baltimore,BLB,1428.8259,1951-11-14,#320085
Baltimore,BLB,1430.329,1951-11-28,#320085
Baltimore,BLB,1415.8345,1951-12-14,#320085
Baltimore,BLB,1347.6512,1952-02-14,#320085
Baltimore,BLB,1326.5334,1952-02-28,#320085
Baltimore,BLB,1331.5043,1952-03-14,#320085
Baltimore,BLB,1368.9241,1952-11-14,#320085
Baltimore,BLB,1348.88,1952-11-28,#320085
Baltimore,BLB,1323.0144,1952-12-14,#320085
Baltimore,BLB,1310.2358,1952-12-28,#320085
Baltimore,BLB,1346.3594,1953-01-14,#320085
Baltimore,BLB,1356.4567,1953-01-28,#320085
Baltimore,BLB,1298.6824,1953-02-14,#320085
Baltimore,BLB,1296.1956,1953-02-28,#320085
Baltimore,BLB,1303.9926,1953-03-14,#320085
Baltimore,BLB,1339.9094,1953-03-28,#320085
Baltimore,BLB,1326.6201,1953-11-14,#320085
Baltimore,BLB,1324.0662,1953-11-28,#320085
Baltimore,BLB,1346.7465,1953-12-28,#320085
Baltimore,BLB,1316.2988,1954-01-14,#320085
Baltimore,BLB,1324.7513,1954-01-28,#320085
Baltimore,BLB,1302.26,1954-02-14,#320085
Baltimore,BLB,1279.9624,1954-02-28,#320085
Baltimore,BLB,1268.1525,1954-03-14,#320085
