name,type,value,date,color
0x3642,bot,46703,2016-10,#AAAAAA
0x3642,Bot,123955,2016-11,#AAAAAA
ACCIDENTAL_HAIKU_BOT,Bot,58503,2018-05,#AAAAAA
ads,Other,1,2007-07,#001f3f
ads,Other,24,2007-10,#001f3f
ads,Other,82,2007-11,#001f3f
ads,Other,54,2007-12,#001f3f
AdviceAnimals,Humor,5653,2011-02,#0074D9
AdviceAnimals,Humor,6169,2011-03,#0074D9
AdviceAnimals,Humor,7350,2011-05,#0074D9
AdviceAnimals,Humor,11128,2011-06,#0074D9
AdviceAnimals,Humor,11770,2011-07,#0074D9
AdviceAnimals,Humor,16251,2011-08,#0074D9
AdviceAnimals,Humor,18021,2011-09,#0074D9
AdviceAnimals,Humor,21996,2011-10,#0074D9
AdviceAnimals,Humor,67818,2011-12,#0074D9
AdviceAnimals,Humor,78742,2012-01,#0074D9
AdviceAnimals,Humor,83632,2012-02,#0074D9
AdviceAnimals,Humor,94595,2012-03,#0074D9
AdviceAnimals,Humor,100643,2012-04,#0074D9
AdviceAnimals,Humor,92746,2012-05,#0074D9
AdviceAnimals,Humor,99505,2012-06,#0074D9
AdviceAnimals,Humor,107477,2012-07,#0074D9
AdviceAnimals,Humor,106794,2012-08,#0074D9
AdviceAnimals,Humor,92768,2012-09,#0074D9
AdviceAnimals,Humor,95487,2012-10,#0074D9
AdviceAnimals,Humor,86197,2012-11,#0074D9
AdviceAnimals,Humor,99694,2012-12,#0074D9
AdviceAnimals,Humor,115326,2013-01,#0074D9
AdviceAnimals,Humor,109442,2013-02,#0074D9
AdviceAnimals,Humor,128589,2013-03,#0074D9
AdviceAnimals,Humor,120065,2013-05,#0074D9
AdviceAnimals,Humor,89565,2013-06,#0074D9
AdviceAnimals,Humor,84653,2013-08,#0074D9
AdviceAnimals,Humor,64065,2013-09,#0074D9
AdviceAnimals,Humor,74049,2013-10,#0074D9
AdviceAnimals,Humor,88578,2013-11,#0074D9
AdviceAnimals,Humor,102751,2013-12,#0074D9
AdviceAnimals,Humor,76926,2014-01,#0074D9
AdviceAnimals,Humor,73266,2014-02,#0074D9
AdviceAnimals,Humor,77281,2014-03,#0074D9
AdviceAnimals,Humor,73510,2014-04,#0074D9
AdviceAnimals,Humor,53001,2014-05,#0074D9
AdviceAnimals,Humor,32579,2014-06,#0074D9
AdviceAnimals,Humor,29501,2014-07,#0074D9
AdviceAnimals,Humor,30394,2014-08,#0074D9
AdviceAnimals,Humor,29879,2014-10,#0074D9
AdviceAnimals,Humor,28438,2014-11,#0074D9
AdviceAnimals,Humor,28524,2014-12,#0074D9
AdviceAnimals,Humor,37232,2015-01,#0074D9
AdviceAnimals,Humor,31121,2015-02,#0074D9
AdviceAnimals,Humor,25981,2015-04,#0074D9
AlbumCN,Bot,54020,2019-01,#AAAAAA
AlbumCN,Bot,63753,2019-02,#AAAAAA
AlbumCN,Bot,46291,2019-03,#AAAAAA
AnthemTheGame,Entertainment,18348,2019-03,#f20000
apexlegends,Entertainment,110075,2019-02,#f20000
apexlegends,Entertainment,27524,2019-03,#f20000
arxiv,Educational,1,2007-06,#009894
askcaterina,Other,1,2006-04,#001f3f
AskReddit,Educational,490,2008-06,#009894
AskReddit,Educational,788,2008-09,#009894
AskReddit,Educational,1606,2008-12,#009894
AskReddit,Educational,2120,2009-01,#009894
AskReddit,Educational,2279,2009-02,#009894
AskReddit,Educational,2889,2009-03,#009894
AskReddit,Educational,3657,2009-04,#009894
AskReddit,Educational,4254,2009-06,#009894
AskReddit,Educational,4784,2009-07,#009894
AskReddit,Educational,7141,2009-08,#009894
AskReddit,Educational,9312,2009-09,#009894
AskReddit,Educational,10733,2009-10,#009894
AskReddit,Educational,10617,2009-11,#009894
AskReddit,Educational,14200,2009-12,#009894
AskReddit,Educational,15801,2010-01,#009894
AskReddit,Educational,14671,2010-02,#009894
AskReddit,Educational,18806,2010-04,#009894
AskReddit,Educational,17821,2010-05,#009894
AskReddit,Educational,16840,2010-06,#009894
AskReddit,Educational,17209,2010-07,#009894
AskReddit,Educational,18348,2010-08,#009894
AskReddit,Educational,20100,2010-10,#009894
AskReddit,Educational,23450,2010-11,#009894
AskReddit,Educational,24494,2010-12,#009894
AskReddit,Educational,34255,2011-01,#009894
AskReddit,Educational,33979,2011-02,#009894
AskReddit,Educational,39930,2011-03,#009894
AskReddit,Educational,38632,2011-04,#009894
AskReddit,Educational,44441,2011-05,#009894
AskReddit,Educational,47881,2011-06,#009894
AskReddit,Educational,49796,2011-07,#009894
AskReddit,Educational,57467,2011-08,#009894
AskReddit,Educational,56448,2011-09,#009894
AskReddit,Educational,74603,2011-10,#009894
AskReddit,Educational,81998,2011-12,#009894
AskReddit,Educational,74896,2012-01,#009894
AskReddit,Educational,77981,2012-02,#009894
AskReddit,Educational,87346,2012-03,#009894
AskReddit,Educational,87141,2012-04,#009894
AskReddit,Educational,93543,2012-05,#009894
AskReddit,Educational,97023,2012-06,#009894
AskReddit,Educational,100989,2012-07,#009894
AskReddit,Educational,103683,2012-08,#009894
AskReddit,Educational,94425,2012-09,#009894
AskReddit,Educational,102594,2012-10,#009894
AskReddit,Educational,101708,2012-11,#009894
AskReddit,Educational,111359,2012-12,#009894
AskReddit,Educational,126148,2013-01,#009894
AskReddit,Educational,109564,2013-02,#009894
AskReddit,Educational,126856,2013-03,#009894
AskReddit,Educational,128421,2013-05,#009894
AskReddit,Educational,117513,2013-06,#009894
AskReddit,Educational,119559,2013-08,#009894
AskReddit,Educational,110663,2013-09,#009894
AskReddit,Educational,121011,2013-10,#009894
AskReddit,Educational,129257,2013-11,#009894
AskReddit,Educational,141293,2013-12,#009894
AskReddit,Educational,107713,2014-01,#009894
AskReddit,Educational,95261,2014-02,#009894
AskReddit,Educational,105676,2014-03,#009894
AskReddit,Educational,103864,2014-04,#009894
AskReddit,Educational,104288,2014-05,#009894
AskReddit,Educational,97437,2014-06,#009894
AskReddit,Educational,111441,2014-07,#009894
AskReddit,Educational,107952,2014-08,#009894
AskReddit,Educational,107167,2014-10,#009894
AskReddit,Educational,100706,2014-11,#009894
AskReddit,Educational,110786,2014-12,#009894
AskReddit,Educational,166261,2015-01,#009894
AskReddit,Educational,147421,2015-02,#009894
AskReddit,Educational,158247,2015-04,#009894
AskReddit,Educational,156815,2015-05,#009894
AskReddit,Educational,151706,2015-06,#009894
AskReddit,Educational,157956,2015-07,#009894
AskReddit,Educational,160736,2015-08,#009894
AskReddit,Educational,155590,2015-09,#009894
AskReddit,Educational,162748,2015-10,#009894
AskReddit,Educational,167933,2015-11,#009894
AskReddit,Educational,181938,2015-12,#009894
AskReddit,Educational,140750,2016-01,#009894
AskReddit,Educational,131944,2016-03,#009894
AskReddit,Educational,133628,2016-04,#009894
AskReddit,Educational,140846,2016-05,#009894
AskReddit,Educational,140494,2016-06,#009894
AskReddit,Educational,151918,2016-07,#009894
AskReddit,Educational,178673,2016-08,#009894
AskReddit,Educational,173481,2016-10,#009894
AskReddit,Educational,174626,2016-11,#009894
AskReddit,Educational,187494,2016-12,#009894
AskReddit,Educational,199375,2017-01,#009894
AskReddit,Educational,167666,2017-02,#009894
AskReddit,Educational,187494,2017-03,#009894
AskReddit,Educational,177501,2017-04,#009894
AskReddit,Educational,184217,2017-05,#009894
AskReddit,Educational,177901,2017-06,#009894
AskReddit,Educational,183013,2017-07,#009894
AskReddit,Educational,181380,2017-08,#009894
AskReddit,Educational,162018,2017-09,#009894
AskReddit,Educational,169488,2017-10,#009894
AskReddit,Educational,176016,2017-12,#009894
AskReddit,Educational,181266,2018-01,#009894
AskReddit,Educational,169557,2018-02,#009894
AskReddit,Educational,180145,2018-03,#009894
AskReddit,Educational,180011,2018-04,#009894
AskReddit,Educational,182755,2018-05,#009894
AskReddit,Educational,175255,2018-06,#009894
AskReddit,Educational,187147,2018-07,#009894
AskReddit,Educational,176598,2018-09,#009894
AskReddit,Educational,201395,2018-10,#009894
AskReddit,Educational,204607,2018-11,#009894
AskReddit,Educational,227185,2018-12,#009894
AskReddit,Educational,269550,2019-01,#009894
AskReddit,Educational,308194,2019-02,#009894
AskReddit,Educational,110633,2019-03,#009894
askscience,Educational,15453,2012-02,#009894
askscience,Educational,17672,2012-03,#009894
askscience,Educational,13701,2012-04,#009894
atheism,Lifestyle,1328,2008-12,#000dc5
atheism,Lifestyle,1817,2009-01,#000dc5
atheism,Lifestyle,1621,2009-02,#000dc5
atheism,Lifestyle,2165,2009-03,#000dc5
atheism,Lifestyle,2444,2009-04,#000dc5
atheism,Lifestyle,2241,2009-06,#000dc5
atheism,Lifestyle,2560,2009-07,#000dc5
atheism,Lifestyle,2658,2009-08,#000dc5
atheism,Lifestyle,2683,2009-09,#000dc5
atheism,Lifestyle,2693,2009-10,#000dc5
atheism,Lifestyle,2401,2009-11,#000dc5
atheism,Lifestyle,2987,2009-12,#000dc5
atheism,Lifestyle,2862,2010-01,#000dc5
atheism,Lifestyle,2494,2010-02,#000dc5
atheism,Lifestyle,3359,2010-04,#000dc5
atheism,Lifestyle,3042,2010-05,#000dc5
atheism,Lifestyle,3091,2010-06,#000dc5
atheism,Lifestyle,3195,2010-07,#000dc5
atheism,Lifestyle,3513,2010-08,#000dc5
atheism,Lifestyle,4497,2010-10,#000dc5
atheism,Lifestyle,4767,2010-11,#000dc5
atheism,Lifestyle,6177,2010-12,#000dc5
atheism,Lifestyle,9812,2011-01,#000dc5
atheism,Lifestyle,9591,2011-02,#000dc5
atheism,Lifestyle,11110,2011-03,#000dc5
atheism,Lifestyle,11677,2011-04,#000dc5
atheism,Lifestyle,13869,2011-05,#000dc5
atheism,Lifestyle,11974,2011-06,#000dc5
atheism,Lifestyle,12194,2011-07,#000dc5
atheism,Lifestyle,13883,2011-08,#000dc5
atheism,Lifestyle,13659,2011-09,#000dc5
atheism,Lifestyle,17942,2011-10,#000dc5
atheism,Lifestyle,32791,2011-12,#000dc5
atheism,Lifestyle,30993,2012-01,#000dc5
atheism,Lifestyle,33013,2012-02,#000dc5
atheism,Lifestyle,35002,2012-03,#000dc5
atheism,Lifestyle,33949,2012-04,#000dc5
atheism,Lifestyle,29208,2012-05,#000dc5
atheism,Lifestyle,28516,2012-06,#000dc5
atheism,Lifestyle,30445,2012-07,#000dc5
atheism,Lifestyle,27067,2012-08,#000dc5
atheism,Lifestyle,23228,2012-09,#000dc5
atheism,Lifestyle,20261,2012-10,#000dc5
atheism,Lifestyle,17916,2012-11,#000dc5
atheism,Lifestyle,19409,2012-12,#000dc5
atheism,Lifestyle,16924,2013-01,#000dc5
atheism,Lifestyle,18833,2013-02,#000dc5
atheism,Lifestyle,23364,2013-03,#000dc5
atheism,Lifestyle,21472,2013-05,#000dc5
atheism,Lifestyle,19643,2013-06,#000dc5
AutoNewspaper,Bot,107198,2016-11,#AAAAAA
AutoNewspaper,Bot,113039,2016-12,#AAAAAA
AutoNewspaper,Bot,123025,2017-01,#AAAAAA
AutoNewspaper,Bot,120826,2017-02,#AAAAAA
AutoNewspaper,Bot,166623,2017-03,#AAAAAA
AutoNewspaper,Bot,156145,2017-04,#AAAAAA
AutoNewspaper,Bot,139802,2017-05,#AAAAAA
AutoNewspaper,Bot,164631,2017-06,#AAAAAA
AutoNewspaper,Bot,156493,2017-07,#AAAAAA
AutoNewspaper,Bot,158088,2017-08,#AAAAAA
AutoNewspaper,Bot,149885,2017-09,#AAAAAA
AutoNewspaper,Bot,158018,2017-10,#AAAAAA
AutoNewspaper,Bot,137351,2017-12,#AAAAAA
AutoNewspaper,Bot,151568,2018-01,#AAAAAA
AutoNewspaper,Bot,140271,2018-02,#AAAAAA
AutoNewspaper,Bot,155657,2018-03,#AAAAAA
AutoNewspaper,Bot,146453,2018-04,#AAAAAA
AutoNewspaper,Bot,150362,2018-05,#AAAAAA
AutoNewspaper,Bot,143719,2018-06,#AAAAAA
AutoNewspaper,Bot,140467,2018-07,#AAAAAA
AutoNewspaper,Bot,131022,2018-09,#AAAAAA
AutoNewspaper,Bot,137634,2018-10,#AAAAAA
AutoNewspaper,Bot,128288,2018-11,#AAAAAA
AutoNewspaper,Bot,113905,2018-12,#AAAAAA
AutoNewspaper,Bot,125872,2019-01,#AAAAAA
AutoNewspaper,Bot,142879,2019-02,#AAAAAA
AutoNewspaper,Bot,47659,2019-03,#AAAAAA
aww,Other,21804,2011-12,#001f3f
aww,Other,26393,2012-01,#001f3f
aww,Other,29678,2012-02,#001f3f
aww,Other,34962,2012-03,#001f3f
aww,Other,43827,2012-04,#001f3f
aww,Other,42430,2012-05,#001f3f
aww,Other,48497,2012-06,#001f3f
aww,Other,51065,2012-07,#001f3f
aww,Other,50841,2012-08,#001f3f
aww,Other,44715,2012-09,#001f3f
aww,Other,48299,2012-10,#001f3f
aww,Other,48164,2012-11,#001f3f
aww,Other,54917,2012-12,#001f3f
aww,Other,58566,2013-01,#001f3f
aww,Other,46236,2013-02,#001f3f
aww,Other,47519,2013-03,#001f3f
aww,Other,48361,2013-05,#001f3f
aww,Other,44121,2013-06,#001f3f
aww,Other,39553,2013-08,#001f3f
aww,Other,34988,2013-09,#001f3f
aww,Other,35071,2013-10,#001f3f
aww,Other,35646,2013-11,#001f3f
aww,Other,43634,2013-12,#001f3f
aww,Other,30599,2014-01,#001f3f
aww,Other,25568,2014-02,#001f3f
aww,Other,28625,2014-03,#001f3f
aww,Other,27091,2014-04,#001f3f
aww,Other,27157,2014-05,#001f3f
aww,Other,23817,2014-06,#001f3f
aww,Other,24987,2014-07,#001f3f
aww,Other,23971,2014-08,#001f3f
aww,Other,24349,2014-10,#001f3f
aww,Other,24277,2014-11,#001f3f
aww,Other,27333,2014-12,#001f3f
aww,Other,34423,2015-01,#001f3f
aww,Other,30902,2015-02,#001f3f
aww,Other,31947,2015-04,#001f3f
aww,Other,31867,2015-05,#001f3f
aww,Other,30798,2015-06,#001f3f
aww,Other,32264,2015-07,#001f3f
aww,Other,34029,2015-08,#001f3f
aww,Other,34340,2015-09,#001f3f
aww,Other,37615,2015-10,#001f3f
aww,Other,32335,2015-11,#001f3f
aww,Other,32140,2015-12,#001f3f
aww,Other,23082,2016-01,#001f3f
aww,Other,23122,2016-03,#001f3f
aww,Other,22262,2016-04,#001f3f
aww,Other,21782,2016-05,#001f3f
aww,Other,22507,2016-06,#001f3f
aww,Other,22405,2016-07,#001f3f
aww,Other,23501,2016-08,#001f3f
aww,Other,26889,2016-10,#001f3f
aww,Other,27025,2016-11,#001f3f
aww,Other,31436,2016-12,#001f3f
aww,Other,33807,2017-01,#001f3f
aww,Other,28080,2017-02,#001f3f
aww,Other,30951,2017-03,#001f3f
aww,Other,29382,2017-04,#001f3f
aww,Other,30264,2017-05,#001f3f
aww,Other,29482,2017-06,#001f3f
aww,Other,32972,2017-07,#001f3f
aww,Other,31821,2017-08,#001f3f
aww,Other,29533,2017-09,#001f3f
aww,Other,31478,2017-10,#001f3f
aww,Other,32922,2017-12,#001f3f
aww,Other,30165,2018-01,#001f3f
aww,Other,29391,2018-02,#001f3f
aww,Other,33972,2018-03,#001f3f
aww,Other,39717,2018-04,#001f3f
aww,Other,36869,2018-05,#001f3f
aww,Other,37142,2018-06,#001f3f
aww,Other,43038,2018-07,#001f3f
aww,Other,38379,2018-09,#001f3f
aww,Other,45047,2018-10,#001f3f
aww,Other,48778,2018-11,#001f3f
aww,Other,53788,2018-12,#001f3f
aww,Other,60771,2019-01,#001f3f
aww,Other,68346,2019-02,#001f3f
aww,Other,23647,2019-03,#001f3f
backup_relationships,Other,96031,2018-03,#001f3f
besteurope,News/Politics,29047,2015-09,#2c9a00
betternews,Bot,17824,2014-10,#AAAAAA
betternews,Bot,24633,2015-04,#AAAAAA
betternews,Bot,24684,2015-05,#AAAAAA
betternews,Bot,26468,2015-06,#AAAAAA
betternews,Bot,25765,2015-07,#AAAAAA
betternews,Bot,25165,2015-08,#AAAAAA
betternews,Bot,25486,2015-09,#AAAAAA
betternews,Bot,29052,2015-10,#AAAAAA
betternews,Bot,22349,2016-01,#AAAAAA
betternews,Bot,22897,2016-03,#AAAAAA
betternews,Bot,21181,2016-04,#AAAAAA
Bitcoin,Lifestyle,20035,2013-11,#000dc5
Bitcoin,Lifestyle,18530,2013-12,#000dc5
Bitcoin,Lifestyle,38939,2017-12,#000dc5
BitcoinAll,Lifestyle,45411,2017-12,#000dc5
blackops3,Entertainment,26702,2015-11,#f20000
Blackops4,Entertainment,60023,2018-10,#f20000
Blackops4,Entertainment,41344,2018-11,#f20000
breakingbad,Entertainment,29545,2013-09,#f20000
bugs,Other,54,2007-10,#001f3f
bugs,Other,17,2007-11,#001f3f
buildapc,Hobbies/Occupations,22720,2013-11,#01FF70
buildapc,Hobbies/Occupations,24367,2013-12,#01FF70
buildapc,Hobbies/Occupations,16790,2014-01,#01FF70
buildapc,Hobbies/Occupations,12633,2014-04,#01FF70
buildapc,Hobbies/Occupations,14265,2014-05,#01FF70
buildapc,Hobbies/Occupations,16226,2014-06,#01FF70
buildapc,Hobbies/Occupations,17477,2014-07,#01FF70
buildapc,Hobbies/Occupations,16322,2014-08,#01FF70
buildapc,Hobbies/Occupations,20287,2014-11,#01FF70
buildapc,Hobbies/Occupations,21162,2014-12,#01FF70
buildapc,Hobbies/Occupations,24946,2015-01,#01FF70
buildapc,Hobbies/Occupations,24234,2015-06,#01FF70
buildapc,Hobbies/Occupations,25167,2015-07,#01FF70
buildapc,Hobbies/Occupations,27142,2015-11,#01FF70
business,Educational,996,2007-10,#009894
business,Educational,2337,2007-11,#009894
business,Educational,2523,2007-12,#009894
business,Educational,3578,2008-01,#009894
business,Educational,3180,2008-02,#009894
business,Educational,4323,2008-03,#009894
business,Educational,5347,2008-04,#009894
business,Educational,5666,2008-05,#009894
business,Educational,3155,2008-06,#009894
business,Educational,2810,2008-07,#009894
business,Educational,1615,2008-08,#009894
business,Educational,4340,2008-09,#009894
business,Educational,5415,2008-11,#009894
business,Educational,4504,2008-12,#009894
business,Educational,3677,2009-01,#009894
business,Educational,4730,2009-02,#009894
business,Educational,5636,2009-03,#009894
business,Educational,2899,2009-04,#009894
business,Educational,2788,2009-06,#009894
business,Educational,3476,2009-07,#009894
business,Educational,3580,2009-08,#009894
business,Educational,2909,2009-09,#009894
business,Educational,3057,2009-10,#009894
business,Educational,2949,2009-11,#009894
business,Educational,3658,2009-12,#009894
business,Educational,5392,2010-01,#009894
business,Educational,3898,2010-02,#009894
business,Educational,3210,2010-04,#009894
business,Educational,2642,2010-05,#009894
business,Educational,2432,2010-06,#009894
business,Educational,3642,2010-07,#009894
business,Educational,3604,2010-08,#009894
business,Educational,3794,2010-10,#009894
business,Educational,3722,2010-11,#009894
business,Educational,3680,2010-12,#009894
business,Educational,5210,2011-01,#009894
business,Educational,19124,2013-08,#009894
celebrities,Entertainment,845,2008-09,#f20000
chpresseschau,Bot,28817,2015-09,#AAAAAA
circlejerk,Other,4108,2010-12,#001f3f
circlejerk,Other,8055,2011-01,#001f3f
circlejerk,Other,6909,2011-02,#001f3f
circlejerk,Other,7771,2011-03,#001f3f
circlejerk,Other,6816,2011-04,#001f3f
circlejerk,Other,7005,2011-05,#001f3f
circlejerk,Other,7671,2011-06,#001f3f
circlejerk,Other,9045,2011-07,#001f3f
circlejerk,Other,12458,2011-08,#001f3f
circlejerk,Other,13779,2011-09,#001f3f
circlejerk,Other,15461,2011-10,#001f3f
circlejerk,Other,19965,2011-12,#001f3f
circlejerk,Other,19934,2012-01,#001f3f
circlejerk,Other,19111,2012-02,#001f3f
circlejerk,Other,20869,2012-03,#001f3f
circlejerk,Other,19670,2012-04,#001f3f
circlejerk,Other,19076,2012-05,#001f3f
circlejerk,Other,18613,2012-06,#001f3f
circlejerk,Other,20053,2012-07,#001f3f
circlejerk,Other,25273,2012-08,#001f3f
circlejerk,Other,22761,2012-09,#001f3f
circlejerk,Other,18527,2012-10,#001f3f
circlejerk,Other,22620,2012-11,#001f3f
circlejerk,Other,20326,2012-12,#001f3f
circlejerk,Other,20003,2013-01,#001f3f
circlejerk,Other,14778,2013-02,#001f3f
circlejerk,Other,19398,2013-03,#001f3f
circlejerk,Other,18952,2013-06,#001f3f
CircleofTrust,Entertainment,319007,2018-04,#f20000
comics,Hobbies/Occupations,542,2008-06,#01FF70
comics,Hobbies/Occupations,733,2008-07,#01FF70
comics,Hobbies/Occupations,765,2008-08,#01FF70
comics,Hobbies/Occupations,990,2008-09,#01FF70
comics,Hobbies/Occupations,1086,2008-11,#01FF70
comics,Hobbies/Occupations,1435,2009-04,#01FF70
comics,Hobbies/Occupations,2475,2010-06,#01FF70
comics,Hobbies/Occupations,2685,2010-07,#01FF70
comics,Hobbies/Occupations,2850,2010-08,#01FF70
CookingRecipesStuff,Hobbies/Occupations,19585,2014-01,#01FF70
CookingRecipesStuff,Hobbies/Occupations,52275,2014-02,#01FF70
CookingRecipesStuff,Hobbies/Occupations,48864,2014-03,#01FF70
CookingRecipesStuff,Hobbies/Occupations,57861,2014-04,#01FF70
CookingRecipesStuff,Hobbies/Occupations,58270,2014-05,#01FF70
CookingRecipesStuff,Hobbies/Occupations,55363,2014-06,#01FF70
CookingRecipesStuff,Hobbies/Occupations,59024,2014-07,#01FF70
CookingRecipesStuff,Hobbies/Occupations,55133,2014-08,#01FF70
CookingRecipesStuff,Hobbies/Occupations,18764,2014-10,#01FF70
CryptoCurrency,Lifestyle,31804,2017-12,#000dc5
CryptoCurrency,Lifestyle,47629,2018-01,#000dc5
DankMemeArchive,Humor,37802,2017-03,#0074D9
dankmemes,Humor,28416,2018-06,#0074D9
dankmemes,Humor,43686,2018-09,#0074D9
dankmemes,Humor,62045,2018-10,#0074D9
dankmemes,Humor,64854,2018-11,#0074D9
dankmemes,Humor,71962,2018-12,#0074D9
dankmemes,Humor,102343,2019-01,#0074D9
dankmemes,Humor,117422,2019-02,#0074D9
dankmemes,Humor,48041,2019-03,#0074D9
DarkSouls2,Entertainment,14680,2014-03,#f20000
darksouls3,Entertainment,44843,2016-04,#f20000
darksouls3,Entertainment,23852,2016-05,#f20000
de,Geography,23,2006-02,#e5b900
de,Geography,3,2006-03,#e5b900
de,Geography,4,2006-04,#e5b900
de,Geography,1,2007-01,#e5b900
de,Geography,20,2007-10,#e5b900
de,Geography,36,2007-11,#e5b900
de,Geography,29,2007-12,#e5b900
denofgeek,Entertainment,19466,2014-06,#f20000
denofgeek,Entertainment,23098,2014-07,#f20000
denofgeek,Entertainment,20558,2014-08,#f20000
DestinyTheGame,Entertainment,29403,2014-10,#f20000
DestinyTheGame,Entertainment,20827,2014-11,#f20000
DestinyTheGame,Entertainment,31383,2014-12,#f20000
DestinyTheGame,Entertainment,37294,2015-01,#f20000
DestinyTheGame,Entertainment,25623,2015-02,#f20000
DestinyTheGame,Entertainment,33063,2015-05,#f20000
DestinyTheGame,Entertainment,29723,2015-06,#f20000
DestinyTheGame,Entertainment,23956,2015-07,#f20000
DestinyTheGame,Entertainment,28087,2015-08,#f20000
DestinyTheGame,Entertainment,56664,2015-09,#f20000
DestinyTheGame,Entertainment,46028,2015-10,#f20000
DestinyTheGame,Entertainment,40260,2017-09,#f20000
DestinyTheGame,Entertainment,38474,2018-09,#f20000
Diablo,Entertainment,19425,2012-05,#f20000
dirtykikpals,NSFW,22964,2015-10,#FF851B
dirtykikpals,NSFW,30869,2015-12,#FF851B
dirtykikpals,NSFW,24240,2016-01,#FF851B
dirtykikpals,NSFW,23896,2016-03,#FF851B
dirtykikpals,NSFW,25025,2016-04,#FF851B
dirtykikpals,NSFW,27093,2016-05,#FF851B
dirtykikpals,NSFW,28004,2016-06,#FF851B
dirtykikpals,NSFW,30863,2016-07,#FF851B
dirtykikpals,NSFW,32667,2016-08,#FF851B
dirtykikpals,NSFW,36594,2016-10,#FF851B
dirtykikpals,NSFW,37635,2016-11,#FF851B
dirtykikpals,NSFW,36747,2016-12,#FF851B
dirtykikpals,NSFW,31310,2017-01,#FF851B
dirtykikpals,NSFW,25502,2017-02,#FF851B
dirtykikpals,NSFW,28217,2017-03,#FF851B
dirtykikpals,NSFW,28728,2017-04,#FF851B
dirtykikpals,NSFW,31661,2017-05,#FF851B
dirtykikpals,NSFW,32592,2017-06,#FF851B
dirtykikpals,NSFW,34996,2017-07,#FF851B
dirtykikpals,NSFW,35820,2017-08,#FF851B
dirtykikpals,NSFW,34155,2017-09,#FF851B
dirtykikpals,NSFW,36051,2017-10,#FF851B
dirtykikpals,NSFW,36220,2017-12,#FF851B
dirtykikpals,NSFW,40347,2018-01,#FF851B
dirtykikpals,NSFW,34098,2018-02,#FF851B
dirtykikpals,NSFW,40499,2018-03,#FF851B
dirtykikpals,NSFW,43779,2018-04,#FF851B
dirtykikpals,NSFW,43990,2018-05,#FF851B
dirtykikpals,NSFW,45900,2018-06,#FF851B
dirtykikpals,NSFW,49014,2018-07,#FF851B
dirtykikpals,NSFW,50290,2018-09,#FF851B
dirtykikpals,NSFW,54237,2018-10,#FF851B
dirtykikpals,NSFW,54727,2018-11,#FF851B
dirtykikpals,NSFW,58645,2018-12,#FF851B
dirtykikpals,NSFW,58862,2019-01,#FF851B
dirtykikpals,NSFW,66533,2019-02,#FF851B
dirtykikpals,NSFW,22139,2019-03,#FF851B
dirtypenpals,NSFW,14132,2014-05,#FF851B
dirtypenpals,NSFW,14272,2014-06,#FF851B
dirtypenpals,NSFW,21234,2014-12,#FF851B
dirtypenpals,NSFW,31431,2015-01,#FF851B
dirtypenpals,NSFW,27849,2015-02,#FF851B
dirtypenpals,NSFW,30205,2015-04,#FF851B
dirtypenpals,NSFW,31389,2015-05,#FF851B
dirtypenpals,NSFW,29245,2015-06,#FF851B
dirtypenpals,NSFW,27445,2015-07,#FF851B
dirtypenpals,NSFW,27448,2015-08,#FF851B
dirtypenpals,NSFW,25848,2015-09,#FF851B
dirtypenpals,NSFW,26868,2015-10,#FF851B
dirtypenpals,NSFW,26291,2015-11,#FF851B
dirtypenpals,NSFW,28742,2015-12,#FF851B
dirtypenpals,NSFW,20764,2016-01,#FF851B
dirtypenpals,NSFW,20607,2016-03,#FF851B
dirtypenpals,NSFW,22374,2016-05,#FF851B
dirtypenpals,NSFW,22299,2016-06,#FF851B
dirtypenpals,NSFW,22828,2016-07,#FF851B
dirtypenpals,NSFW,25150,2017-03,#FF851B
dirtypenpals,NSFW,25723,2017-06,#FF851B
dirtypenpals,NSFW,27538,2017-07,#FF851B
dirtypenpals,NSFW,28138,2017-08,#FF851B
dirtypenpals,NSFW,26764,2017-09,#FF851B
dirtypenpals,NSFW,28401,2017-10,#FF851B
dirtypenpals,NSFW,28396,2017-12,#FF851B
dirtypenpals,NSFW,28474,2018-04,#FF851B
dirtypenpals,NSFW,29612,2018-06,#FF851B
DoesAnybodyElse,Discussion,2385,2009-09,#FF4136
DoesAnybodyElse,Discussion,2176,2009-11,#FF4136
DoesAnybodyElse,Discussion,2394,2009-12,#FF4136
DoesAnybodyElse,Discussion,3116,2010-10,#FF4136
DoesAnybodyElse,Discussion,3893,2010-11,#FF4136
DoesAnybodyElse,Discussion,4151,2010-12,#FF4136
DoesAnybodyElse,Discussion,5662,2011-01,#FF4136
DoesAnybodyElse,Discussion,5271,2011-02,#FF4136
DoesAnybodyElse,Discussion,6552,2011-03,#FF4136
dogecoin,Lifestyle,20456,2014-01,#000dc5
dogecoin,Lifestyle,24259,2014-02,#000dc5
dogecoin,Lifestyle,13449,2014-04,#000dc5
dogecoin,Lifestyle,17829,2014-05,#000dc5
DotA2,Entertainment,16973,2014-05,#f20000
DotA2,Entertainment,15648,2014-06,#f20000
DotA2,Entertainment,22575,2014-07,#f20000
DotA2,Entertainment,26065,2015-05,#f20000
DotA2,Entertainment,23714,2015-06,#f20000
DotA2,Entertainment,24555,2015-07,#f20000
DotA2,Entertainment,31383,2015-08,#f20000
DotA2,Entertainment,30717,2015-09,#f20000
DotA2,Entertainment,25405,2015-10,#f20000
DotA2,Entertainment,26722,2015-12,#f20000
DotA2,Entertainment,27924,2016-08,#f20000
DotA2,Entertainment,28504,2016-12,#f20000
dota2LeagueMatches,Entertainment,184176,2016-05,#f20000
Dota2Trade,Entertainment,37001,2012-11,#f20000
Dota2Trade,Entertainment,30793,2012-12,#f20000
Dota2Trade,Entertainment,31812,2013-01,#f20000
Dota2Trade,Entertainment,22577,2013-02,#f20000
Dota2Trade,Entertainment,25959,2013-03,#f20000
Dota2Trade,Entertainment,17001,2013-05,#f20000
Dota2Trade,Entertainment,20106,2013-08,#f20000
Ebay_deals,Other,71966,2016-11,#001f3f
Ebay_deals,Other,260733,2016-12,#001f3f
EbayWTF,Humor,35629,2017-02,#0074D9
EbayWTF,Humor,51216,2017-03,#0074D9
EbayWTF,Humor,50740,2017-04,#0074D9
EbayWTF,Humor,47860,2017-05,#0074D9
EbayWTF,Humor,45263,2017-06,#0074D9
Economics,Educational,80,2008-01,#009894
Economics,Educational,347,2008-02,#009894
Economics,Educational,835,2008-03,#009894
Economics,Educational,508,2008-04,#009894
Economics,Educational,384,2008-05,#009894
Economics,Educational,614,2008-06,#009894
Economics,Educational,975,2008-07,#009894
Economics,Educational,893,2008-08,#009894
Economics,Educational,2157,2008-09,#009894
Economics,Educational,1768,2008-11,#009894
Economics,Educational,1616,2008-12,#009894
Economics,Educational,1679,2009-01,#009894
Economics,Educational,1930,2009-02,#009894
Economics,Educational,2077,2009-03,#009894
Economics,Educational,1554,2009-04,#009894
Economics,Educational,1567,2009-06,#009894
energy,News/Politics,869,2008-07,#2c9a00
energy,News/Politics,766,2008-08,#2c9a00
entertainment,Entertainment,1270,2007-10,#f20000
entertainment,Entertainment,2881,2007-11,#f20000
entertainment,Entertainment,4510,2007-12,#f20000
entertainment,Entertainment,5428,2008-01,#f20000
entertainment,Entertainment,4627,2008-02,#f20000
entertainment,Entertainment,5103,2008-03,#f20000
entertainment,Entertainment,5539,2008-04,#f20000
entertainment,Entertainment,6943,2008-05,#f20000
entertainment,Entertainment,7068,2008-06,#f20000
entertainment,Entertainment,6793,2008-07,#f20000
entertainment,Entertainment,6579,2008-08,#f20000
entertainment,Entertainment,3542,2008-09,#f20000
entertainment,Entertainment,3571,2008-11,#f20000
entertainment,Entertainment,3976,2008-12,#f20000
entertainment,Entertainment,3806,2009-01,#f20000
entertainment,Entertainment,3770,2009-02,#f20000
entertainment,Entertainment,3847,2009-03,#f20000
entertainment,Entertainment,3483,2009-04,#f20000
entertainment,Entertainment,3671,2009-06,#f20000
entertainment,Entertainment,4078,2009-07,#f20000
entertainment,Entertainment,3834,2009-08,#f20000
entertainment,Entertainment,3686,2009-09,#f20000
entertainment,Entertainment,3098,2009-10,#f20000
entertainment,Entertainment,2785,2009-11,#f20000
entertainment,Entertainment,2384,2009-12,#f20000
entertainment,Entertainment,3190,2010-01,#f20000
entertainment,Entertainment,2404,2010-02,#f20000
entertainment,Entertainment,3207,2010-07,#f20000
entertainment,Entertainment,3028,2010-08,#f20000
entertainment,Entertainment,3230,2010-10,#f20000
environment,Educational,416,2008-02,#009894
environment,Educational,765,2008-03,#009894
environment,Educational,783,2008-04,#009894
environment,Educational,833,2008-05,#009894
environment,Educational,1549,2008-06,#009894
environment,Educational,1736,2008-07,#009894
environment,Educational,1718,2008-08,#009894
environment,Educational,1649,2008-09,#009894
environment,Educational,1503,2008-11,#009894
environment,Educational,1362,2008-12,#009894
environment,Educational,1475,2009-01,#009894
environment,Educational,1301,2009-02,#009894
environment,Educational,1519,2009-03,#009894
environment,Educational,1477,2009-04,#009894
es,Geography,2,2007-06,#e5b900
es,Geography,361,2008-04,#e5b900
explainlikeimfive,Educational,12442,2014-04,#009894
explainlikeimfive,Educational,25103,2015-07,#009894
Fallout,Entertainment,42531,2015-11,#f20000
fantasyfootball,Hobbies/Occupations,27820,2013-09,#01FF70
fantasyfootball,Hobbies/Occupations,24724,2013-10,#01FF70
features,Educational,6,2006-02,#009894
features,Educational,3,2006-03,#009894
features,Educational,2,2006-04,#009894
features,Educational,1,2006-05,#009894
features,Educational,3,2006-06,#009894
features,Educational,3,2007-01,#009894
features,Educational,1,2007-02,#009894
features,Educational,7,2007-06,#009894
features,Educational,2,2007-07,#009894
fffffffuuuuuuuuuuuu,Humor,5304,2010-10,#0074D9
fffffffuuuuuuuuuuuu,Humor,5808,2010-11,#0074D9
fffffffuuuuuuuuuuuu,Humor,10399,2010-12,#0074D9
fffffffuuuuuuuuuuuu,Humor,15516,2011-01,#0074D9
fffffffuuuuuuuuuuuu,Humor,18020,2011-02,#0074D9
fffffffuuuuuuuuuuuu,Humor,32638,2011-03,#0074D9
fffffffuuuuuuuuuuuu,Humor,41237,2011-04,#0074D9
fffffffuuuuuuuuuuuu,Humor,47095,2011-05,#0074D9
fffffffuuuuuuuuuuuu,Humor,45600,2011-06,#0074D9
fffffffuuuuuuuuuuuu,Humor,50088,2011-07,#0074D9
fffffffuuuuuuuuuuuu,Humor,53639,2011-08,#0074D9
fffffffuuuuuuuuuuuu,Humor,49903,2011-09,#0074D9
fffffffuuuuuuuuuuuu,Humor,55974,2011-10,#0074D9
fffffffuuuuuuuuuuuu,Humor,59275,2011-12,#0074D9
fffffffuuuuuuuuuuuu,Humor,61881,2012-01,#0074D9
fffffffuuuuuuuuuuuu,Humor,54127,2012-02,#0074D9
fffffffuuuuuuuuuuuu,Humor,66060,2012-03,#0074D9
fffffffuuuuuuuuuuuu,Humor,57781,2012-04,#0074D9
fffffffuuuuuuuuuuuu,Humor,46556,2012-05,#0074D9
fffffffuuuuuuuuuuuu,Humor,47880,2012-06,#0074D9
fffffffuuuuuuuuuuuu,Humor,45565,2012-07,#0074D9
fffffffuuuuuuuuuuuu,Humor,38401,2012-08,#0074D9
fffffffuuuuuuuuuuuu,Humor,24158,2012-09,#0074D9
fffffffuuuuuuuuuuuu,Humor,21330,2012-10,#0074D9
FIFA,Entertainment,23982,2017-02,#f20000
FIFA,Entertainment,33527,2017-10,#f20000
Fireteams,Entertainment,92772,2014-10,#f20000
Fireteams,Entertainment,91792,2014-11,#f20000
Fireteams,Entertainment,118497,2014-12,#f20000
Fireteams,Entertainment,187949,2015-01,#f20000
Fireteams,Entertainment,160087,2015-02,#f20000
Fireteams,Entertainment,97310,2015-04,#f20000
Fireteams,Entertainment,157478,2015-05,#f20000
Fireteams,Entertainment,178849,2015-06,#f20000
Fireteams,Entertainment,131799,2015-07,#f20000
Fireteams,Entertainment,116568,2015-08,#f20000
Fireteams,Entertainment,144169,2015-09,#f20000
Fireteams,Entertainment,227078,2015-10,#f20000
Fireteams,Entertainment,163033,2015-11,#f20000
Fireteams,Entertainment,130869,2015-12,#f20000
Fireteams,Entertainment,77270,2016-01,#f20000
Fireteams,Entertainment,48936,2016-03,#f20000
Fireteams,Entertainment,56788,2016-04,#f20000
Fireteams,Entertainment,47576,2016-05,#f20000
Fireteams,Entertainment,39074,2016-06,#f20000
Fireteams,Entertainment,32928,2016-07,#f20000
Fireteams,Entertainment,32435,2016-08,#f20000
Fireteams,Entertainment,90106,2016-10,#f20000
Fireteams,Entertainment,41654,2016-11,#f20000
Fireteams,Entertainment,49336,2017-04,#f20000
Fireteams,Entertainment,69068,2017-09,#f20000
Fireteams,Entertainment,52375,2017-10,#f20000
firstworldproblems,Humor,12806,2011-04,#0074D9
firstworldproblems,Humor,12544,2011-05,#0074D9
firstworldproblems,Humor,13546,2011-06,#0074D9
firstworldproblems,Humor,18506,2011-07,#0074D9
firstworldproblems,Humor,23721,2011-08,#0074D9
firstworldproblems,Humor,22199,2011-09,#0074D9
firstworldproblems,Humor,21205,2011-10,#0074D9
firstworldproblems,Humor,14076,2011-12,#0074D9
fo4,Entertainment,74672,2015-11,#f20000
fo4,Entertainment,25254,2015-12,#f20000
fo76,Entertainment,48716,2018-11,#f20000
forexhome,Educational,34986,2018-07,#009894
forexhome,Educational,46608,2018-09,#009894
forexhome,Educational,48129,2018-10,#009894
forexhome,Educational,47131,2018-11,#009894
forhonor,Entertainment,40159,2017-02,#f20000
FortNiteBR,Entertainment,30083,2018-01,#f20000
FortNiteBR,Entertainment,47105,2018-02,#f20000
FortNiteBR,Entertainment,78920,2018-03,#f20000
FortNiteBR,Entertainment,102687,2018-04,#f20000
FortNiteBR,Entertainment,105219,2018-05,#f20000
FortNiteBR,Entertainment,94104,2018-06,#f20000
FortNiteBR,Entertainment,117399,2018-07,#f20000
FortNiteBR,Entertainment,63410,2018-09,#f20000
FortNiteBR,Entertainment,62668,2018-10,#f20000
FortNiteBR,Entertainment,61981,2018-11,#f20000
FortNiteBR,Entertainment,71423,2018-12,#f20000
FortNiteBR,Entertainment,56698,2019-01,#f20000
FortNiteBR,Entertainment,66903,2019-02,#f20000
FortNiteBR,Entertainment,21594,2019-03,#f20000
fr,Geography,3,2006-02,#e5b900
fr,Geography,1,2006-06,#e5b900
fr,Geography,2,2007-02,#e5b900
fr,Geography,2,2007-06,#e5b900
fr,Geography,75,2007-10,#e5b900
fr,Geography,311,2007-11,#e5b900
fr,Geography,244,2007-12,#e5b900
fr,Geography,170,2008-01,#e5b900
freeculture,Educational,1,2006-04,#009894
freeculture,Educational,2,2006-06,#009894
freeculture,Educational,2,2007-01,#009894
freeculture,Educational,7,2007-02,#009894
freeculture,Educational,2,2007-06,#009894
freeculture,Educational,5,2007-07,#009894
friendsafari,Entertainment,25757,2013-10,#f20000
friendsafari,Entertainment,79067,2013-11,#f20000
friendsafari,Entertainment,76078,2013-12,#f20000
friendsafari,Entertainment,54988,2014-01,#f20000
friendsafari,Entertainment,28342,2014-02,#f20000
friendsafari,Entertainment,25822,2014-03,#f20000
friendsafari,Entertainment,20920,2014-04,#f20000
friendsafari,Entertainment,20633,2014-05,#f20000
friendsafari,Entertainment,22655,2014-06,#f20000
friendsafari,Entertainment,23687,2014-07,#f20000
friendsafari,Entertainment,22483,2014-08,#f20000
frisson_mirror,Other,30371,2015-09,#001f3f
funny,Humor,2581,2008-03,#0074D9
funny,Humor,3865,2008-04,#0074D9
funny,Humor,4186,2008-05,#0074D9
funny,Humor,3958,2008-06,#0074D9
funny,Humor,4552,2008-07,#0074D9
funny,Humor,4059,2008-08,#0074D9
funny,Humor,4439,2008-09,#0074D9
funny,Humor,5170,2008-11,#0074D9
funny,Humor,5643,2008-12,#0074D9
funny,Humor,6469,2009-01,#0074D9
funny,Humor,6574,2009-02,#0074D9
funny,Humor,6995,2009-03,#0074D9
funny,Humor,7256,2009-04,#0074D9
funny,Humor,7012,2009-06,#0074D9
funny,Humor,8700,2009-07,#0074D9
funny,Humor,9031,2009-08,#0074D9
funny,Humor,8186,2009-09,#0074D9
funny,Humor,8462,2009-10,#0074D9
funny,Humor,8364,2009-11,#0074D9
funny,Humor,8839,2009-12,#0074D9
funny,Humor,9916,2010-01,#0074D9
funny,Humor,9364,2010-02,#0074D9
funny,Humor,10484,2010-04,#0074D9
funny,Humor,9986,2010-05,#0074D9
funny,Humor,10170,2010-06,#0074D9
funny,Humor,9849,2010-07,#0074D9
funny,Humor,10461,2010-08,#0074D9
funny,Humor,12536,2010-10,#0074D9
funny,Humor,14015,2010-11,#0074D9
funny,Humor,15511,2010-12,#0074D9
funny,Humor,23670,2011-01,#0074D9
funny,Humor,25512,2011-02,#0074D9
funny,Humor,31293,2011-03,#0074D9
funny,Humor,31531,2011-04,#0074D9
funny,Humor,36891,2011-05,#0074D9
funny,Humor,36274,2011-06,#0074D9
funny,Humor,40799,2011-07,#0074D9
funny,Humor,46882,2011-08,#0074D9
funny,Humor,52261,2011-09,#0074D9
funny,Humor,75490,2011-10,#0074D9
funny,Humor,114875,2011-12,#0074D9
funny,Humor,132684,2012-01,#0074D9
funny,Humor,128776,2012-02,#0074D9
funny,Humor,140423,2012-03,#0074D9
funny,Humor,151045,2012-04,#0074D9
funny,Humor,137761,2012-05,#0074D9
funny,Humor,144880,2012-06,#0074D9
funny,Humor,154962,2012-07,#0074D9
funny,Humor,164914,2012-08,#0074D9
funny,Humor,155533,2012-09,#0074D9
funny,Humor,169002,2012-10,#0074D9
funny,Humor,157692,2012-11,#0074D9
funny,Humor,166776,2012-12,#0074D9
funny,Humor,181647,2013-01,#0074D9
funny,Humor,156379,2013-02,#0074D9
funny,Humor,154944,2013-03,#0074D9
funny,Humor,137335,2013-05,#0074D9
funny,Humor,118690,2013-06,#0074D9
funny,Humor,112400,2013-08,#0074D9
funny,Humor,101706,2013-09,#0074D9
funny,Humor,103007,2013-10,#0074D9
funny,Humor,107474,2013-11,#0074D9
funny,Humor,126164,2013-12,#0074D9
funny,Humor,96296,2014-01,#0074D9
funny,Humor,86425,2014-02,#0074D9
funny,Humor,86566,2014-03,#0074D9
funny,Humor,81371,2014-04,#0074D9
funny,Humor,73672,2014-05,#0074D9
funny,Humor,61033,2014-06,#0074D9
funny,Humor,63440,2014-07,#0074D9
funny,Humor,66315,2014-08,#0074D9
funny,Humor,59812,2014-10,#0074D9
funny,Humor,56176,2014-11,#0074D9
funny,Humor,60878,2014-12,#0074D9
funny,Humor,78957,2015-01,#0074D9
funny,Humor,76267,2015-02,#0074D9
funny,Humor,72024,2015-04,#0074D9
funny,Humor,65195,2015-05,#0074D9
funny,Humor,63852,2015-06,#0074D9
funny,Humor,65929,2015-07,#0074D9
funny,Humor,65080,2015-08,#0074D9
funny,Humor,65314,2015-09,#0074D9
funny,Humor,66980,2015-10,#0074D9
funny,Humor,61154,2015-11,#0074D9
funny,Humor,64809,2015-12,#0074D9
funny,Humor,49893,2016-01,#0074D9
funny,Humor,43536,2016-03,#0074D9
funny,Humor,43503,2016-04,#0074D9
funny,Humor,42149,2016-05,#0074D9
funny,Humor,41765,2016-06,#0074D9
funny,Humor,41355,2016-07,#0074D9
funny,Humor,42694,2016-08,#0074D9
funny,Humor,46686,2016-10,#0074D9
funny,Humor,47195,2016-11,#0074D9
funny,Humor,51107,2016-12,#0074D9
funny,Humor,53298,2017-01,#0074D9
funny,Humor,46107,2017-02,#0074D9
funny,Humor,46834,2017-03,#0074D9
funny,Humor,45654,2017-04,#0074D9
funny,Humor,44679,2017-05,#0074D9
funny,Humor,39965,2017-06,#0074D9
funny,Humor,43062,2017-07,#0074D9
funny,Humor,47755,2017-08,#0074D9
funny,Humor,43376,2017-09,#0074D9
funny,Humor,42316,2017-10,#0074D9
funny,Humor,41737,2017-12,#0074D9
funny,Humor,41438,2018-01,#0074D9
funny,Humor,38266,2018-02,#0074D9
funny,Humor,40660,2018-03,#0074D9
funny,Humor,41206,2018-04,#0074D9
funny,Humor,43361,2018-05,#0074D9
funny,Humor,43078,2018-06,#0074D9
funny,Humor,45454,2018-07,#0074D9
funny,Humor,48395,2018-09,#0074D9
funny,Humor,52288,2018-10,#0074D9
funny,Humor,56043,2018-11,#0074D9
funny,Humor,68104,2018-12,#0074D9
funny,Humor,78882,2019-01,#0074D9
funny,Humor,77951,2019-02,#0074D9
funny,Humor,25445,2019-03,#0074D9
gadgets,Technology,316,2007-10,#F012BE
gadgets,Technology,886,2007-11,#F012BE
gadgets,Technology,1040,2007-12,#F012BE
gadgets,Technology,1327,2008-01,#F012BE
gadgets,Technology,990,2008-02,#F012BE
gadgets,Technology,793,2008-03,#F012BE
gadgets,Technology,395,2008-04,#F012BE
gadgets,Technology,352,2008-05,#F012BE
gameofthrones,Entertainment,20857,2016-05,#f20000
gameofthrones,Entertainment,29374,2016-06,#f20000
gameofthrones,Entertainment,42353,2017-08,#f20000
gaming,Entertainment,411,2007-10,#f20000
gaming,Entertainment,875,2007-11,#f20000
gaming,Entertainment,1062,2007-12,#f20000
gaming,Entertainment,1420,2008-01,#f20000
gaming,Entertainment,1611,2008-02,#f20000
gaming,Entertainment,1847,2008-03,#f20000
gaming,Entertainment,1318,2008-04,#f20000
gaming,Entertainment,996,2008-05,#f20000
gaming,Entertainment,1157,2008-06,#f20000
gaming,Entertainment,1476,2008-07,#f20000
gaming,Entertainment,1348,2008-08,#f20000
gaming,Entertainment,1308,2008-09,#f20000
gaming,Entertainment,1531,2008-11,#f20000
gaming,Entertainment,1709,2008-12,#f20000
gaming,Entertainment,2163,2009-01,#f20000
gaming,Entertainment,2806,2009-02,#f20000
gaming,Entertainment,2757,2009-03,#f20000
gaming,Entertainment,2856,2009-04,#f20000
gaming,Entertainment,3579,2009-06,#f20000
gaming,Entertainment,3627,2009-07,#f20000
gaming,Entertainment,4284,2009-08,#f20000
gaming,Entertainment,4350,2009-09,#f20000
gaming,Entertainment,4528,2009-10,#f20000
gaming,Entertainment,6014,2009-11,#f20000
gaming,Entertainment,6291,2009-12,#f20000
gaming,Entertainment,6882,2010-01,#f20000
gaming,Entertainment,7056,2010-02,#f20000
gaming,Entertainment,9047,2010-04,#f20000
gaming,Entertainment,8368,2010-05,#f20000
gaming,Entertainment,8750,2010-06,#f20000
gaming,Entertainment,8806,2010-07,#f20000
gaming,Entertainment,8474,2010-08,#f20000
gaming,Entertainment,9574,2010-10,#f20000
gaming,Entertainment,11243,2010-11,#f20000
gaming,Entertainment,12907,2010-12,#f20000
gaming,Entertainment,18723,2011-01,#f20000
gaming,Entertainment,17909,2011-02,#f20000
gaming,Entertainment,21162,2011-03,#f20000
gaming,Entertainment,26240,2011-04,#f20000
gaming,Entertainment,25906,2011-05,#f20000
gaming,Entertainment,30807,2011-06,#f20000
gaming,Entertainment,26352,2011-07,#f20000
gaming,Entertainment,33448,2011-08,#f20000
gaming,Entertainment,31446,2011-09,#f20000
gaming,Entertainment,36720,2011-10,#f20000
gaming,Entertainment,44984,2011-12,#f20000
gaming,Entertainment,41358,2012-01,#f20000
gaming,Entertainment,40951,2012-02,#f20000
gaming,Entertainment,47232,2012-03,#f20000
gaming,Entertainment,47300,2012-04,#f20000
gaming,Entertainment,49606,2012-05,#f20000
gaming,Entertainment,54741,2012-06,#f20000
gaming,Entertainment,65308,2012-07,#f20000
gaming,Entertainment,54866,2012-08,#f20000
gaming,Entertainment,47711,2012-09,#f20000
gaming,Entertainment,46629,2012-10,#f20000
gaming,Entertainment,53356,2012-11,#f20000
gaming,Entertainment,53857,2012-12,#f20000
gaming,Entertainment,54197,2013-01,#f20000
gaming,Entertainment,47549,2013-02,#f20000
gaming,Entertainment,54933,2013-03,#f20000
gaming,Entertainment,54355,2013-05,#f20000
gaming,Entertainment,94175,2013-06,#f20000
gaming,Entertainment,57156,2013-08,#f20000
gaming,Entertainment,55136,2013-09,#f20000
gaming,Entertainment,45341,2013-10,#f20000
gaming,Entertainment,55776,2013-11,#f20000
gaming,Entertainment,46717,2013-12,#f20000
gaming,Entertainment,33187,2014-01,#f20000
gaming,Entertainment,30335,2014-02,#f20000
gaming,Entertainment,31408,2014-03,#f20000
gaming,Entertainment,26192,2014-04,#f20000
gaming,Entertainment,26297,2014-05,#f20000
gaming,Entertainment,29689,2014-06,#f20000
gaming,Entertainment,25045,2014-07,#f20000
gaming,Entertainment,25527,2014-08,#f20000
gaming,Entertainment,22592,2014-10,#f20000
gaming,Entertainment,24419,2014-11,#f20000
gaming,Entertainment,24291,2014-12,#f20000
gaming,Entertainment,32698,2015-01,#f20000
gaming,Entertainment,30946,2015-02,#f20000
gaming,Entertainment,35746,2015-04,#f20000
gaming,Entertainment,33642,2015-05,#f20000
gaming,Entertainment,40500,2015-06,#f20000
gaming,Entertainment,31768,2015-07,#f20000
gaming,Entertainment,33056,2015-08,#f20000
gaming,Entertainment,33950,2015-09,#f20000
gaming,Entertainment,35643,2015-10,#f20000
gaming,Entertainment,44489,2015-11,#f20000
gaming,Entertainment,37257,2015-12,#f20000
gaming,Entertainment,27785,2016-01,#f20000
gaming,Entertainment,27018,2016-03,#f20000
gaming,Entertainment,27635,2016-04,#f20000
gaming,Entertainment,30788,2016-05,#f20000
gaming,Entertainment,32096,2016-06,#f20000
gaming,Entertainment,31143,2016-07,#f20000
gaming,Entertainment,29934,2016-08,#f20000
gaming,Entertainment,33115,2016-10,#f20000
gaming,Entertainment,37448,2016-11,#f20000
gaming,Entertainment,36800,2016-12,#f20000
gaming,Entertainment,39214,2017-01,#f20000
gaming,Entertainment,33917,2017-02,#f20000
gaming,Entertainment,38300,2017-03,#f20000
gaming,Entertainment,31972,2017-04,#f20000
gaming,Entertainment,32560,2017-05,#f20000
gaming,Entertainment,36385,2017-06,#f20000
gaming,Entertainment,32714,2017-07,#f20000
gaming,Entertainment,35770,2017-08,#f20000
gaming,Entertainment,32538,2017-09,#f20000
gaming,Entertainment,34610,2017-10,#f20000
gaming,Entertainment,34973,2017-12,#f20000
gaming,Entertainment,34199,2018-01,#f20000
gaming,Entertainment,29484,2018-02,#f20000
gaming,Entertainment,34677,2018-03,#f20000
gaming,Entertainment,34960,2018-04,#f20000
gaming,Entertainment,34723,2018-05,#f20000
gaming,Entertainment,39419,2018-06,#f20000
gaming,Entertainment,33937,2018-07,#f20000
gaming,Entertainment,36525,2018-09,#f20000
gaming,Entertainment,41085,2018-12,#f20000
gaming,Entertainment,48662,2019-02,#f20000
GayGuyCams,NSFW,14607,2014-02,#FF851B
general,Discussion,12927,2012-01,#FF4136
general,Discussion,12912,2012-02,#FF4136
general,Discussion,13700,2012-03,#FF4136
GlobalOffensive,Entertainment,19865,2014-12,#f20000
GlobalOffensive,Entertainment,30213,2015-01,#f20000
GlobalOffensive,Entertainment,25596,2015-02,#f20000
GlobalOffensive,Entertainment,30049,2015-04,#f20000
GlobalOffensive,Entertainment,35025,2015-05,#f20000
GlobalOffensive,Entertainment,34564,2015-06,#f20000
GlobalOffensive,Entertainment,38347,2015-07,#f20000
GlobalOffensive,Entertainment,42838,2015-08,#f20000
GlobalOffensive,Entertainment,39101,2015-09,#f20000
GlobalOffensive,Entertainment,38300,2015-10,#f20000
GlobalOffensive,Entertainment,33577,2015-11,#f20000
GlobalOffensive,Entertainment,46117,2015-12,#f20000
GlobalOffensive,Entertainment,28777,2016-01,#f20000
GlobalOffensive,Entertainment,28495,2016-03,#f20000
GlobalOffensive,Entertainment,28561,2016-04,#f20000
GlobalOffensive,Entertainment,24583,2016-05,#f20000
GlobalOffensive,Entertainment,24774,2016-06,#f20000
GlobalOffensive,Entertainment,27026,2016-07,#f20000
GlobalOffensive,Entertainment,23719,2016-08,#f20000
GlobalOffensive,Entertainment,26520,2017-01,#f20000
GlobalOffensiveTrade,Entertainment,15725,2014-07,#f20000
GlobalOffensiveTrade,Entertainment,19516,2014-08,#f20000
GlobalOffensiveTrade,Entertainment,18747,2014-10,#f20000
GlobalOffensiveTrade,Entertainment,20964,2014-11,#f20000
GlobalOffensiveTrade,Entertainment,31152,2014-12,#f20000
GlobalOffensiveTrade,Entertainment,77542,2015-01,#f20000
GlobalOffensiveTrade,Entertainment,78142,2015-02,#f20000
GlobalOffensiveTrade,Entertainment,65523,2015-04,#f20000
GlobalOffensiveTrade,Entertainment,85033,2015-05,#f20000
GlobalOffensiveTrade,Entertainment,102808,2015-06,#f20000
GlobalOffensiveTrade,Entertainment,108632,2015-07,#f20000
GlobalOffensiveTrade,Entertainment,136547,2015-08,#f20000
GlobalOffensiveTrade,Entertainment,138037,2015-12,#f20000
GlobalOffensiveTrade,Entertainment,130560,2016-01,#f20000
GlobalOffensiveTrade,Entertainment,139060,2016-03,#f20000
GlobalOffensiveTrade,Entertainment,141766,2016-04,#f20000
GlobalOffensiveTrade,Entertainment,152826,2016-05,#f20000
GlobalOffensiveTrade,Entertainment,134339,2016-06,#f20000
GlobalOffensiveTrade,Entertainment,102057,2016-07,#f20000
GlobalOffensiveTrade,Entertainment,94187,2016-08,#f20000
GlobalOffensiveTrade,Entertainment,95905,2016-10,#f20000
GlobalOffensiveTrade,Entertainment,86333,2016-11,#f20000
GlobalOffensiveTrade,Entertainment,74412,2016-12,#f20000
GlobalOffensiveTrade,Entertainment,89627,2017-01,#f20000
GlobalOffensiveTrade,Entertainment,79099,2017-02,#f20000
GlobalOffensiveTrade,Entertainment,106917,2017-03,#f20000
GlobalOffensiveTrade,Entertainment,108049,2017-04,#f20000
GlobalOffensiveTrade,Entertainment,101821,2017-05,#f20000
GlobalOffensiveTrade,Entertainment,100307,2017-06,#f20000
GlobalOffensiveTrade,Entertainment,99257,2017-07,#f20000
GlobalOffensiveTrade,Entertainment,97729,2017-08,#f20000
GlobalOffensiveTrade,Entertainment,86925,2017-09,#f20000
GlobalOffensiveTrade,Entertainment,77039,2017-10,#f20000
GlobalOffensiveTrade,Entertainment,52321,2017-12,#f20000
GlobalOffensiveTrade,Entertainment,58368,2018-01,#f20000
GlobalOffensiveTrade,Entertainment,53389,2018-02,#f20000
GlobalOffensiveTrade,Entertainment,49778,2018-03,#f20000
GlobalParadigmShift,Entertainment,33244,2016-12,#f20000
GlobalParadigmShift,Entertainment,35110,2017-01,#f20000
gonewild,NSFW,15757,2012-11,#FF851B
gonewild,NSFW,18102,2012-12,#FF851B
gonewild,NSFW,19941,2013-01,#FF851B
gonewild,NSFW,16634,2013-02,#FF851B
gonewild,NSFW,18575,2013-03,#FF851B
gonewild,NSFW,20140,2013-05,#FF851B
gonewild,NSFW,17621,2013-06,#FF851B
gonewild,NSFW,16712,2013-08,#FF851B
gonewild,NSFW,29608,2018-01,#FF851B
gonewild,NSFW,31894,2018-03,#FF851B
gonewild,NSFW,34097,2018-04,#FF851B
gonewild,NSFW,39383,2018-05,#FF851B
gonewild,NSFW,43528,2018-06,#FF851B
gonewild,NSFW,46248,2018-07,#FF851B
gonewild,NSFW,43143,2018-09,#FF851B
gonewild,NSFW,46127,2018-10,#FF851B
gonewild,NSFW,49327,2018-11,#FF851B
gonewild,NSFW,57652,2018-12,#FF851B
gonewild,NSFW,60905,2019-01,#FF851B
gonewild,NSFW,66078,2019-02,#FF851B
gonewild,NSFW,23376,2019-03,#FF851B
gossip,Entertainment,4012,2008-11,#f20000
gossip,Entertainment,4578,2008-12,#f20000
gossip,Entertainment,4952,2009-01,#f20000
gossip,Entertainment,4996,2009-02,#f20000
gossip,Entertainment,5103,2009-03,#f20000
gossip,Entertainment,5646,2009-04,#f20000
gossip,Entertainment,6880,2009-06,#f20000
gossip,Entertainment,4026,2009-07,#f20000
gossip,Entertainment,5127,2009-08,#f20000
gossip,Entertainment,4933,2009-09,#f20000
gossip,Entertainment,5060,2009-10,#f20000
gossip,Entertainment,3561,2009-11,#f20000
gossip,Entertainment,4288,2009-12,#f20000
gossip,Entertainment,4114,2010-01,#f20000
gossip,Entertainment,3562,2010-02,#f20000
gossip,Entertainment,3522,2010-04,#f20000
gossip,Entertainment,2382,2010-05,#f20000
GrandTheftAutoV,Entertainment,22182,2013-09,#f20000
GrandTheftAutoV,Entertainment,24826,2013-10,#f20000
Health,Lifestyle,717,2008-07,#000dc5
Health,Lifestyle,903,2008-08,#000dc5
Health,Lifestyle,1505,2009-06,#000dc5
Health,Lifestyle,1937,2009-07,#000dc5
Health,Lifestyle,2155,2009-08,#000dc5
hearthstone,Entertainment,26341,2015-08,#f20000
hearthstone,Entertainment,20446,2016-04,#f20000
HOTandTRENDING,NSFW,21783,2016-07,#FF851B
hu,Geography,1,2006-02,#e5b900
hu,Geography,1,2007-01,#e5b900
IAmA,Educational,2183,2009-09,#009894
IAmA,Educational,2813,2009-10,#009894
IAmA,Educational,6307,2011-03,#009894
IAmA,Educational,7288,2011-04,#009894
Ice_Poseidon,Entertainment,33258,2017-06,#f20000
Ice_Poseidon,Entertainment,31980,2017-08,#f20000
Ice_Poseidon,Entertainment,47860,2017-09,#f20000
Ice_Poseidon,Entertainment,60784,2017-10,#f20000
Ice_Poseidon,Entertainment,30308,2018-01,#f20000
Ice_Poseidon,Entertainment,34896,2018-03,#f20000
Ice_Poseidon,Entertainment,41948,2018-04,#f20000
Ice_Poseidon,Entertainment,145403,2018-05,#f20000
Ice_Poseidon,Entertainment,113034,2018-06,#f20000
Ice_Poseidon,Entertainment,60862,2018-07,#f20000
Ice_Poseidon,Entertainment,54014,2018-09,#f20000
id,Geography,1,2006-02,#e5b900
imgur_all,Entertainment,33630,2016-04,#f20000
imgur_all,Entertainment,30394,2016-05,#f20000
imgur_all,Entertainment,30519,2016-06,#f20000
it,Geography,1,2006-02,#e5b900
it,Geography,2,2006-03,#e5b900
it,Geography,4,2006-04,#e5b900
it,Geography,1,2006-05,#e5b900
it,Geography,2,2006-06,#e5b900
it,Geography,3,2006-07,#e5b900
it,Geography,1,2007-01,#e5b900
it,Geography,1,2007-02,#e5b900
it,Geography,1,2007-07,#e5b900
it,Geography,71,2007-10,#e5b900
it,Geography,121,2007-11,#e5b900
it,Geography,89,2007-12,#e5b900
it,Geography,119,2008-01,#e5b900
it,Geography,569,2008-04,#e5b900
it,Geography,701,2008-05,#e5b900
it,Geography,490,2008-06,#e5b900
ja,Geography,22,2006-02,#e5b900
ja,Geography,27,2006-03,#e5b900
ja,Geography,11,2006-04,#e5b900
ja,Geography,2,2006-05,#e5b900
ja,Geography,6,2006-06,#e5b900
ja,Geography,1,2006-07,#e5b900
ja,Geography,6,2007-01,#e5b900
ja,Geography,2,2007-06,#e5b900
ja,Geography,2,2007-07,#e5b900
ja,Geography,104,2007-10,#e5b900
ja,Geography,250,2007-11,#e5b900
ja,Geography,241,2007-12,#e5b900
ja,Geography,263,2008-01,#e5b900
ja,Geography,414,2008-05,#e5b900
jailbroke2,Bot,17663,2019-03,#AAAAAA
joel,NSFW,81,2008-01,#FF851B
ko,Geography,4,2006-02,#e5b900
l33t,Bot,324,2008-02,#AAAAAA
leagueoflegends,Entertainment,13966,2012-01,#f20000
leagueoflegends,Entertainment,13234,2012-02,#f20000
leagueoflegends,Entertainment,17320,2012-04,#f20000
leagueoflegends,Entertainment,16926,2012-05,#f20000
leagueoflegends,Entertainment,20661,2012-06,#f20000
leagueoflegends,Entertainment,20990,2012-07,#f20000
leagueoflegends,Entertainment,24275,2012-08,#f20000
leagueoflegends,Entertainment,23244,2012-09,#f20000
leagueoflegends,Entertainment,36285,2012-10,#f20000
leagueoflegends,Entertainment,34401,2012-11,#f20000
leagueoflegends,Entertainment,35166,2012-12,#f20000
leagueoflegends,Entertainment,36529,2013-01,#f20000
leagueoflegends,Entertainment,41300,2013-02,#f20000
leagueoflegends,Entertainment,46441,2013-03,#f20000
leagueoflegends,Entertainment,50800,2013-05,#f20000
leagueoflegends,Entertainment,53485,2013-06,#f20000
leagueoflegends,Entertainment,53071,2013-08,#f20000
leagueoflegends,Entertainment,52737,2013-09,#f20000
leagueoflegends,Entertainment,64024,2013-10,#f20000
leagueoflegends,Entertainment,59679,2013-11,#f20000
leagueoflegends,Entertainment,51541,2013-12,#f20000
leagueoflegends,Entertainment,42892,2014-01,#f20000
leagueoflegends,Entertainment,41222,2014-02,#f20000
leagueoflegends,Entertainment,43061,2014-03,#f20000
leagueoflegends,Entertainment,45433,2014-04,#f20000
leagueoflegends,Entertainment,47127,2014-05,#f20000
leagueoflegends,Entertainment,41953,2014-06,#f20000
leagueoflegends,Entertainment,45024,2014-07,#f20000
leagueoflegends,Entertainment,48500,2014-08,#f20000
leagueoflegends,Entertainment,46422,2014-10,#f20000
leagueoflegends,Entertainment,50797,2014-11,#f20000
leagueoflegends,Entertainment,42414,2014-12,#f20000
leagueoflegends,Entertainment,71263,2015-01,#f20000
leagueoflegends,Entertainment,62885,2015-02,#f20000
leagueoflegends,Entertainment,60832,2015-04,#f20000
leagueoflegends,Entertainment,79660,2015-05,#f20000
leagueoflegends,Entertainment,61505,2015-06,#f20000
leagueoflegends,Entertainment,65027,2015-07,#f20000
leagueoflegends,Entertainment,64498,2015-08,#f20000
leagueoflegends,Entertainment,57857,2015-09,#f20000
leagueoflegends,Entertainment,59630,2015-10,#f20000
leagueoflegends,Entertainment,56803,2015-11,#f20000
leagueoflegends,Entertainment,49519,2015-12,#f20000
leagueoflegends,Entertainment,51859,2016-01,#f20000
leagueoflegends,Entertainment,41819,2016-03,#f20000
leagueoflegends,Entertainment,45020,2016-04,#f20000
leagueoflegends,Entertainment,38957,2016-05,#f20000
leagueoflegends,Entertainment,33577,2016-06,#f20000
leagueoflegends,Entertainment,25583,2016-07,#f20000
leagueoflegends,Entertainment,28856,2016-08,#f20000
leagueoflegends,Entertainment,34977,2016-10,#f20000
leagueoflegends,Entertainment,39083,2016-11,#f20000
leagueoflegends,Entertainment,33507,2016-12,#f20000
leagueoflegends,Entertainment,33311,2017-01,#f20000
leagueoflegends,Entertainment,25506,2017-02,#f20000
leagueoflegends,Entertainment,25736,2017-04,#f20000
leagueoflegends,Entertainment,27623,2017-05,#f20000
leagueoflegends,Entertainment,25527,2017-07,#f20000
leagueoflegends,Entertainment,24749,2017-09,#f20000
leagueoflegends,Entertainment,30584,2017-10,#f20000
lipstick.com,Other,3,2006-04,#001f3f
lipstick.com,Other,11,2006-05,#001f3f
lipstick.com,Other,15,2006-06,#001f3f
lipstick.com,Other,1,2006-07,#001f3f
lipstick.com,Other,16,2007-01,#001f3f
lipstick.com,Other,33,2007-02,#001f3f
MAGAWars,Lifestyle,44406,2018-02,#000dc5
Market76,Entertainment,56728,2018-12,#f20000
Market76,Entertainment,68388,2019-01,#f20000
Market76,Entertainment,18418,2019-03,#f20000
me_irl,Humor,30040,2016-10,#0074D9
me_irl,Humor,27264,2016-12,#0074D9
me_irl,Humor,32586,2017-01,#0074D9
me_irl,Humor,27587,2017-03,#0074D9
me_irl,Humor,25622,2017-04,#0074D9
me_irl,Humor,31018,2017-05,#0074D9
me_irl,Humor,29548,2017-06,#0074D9
me_irl,Humor,30614,2017-07,#0074D9
me_irl,Humor,37002,2017-08,#0074D9
me_irl,Humor,29616,2017-09,#0074D9
me_irl,Humor,27361,2017-10,#0074D9
me_irl,Humor,28529,2017-12,#0074D9
me_irl,Humor,42987,2018-03,#0074D9
me_irl,Humor,48588,2018-04,#0074D9
me_irl,Humor,46935,2018-05,#0074D9
me_irl,Humor,51790,2018-06,#0074D9
me_irl,Humor,49505,2018-07,#0074D9
me_irl,Humor,40435,2018-09,#0074D9
me_irl,Humor,47985,2018-10,#0074D9
me_irl,Humor,49627,2018-11,#0074D9
me_irl,Humor,61233,2018-12,#0074D9
me_irl,Humor,91192,2019-01,#0074D9
me_irl,Humor,74145,2019-02,#0074D9
me_irl,Humor,24351,2019-03,#0074D9
memes,Humor,42348,2018-10,#0074D9
memes,Humor,53455,2018-11,#0074D9
memes,Humor,75140,2018-12,#0074D9
memes,Humor,115288,2019-01,#0074D9
memes,Humor,143475,2019-02,#0074D9
memes,Humor,53514,2019-03,#0074D9
MemezForDayz,Humor,33197,2017-07,#0074D9
Minecraft,Entertainment,5798,2010-10,#f20000
Minecraft,Entertainment,4261,2010-11,#f20000
Minecraft,Entertainment,4223,2010-12,#f20000
Minecraft,Entertainment,6892,2011-01,#f20000
Minecraft,Entertainment,6677,2011-02,#f20000
Minecraft,Entertainment,8365,2011-04,#f20000
Minecraft,Entertainment,7473,2011-05,#f20000
Minecraft,Entertainment,8721,2011-06,#f20000
Minecraft,Entertainment,10416,2011-07,#f20000
Minecraft,Entertainment,10674,2011-08,#f20000
Minecraft,Entertainment,20701,2011-09,#f20000
Minecraft,Entertainment,15943,2011-10,#f20000
Minecraft,Entertainment,13899,2012-03,#f20000
Minecraft,Entertainment,16200,2012-06,#f20000
Minecraft,Entertainment,20571,2012-08,#f20000
modlog,Other,166743,2015-05,#001f3f
modlog,Other,92534,2015-06,#001f3f
movies,Entertainment,27235,2015-12,#f20000
movies,Entertainment,17797,2016-01,#f20000
Music,Entertainment,2295,2009-08,#f20000
Music,Entertainment,2397,2009-09,#f20000
Music,Entertainment,2801,2009-10,#f20000
Music,Entertainment,2555,2009-11,#f20000
Music,Entertainment,2933,2009-12,#f20000
Music,Entertainment,3386,2010-01,#f20000
Music,Entertainment,3460,2010-02,#f20000
Music,Entertainment,3887,2010-04,#f20000
Music,Entertainment,3592,2010-05,#f20000
Music,Entertainment,3295,2010-06,#f20000
Music,Entertainment,4783,2010-07,#f20000
Music,Entertainment,5550,2010-08,#f20000
Music,Entertainment,5879,2010-10,#f20000
Music,Entertainment,7093,2010-11,#f20000
Music,Entertainment,7383,2010-12,#f20000
Music,Entertainment,11415,2011-01,#f20000
Music,Entertainment,11026,2011-02,#f20000
Music,Entertainment,11622,2011-03,#f20000
Music,Entertainment,10542,2011-04,#f20000
Music,Entertainment,11299,2011-05,#f20000
Music,Entertainment,10552,2011-06,#f20000
Music,Entertainment,11378,2011-07,#f20000
Music,Entertainment,12165,2011-08,#f20000
Music,Entertainment,10780,2011-09,#f20000
Music,Entertainment,15049,2011-10,#f20000
Music,Entertainment,26898,2011-12,#f20000
Music,Entertainment,29989,2012-01,#f20000
Music,Entertainment,29265,2012-02,#f20000
Music,Entertainment,32458,2012-03,#f20000
Music,Entertainment,34984,2012-04,#f20000
Music,Entertainment,32305,2012-05,#f20000
Music,Entertainment,30368,2012-06,#f20000
Music,Entertainment,31263,2012-07,#f20000
Music,Entertainment,35809,2012-08,#f20000
Music,Entertainment,31722,2012-09,#f20000
Music,Entertainment,34705,2012-10,#f20000
Music,Entertainment,35494,2012-11,#f20000
Music,Entertainment,31812,2012-12,#f20000
Music,Entertainment,45713,2013-01,#f20000
Music,Entertainment,33952,2013-02,#f20000
Music,Entertainment,37203,2013-03,#f20000
Music,Entertainment,32379,2013-05,#f20000
Music,Entertainment,29731,2013-06,#f20000
Music,Entertainment,30531,2013-08,#f20000
Music,Entertainment,28521,2013-09,#f20000
Music,Entertainment,32860,2013-10,#f20000
Music,Entertainment,31520,2013-11,#f20000
Music,Entertainment,30323,2013-12,#f20000
Music,Entertainment,24188,2014-01,#f20000
Music,Entertainment,21059,2014-02,#f20000
Music,Entertainment,21767,2014-03,#f20000
Music,Entertainment,18505,2014-04,#f20000
Music,Entertainment,17404,2014-05,#f20000
Music,Entertainment,15636,2014-06,#f20000
Music,Entertainment,16430,2014-07,#f20000
Music,Entertainment,16199,2014-08,#f20000
Music,Entertainment,22418,2015-02,#f20000
Music,Entertainment,22724,2015-04,#f20000
Music,Entertainment,22585,2015-05,#f20000
Music,Entertainment,25626,2015-10,#f20000
Music,Entertainment,25484,2015-11,#f20000
Music,Entertainment,18863,2016-01,#f20000
netsec,Technology,1,2007-07,#F012BE
netsec,Technology,58,2007-10,#F012BE
netsec,Technology,162,2007-11,#F012BE
netsec,Technology,204,2007-12,#F012BE
netsec,Technology,233,2008-01,#F012BE
NewestTechnology,Technology,29807,2015-11,#F012BE
news,News/Politics,815,2008-07,#2c9a00
news,News/Politics,1566,2009-06,#2c9a00
news,News/Politics,1999,2009-07,#2c9a00
news,News/Politics,2075,2009-11,#2c9a00
news,News/Politics,2331,2009-12,#2c9a00
news,News/Politics,2438,2010-01,#2c9a00
news,News/Politics,2496,2010-02,#2c9a00
news,News/Politics,2760,2010-08,#2c9a00
news,News/Politics,28980,2013-05,#2c9a00
news,News/Politics,28223,2013-06,#2c9a00
news,News/Politics,33343,2013-08,#2c9a00
news,News/Politics,30920,2013-09,#2c9a00
news,News/Politics,37278,2013-10,#2c9a00
news,News/Politics,36133,2013-11,#2c9a00
news,News/Politics,38869,2013-12,#2c9a00
news,News/Politics,32049,2014-01,#2c9a00
news,News/Politics,28249,2014-02,#2c9a00
news,News/Politics,31482,2014-03,#2c9a00
news,News/Politics,31801,2014-04,#2c9a00
news,News/Politics,29235,2014-05,#2c9a00
news,News/Politics,27457,2014-06,#2c9a00
news,News/Politics,31132,2014-07,#2c9a00
news,News/Politics,33220,2014-08,#2c9a00
news,News/Politics,31813,2014-10,#2c9a00
news,News/Politics,29894,2014-11,#2c9a00
news,News/Politics,32679,2014-12,#2c9a00
news,News/Politics,43361,2015-01,#2c9a00
news,News/Politics,43921,2015-02,#2c9a00
news,News/Politics,46925,2015-04,#2c9a00
news,News/Politics,46984,2015-05,#2c9a00
news,News/Politics,50412,2015-06,#2c9a00
news,News/Politics,53027,2015-07,#2c9a00
news,News/Politics,55320,2015-08,#2c9a00
news,News/Politics,62204,2015-09,#2c9a00
news,News/Politics,60840,2015-10,#2c9a00
news,News/Politics,57862,2015-11,#2c9a00
news,News/Politics,58537,2015-12,#2c9a00
news,News/Politics,43880,2016-01,#2c9a00
news,News/Politics,49375,2016-03,#2c9a00
news,News/Politics,47406,2016-04,#2c9a00
news,News/Politics,47156,2016-05,#2c9a00
news,News/Politics,49465,2016-06,#2c9a00
news,News/Politics,45777,2016-07,#2c9a00
news,News/Politics,44761,2016-08,#2c9a00
news,News/Politics,47110,2016-10,#2c9a00
news,News/Politics,50310,2016-11,#2c9a00
news,News/Politics,52107,2016-12,#2c9a00
news,News/Politics,56026,2017-01,#2c9a00
news,News/Politics,52295,2017-02,#2c9a00
news,News/Politics,56766,2017-03,#2c9a00
news,News/Politics,53263,2017-04,#2c9a00
news,News/Politics,52270,2017-05,#2c9a00
news,News/Politics,47186,2017-06,#2c9a00
news,News/Politics,47919,2017-07,#2c9a00
news,News/Politics,45856,2017-08,#2c9a00
news,News/Politics,42800,2017-09,#2c9a00
news,News/Politics,47158,2017-10,#2c9a00
news,News/Politics,40399,2017-12,#2c9a00
news,News/Politics,40768,2018-01,#2c9a00
news,News/Politics,36618,2018-02,#2c9a00
news,News/Politics,40407,2018-03,#2c9a00
news,News/Politics,37735,2018-04,#2c9a00
news,News/Politics,35614,2018-05,#2c9a00
news,News/Politics,31044,2018-06,#2c9a00
news_etc,News/Politics,40808,2016-06,#2c9a00
news_etc,News/Politics,45190,2016-07,#2c9a00
news_etc,News/Politics,42863,2016-08,#2c9a00
news_etc,News/Politics,40580,2016-10,#2c9a00
news_r,News/Politics,76434,2015-08,#2c9a00
news_r,News/Politics,143787,2015-09,#2c9a00
news_r,News/Politics,117646,2015-10,#2c9a00
newsbotbot,Bot,32834,2017-05,#AAAAAA
newsbotbot,Bot,58071,2017-06,#AAAAAA
newsbotbot,Bot,58600,2017-07,#AAAAAA
newsbotbot,Bot,60124,2017-08,#AAAAAA
newsbotbot,Bot,55505,2017-09,#AAAAAA
newsbotbot,Bot,55941,2017-10,#AAAAAA
newsbotbot,Bot,50318,2017-12,#AAAAAA
newsbotbot,Bot,55162,2018-01,#AAAAAA
newsbotbot,Bot,51222,2018-02,#AAAAAA
newsbotbot,Bot,52535,2018-03,#AAAAAA
newsbotbot,Bot,47076,2018-04,#AAAAAA
newsbotbot,Bot,62319,2018-05,#AAAAAA
newsbotbot,Bot,57040,2018-06,#AAAAAA
newsbotbot,Bot,48482,2018-07,#AAAAAA
newsbotbot,Bot,47066,2018-09,#AAAAAA
newsbotbot,Bot,51206,2018-10,#AAAAAA
newsbotbot,Bot,50717,2018-11,#AAAAAA
newsbotbot,Bot,44609,2018-12,#AAAAAA
newsbotbot,Bot,47056,2019-01,#AAAAAA
newsbotbot,Bot,52256,2019-02,#AAAAAA
newsbotMARKET,Bot,38025,2018-07,#AAAAAA
newsofiran,Bot,29147,2014-08,#AAAAAA
newsofiran,Bot,33425,2014-10,#AAAAAA
newsofiran,Bot,32885,2014-11,#AAAAAA
newsofiran,Bot,27299,2014-12,#AAAAAA
newsofiran,Bot,47447,2015-01,#AAAAAA
newsofiran,Bot,42408,2015-02,#AAAAAA
newsofiran,Bot,41258,2015-04,#AAAAAA
newsofiran,Bot,31953,2015-05,#AAAAAA
newstweetfeed,Bot,29285,2018-02,#AAAAAA
nl,Geography,1,2006-02,#e5b900
nl,Geography,1,2006-04,#e5b900
no,Geography,7,2006-02,#e5b900
no,Geography,1,2006-04,#e5b900
no,Geography,1,2006-05,#e5b900
NoMansSkyTheGame,Entertainment,55560,2016-08,#f20000
nsfw,NSFW,4,2006-01,#FF851B
nsfw,NSFW,9,2006-02,#FF851B
nsfw,NSFW,2,2006-03,#FF851B
nsfw,NSFW,9,2006-04,#FF851B
nsfw,NSFW,11,2006-05,#FF851B
nsfw,NSFW,8,2006-06,#FF851B
nsfw,NSFW,4,2006-07,#FF851B
nsfw,NSFW,2,2007-02,#FF851B
nsfw,NSFW,1,2007-07,#FF851B
nsfw,NSFW,385,2007-10,#FF851B
nsfw,NSFW,364,2007-11,#FF851B
nsfw,NSFW,488,2007-12,#FF851B
nsfw,NSFW,789,2008-01,#FF851B
nsfw,NSFW,706,2008-02,#FF851B
nsfw,NSFW,1010,2008-03,#FF851B
nsfw,NSFW,514,2008-04,#FF851B
nsfw,NSFW,634,2008-05,#FF851B
nsfw,NSFW,851,2008-06,#FF851B
nsfw,NSFW,1166,2008-07,#FF851B
nsfw,NSFW,963,2008-08,#FF851B
nsfw,NSFW,1204,2008-09,#FF851B
nsfw,NSFW,1988,2008-11,#FF851B
nsfw,NSFW,2831,2008-12,#FF851B
nsfw,NSFW,3331,2009-01,#FF851B
nsfw,NSFW,3241,2009-02,#FF851B
nsfw,NSFW,2456,2009-03,#FF851B
nsfw,NSFW,2147,2009-04,#FF851B
nsfw,NSFW,3075,2009-06,#FF851B
nsfw,NSFW,3303,2009-07,#FF851B
nsfw,NSFW,2633,2009-08,#FF851B
nsfw,NSFW,2372,2009-09,#FF851B
nsfw,NSFW,2653,2009-10,#FF851B
nsfw,NSFW,2225,2009-11,#FF851B
nsfw,NSFW,2409,2009-12,#FF851B
nsfw,NSFW,2581,2010-01,#FF851B
nsfw,NSFW,3396,2010-04,#FF851B
nsfw,NSFW,2978,2010-05,#FF851B
nsfw,NSFW,2977,2010-06,#FF851B
nsfw,NSFW,3005,2010-07,#FF851B
nsfw,NSFW,3222,2010-08,#FF851B
nsfw,NSFW,3232,2010-11,#FF851B
obama,News/Politics,472,2008-03,#2c9a00
obama,News/Politics,1321,2008-11,#2c9a00
offbeat,News/Politics,918,2008-02,#2c9a00
offbeat,News/Politics,980,2008-03,#2c9a00
offbeat,News/Politics,828,2008-04,#2c9a00
offbeat,News/Politics,760,2008-05,#2c9a00
offbeat,News/Politics,1497,2008-06,#2c9a00
offbeat,News/Politics,1772,2008-07,#2c9a00
offbeat,News/Politics,1672,2008-08,#2c9a00
offbeat,News/Politics,1812,2008-09,#2c9a00
offbeat,News/Politics,2438,2008-11,#2c9a00
offbeat,News/Politics,2578,2008-12,#2c9a00
offbeat,News/Politics,2693,2009-01,#2c9a00
offbeat,News/Politics,2110,2009-02,#2c9a00
offbeat,News/Politics,2187,2009-03,#2c9a00
offbeat,News/Politics,1915,2009-04,#2c9a00
offbeat,News/Politics,1871,2009-06,#2c9a00
offbeat,News/Politics,2051,2009-07,#2c9a00
offbeat,News/Politics,1999,2009-08,#2c9a00
offbeat,News/Politics,2242,2009-10,#2c9a00
Overwatch,Entertainment,58986,2016-05,#f20000
Overwatch,Entertainment,68220,2016-06,#f20000
Overwatch,Entertainment,48757,2016-07,#f20000
Overwatch,Entertainment,48039,2016-08,#f20000
Overwatch,Entertainment,37604,2016-10,#f20000
Overwatch,Entertainment,41183,2016-11,#f20000
Overwatch,Entertainment,41018,2016-12,#f20000
Overwatch,Entertainment,40286,2017-01,#f20000
Overwatch,Entertainment,32071,2017-02,#f20000
Overwatch,Entertainment,37026,2017-03,#f20000
Overwatch,Entertainment,31158,2017-04,#f20000
Overwatch,Entertainment,32073,2017-05,#f20000
Overwatch,Entertainment,30912,2017-06,#f20000
Overwatch,Entertainment,27935,2017-07,#f20000
Overwatch,Entertainment,36253,2017-08,#f20000
pcmasterrace,Technology,19116,2014-06,#F012BE
pcmasterrace,Technology,15835,2014-07,#F012BE
pcmasterrace,Technology,20226,2014-11,#F012BE
pcmasterrace,Technology,22350,2014-12,#F012BE
pcmasterrace,Technology,28090,2015-01,#F012BE
pcmasterrace,Technology,30400,2015-04,#F012BE
pcmasterrace,Technology,24136,2015-05,#F012BE
pcmasterrace,Technology,30031,2015-06,#F012BE
pcmasterrace,Technology,26962,2015-07,#F012BE
pcmasterrace,Technology,26168,2015-08,#F012BE
pcmasterrace,Technology,27232,2015-11,#F012BE
pcmasterrace,Technology,30472,2015-12,#F012BE
pcmasterrace,Technology,19452,2016-01,#F012BE
PewdiepieSubmissions,THE KING,40331,2018-01,#B10DC9
PewdiepieSubmissions,THE KING,37376,2018-04,#B10DC9
PewdiepieSubmissions,THE KING,35535,2018-05,#B10DC9
PewdiepieSubmissions,THE KING,47687,2018-06,#B10DC9
PewdiepieSubmissions,THE KING,66794,2018-07,#B10DC9
PewdiepieSubmissions,THE KING,63170,2018-09,#B10DC9
PewdiepieSubmissions,THE KING,75899,2018-10,#B10DC9
PewdiepieSubmissions,THE KING,95343,2018-11,#B10DC9
PewdiepieSubmissions,THE KING,154367,2018-12,#B10DC9
PewdiepieSubmissions,THE KING,202347,2019-01,#B10DC9
PewdiepieSubmissions,THE KING,210014,2019-02,#B10DC9
PewdiepieSubmissions,THE KING,65082,2019-03,#B10DC9
pics,General,108,2008-01,#9A6324
pics,General,1144,2008-02,#9A6324
pics,General,2835,2008-03,#9A6324
pics,General,3659,2008-04,#9A6324
pics,General,4832,2008-05,#9A6324
pics,General,5101,2008-06,#9A6324
pics,General,5992,2008-07,#9A6324
pics,General,6126,2008-08,#9A6324
pics,General,6366,2008-09,#9A6324
pics,General,8908,2008-11,#9A6324
pics,General,8956,2008-12,#9A6324
pics,General,9049,2009-01,#9A6324
pics,General,10197,2009-02,#9A6324
pics,General,13007,2009-03,#9A6324
pics,General,11551,2009-04,#9A6324
pics,General,11541,2009-06,#9A6324
pics,General,14216,2009-07,#9A6324
pics,General,13578,2009-08,#9A6324
pics,General,11401,2009-09,#9A6324
pics,General,10880,2009-10,#9A6324
pics,General,12167,2009-11,#9A6324
pics,General,15056,2009-12,#9A6324
pics,General,16203,2010-01,#9A6324
pics,General,14445,2010-02,#9A6324
pics,General,17845,2010-04,#9A6324
pics,General,17833,2010-05,#9A6324
pics,General,19717,2010-06,#9A6324
pics,General,20028,2010-07,#9A6324
pics,General,21730,2010-08,#9A6324
pics,General,26046,2010-10,#9A6324
pics,General,28315,2010-11,#9A6324
pics,General,32815,2010-12,#9A6324
pics,General,47769,2011-01,#9A6324
pics,General,47826,2011-02,#9A6324
pics,General,53086,2011-03,#9A6324
pics,General,59153,2011-04,#9A6324
pics,General,65341,2011-05,#9A6324
pics,General,66264,2011-06,#9A6324
pics,General,75140,2011-07,#9A6324
pics,General,84366,2011-08,#9A6324
pics,General,85942,2011-09,#9A6324
pics,General,106919,2011-10,#9A6324
pics,General,79907,2011-12,#9A6324
pics,General,87867,2012-01,#9A6324
pics,General,82680,2012-02,#9A6324
pics,General,82744,2012-03,#9A6324
pics,General,94907,2012-04,#9A6324
pics,General,89029,2012-05,#9A6324
pics,General,89987,2012-06,#9A6324
pics,General,92671,2012-07,#9A6324
pics,General,95016,2012-08,#9A6324
pics,General,87072,2012-09,#9A6324
pics,General,98520,2012-10,#9A6324
pics,General,85433,2012-11,#9A6324
pics,General,90154,2012-12,#9A6324
pics,General,98468,2013-01,#9A6324
pics,General,84213,2013-02,#9A6324
pics,General,89328,2013-03,#9A6324
pics,General,84654,2013-05,#9A6324
pics,General,74713,2013-06,#9A6324
pics,General,69913,2013-08,#9A6324
pics,General,60345,2013-09,#9A6324
pics,General,63079,2013-10,#9A6324
pics,General,62418,2013-11,#9A6324
pics,General,71195,2013-12,#9A6324
pics,General,52008,2014-01,#9A6324
pics,General,42842,2014-02,#9A6324
pics,General,42551,2014-03,#9A6324
pics,General,43332,2014-04,#9A6324
pics,General,42894,2014-05,#9A6324
pics,General,41891,2014-06,#9A6324
pics,General,44086,2014-07,#9A6324
pics,General,42912,2014-08,#9A6324
pics,General,39003,2014-10,#9A6324
pics,General,37846,2014-11,#9A6324
pics,General,40966,2014-12,#9A6324
pics,General,51227,2015-01,#9A6324
pics,General,44947,2015-02,#9A6324
pics,General,42919,2015-04,#9A6324
pics,General,40930,2015-05,#9A6324
pics,General,39269,2015-06,#9A6324
pics,General,47097,2015-07,#9A6324
pics,General,40409,2015-08,#9A6324
pics,General,39505,2015-09,#9A6324
pics,General,42451,2015-10,#9A6324
pics,General,40964,2015-11,#9A6324
pics,General,40594,2015-12,#9A6324
pics,General,29620,2016-01,#9A6324
pics,General,27747,2016-03,#9A6324
pics,General,26077,2016-04,#9A6324
pics,General,26569,2016-05,#9A6324
pics,General,27913,2016-06,#9A6324
pics,General,26436,2016-07,#9A6324
pics,General,25822,2016-08,#9A6324
pics,General,31860,2016-10,#9A6324
pics,General,31407,2016-11,#9A6324
pics,General,33430,2016-12,#9A6324
pics,General,32658,2017-01,#9A6324
pics,General,27221,2017-02,#9A6324
pics,General,26900,2017-03,#9A6324
pics,General,26155,2017-04,#9A6324
pics,General,26818,2017-05,#9A6324
pics,General,26188,2017-06,#9A6324
pics,General,27191,2017-07,#9A6324
pics,General,30787,2017-08,#9A6324
pics,General,24940,2017-09,#9A6324
pics,General,28643,2017-10,#9A6324
pl,Geography,2,2006-03,#e5b900
pokemon,Entertainment,38731,2013-10,#f20000
pokemongo,Entertainment,156921,2016-07,#f20000
pokemongo,Entertainment,54167,2016-08,#f20000
pokemontrades,Entertainment,21605,2013-11,#f20000
pokemontrades,Entertainment,21162,2013-12,#f20000
POLITIC,News/Politics,15398,2012-06,#2c9a00
POLITIC,News/Politics,61563,2012-07,#2c9a00
POLITIC,News/Politics,71512,2012-08,#2c9a00
POLITIC,News/Politics,68088,2012-09,#2c9a00
POLITIC,News/Politics,76290,2012-10,#2c9a00
POLITIC,News/Politics,70711,2012-11,#2c9a00
POLITIC,News/Politics,53707,2012-12,#2c9a00
POLITIC,News/Politics,58941,2013-01,#2c9a00
POLITIC,News/Politics,52523,2013-02,#2c9a00
POLITIC,News/Politics,57938,2013-03,#2c9a00
POLITIC,News/Politics,62180,2013-05,#2c9a00
POLITIC,News/Politics,65920,2013-06,#2c9a00
POLITIC,News/Politics,55375,2013-08,#2c9a00
POLITIC,News/Politics,57962,2013-09,#2c9a00
POLITIC,News/Politics,67805,2013-10,#2c9a00
POLITIC,News/Politics,57625,2013-11,#2c9a00
POLITIC,News/Politics,44091,2013-12,#2c9a00
POLITIC,News/Politics,31807,2014-01,#2c9a00
POLITIC,News/Politics,34939,2014-07,#2c9a00
POLITIC,News/Politics,29105,2014-08,#2c9a00
POLITIC,News/Politics,39477,2014-10,#2c9a00
POLITIC,News/Politics,19842,2014-11,#2c9a00
POLITIC,News/Politics,38546,2015-01,#2c9a00
POLITIC,News/Politics,25965,2015-02,#2c9a00
politics,News/Politics,4369,2007-10,#2c9a00
politics,News/Politics,8258,2007-11,#2c9a00
politics,News/Politics,10234,2007-12,#2c9a00
politics,News/Politics,13400,2008-01,#2c9a00
politics,News/Politics,13144,2008-02,#2c9a00
politics,News/Politics,12537,2008-03,#2c9a00
politics,News/Politics,11044,2008-04,#2c9a00
politics,News/Politics,12241,2008-05,#2c9a00
politics,News/Politics,12543,2008-06,#2c9a00
politics,News/Politics,12193,2008-07,#2c9a00
politics,News/Politics,13707,2008-08,#2c9a00
politics,News/Politics,25804,2008-09,#2c9a00
politics,News/Politics,17499,2008-11,#2c9a00
politics,News/Politics,10360,2008-12,#2c9a00
politics,News/Politics,13210,2009-01,#2c9a00
politics,News/Politics,11874,2009-02,#2c9a00
politics,News/Politics,12263,2009-03,#2c9a00
politics,News/Politics,11044,2009-04,#2c9a00
politics,News/Politics,11754,2009-06,#2c9a00
politics,News/Politics,12501,2009-07,#2c9a00
politics,News/Politics,15035,2009-08,#2c9a00
politics,News/Politics,14886,2009-09,#2c9a00
politics,News/Politics,13188,2009-10,#2c9a00
politics,News/Politics,11825,2009-11,#2c9a00
politics,News/Politics,11701,2009-12,#2c9a00
politics,News/Politics,13119,2010-01,#2c9a00
politics,News/Politics,12095,2010-02,#2c9a00
politics,News/Politics,13196,2010-04,#2c9a00
politics,News/Politics,11661,2010-05,#2c9a00
politics,News/Politics,12081,2010-06,#2c9a00
politics,News/Politics,11151,2010-07,#2c9a00
politics,News/Politics,12508,2010-08,#2c9a00
politics,News/Politics,16460,2010-10,#2c9a00
politics,News/Politics,17926,2010-11,#2c9a00
politics,News/Politics,16683,2010-12,#2c9a00
politics,News/Politics,24550,2011-01,#2c9a00
politics,News/Politics,24212,2011-02,#2c9a00
politics,News/Politics,26834,2011-03,#2c9a00
politics,News/Politics,24319,2011-04,#2c9a00
politics,News/Politics,25585,2011-05,#2c9a00
politics,News/Politics,24622,2011-06,#2c9a00
politics,News/Politics,25822,2011-07,#2c9a00
politics,News/Politics,22889,2011-08,#2c9a00
politics,News/Politics,22584,2011-09,#2c9a00
politics,News/Politics,35772,2011-10,#2c9a00
politics,News/Politics,35676,2011-12,#2c9a00
politics,News/Politics,47009,2012-01,#2c9a00
politics,News/Politics,34808,2012-02,#2c9a00
politics,News/Politics,34691,2012-03,#2c9a00
politics,News/Politics,28580,2012-04,#2c9a00
politics,News/Politics,28720,2012-05,#2c9a00
politics,News/Politics,25481,2012-06,#2c9a00
politics,News/Politics,30401,2012-07,#2c9a00
politics,News/Politics,44041,2012-08,#2c9a00
politics,News/Politics,43303,2012-09,#2c9a00
politics,News/Politics,49601,2012-10,#2c9a00
politics,News/Politics,43951,2012-11,#2c9a00
politics,News/Politics,26232,2012-12,#2c9a00
politics,News/Politics,28389,2013-01,#2c9a00
politics,News/Politics,23628,2013-02,#2c9a00
politics,News/Politics,24621,2013-03,#2c9a00
politics,News/Politics,21815,2013-05,#2c9a00
politics,News/Politics,26955,2013-06,#2c9a00
politics,News/Politics,18017,2013-08,#2c9a00
politics,News/Politics,16323,2013-09,#2c9a00
politics,News/Politics,23542,2013-10,#2c9a00
politics,News/Politics,25623,2016-03,#2c9a00
politics,News/Politics,22159,2016-06,#2c9a00
politics,News/Politics,22907,2016-07,#2c9a00
politics,News/Politics,24717,2016-08,#2c9a00
politics,News/Politics,36434,2016-10,#2c9a00
politics,News/Politics,34457,2016-11,#2c9a00
politics,News/Politics,34452,2017-01,#2c9a00
politics,News/Politics,35740,2017-02,#2c9a00
politics,News/Politics,33110,2017-03,#2c9a00
politics,News/Politics,25898,2017-04,#2c9a00
politics,News/Politics,35202,2017-05,#2c9a00
politics,News/Politics,27576,2017-06,#2c9a00
politics,News/Politics,28140,2017-07,#2c9a00
politics,News/Politics,28995,2017-08,#2c9a00
PoliticsAll,News/Politics,73563,2016-10,#2c9a00
PoliticsAll,News/Politics,55053,2016-11,#2c9a00
programming,Educational,12,2006-03,#009894
programming,Educational,8,2006-04,#009894
programming,Educational,8,2006-05,#009894
programming,Educational,7,2006-06,#009894
programming,Educational,2,2006-07,#009894
programming,Educational,14,2007-01,#009894
programming,Educational,32,2007-02,#009894
programming,Educational,20,2007-06,#009894
programming,Educational,42,2007-07,#009894
programming,Educational,1549,2007-10,#009894
programming,Educational,2784,2007-11,#009894
programming,Educational,2785,2007-12,#009894
programming,Educational,3154,2008-01,#009894
programming,Educational,2584,2008-02,#009894
programming,Educational,2859,2008-03,#009894
programming,Educational,3211,2008-04,#009894
programming,Educational,2662,2008-05,#009894
programming,Educational,2660,2008-06,#009894
programming,Educational,2836,2008-07,#009894
programming,Educational,2624,2008-08,#009894
programming,Educational,2600,2008-09,#009894
programming,Educational,2381,2008-11,#009894
programming,Educational,2813,2008-12,#009894
programming,Educational,3311,2009-01,#009894
programming,Educational,3232,2009-02,#009894
programming,Educational,3300,2009-03,#009894
programming,Educational,3378,2009-04,#009894
programming,Educational,3974,2009-06,#009894
programming,Educational,4025,2009-07,#009894
programming,Educational,3622,2009-08,#009894
programming,Educational,3585,2009-09,#009894
programming,Educational,3730,2009-10,#009894
programming,Educational,3252,2009-11,#009894
programming,Educational,2882,2009-12,#009894
programming,Educational,3327,2010-01,#009894
programming,Educational,3169,2010-02,#009894
programming,Educational,3542,2010-04,#009894
programming,Educational,3141,2010-05,#009894
programming,Educational,2410,2010-06,#009894
programming,Educational,2568,2010-07,#009894
RapidshareList,Other,4810,2010-04,#001f3f
RapidshareList,Other,2603,2010-05,#001f3f
reddeadredemption,Entertainment,37907,2018-10,#f20000
reddeadredemption,Entertainment,65561,2018-11,#f20000
reddeadredemption,Entertainment,36949,2018-12,#f20000
reddit.com,General,108,2006-01,#9A6324
reddit.com,General,212,2006-02,#9A6324
reddit.com,General,105,2006-03,#9A6324
reddit.com,General,178,2006-04,#9A6324
reddit.com,General,115,2006-05,#9A6324
reddit.com,General,253,2006-06,#9A6324
reddit.com,General,80,2006-07,#9A6324
reddit.com,General,238,2007-01,#9A6324
reddit.com,General,599,2007-02,#9A6324
reddit.com,General,411,2007-06,#9A6324
reddit.com,General,865,2007-07,#9A6324
reddit.com,General,32072,2007-10,#9A6324
reddit.com,General,57189,2007-11,#9A6324
reddit.com,General,55881,2007-12,#9A6324
reddit.com,General,69932,2008-01,#9A6324
reddit.com,General,67792,2008-02,#9A6324
reddit.com,General,71697,2008-03,#9A6324
reddit.com,General,68345,2008-04,#9A6324
reddit.com,General,69072,2008-05,#9A6324
reddit.com,General,71983,2008-06,#9A6324
reddit.com,General,77650,2008-07,#9A6324
reddit.com,General,72749,2008-08,#9A6324
reddit.com,General,82654,2008-09,#9A6324
reddit.com,General,84284,2008-11,#9A6324
reddit.com,General,90286,2008-12,#9A6324
reddit.com,General,104156,2009-01,#9A6324
reddit.com,General,105296,2009-02,#9A6324
reddit.com,General,118103,2009-03,#9A6324
reddit.com,General,122386,2009-04,#9A6324
reddit.com,General,133889,2009-06,#9A6324
reddit.com,General,148477,2009-07,#9A6324
reddit.com,General,149241,2009-08,#9A6324
reddit.com,General,152259,2009-09,#9A6324
reddit.com,General,158738,2009-10,#9A6324
reddit.com,General,158911,2009-11,#9A6324
reddit.com,General,170533,2009-12,#9A6324
reddit.com,General,187194,2010-01,#9A6324
reddit.com,General,170634,2010-02,#9A6324
reddit.com,General,212597,2010-04,#9A6324
reddit.com,General,149478,2010-05,#9A6324
reddit.com,General,117293,2010-06,#9A6324
reddit.com,General,115277,2010-07,#9A6324
reddit.com,General,121553,2010-08,#9A6324
reddit.com,General,129398,2010-10,#9A6324
reddit.com,General,130834,2010-11,#9A6324
reddit.com,General,134511,2010-12,#9A6324
reddit.com,General,202756,2011-01,#9A6324
reddit.com,General,199268,2011-02,#9A6324
reddit.com,General,230126,2011-03,#9A6324
reddit.com,General,202859,2011-04,#9A6324
reddit.com,General,229433,2011-05,#9A6324
reddit.com,General,236609,2011-06,#9A6324
reddit.com,General,254556,2011-07,#9A6324
reddit.com,General,271127,2011-08,#9A6324
reddit.com,General,302510,2011-09,#9A6324
reddit.com,General,153040,2011-10,#9A6324
reportthespammers,Other,2861,2010-01,#001f3f
reportthespammers,Other,3249,2010-02,#001f3f
reportthespammers,Other,6079,2010-04,#001f3f
reportthespammers,Other,7087,2010-05,#001f3f
reportthespammers,Other,7074,2010-06,#001f3f
reportthespammers,Other,5840,2010-07,#001f3f
reportthespammers,Other,6299,2010-08,#001f3f
reportthespammers,Other,6389,2010-10,#001f3f
reportthespammers,Other,6224,2010-11,#001f3f
reportthespammers,Other,7368,2010-12,#001f3f
reportthespammers,Other,11312,2011-01,#001f3f
reportthespammers,Other,9538,2011-02,#001f3f
reportthespammers,Other,16724,2011-03,#001f3f
reportthespammers,Other,14821,2011-04,#001f3f
reportthespammers,Other,13817,2011-05,#001f3f
reportthespammers,Other,16779,2011-06,#001f3f
reportthespammers,Other,19255,2011-07,#001f3f
reportthespammers,Other,22486,2011-08,#001f3f
reportthespammers,Other,17239,2011-09,#001f3f
reportthespammers,Other,12617,2012-01,#001f3f
reportthespammers,Other,15454,2012-04,#001f3f
reportthespammers,Other,17000,2012-05,#001f3f
request,Educational,6,2006-02,#009894
request,Educational,1,2006-04,#009894
request,Educational,1,2006-06,#009894
request,Educational,1,2007-02,#009894
request,Educational,1,2007-07,#009894
request,Educational,8,2007-12,#009894
RocketLeagueExchange,Entertainment,215517,2016-10,#f20000
RocketLeagueExchange,Entertainment,146728,2016-11,#f20000
RocketLeagueExchange,Entertainment,174640,2016-12,#f20000
RocketLeagueExchange,Entertainment,164296,2017-01,#f20000
RocketLeagueExchange,Entertainment,131819,2017-02,#f20000
RocketLeagueExchange,Entertainment,147435,2017-03,#f20000
RocketLeagueExchange,Entertainment,159706,2017-04,#f20000
RocketLeagueExchange,Entertainment,161270,2017-05,#f20000
RocketLeagueExchange,Entertainment,139521,2017-06,#f20000
RocketLeagueExchange,Entertainment,174384,2017-07,#f20000
RocketLeagueExchange,Entertainment,157833,2017-08,#f20000
RocketLeagueExchange,Entertainment,112433,2017-09,#f20000
RocketLeagueExchange,Entertainment,105123,2017-10,#f20000
RocketLeagueExchange,Entertainment,75760,2017-12,#f20000
RocketLeagueExchange,Entertainment,63772,2018-01,#f20000
RocketLeagueExchange,Entertainment,69893,2018-02,#f20000
RocketLeagueExchange,Entertainment,64188,2018-03,#f20000
RocketLeagueExchange,Entertainment,69757,2018-04,#f20000
RocketLeagueExchange,Entertainment,52368,2018-05,#f20000
RocketLeagueExchange,Entertainment,59633,2018-06,#f20000
RocketLeagueExchange,Entertainment,57850,2018-07,#f20000
RocketLeagueExchange,Entertainment,52670,2018-09,#f20000
RocketLeagueExchange,Entertainment,52247,2018-10,#f20000
RocketLeagueExchange,Entertainment,46726,2018-11,#f20000
RocketLeagueExchange,Entertainment,45878,2018-12,#f20000
RocketLeagueExchange,Entertainment,53935,2019-01,#f20000
RocketLeagueExchange,Entertainment,61329,2019-02,#f20000
RocketLeagueExchange,Entertainment,24628,2019-03,#f20000
ru,Geography,3,2006-02,#e5b900
ru,Geography,2,2006-03,#e5b900
ru,Geography,1,2007-01,#e5b900
ru,Geography,2,2007-02,#e5b900
ru,Geography,3,2007-07,#e5b900
ru,Geography,85,2007-10,#e5b900
ru,Geography,155,2007-11,#e5b900
ru,Geography,107,2007-12,#e5b900
ru,Geography,132,2008-01,#e5b900
ru,Geography,300,2008-02,#e5b900
SandersForPresident,News/Politics,29441,2016-03,#2c9a00
SandersForPresident,News/Politics,22004,2016-04,#2c9a00
science,Educational,8,2007-01,#009894
science,Educational,25,2007-02,#009894
science,Educational,13,2007-06,#009894
science,Educational,19,2007-07,#009894
science,Educational,1305,2007-10,#009894
science,Educational,2435,2007-11,#009894
science,Educational,2753,2007-12,#009894
science,Educational,3485,2008-01,#009894
science,Educational,3079,2008-02,#009894
science,Educational,3263,2008-03,#009894
science,Educational,3548,2008-04,#009894
science,Educational,3309,2008-05,#009894
science,Educational,2985,2008-06,#009894
science,Educational,2999,2008-07,#009894
science,Educational,2924,2008-08,#009894
science,Educational,3084,2008-09,#009894
science,Educational,3569,2008-11,#009894
science,Educational,3727,2008-12,#009894
science,Educational,4194,2009-01,#009894
science,Educational,4016,2009-02,#009894
science,Educational,3941,2009-03,#009894
science,Educational,3891,2009-04,#009894
science,Educational,3939,2009-06,#009894
science,Educational,4407,2009-07,#009894
science,Educational,4074,2009-08,#009894
science,Educational,3908,2009-09,#009894
science,Educational,4386,2009-10,#009894
science,Educational,3898,2009-11,#009894
science,Educational,4327,2009-12,#009894
science,Educational,4578,2010-01,#009894
science,Educational,4538,2010-02,#009894
science,Educational,4001,2010-04,#009894
science,Educational,3994,2010-05,#009894
science,Educational,3594,2010-06,#009894
science,Educational,3529,2010-07,#009894
science,Educational,3593,2010-08,#009894
science,Educational,4045,2010-10,#009894
science,Educational,3552,2010-11,#009894
science,Educational,3424,2010-12,#009894
science,Educational,5402,2011-01,#009894
ShitYouCanAfford,Humor,34713,2014-02,#0074D9
ShitYouCanAfford,Humor,30594,2014-03,#0074D9
Showerthoughts,Discussion,18944,2014-08,#FF4136
Showerthoughts,Discussion,20943,2014-10,#FF4136
Showerthoughts,Discussion,21777,2014-11,#FF4136
Showerthoughts,Discussion,25943,2014-12,#FF4136
Showerthoughts,Discussion,34680,2015-01,#FF4136
Showerthoughts,Discussion,33468,2015-02,#FF4136
Showerthoughts,Discussion,37444,2015-04,#FF4136
Showerthoughts,Discussion,38194,2015-05,#FF4136
Showerthoughts,Discussion,38872,2015-06,#FF4136
Showerthoughts,Discussion,46865,2015-07,#FF4136
Showerthoughts,Discussion,43338,2015-08,#FF4136
Showerthoughts,Discussion,43362,2015-09,#FF4136
Showerthoughts,Discussion,43961,2015-10,#FF4136
Showerthoughts,Discussion,39602,2015-11,#FF4136
Showerthoughts,Discussion,41124,2015-12,#FF4136
Showerthoughts,Discussion,34729,2016-01,#FF4136
Showerthoughts,Discussion,32572,2016-03,#FF4136
Showerthoughts,Discussion,33165,2016-04,#FF4136
Showerthoughts,Discussion,32048,2016-05,#FF4136
Showerthoughts,Discussion,33322,2016-06,#FF4136
Showerthoughts,Discussion,38423,2016-07,#FF4136
Showerthoughts,Discussion,39025,2016-08,#FF4136
Showerthoughts,Discussion,43111,2016-10,#FF4136
Showerthoughts,Discussion,48323,2016-11,#FF4136
Showerthoughts,Discussion,52577,2016-12,#FF4136
Showerthoughts,Discussion,56760,2017-01,#FF4136
Showerthoughts,Discussion,47158,2017-02,#FF4136
Showerthoughts,Discussion,48537,2017-03,#FF4136
Showerthoughts,Discussion,44177,2017-04,#FF4136
Showerthoughts,Discussion,46487,2017-05,#FF4136
Showerthoughts,Discussion,43525,2017-06,#FF4136
Showerthoughts,Discussion,44937,2017-07,#FF4136
Showerthoughts,Discussion,46105,2017-08,#FF4136
Showerthoughts,Discussion,40610,2017-09,#FF4136
Showerthoughts,Discussion,40711,2017-10,#FF4136
Showerthoughts,Discussion,42346,2017-12,#FF4136
Showerthoughts,Discussion,40251,2018-01,#FF4136
Showerthoughts,Discussion,37271,2018-02,#FF4136
Showerthoughts,Discussion,44011,2018-03,#FF4136
Showerthoughts,Discussion,45827,2018-04,#FF4136
Showerthoughts,Discussion,47682,2018-05,#FF4136
Showerthoughts,Discussion,44948,2018-06,#FF4136
Showerthoughts,Discussion,51187,2018-07,#FF4136
Showerthoughts,Discussion,57623,2018-09,#FF4136
Showerthoughts,Discussion,63462,2018-10,#FF4136
Showerthoughts,Discussion,65063,2018-11,#FF4136
Showerthoughts,Discussion,70875,2018-12,#FF4136
Showerthoughts,Discussion,87764,2019-01,#FF4136
Showerthoughts,Discussion,108193,2019-02,#FF4136
Showerthoughts,Discussion,37006,2019-03,#FF4136
skyrim,Entertainment,19756,2011-12,#f20000
sl,Geography,2,2007-02,#e5b900
sl,Geography,1,2007-06,#e5b900
sl,Geography,2,2007-07,#e5b900
sl,Geography,25,2007-10,#e5b900
sl,Geography,42,2007-11,#e5b900
sl,Geography,23,2007-12,#e5b900
soccer,Sport,2965,2010-06,#800000
soccer,Sport,13619,2014-06,#800000
spam,Other,38628,2015-07,#001f3f
spam,Other,65393,2015-08,#001f3f
spam,Other,64874,2015-09,#001f3f
spam,Other,24408,2015-10,#001f3f
spam,Other,17842,2016-01,#001f3f
sports,Sport,425,2007-10,#800000
sports,Sport,884,2007-11,#800000
sports,Sport,1036,2007-12,#800000
sports,Sport,1459,2008-01,#800000
sports,Sport,1439,2008-02,#800000
sports,Sport,577,2008-03,#800000
sports,Sport,472,2008-04,#800000
sports,Sport,476,2008-05,#800000
sports,Sport,877,2008-08,#800000
sports,Sport,957,2008-09,#800000
sports,Sport,1165,2008-11,#800000
sports,Sport,1326,2008-12,#800000
sports,Sport,1739,2009-01,#800000
sports,Sport,1632,2009-02,#800000
sports,Sport,1789,2009-03,#800000
sports,Sport,1990,2009-07,#800000
sports,Sport,2133,2010-02,#800000
starcraft,Entertainment,6808,2011-04,#f20000
starcraft,Entertainment,7179,2011-05,#f20000
starcraft,Entertainment,9229,2011-06,#f20000
starcraft,Entertainment,11135,2011-07,#f20000
starcraft,Entertainment,13550,2011-08,#f20000
starcraft,Entertainment,15168,2011-10,#f20000
StarWars,Entertainment,33931,2015-12,#f20000
SteamTradingCards,Entertainment,48974,2017-12,#f20000
SteamTradingCards,Entertainment,48545,2018-01,#f20000
SteamTradingCards,Entertainment,45025,2018-02,#f20000
SteamTradingCards,Entertainment,42053,2018-09,#f20000
SteamTradingCards,Entertainment,35313,2018-10,#f20000
StocksInFocus,Bot,171977,2018-03,#AAAAAA
Stuff,Entertainment,94795,2015-06,#f20000
technology,Technology,1420,2008-02,#F012BE
technology,Technology,1632,2008-03,#F012BE
technology,Technology,1734,2008-04,#F012BE
technology,Technology,4310,2008-05,#F012BE
technology,Technology,4883,2008-06,#F012BE
technology,Technology,5573,2008-07,#F012BE
technology,Technology,5223,2008-08,#F012BE
technology,Technology,5976,2008-09,#F012BE
technology,Technology,5778,2008-11,#F012BE
technology,Technology,6694,2008-12,#F012BE
technology,Technology,7808,2009-01,#F012BE
technology,Technology,7790,2009-02,#F012BE
technology,Technology,9184,2009-03,#F012BE
technology,Technology,8288,2009-04,#F012BE
technology,Technology,5856,2009-06,#F012BE
technology,Technology,8217,2009-07,#F012BE
technology,Technology,6599,2009-08,#F012BE
technology,Technology,4839,2009-09,#F012BE
technology,Technology,4114,2009-10,#F012BE
technology,Technology,3730,2009-11,#F012BE
technology,Technology,4605,2009-12,#F012BE
technology,Technology,5400,2010-01,#F012BE
technology,Technology,5113,2010-02,#F012BE
technology,Technology,4831,2010-04,#F012BE
technology,Technology,4348,2010-05,#F012BE
technology,Technology,4220,2010-06,#F012BE
technology,Technology,4955,2010-07,#F012BE
technology,Technology,5085,2010-08,#F012BE
technology,Technology,6095,2010-10,#F012BE
technology,Technology,6076,2010-11,#F012BE
technology,Technology,5877,2010-12,#F012BE
technology,Technology,8244,2011-01,#F012BE
technology,Technology,7271,2011-02,#F012BE
technology,Technology,6799,2011-03,#F012BE
technology,Technology,24204,2011-12,#F012BE
technology,Technology,25641,2012-01,#F012BE
technology,Technology,24542,2012-02,#F012BE
technology,Technology,25779,2012-03,#F012BE
technology,Technology,26185,2012-04,#F012BE
technology,Technology,27458,2012-05,#F012BE
technology,Technology,26376,2012-06,#F012BE
technology,Technology,26813,2012-07,#F012BE
technology,Technology,26953,2012-08,#F012BE
technology,Technology,26899,2012-09,#F012BE
technology,Technology,24641,2012-10,#F012BE
technology,Technology,22871,2012-11,#F012BE
technology,Technology,21644,2012-12,#F012BE
technology,Technology,26480,2013-01,#F012BE
technology,Technology,24297,2013-02,#F012BE
technology,Technology,26251,2013-03,#F012BE
technology,Technology,23720,2013-05,#F012BE
technology,Technology,23098,2013-06,#F012BE
technology,Technology,20749,2013-08,#F012BE
technology,Technology,20449,2013-09,#F012BE
technology,Technology,21037,2013-10,#F012BE
technology,Technology,19123,2013-11,#F012BE
technology,Technology,19594,2013-12,#F012BE
technology,Technology,17060,2014-01,#F012BE
technology,Technology,15452,2014-02,#F012BE
technology,Technology,15744,2014-03,#F012BE
technology,Technology,13545,2014-04,#F012BE
teenagers,Lifestyle,32955,2017-12,#000dc5
teenagers,Lifestyle,35805,2018-01,#000dc5
teenagers,Lifestyle,33144,2018-02,#000dc5
teenagers,Lifestyle,36457,2018-03,#000dc5
teenagers,Lifestyle,38732,2018-12,#000dc5
teenagers,Lifestyle,54611,2019-01,#000dc5
teenagers,Lifestyle,65755,2019-02,#000dc5
teenagers,Lifestyle,24808,2019-03,#000dc5
teenagersnew,Lifestyle,43798,2018-04,#000dc5
teenagersnew,Lifestyle,35213,2018-05,#000dc5
teenagersnew,Lifestyle,41991,2018-06,#000dc5
teenagersnew,Lifestyle,53798,2018-07,#000dc5
teenagersnew,Lifestyle,56194,2018-09,#000dc5
teenagersnew,Lifestyle,48713,2018-10,#000dc5
teenagersnew,Lifestyle,46503,2018-11,#000dc5
teenagersnew,Lifestyle,48669,2018-12,#000dc5
teenagersnew,Lifestyle,50503,2019-01,#000dc5
teenagersnew,Lifestyle,58500,2019-02,#000dc5
tf2trade,Entertainment,11573,2011-09,#f20000
tf2trade,Entertainment,16970,2011-10,#f20000
tf2trade,Entertainment,14593,2011-12,#f20000
tf2trade,Entertainment,18906,2012-07,#f20000
tf2trade,Entertainment,17863,2012-09,#f20000
tf2trade,Entertainment,15891,2012-10,#f20000
thanosdidnothingwrong,Humor,168446,2018-07,#0074D9
thasright,Humor,30238,2018-05,#0074D9
The_Donald,News/Politics,52147,2016-03,#2c9a00
The_Donald,News/Politics,66426,2016-04,#2c9a00
The_Donald,News/Politics,69170,2016-05,#2c9a00
The_Donald,News/Politics,80439,2016-06,#2c9a00
The_Donald,News/Politics,86948,2016-07,#2c9a00
The_Donald,News/Politics,78787,2016-08,#2c9a00
The_Donald,News/Politics,172907,2016-10,#2c9a00
The_Donald,News/Politics,219278,2016-11,#2c9a00
The_Donald,News/Politics,112929,2016-12,#2c9a00
The_Donald,News/Politics,147328,2017-01,#2c9a00
The_Donald,News/Politics,121283,2017-02,#2c9a00
The_Donald,News/Politics,118107,2017-03,#2c9a00
The_Donald,News/Politics,93180,2017-04,#2c9a00
The_Donald,News/Politics,116912,2017-05,#2c9a00
The_Donald,News/Politics,105944,2017-06,#2c9a00
The_Donald,News/Politics,99812,2017-07,#2c9a00
The_Donald,News/Politics,95383,2017-08,#2c9a00
The_Donald,News/Politics,67297,2017-09,#2c9a00
The_Donald,News/Politics,75385,2017-10,#2c9a00
The_Donald,News/Politics,65352,2017-12,#2c9a00
The_Donald,News/Politics,72756,2018-01,#2c9a00
The_Donald,News/Politics,63491,2018-02,#2c9a00
The_Donald,News/Politics,54770,2018-03,#2c9a00
The_Donald,News/Politics,52424,2018-04,#2c9a00
The_Donald,News/Politics,51934,2018-05,#2c9a00
The_Donald,News/Politics,63913,2018-06,#2c9a00
The_Donald,News/Politics,61583,2018-07,#2c9a00
The_Donald,News/Politics,62409,2018-09,#2c9a00
The_Donald,News/Politics,84520,2018-10,#2c9a00
The_Donald,News/Politics,59808,2018-11,#2c9a00
The_Donald,News/Politics,44958,2018-12,#2c9a00
The_Donald,News/Politics,66197,2019-01,#2c9a00
The_Donald,News/Politics,73304,2019-02,#2c9a00
The_Donald,News/Politics,19155,2019-03,#2c9a00
The_NewDonald,News/Politics,41654,2018-02,#2c9a00
thebutton,Entertainment,71900,2015-04,#f20000
thedivision,Entertainment,41199,2016-03,#f20000
thedivision,Entertainment,24739,2016-04,#f20000
TheOlympianEmpire,Entertainment,20321,2016-03,#f20000
todayilearned,Educational,6100,2011-02,#009894
todayilearned,Educational,9861,2011-03,#009894
todayilearned,Educational,10913,2011-04,#009894
todayilearned,Educational,12314,2011-05,#009894
todayilearned,Educational,13509,2011-06,#009894
todayilearned,Educational,13382,2011-07,#009894
todayilearned,Educational,14531,2011-08,#009894
todayilearned,Educational,13757,2011-09,#009894
todayilearned,Educational,18078,2011-10,#009894
todayilearned,Educational,18960,2011-12,#009894
todayilearned,Educational,20120,2012-01,#009894
todayilearned,Educational,20311,2012-02,#009894
todayilearned,Educational,21474,2012-03,#009894
todayilearned,Educational,21336,2012-04,#009894
todayilearned,Educational,21307,2012-05,#009894
todayilearned,Educational,20587,2012-06,#009894
todayilearned,Educational,22171,2012-07,#009894
todayilearned,Educational,21867,2012-08,#009894
todayilearned,Educational,19863,2012-09,#009894
todayilearned,Educational,21761,2012-10,#009894
todayilearned,Educational,20651,2012-11,#009894
todayilearned,Educational,20658,2012-12,#009894
todayilearned,Educational,25130,2013-01,#009894
todayilearned,Educational,22054,2013-02,#009894
todayilearned,Educational,24061,2013-03,#009894
todayilearned,Educational,22812,2013-05,#009894
todayilearned,Educational,21534,2013-06,#009894
todayilearned,Educational,20413,2013-08,#009894
todayilearned,Educational,18180,2013-09,#009894
todayilearned,Educational,18791,2013-11,#009894
todayilearned,Educational,19432,2013-12,#009894
todayilearned,Educational,16000,2014-01,#009894
todayilearned,Educational,14796,2014-03,#009894
todayilearned,Educational,13627,2014-04,#009894
todayilearned,Educational,13138,2014-05,#009894
tr,Geography,6,2006-02,#e5b900
tr,Geography,1,2006-04,#e5b900
tr,Geography,1,2007-02,#e5b900
tr,Geography,3,2007-06,#e5b900
tr,Geography,3,2007-07,#e5b900
tr,Geography,46,2007-10,#e5b900
tr,Geography,40,2007-11,#e5b900
tr,Geography,78,2007-12,#e5b900
tr,Geography,102,2008-01,#e5b900
TranscribersOfReddit,Bot,40242,2019-01,#AAAAAA
trees,Lifestyle,3041,2010-04,#000dc5
trees,Lifestyle,2551,2010-05,#000dc5
trees,Lifestyle,2654,2010-06,#000dc5
trees,Lifestyle,4205,2010-07,#000dc5
trees,Lifestyle,5494,2010-08,#000dc5
trees,Lifestyle,9090,2010-10,#000dc5
trees,Lifestyle,9578,2010-11,#000dc5
trees,Lifestyle,12359,2010-12,#000dc5
trees,Lifestyle,14998,2011-01,#000dc5
trees,Lifestyle,15451,2011-02,#000dc5
trees,Lifestyle,21273,2011-03,#000dc5
trees,Lifestyle,22771,2011-04,#000dc5
trees,Lifestyle,20363,2011-05,#000dc5
trees,Lifestyle,24160,2011-06,#000dc5
trees,Lifestyle,27512,2011-07,#000dc5
trees,Lifestyle,37639,2011-08,#000dc5
trees,Lifestyle,36447,2011-09,#000dc5
trees,Lifestyle,43023,2011-10,#000dc5
trees,Lifestyle,49173,2011-12,#000dc5
trees,Lifestyle,52789,2012-01,#000dc5
trees,Lifestyle,50276,2012-02,#000dc5
trees,Lifestyle,55536,2012-03,#000dc5
trees,Lifestyle,68602,2012-04,#000dc5
trees,Lifestyle,51473,2012-05,#000dc5
trees,Lifestyle,55481,2012-06,#000dc5
trees,Lifestyle,60587,2012-07,#000dc5
trees,Lifestyle,52354,2012-08,#000dc5
trees,Lifestyle,39356,2012-09,#000dc5
trees,Lifestyle,40521,2012-10,#000dc5
trees,Lifestyle,43086,2012-11,#000dc5
trees,Lifestyle,44093,2012-12,#000dc5
trees,Lifestyle,49444,2013-01,#000dc5
trees,Lifestyle,41438,2013-02,#000dc5
trees,Lifestyle,41433,2013-03,#000dc5
trees,Lifestyle,35600,2013-05,#000dc5
trees,Lifestyle,30476,2013-06,#000dc5
trees,Lifestyle,29274,2013-08,#000dc5
trees,Lifestyle,23134,2013-09,#000dc5
trees,Lifestyle,25384,2013-10,#000dc5
trees,Lifestyle,26332,2013-11,#000dc5
trees,Lifestyle,29186,2013-12,#000dc5
trees,Lifestyle,24214,2014-01,#000dc5
trees,Lifestyle,22614,2014-02,#000dc5
trees,Lifestyle,22463,2014-03,#000dc5
trees,Lifestyle,21826,2014-04,#000dc5
trees,Lifestyle,17898,2014-05,#000dc5
trees,Lifestyle,17382,2014-06,#000dc5
trees,Lifestyle,18803,2014-07,#000dc5
trees,Lifestyle,18955,2014-08,#000dc5
trees,Lifestyle,20198,2014-10,#000dc5
trees,Lifestyle,20078,2014-11,#000dc5
trees,Lifestyle,21995,2014-12,#000dc5
trees,Lifestyle,29033,2015-01,#000dc5
trees,Lifestyle,24477,2015-02,#000dc5
trees,Lifestyle,26700,2015-04,#000dc5
TrumpsTrain,Bot,39419,2018-02,#AAAAAA
twitchplayspokemon,Entertainment,28372,2014-02,#f20000
twitchplayspokemon,Entertainment,16813,2014-03,#f20000
uncensorship,Other,19727,2014-10,#001f3f
uncensorship,Other,25959,2014-11,#001f3f
uncensorship,Other,28987,2014-12,#001f3f
vi,Geography,3,2006-02,#e5b900
videos,Entertainment,564,2008-06,#f20000
videos,Entertainment,2871,2009-08,#f20000
videos,Entertainment,2358,2009-09,#f20000
videos,Entertainment,2552,2009-10,#f20000
videos,Entertainment,2314,2009-11,#f20000
videos,Entertainment,2676,2009-12,#f20000
videos,Entertainment,3006,2010-01,#f20000
videos,Entertainment,2975,2010-02,#f20000
videos,Entertainment,3315,2010-04,#f20000
videos,Entertainment,3363,2010-05,#f20000
videos,Entertainment,3451,2010-06,#f20000
videos,Entertainment,4127,2010-07,#f20000
videos,Entertainment,4812,2010-08,#f20000
videos,Entertainment,5195,2010-10,#f20000
videos,Entertainment,6032,2010-11,#f20000
videos,Entertainment,6562,2010-12,#f20000
videos,Entertainment,10353,2011-01,#f20000
videos,Entertainment,10985,2011-02,#f20000
videos,Entertainment,16355,2011-03,#f20000
videos,Entertainment,18687,2011-04,#f20000
videos,Entertainment,20812,2011-05,#f20000
videos,Entertainment,23246,2011-06,#f20000
videos,Entertainment,25427,2011-07,#f20000
videos,Entertainment,27764,2011-08,#f20000
videos,Entertainment,28103,2011-09,#f20000
videos,Entertainment,34525,2011-10,#f20000
videos,Entertainment,40789,2011-12,#f20000
videos,Entertainment,45160,2012-01,#f20000
videos,Entertainment,41062,2012-02,#f20000
videos,Entertainment,44236,2012-03,#f20000
videos,Entertainment,44303,2012-04,#f20000
videos,Entertainment,41784,2012-05,#f20000
videos,Entertainment,42071,2012-06,#f20000
videos,Entertainment,43564,2012-07,#f20000
videos,Entertainment,45810,2012-08,#f20000
videos,Entertainment,44475,2012-09,#f20000
videos,Entertainment,49857,2012-10,#f20000
videos,Entertainment,45748,2012-11,#f20000
videos,Entertainment,45237,2012-12,#f20000
videos,Entertainment,51758,2013-01,#f20000
videos,Entertainment,55549,2013-02,#f20000
videos,Entertainment,55749,2013-03,#f20000
videos,Entertainment,51162,2013-05,#f20000
videos,Entertainment,46252,2013-06,#f20000
videos,Entertainment,45924,2013-08,#f20000
videos,Entertainment,44054,2013-09,#f20000
videos,Entertainment,47411,2013-10,#f20000
videos,Entertainment,47847,2013-11,#f20000
videos,Entertainment,51366,2013-12,#f20000
videos,Entertainment,38220,2014-01,#f20000
videos,Entertainment,36497,2014-02,#f20000
videos,Entertainment,36626,2014-03,#f20000
videos,Entertainment,35539,2014-04,#f20000
videos,Entertainment,36062,2014-05,#f20000
videos,Entertainment,32443,2014-06,#f20000
videos,Entertainment,33905,2014-07,#f20000
videos,Entertainment,36627,2014-08,#f20000
videos,Entertainment,36820,2014-10,#f20000
videos,Entertainment,34824,2014-11,#f20000
videos,Entertainment,35213,2014-12,#f20000
videos,Entertainment,49218,2015-01,#f20000
videos,Entertainment,45077,2015-02,#f20000
videos,Entertainment,49894,2015-04,#f20000
videos,Entertainment,47060,2015-05,#f20000
videos,Entertainment,46898,2015-06,#f20000
videos,Entertainment,47666,2015-07,#f20000
videos,Entertainment,49255,2015-08,#f20000
videos,Entertainment,50920,2015-09,#f20000
videos,Entertainment,55458,2015-10,#f20000
videos,Entertainment,54887,2015-11,#f20000
videos,Entertainment,55621,2015-12,#f20000
videos,Entertainment,43207,2016-01,#f20000
videos,Entertainment,43751,2016-03,#f20000
videos,Entertainment,44693,2016-04,#f20000
videos,Entertainment,44577,2016-05,#f20000
videos,Entertainment,42522,2016-06,#f20000
videos,Entertainment,42115,2016-07,#f20000
videos,Entertainment,43029,2016-08,#f20000
videos,Entertainment,52474,2016-10,#f20000
videos,Entertainment,56152,2016-11,#f20000
videos,Entertainment,58554,2016-12,#f20000
videos,Entertainment,57296,2017-01,#f20000
videos,Entertainment,50110,2017-02,#f20000
videos,Entertainment,52186,2017-03,#f20000
videos,Entertainment,48615,2017-04,#f20000
videos,Entertainment,44890,2017-05,#f20000
videos,Entertainment,42943,2017-06,#f20000
videos,Entertainment,44038,2017-07,#f20000
videos,Entertainment,50841,2017-08,#f20000
videos,Entertainment,43823,2017-09,#f20000
videos,Entertainment,45214,2017-10,#f20000
videos,Entertainment,40195,2017-12,#f20000
videos,Entertainment,41445,2018-01,#f20000
videos,Entertainment,32922,2018-02,#f20000
videos,Entertainment,34362,2018-03,#f20000
videos,Entertainment,33632,2018-04,#f20000
videos,Entertainment,31348,2018-05,#f20000
videos,Entertainment,32690,2018-06,#f20000
videos,Entertainment,35074,2018-07,#f20000
worldnews,News/Politics,1062,2008-02,#2c9a00
worldnews,News/Politics,2805,2008-03,#2c9a00
worldnews,News/Politics,3594,2008-04,#2c9a00
worldnews,News/Politics,3936,2008-05,#2c9a00
worldnews,News/Politics,4549,2008-06,#2c9a00
worldnews,News/Politics,5107,2008-07,#2c9a00
worldnews,News/Politics,5015,2008-08,#2c9a00
worldnews,News/Politics,4542,2008-09,#2c9a00
worldnews,News/Politics,5821,2008-11,#2c9a00
worldnews,News/Politics,6684,2008-12,#2c9a00
worldnews,News/Politics,8864,2009-01,#2c9a00
worldnews,News/Politics,7983,2009-02,#2c9a00
worldnews,News/Politics,8453,2009-03,#2c9a00
worldnews,News/Politics,7754,2009-04,#2c9a00
worldnews,News/Politics,8554,2009-06,#2c9a00
worldnews,News/Politics,7022,2009-07,#2c9a00
worldnews,News/Politics,6272,2009-08,#2c9a00
worldnews,News/Politics,5955,2009-09,#2c9a00
worldnews,News/Politics,6627,2009-10,#2c9a00
worldnews,News/Politics,6704,2009-11,#2c9a00
worldnews,News/Politics,7677,2009-12,#2c9a00
worldnews,News/Politics,8407,2010-01,#2c9a00
worldnews,News/Politics,7876,2010-02,#2c9a00
worldnews,News/Politics,8628,2010-04,#2c9a00
worldnews,News/Politics,7068,2010-05,#2c9a00
worldnews,News/Politics,6797,2010-06,#2c9a00
worldnews,News/Politics,5322,2010-07,#2c9a00
worldnews,News/Politics,5547,2010-08,#2c9a00
worldnews,News/Politics,5190,2010-10,#2c9a00
worldnews,News/Politics,5738,2010-11,#2c9a00
worldnews,News/Politics,7469,2010-12,#2c9a00
worldnews,News/Politics,10444,2011-01,#2c9a00
worldnews,News/Politics,13336,2011-02,#2c9a00
worldnews,News/Politics,17037,2011-03,#2c9a00
worldnews,News/Politics,11536,2011-04,#2c9a00
worldnews,News/Politics,14715,2011-05,#2c9a00
worldnews,News/Politics,12885,2011-06,#2c9a00
worldnews,News/Politics,14279,2011-07,#2c9a00
worldnews,News/Politics,13945,2011-08,#2c9a00
worldnews,News/Politics,12198,2011-09,#2c9a00
worldnews,News/Politics,17075,2011-10,#2c9a00
worldnews,News/Politics,23376,2011-12,#2c9a00
worldnews,News/Politics,24025,2012-01,#2c9a00
worldnews,News/Politics,23918,2012-02,#2c9a00
worldnews,News/Politics,25182,2012-03,#2c9a00
worldnews,News/Politics,24618,2012-04,#2c9a00
worldnews,News/Politics,27993,2012-05,#2c9a00
worldnews,News/Politics,27157,2012-06,#2c9a00
worldnews,News/Politics,26670,2012-07,#2c9a00
worldnews,News/Politics,28056,2012-08,#2c9a00
worldnews,News/Politics,27784,2012-09,#2c9a00
worldnews,News/Politics,26788,2012-10,#2c9a00
worldnews,News/Politics,25925,2012-11,#2c9a00
worldnews,News/Politics,25285,2012-12,#2c9a00
worldnews,News/Politics,27397,2013-01,#2c9a00
worldnews,News/Politics,25969,2013-02,#2c9a00
worldnews,News/Politics,29301,2013-03,#2c9a00
worldnews,News/Politics,27502,2013-05,#2c9a00
worldnews,News/Politics,27445,2013-06,#2c9a00
worldnews,News/Politics,24738,2013-08,#2c9a00
worldnews,News/Politics,24614,2013-09,#2c9a00
worldnews,News/Politics,23709,2013-10,#2c9a00
worldnews,News/Politics,21701,2013-11,#2c9a00
worldnews,News/Politics,23156,2013-12,#2c9a00
worldnews,News/Politics,18339,2014-01,#2c9a00
worldnews,News/Politics,16889,2014-02,#2c9a00
worldnews,News/Politics,21255,2014-03,#2c9a00
worldnews,News/Politics,17029,2014-04,#2c9a00
worldnews,News/Politics,18480,2014-05,#2c9a00
worldnews,News/Politics,15323,2014-06,#2c9a00
worldnews,News/Politics,19000,2014-07,#2c9a00
worldnews,News/Politics,19272,2014-08,#2c9a00
worldnews,News/Politics,17238,2014-10,#2c9a00
worldnews,News/Politics,22611,2015-02,#2c9a00
worldnews,News/Politics,26679,2015-10,#2c9a00
worldnews,News/Politics,28725,2015-11,#2c9a00
worldnews,News/Politics,27644,2015-12,#2c9a00
worldnews,News/Politics,21357,2016-01,#2c9a00
worldnews,News/Politics,26536,2016-12,#2c9a00
worldnews,News/Politics,25942,2017-01,#2c9a00
worldnews,News/Politics,24460,2017-02,#2c9a00
worldnews,News/Politics,27603,2017-03,#2c9a00
worldnews,News/Politics,26207,2017-04,#2c9a00
worldnews,News/Politics,27688,2017-05,#2c9a00
wow,Entertainment,20417,2014-11,#f20000
WTF,Entertainment,334,2008-02,#f20000
WTF,Entertainment,883,2008-03,#f20000
WTF,Entertainment,783,2008-04,#f20000
WTF,Entertainment,836,2008-05,#f20000
WTF,Entertainment,2383,2008-06,#f20000
WTF,Entertainment,3597,2008-07,#f20000
WTF,Entertainment,3946,2008-08,#f20000
WTF,Entertainment,4040,2008-09,#f20000
WTF,Entertainment,5064,2008-11,#f20000
WTF,Entertainment,5420,2008-12,#f20000
WTF,Entertainment,6802,2009-01,#f20000
WTF,Entertainment,6540,2009-02,#f20000
WTF,Entertainment,7541,2009-03,#f20000
WTF,Entertainment,7084,2009-04,#f20000
WTF,Entertainment,7456,2009-06,#f20000
WTF,Entertainment,8091,2009-07,#f20000
WTF,Entertainment,8042,2009-08,#f20000
WTF,Entertainment,9314,2009-09,#f20000
WTF,Entertainment,8928,2009-10,#f20000
WTF,Entertainment,8398,2009-11,#f20000
WTF,Entertainment,8214,2009-12,#f20000
WTF,Entertainment,9241,2010-01,#f20000
WTF,Entertainment,8517,2010-02,#f20000
WTF,Entertainment,9435,2010-04,#f20000
WTF,Entertainment,9294,2010-05,#f20000
WTF,Entertainment,9424,2010-06,#f20000
WTF,Entertainment,9229,2010-07,#f20000
WTF,Entertainment,9974,2010-08,#f20000
WTF,Entertainment,11445,2010-10,#f20000
WTF,Entertainment,12595,2010-11,#f20000
WTF,Entertainment,12882,2010-12,#f20000
WTF,Entertainment,19782,2011-01,#f20000
WTF,Entertainment,16886,2011-02,#f20000
WTF,Entertainment,17009,2011-03,#f20000
WTF,Entertainment,14952,2011-04,#f20000
WTF,Entertainment,14670,2011-05,#f20000
WTF,Entertainment,14200,2011-06,#f20000
WTF,Entertainment,13795,2011-07,#f20000
WTF,Entertainment,15283,2011-08,#f20000
WTF,Entertainment,14864,2011-09,#f20000
WTF,Entertainment,19693,2011-10,#f20000
WTF,Entertainment,33856,2011-12,#f20000
WTF,Entertainment,40641,2012-01,#f20000
WTF,Entertainment,37392,2012-02,#f20000
WTF,Entertainment,39909,2012-03,#f20000
WTF,Entertainment,40420,2012-04,#f20000
WTF,Entertainment,40418,2012-05,#f20000
WTF,Entertainment,40038,2012-06,#f20000
WTF,Entertainment,43501,2012-07,#f20000
WTF,Entertainment,42404,2012-08,#f20000
WTF,Entertainment,34865,2012-09,#f20000
WTF,Entertainment,36894,2012-10,#f20000
WTF,Entertainment,36027,2012-11,#f20000
WTF,Entertainment,37306,2012-12,#f20000
WTF,Entertainment,38222,2013-01,#f20000
WTF,Entertainment,32271,2013-02,#f20000
WTF,Entertainment,35403,2013-03,#f20000
WTF,Entertainment,35526,2013-05,#f20000
WTF,Entertainment,31432,2013-06,#f20000
WTF,Entertainment,31041,2013-08,#f20000
WTF,Entertainment,29647,2013-09,#f20000
WTF,Entertainment,31653,2013-10,#f20000
WTF,Entertainment,34553,2013-11,#f20000
WTF,Entertainment,27704,2013-12,#f20000
WTF,Entertainment,18563,2014-01,#f20000
WTF,Entertainment,15372,2014-02,#f20000
WTF,Entertainment,18678,2014-03,#f20000
WTF,Entertainment,20495,2014-04,#f20000
WTF,Entertainment,19451,2014-05,#f20000
xkcd,Humor,106,2008-01,#0074D9
zh,Geography,449,2008-02,#e5b900
zh,Geography,554,2008-03,#e5b900
