name,type,value,date,color
reddit.com,test,108,2006-01,#7f7f7f7
nsfw,test,4,2006-01,#7f7f7f7
reddit.com,test,212,2006-02,#7f7f7f7
de,test,23,2006-02,#7f7f7f7
ja,test,22,2006-02,#7f7f7f7
nsfw,test,9,2006-02,#7f7f7f7
no,test,7,2006-02,#7f7f7f7
features,test,6,2006-02,#7f7f7f7
request,test,6,2006-02,#7f7f7f7
tr,test,6,2006-02,#7f7f7f7
ko,test,4,2006-02,#7f7f7f7
fr,test,3,2006-02,#7f7f7f7
ru,test,3,2006-02,#7f7f7f7
vi,test,3,2006-02,#7f7f7f7
hu,test,1,2006-02,#7f7f7f7
id,test,1,2006-02,#7f7f7f7
it,test,1,2006-02,#7f7f7f7
nl,test,1,2006-02,#7f7f7f7
reddit.com,test,105,2006-03,#7f7f7f7
ja,test,27,2006-03,#7f7f7f7
programming,test,12,2006-03,#7f7f7f7
de,test,3,2006-03,#7f7f7f7
features,test,3,2006-03,#7f7f7f7
it,test,2,2006-03,#7f7f7f7
nsfw,test,2,2006-03,#7f7f7f7
pl,test,2,2006-03,#7f7f7f7
ru,test,2,2006-03,#7f7f7f7
reddit.com,test,178,2006-04,#7f7f7f7
ja,test,11,2006-04,#7f7f7f7
nsfw,test,9,2006-04,#7f7f7f7
programming,test,8,2006-04,#7f7f7f7
de,test,4,2006-04,#7f7f7f7
it,test,4,2006-04,#7f7f7f7
lipstick.com,test,3,2006-04,#7f7f7f7
features,test,2,2006-04,#7f7f7f7
askcaterina,test,1,2006-04,#7f7f7f7
freeculture,test,1,2006-04,#7f7f7f7
nl,test,1,2006-04,#7f7f7f7
no,test,1,2006-04,#7f7f7f7
request,test,1,2006-04,#7f7f7f7
tr,test,1,2006-04,#7f7f7f7
reddit.com,test,115,2006-05,#7f7f7f7
lipstick.com,test,11,2006-05,#7f7f7f7
nsfw,test,11,2006-05,#7f7f7f7
programming,test,8,2006-05,#7f7f7f7
ja,test,2,2006-05,#7f7f7f7
features,test,1,2006-05,#7f7f7f7
it,test,1,2006-05,#7f7f7f7
no,test,1,2006-05,#7f7f7f7
reddit.com,test,253,2006-06,#7f7f7f7
lipstick.com,test,15,2006-06,#7f7f7f7
nsfw,test,8,2006-06,#7f7f7f7
programming,test,7,2006-06,#7f7f7f7
ja,test,6,2006-06,#7f7f7f7
features,test,3,2006-06,#7f7f7f7
freeculture,test,2,2006-06,#7f7f7f7
it,test,2,2006-06,#7f7f7f7
fr,test,1,2006-06,#7f7f7f7
request,test,1,2006-06,#7f7f7f7
reddit.com,test,80,2006-07,#7f7f7f7
nsfw,test,4,2006-07,#7f7f7f7
it,test,3,2006-07,#7f7f7f7
programming,test,2,2006-07,#7f7f7f7
ja,test,1,2006-07,#7f7f7f7
lipstick.com,test,1,2006-07,#7f7f7f7
reddit.com,test,238,2007-01,#7f7f7f7
lipstick.com,test,16,2007-01,#7f7f7f7
programming,test,14,2007-01,#7f7f7f7
science,test,8,2007-01,#7f7f7f7
ja,test,6,2007-01,#7f7f7f7
features,test,3,2007-01,#7f7f7f7
freeculture,test,2,2007-01,#7f7f7f7
de,test,1,2007-01,#7f7f7f7
hu,test,1,2007-01,#7f7f7f7
it,test,1,2007-01,#7f7f7f7
ru,test,1,2007-01,#7f7f7f7
reddit.com,test,599,2007-02,#7f7f7f7
lipstick.com,test,33,2007-02,#7f7f7f7
programming,test,32,2007-02,#7f7f7f7
science,test,25,2007-02,#7f7f7f7
freeculture,test,7,2007-02,#7f7f7f7
fr,test,2,2007-02,#7f7f7f7
nsfw,test,2,2007-02,#7f7f7f7
ru,test,2,2007-02,#7f7f7f7
sl,test,2,2007-02,#7f7f7f7
features,test,1,2007-02,#7f7f7f7
it,test,1,2007-02,#7f7f7f7
request,test,1,2007-02,#7f7f7f7
tr,test,1,2007-02,#7f7f7f7
reddit.com,test,287,2007-03,#7f7f7f7
lipstick.com,test,17,2007-03,#7f7f7f7
programming,test,13,2007-03,#7f7f7f7
science,test,11,2007-03,#7f7f7f7
ja,test,4,2007-03,#7f7f7f7
features,test,3,2007-03,#7f7f7f7
fr,test,2,2007-03,#7f7f7f7
freeculture,test,1,2007-03,#7f7f7f7
tr,test,1,2007-03,#7f7f7f7
reddit.com,test,411,2007-06,#7f7f7f7
programming,test,20,2007-06,#7f7f7f7
science,test,13,2007-06,#7f7f7f7
features,test,7,2007-06,#7f7f7f7
tr,test,3,2007-06,#7f7f7f7
es,test,2,2007-06,#7f7f7f7
fr,test,2,2007-06,#7f7f7f7
freeculture,test,2,2007-06,#7f7f7f7
ja,test,2,2007-06,#7f7f7f7
arxiv,test,1,2007-06,#7f7f7f7
sl,test,1,2007-06,#7f7f7f7
reddit.com,test,865,2007-07,#7f7f7f7
programming,test,42,2007-07,#7f7f7f7
science,test,19,2007-07,#7f7f7f7
freeculture,test,5,2007-07,#7f7f7f7
ru,test,3,2007-07,#7f7f7f7
tr,test,3,2007-07,#7f7f7f7
features,test,2,2007-07,#7f7f7f7
ja,test,2,2007-07,#7f7f7f7
sl,test,2,2007-07,#7f7f7f7
ads,test,1,2007-07,#7f7f7f7
it,test,1,2007-07,#7f7f7f7
netsec,test,1,2007-07,#7f7f7f7
nsfw,test,1,2007-07,#7f7f7f7
request,test,1,2007-07,#7f7f7f7
reddit.com,test,32072,2007-10,#7f7f7f7
politics,test,4369,2007-10,#7f7f7f7
programming,test,1549,2007-10,#7f7f7f7
science,test,1305,2007-10,#7f7f7f7
entertainment,test,1270,2007-10,#7f7f7f7
business,test,996,2007-10,#7f7f7f7
sports,test,425,2007-10,#7f7f7f7
gaming,test,411,2007-10,#7f7f7f7
nsfw,test,385,2007-10,#7f7f7f7
gadgets,test,316,2007-10,#7f7f7f7
ja,test,104,2007-10,#7f7f7f7
ru,test,85,2007-10,#7f7f7f7
fr,test,75,2007-10,#7f7f7f7
it,test,71,2007-10,#7f7f7f7
netsec,test,58,2007-10,#7f7f7f7
bugs,test,54,2007-10,#7f7f7f7
tr,test,46,2007-10,#7f7f7f7
sl,test,25,2007-10,#7f7f7f7
ads,test,24,2007-10,#7f7f7f7
eo,test,1,2007-10,#7f7f7f7
moveon,test,1,2007-10,#7f7f7f7
reddit.com,test,57189,2007-11,#7f7f7f7
politics,test,8258,2007-11,#7f7f7f7
entertainment,test,2881,2007-11,#7f7f7f7
programming,test,2784,2007-11,#7f7f7f7
science,test,2435,2007-11,#7f7f7f7
business,test,2337,2007-11,#7f7f7f7
gadgets,test,886,2007-11,#7f7f7f7
sports,test,884,2007-11,#7f7f7f7
gaming,test,875,2007-11,#7f7f7f7
nsfw,test,364,2007-11,#7f7f7f7
fr,test,311,2007-11,#7f7f7f7
ja,test,250,2007-11,#7f7f7f7
netsec,test,162,2007-11,#7f7f7f7
ru,test,155,2007-11,#7f7f7f7
it,test,121,2007-11,#7f7f7f7
ads,test,82,2007-11,#7f7f7f7
sl,test,42,2007-11,#7f7f7f7
tr,test,40,2007-11,#7f7f7f7
de,test,36,2007-11,#7f7f7f7
nl,test,2,2007-11,#7f7f7f7
pl,test,1,2007-11,#7f7f7f7
reddit.com,test,69932,2008-01,#7f7f7f7
politics,test,13400,2008-01,#7f7f7f7
entertainment,test,5428,2008-01,#7f7f7f7
business,test,3578,2008-01,#7f7f7f7
science,test,3485,2008-01,#7f7f7f7
programming,test,3154,2008-01,#7f7f7f7
sports,test,1459,2008-01,#7f7f7f7
gaming,test,1420,2008-01,#7f7f7f7
gadgets,test,1327,2008-01,#7f7f7f7
nsfw,test,789,2008-01,#7f7f7f7
ja,test,263,2008-01,#7f7f7f7
netsec,test,233,2008-01,#7f7f7f7
fr,test,170,2008-01,#7f7f7f7
ru,test,132,2008-01,#7f7f7f7
it,test,119,2008-01,#7f7f7f7
pics,test,108,2008-01,#7f7f7f7
xkcd,test,106,2008-01,#7f7f7f7
tr,test,102,2008-01,#7f7f7f7
joel,test,81,2008-01,#7f7f7f7
teevee,test,4,2008-01,#7f7f7f7
4chan,test,3,2008-01,#7f7f7f7
reddit.com,test,67792,2008-02,#7f7f7f7
politics,test,13144,2008-02,#7f7f7f7
entertainment,test,4627,2008-02,#7f7f7f7
business,test,3180,2008-02,#7f7f7f7
science,test,3079,2008-02,#7f7f7f7
programming,test,2584,2008-02,#7f7f7f7
gaming,test,1611,2008-02,#7f7f7f7
sports,test,1439,2008-02,#7f7f7f7
technology,test,1420,2008-02,#7f7f7f7
pics,test,1144,2008-02,#7f7f7f7
worldnews,test,1062,2008-02,#7f7f7f7
gadgets,test,990,2008-02,#7f7f7f7
offbeat,test,918,2008-02,#7f7f7f7
nsfw,test,706,2008-02,#7f7f7f7
zh,test,449,2008-02,#7f7f7f7
environment,test,416,2008-02,#7f7f7f7
Economics,test,347,2008-02,#7f7f7f7
WTF,test,334,2008-02,#7f7f7f7
l33t,test,324,2008-02,#7f7f7f7
euro,test,10,2008-02,#7f7f7f7
inspirational,test,10,2008-02,#7f7f7f7
reddit.com,test,71697,2008-03,#7f7f7f7
politics,test,12537,2008-03,#7f7f7f7
entertainment,test,5103,2008-03,#7f7f7f7
business,test,4323,2008-03,#7f7f7f7
science,test,3263,2008-03,#7f7f7f7
programming,test,2859,2008-03,#7f7f7f7
pics,test,2835,2008-03,#7f7f7f7
worldnews,test,2805,2008-03,#7f7f7f7
funny,test,2581,2008-03,#7f7f7f7
gaming,test,1847,2008-03,#7f7f7f7
technology,test,1632,2008-03,#7f7f7f7
nsfw,test,1010,2008-03,#7f7f7f7
offbeat,test,980,2008-03,#7f7f7f7
WTF,test,883,2008-03,#7f7f7f7
Economics,test,835,2008-03,#7f7f7f7
gadgets,test,793,2008-03,#7f7f7f7
environment,test,765,2008-03,#7f7f7f7
sports,test,577,2008-03,#7f7f7f7
zh,test,554,2008-03,#7f7f7f7
sex,test,21,2008-03,#7f7f7f7
xbox360,test,21,2008-03,#7f7f7f7
reddit.com,test,68345,2008-04,#7f7f7f7
politics,test,11044,2008-04,#7f7f7f7
entertainment,test,5539,2008-04,#7f7f7f7
business,test,5347,2008-04,#7f7f7f7
funny,test,3865,2008-04,#7f7f7f7
pics,test,3659,2008-04,#7f7f7f7
worldnews,test,3594,2008-04,#7f7f7f7
science,test,3548,2008-04,#7f7f7f7
programming,test,3211,2008-04,#7f7f7f7
technology,test,1734,2008-04,#7f7f7f7
gaming,test,1318,2008-04,#7f7f7f7
offbeat,test,828,2008-04,#7f7f7f7
WTF,test,783,2008-04,#7f7f7f7
environment,test,783,2008-04,#7f7f7f7
it,test,569,2008-04,#7f7f7f7
nsfw,test,514,2008-04,#7f7f7f7
Economics,test,508,2008-04,#7f7f7f7
sports,test,472,2008-04,#7f7f7f7
gadgets,test,395,2008-04,#7f7f7f7
nature,test,26,2008-04,#7f7f7f7
xbox360,test,26,2008-04,#7f7f7f7
reddit.com,test,69072,2008-05,#7f7f7f7
politics,test,12241,2008-05,#7f7f7f7
entertainment,test,6943,2008-05,#7f7f7f7
business,test,5666,2008-05,#7f7f7f7
pics,test,4832,2008-05,#7f7f7f7
technology,test,4310,2008-05,#7f7f7f7
funny,test,4186,2008-05,#7f7f7f7
worldnews,test,3936,2008-05,#7f7f7f7
science,test,3309,2008-05,#7f7f7f7
programming,test,2662,2008-05,#7f7f7f7
gaming,test,996,2008-05,#7f7f7f7
WTF,test,836,2008-05,#7f7f7f7
environment,test,833,2008-05,#7f7f7f7
offbeat,test,760,2008-05,#7f7f7f7
it,test,701,2008-05,#7f7f7f7
nsfw,test,634,2008-05,#7f7f7f7
sports,test,476,2008-05,#7f7f7f7
ja,test,414,2008-05,#7f7f7f7
Economics,test,384,2008-05,#7f7f7f7
agile,test,28,2008-05,#7f7f7f7
arabic,test,28,2008-05,#7f7f7f7
reddit.com,test,71983,2008-06,#7f7f7f7
politics,test,12543,2008-06,#7f7f7f7
entertainment,test,7068,2008-06,#7f7f7f7
pics,test,5101,2008-06,#7f7f7f7
technology,test,4883,2008-06,#7f7f7f7
worldnews,test,4549,2008-06,#7f7f7f7
funny,test,3958,2008-06,#7f7f7f7
business,test,3155,2008-06,#7f7f7f7
science,test,2985,2008-06,#7f7f7f7
programming,test,2660,2008-06,#7f7f7f7
WTF,test,2383,2008-06,#7f7f7f7
environment,test,1549,2008-06,#7f7f7f7
offbeat,test,1497,2008-06,#7f7f7f7
gaming,test,1157,2008-06,#7f7f7f7
nsfw,test,851,2008-06,#7f7f7f7
Economics,test,614,2008-06,#7f7f7f7
videos,test,564,2008-06,#7f7f7f7
comics,test,542,2008-06,#7f7f7f7
AskReddit,test,490,2008-06,#7f7f7f7
WebNews,test,40,2008-06,#7f7f7f7
WorldWideNews,test,40,2008-06,#7f7f7f7
reddit.com,test,77650,2008-07,#7f7f7f7
politics,test,12193,2008-07,#7f7f7f7
entertainment,test,6793,2008-07,#7f7f7f7
pics,test,5992,2008-07,#7f7f7f7
technology,test,5573,2008-07,#7f7f7f7
worldnews,test,5107,2008-07,#7f7f7f7
funny,test,4552,2008-07,#7f7f7f7
WTF,test,3597,2008-07,#7f7f7f7
science,test,2999,2008-07,#7f7f7f7
programming,test,2836,2008-07,#7f7f7f7
business,test,2810,2008-07,#7f7f7f7
offbeat,test,1772,2008-07,#7f7f7f7
environment,test,1736,2008-07,#7f7f7f7
gaming,test,1476,2008-07,#7f7f7f7
nsfw,test,1166,2008-07,#7f7f7f7
Economics,test,975,2008-07,#7f7f7f7
energy,test,869,2008-07,#7f7f7f7
news,test,815,2008-07,#7f7f7f7
comics,test,733,2008-07,#7f7f7f7
writing,test,58,2008-07,#7f7f7f7
blackchasm,test,55,2008-07,#7f7f7f7
reddit.com,test,72749,2008-08,#7f7f7f7
politics,test,13707,2008-08,#7f7f7f7
entertainment,test,6579,2008-08,#7f7f7f7
pics,test,6126,2008-08,#7f7f7f7
technology,test,5223,2008-08,#7f7f7f7
worldnews,test,5015,2008-08,#7f7f7f7
funny,test,4059,2008-08,#7f7f7f7
WTF,test,3946,2008-08,#7f7f7f7
science,test,2924,2008-08,#7f7f7f7
programming,test,2624,2008-08,#7f7f7f7
environment,test,1718,2008-08,#7f7f7f7
offbeat,test,1672,2008-08,#7f7f7f7
business,test,1615,2008-08,#7f7f7f7
gaming,test,1348,2008-08,#7f7f7f7
nsfw,test,963,2008-08,#7f7f7f7
Health,test,903,2008-08,#7f7f7f7
Economics,test,893,2008-08,#7f7f7f7
sports,test,877,2008-08,#7f7f7f7
energy,test,766,2008-08,#7f7f7f7
auto,test,57,2008-08,#7f7f7f7
opensource,test,57,2008-08,#7f7f7f7
reddit.com,test,82654,2008-09,#7f7f7f7
politics,test,25804,2008-09,#7f7f7f7
pics,test,6366,2008-09,#7f7f7f7
technology,test,5976,2008-09,#7f7f7f7
worldnews,test,4542,2008-09,#7f7f7f7
funny,test,4439,2008-09,#7f7f7f7
business,test,4340,2008-09,#7f7f7f7
WTF,test,4040,2008-09,#7f7f7f7
entertainment,test,3542,2008-09,#7f7f7f7
science,test,3084,2008-09,#7f7f7f7
programming,test,2600,2008-09,#7f7f7f7
Economics,test,2157,2008-09,#7f7f7f7
offbeat,test,1812,2008-09,#7f7f7f7
environment,test,1649,2008-09,#7f7f7f7
gaming,test,1308,2008-09,#7f7f7f7
nsfw,test,1204,2008-09,#7f7f7f7
comics,test,990,2008-09,#7f7f7f7
sports,test,957,2008-09,#7f7f7f7
celebrities,test,845,2008-09,#7f7f7f7
Anarchism,test,82,2008-09,#7f7f7f7
hu,test,80,2008-09,#7f7f7f7
reddit.com,test,83458,2008-10,#7f7f7f7
politics,test,29595,2008-10,#7f7f7f7
pics,test,7665,2008-10,#7f7f7f7
business,test,6330,2008-10,#7f7f7f7
technology,test,5661,2008-10,#7f7f7f7
funny,test,4946,2008-10,#7f7f7f7
WTF,test,4635,2008-10,#7f7f7f7
worldnews,test,4049,2008-10,#7f7f7f7
entertainment,test,3582,2008-10,#7f7f7f7
science,test,3416,2008-10,#7f7f7f7
Economics,test,3068,2008-10,#7f7f7f7
gossip,test,2938,2008-10,#7f7f7f7
programming,test,2373,2008-10,#7f7f7f7
offbeat,test,2298,2008-10,#7f7f7f7
nsfw,test,1548,2008-10,#7f7f7f7
environment,test,1509,2008-10,#7f7f7f7
gaming,test,1485,2008-10,#7f7f7f7
obama,test,1310,2008-10,#7f7f7f7
comics,test,1077,2008-10,#7f7f7f7
scifi,test,100,2008-10,#7f7f7f7
Frugal,test,99,2008-10,#7f7f7f7
reddit.com,test,84284,2008-11,#7f7f7f7
politics,test,17499,2008-11,#7f7f7f7
pics,test,8908,2008-11,#7f7f7f7
worldnews,test,5821,2008-11,#7f7f7f7
technology,test,5778,2008-11,#7f7f7f7
business,test,5415,2008-11,#7f7f7f7
funny,test,5170,2008-11,#7f7f7f7
WTF,test,5064,2008-11,#7f7f7f7
gossip,test,4012,2008-11,#7f7f7f7
entertainment,test,3571,2008-11,#7f7f7f7
science,test,3569,2008-11,#7f7f7f7
offbeat,test,2438,2008-11,#7f7f7f7
programming,test,2381,2008-11,#7f7f7f7
nsfw,test,1988,2008-11,#7f7f7f7
Economics,test,1768,2008-11,#7f7f7f7
gaming,test,1531,2008-11,#7f7f7f7
environment,test,1503,2008-11,#7f7f7f7
obama,test,1321,2008-11,#7f7f7f7
sports,test,1165,2008-11,#7f7f7f7
pt,test,98,2008-11,#7f7f7f7
Anarchism,test,97,2008-11,#7f7f7f7
reddit.com,test,90286,2008-12,#7f7f7f7
politics,test,10360,2008-12,#7f7f7f7
pics,test,8956,2008-12,#7f7f7f7
technology,test,6694,2008-12,#7f7f7f7
worldnews,test,6684,2008-12,#7f7f7f7
funny,test,5643,2008-12,#7f7f7f7
WTF,test,5420,2008-12,#7f7f7f7
gossip,test,4578,2008-12,#7f7f7f7
business,test,4504,2008-12,#7f7f7f7
entertainment,test,3976,2008-12,#7f7f7f7
science,test,3727,2008-12,#7f7f7f7
nsfw,test,2831,2008-12,#7f7f7f7
programming,test,2813,2008-12,#7f7f7f7
offbeat,test,2578,2008-12,#7f7f7f7
gaming,test,1709,2008-12,#7f7f7f7
Economics,test,1616,2008-12,#7f7f7f7
AskReddit,test,1606,2008-12,#7f7f7f7
environment,test,1362,2008-12,#7f7f7f7
atheism,test,1328,2008-12,#7f7f7f7
deutschland,test,104,2008-12,#7f7f7f7
books,test,100,2008-12,#7f7f7f7
reddit.com,test,104156,2009-01,#7f7f7f7
politics,test,13210,2009-01,#7f7f7f7
pics,test,9049,2009-01,#7f7f7f7
worldnews,test,8864,2009-01,#7f7f7f7
technology,test,7808,2009-01,#7f7f7f7
WTF,test,6802,2009-01,#7f7f7f7
funny,test,6469,2009-01,#7f7f7f7
gossip,test,4952,2009-01,#7f7f7f7
science,test,4194,2009-01,#7f7f7f7
entertainment,test,3806,2009-01,#7f7f7f7
business,test,3677,2009-01,#7f7f7f7
nsfw,test,3331,2009-01,#7f7f7f7
programming,test,3311,2009-01,#7f7f7f7
offbeat,test,2693,2009-01,#7f7f7f7
gaming,test,2163,2009-01,#7f7f7f7
AskReddit,test,2120,2009-01,#7f7f7f7
atheism,test,1817,2009-01,#7f7f7f7
sports,test,1739,2009-01,#7f7f7f7
Economics,test,1679,2009-01,#7f7f7f7
AmericanPolitics,test,141,2009-01,#7f7f7f7
self,test,140,2009-01,#7f7f7f7
reddit.com,test,105296,2009-02,#7f7f7f7
politics,test,11874,2009-02,#7f7f7f7
pics,test,10197,2009-02,#7f7f7f7
worldnews,test,7983,2009-02,#7f7f7f7
technology,test,7790,2009-02,#7f7f7f7
funny,test,6574,2009-02,#7f7f7f7
WTF,test,6540,2009-02,#7f7f7f7
gossip,test,4996,2009-02,#7f7f7f7
business,test,4730,2009-02,#7f7f7f7
science,test,4016,2009-02,#7f7f7f7
entertainment,test,3770,2009-02,#7f7f7f7
nsfw,test,3241,2009-02,#7f7f7f7
programming,test,3232,2009-02,#7f7f7f7
gaming,test,2806,2009-02,#7f7f7f7
AskReddit,test,2279,2009-02,#7f7f7f7
offbeat,test,2110,2009-02,#7f7f7f7
Economics,test,1930,2009-02,#7f7f7f7
sports,test,1632,2009-02,#7f7f7f7
atheism,test,1621,2009-02,#7f7f7f7
inkblotter,test,129,2009-02,#7f7f7f7
crime,test,127,2009-02,#7f7f7f7
reddit.com,test,122386,2009-04,#7f7f7f7
pics,test,11551,2009-04,#7f7f7f7
politics,test,11044,2009-04,#7f7f7f7
technology,test,8288,2009-04,#7f7f7f7
worldnews,test,7754,2009-04,#7f7f7f7
funny,test,7256,2009-04,#7f7f7f7
WTF,test,7084,2009-04,#7f7f7f7
gossip,test,5646,2009-04,#7f7f7f7
science,test,3891,2009-04,#7f7f7f7
AskReddit,test,3657,2009-04,#7f7f7f7
entertainment,test,3483,2009-04,#7f7f7f7
programming,test,3378,2009-04,#7f7f7f7
business,test,2899,2009-04,#7f7f7f7
gaming,test,2856,2009-04,#7f7f7f7
atheism,test,2444,2009-04,#7f7f7f7
nsfw,test,2147,2009-04,#7f7f7f7
offbeat,test,1915,2009-04,#7f7f7f7
Economics,test,1554,2009-04,#7f7f7f7
environment,test,1477,2009-04,#7f7f7f7
WeAreTheMusicMakers,test,145,2009-04,#7f7f7f7
nl,test,145,2009-04,#7f7f7f7
reddit.com,test,123931,2009-05,#7f7f7f7
pics,test,11050,2009-05,#7f7f7f7
politics,test,10709,2009-05,#7f7f7f7
worldnews,test,6861,2009-05,#7f7f7f7
WTF,test,6691,2009-05,#7f7f7f7
funny,test,6640,2009-05,#7f7f7f7
gossip,test,5776,2009-05,#7f7f7f7
technology,test,4969,2009-05,#7f7f7f7
AskReddit,test,4852,2009-05,#7f7f7f7
science,test,4260,2009-05,#7f7f7f7
programming,test,3646,2009-05,#7f7f7f7
entertainment,test,3402,2009-05,#7f7f7f7
gaming,test,3008,2009-05,#7f7f7f7
nsfw,test,2650,2009-05,#7f7f7f7
business,test,2548,2009-05,#7f7f7f7
atheism,test,2403,2009-05,#7f7f7f7
offbeat,test,1898,2009-05,#7f7f7f7
it,test,1436,2009-05,#7f7f7f7
comics,test,1381,2009-05,#7f7f7f7
lolcats,test,158,2009-05,#7f7f7f7
Python,test,156,2009-05,#7f7f7f7
reddit.com,test,133889,2009-06,#7f7f7f7
politics,test,11754,2009-06,#7f7f7f7
pics,test,11541,2009-06,#7f7f7f7
worldnews,test,8554,2009-06,#7f7f7f7
WTF,test,7456,2009-06,#7f7f7f7
funny,test,7012,2009-06,#7f7f7f7
gossip,test,6880,2009-06,#7f7f7f7
technology,test,5856,2009-06,#7f7f7f7
AskReddit,test,4254,2009-06,#7f7f7f7
programming,test,3974,2009-06,#7f7f7f7
science,test,3939,2009-06,#7f7f7f7
entertainment,test,3671,2009-06,#7f7f7f7
gaming,test,3579,2009-06,#7f7f7f7
nsfw,test,3075,2009-06,#7f7f7f7
business,test,2788,2009-06,#7f7f7f7
atheism,test,2241,2009-06,#7f7f7f7
offbeat,test,1871,2009-06,#7f7f7f7
Economics,test,1567,2009-06,#7f7f7f7
news,test,1566,2009-06,#7f7f7f7
writing,test,169,2009-06,#7f7f7f7
Python,test,164,2009-06,#7f7f7f7
reddit.com,test,148477,2009-07,#7f7f7f7
pics,test,14216,2009-07,#7f7f7f7
politics,test,12501,2009-07,#7f7f7f7
funny,test,8700,2009-07,#7f7f7f7
technology,test,8217,2009-07,#7f7f7f7
WTF,test,8091,2009-07,#7f7f7f7
worldnews,test,7022,2009-07,#7f7f7f7
AskReddit,test,4784,2009-07,#7f7f7f7
science,test,4407,2009-07,#7f7f7f7
entertainment,test,4078,2009-07,#7f7f7f7
gossip,test,4026,2009-07,#7f7f7f7
programming,test,4025,2009-07,#7f7f7f7
gaming,test,3627,2009-07,#7f7f7f7
business,test,3476,2009-07,#7f7f7f7
nsfw,test,3303,2009-07,#7f7f7f7
atheism,test,2560,2009-07,#7f7f7f7
offbeat,test,2051,2009-07,#7f7f7f7
news,test,1999,2009-07,#7f7f7f7
sports,test,1990,2009-07,#7f7f7f7
mexico,test,185,2009-07,#7f7f7f7
gonewild,test,183,2009-07,#7f7f7f7
reddit.com,test,149241,2009-08,#7f7f7f7
politics,test,15035,2009-08,#7f7f7f7
pics,test,13578,2009-08,#7f7f7f7
funny,test,9031,2009-08,#7f7f7f7
WTF,test,8042,2009-08,#7f7f7f7
AskReddit,test,7141,2009-08,#7f7f7f7
technology,test,6599,2009-08,#7f7f7f7
worldnews,test,6272,2009-08,#7f7f7f7
gossip,test,5127,2009-08,#7f7f7f7
gaming,test,4284,2009-08,#7f7f7f7
science,test,4074,2009-08,#7f7f7f7
entertainment,test,3834,2009-08,#7f7f7f7
programming,test,3622,2009-08,#7f7f7f7
business,test,3580,2009-08,#7f7f7f7
videos,test,2871,2009-08,#7f7f7f7
atheism,test,2658,2009-08,#7f7f7f7
nsfw,test,2633,2009-08,#7f7f7f7
Music,test,2295,2009-08,#7f7f7f7
Health,test,2155,2009-08,#7f7f7f7
math,test,204,2009-08,#7f7f7f7
netsec,test,204,2009-08,#7f7f7f7
reddit.com,test,152259,2009-09,#7f7f7f7
politics,test,14886,2009-09,#7f7f7f7
pics,test,11401,2009-09,#7f7f7f7
WTF,test,9314,2009-09,#7f7f7f7
AskReddit,test,9312,2009-09,#7f7f7f7
funny,test,8186,2009-09,#7f7f7f7
worldnews,test,5955,2009-09,#7f7f7f7
gossip,test,4933,2009-09,#7f7f7f7
technology,test,4839,2009-09,#7f7f7f7
gaming,test,4350,2009-09,#7f7f7f7
science,test,3908,2009-09,#7f7f7f7
entertainment,test,3686,2009-09,#7f7f7f7
programming,test,3585,2009-09,#7f7f7f7
business,test,2909,2009-09,#7f7f7f7
atheism,test,2683,2009-09,#7f7f7f7
Music,test,2397,2009-09,#7f7f7f7
DoesAnybodyElse,test,2385,2009-09,#7f7f7f7
nsfw,test,2372,2009-09,#7f7f7f7
videos,test,2358,2009-09,#7f7f7f7
fashion,test,214,2009-09,#7f7f7f7
cogsci,test,213,2009-09,#7f7f7f7
reddit.com,test,158738,2009-10,#7f7f7f7
politics,test,13188,2009-10,#7f7f7f7
pics,test,10880,2009-10,#7f7f7f7
AskReddit,test,10733,2009-10,#7f7f7f7
WTF,test,8928,2009-10,#7f7f7f7
funny,test,8462,2009-10,#7f7f7f7
worldnews,test,6627,2009-10,#7f7f7f7
gossip,test,5060,2009-10,#7f7f7f7
gaming,test,4528,2009-10,#7f7f7f7
science,test,4386,2009-10,#7f7f7f7
technology,test,4114,2009-10,#7f7f7f7
programming,test,3730,2009-10,#7f7f7f7
entertainment,test,3098,2009-10,#7f7f7f7
business,test,3057,2009-10,#7f7f7f7
IAmA,test,2813,2009-10,#7f7f7f7
Music,test,2801,2009-10,#7f7f7f7
atheism,test,2693,2009-10,#7f7f7f7
nsfw,test,2653,2009-10,#7f7f7f7
videos,test,2552,2009-10,#7f7f7f7
Metal,test,247,2009-10,#7f7f7f7
guns,test,245,2009-10,#7f7f7f7
reddit.com,test,158911,2009-11,#7f7f7f7
pics,test,12167,2009-11,#7f7f7f7
politics,test,11825,2009-11,#7f7f7f7
AskReddit,test,10617,2009-11,#7f7f7f7
WTF,test,8398,2009-11,#7f7f7f7
funny,test,8364,2009-11,#7f7f7f7
worldnews,test,6704,2009-11,#7f7f7f7
gaming,test,6014,2009-11,#7f7f7f7
science,test,3898,2009-11,#7f7f7f7
technology,test,3730,2009-11,#7f7f7f7
gossip,test,3561,2009-11,#7f7f7f7
programming,test,3252,2009-11,#7f7f7f7
business,test,2949,2009-11,#7f7f7f7
entertainment,test,2785,2009-11,#7f7f7f7
Music,test,2555,2009-11,#7f7f7f7
atheism,test,2401,2009-11,#7f7f7f7
videos,test,2314,2009-11,#7f7f7f7
nsfw,test,2225,2009-11,#7f7f7f7
DoesAnybodyElse,test,2176,2009-11,#7f7f7f7
MMA,test,228,2009-11,#7f7f7f7
LegalTeens,test,227,2009-11,#7f7f7f7
reddit.com,test,170533,2009-12,#7f7f7f7
pics,test,15056,2009-12,#7f7f7f7
AskReddit,test,14200,2009-12,#7f7f7f7
politics,test,11701,2009-12,#7f7f7f7
funny,test,8839,2009-12,#7f7f7f7
WTF,test,8214,2009-12,#7f7f7f7
worldnews,test,7677,2009-12,#7f7f7f7
gaming,test,6291,2009-12,#7f7f7f7
technology,test,4605,2009-12,#7f7f7f7
science,test,4327,2009-12,#7f7f7f7
gossip,test,4288,2009-12,#7f7f7f7
business,test,3658,2009-12,#7f7f7f7
atheism,test,2987,2009-12,#7f7f7f7
Music,test,2933,2009-12,#7f7f7f7
programming,test,2882,2009-12,#7f7f7f7
videos,test,2676,2009-12,#7f7f7f7
nsfw,test,2409,2009-12,#7f7f7f7
DoesAnybodyElse,test,2394,2009-12,#7f7f7f7
entertainment,test,2384,2009-12,#7f7f7f7
australia,test,257,2009-12,#7f7f7f7
Ambientalmente,test,252,2009-12,#7f7f7f7
reddit.com,test,170634,2010-02,#7f7f7f7
AskReddit,test,14671,2010-02,#7f7f7f7
pics,test,14445,2010-02,#7f7f7f7
politics,test,12095,2010-02,#7f7f7f7
funny,test,9364,2010-02,#7f7f7f7
WTF,test,8517,2010-02,#7f7f7f7
worldnews,test,7876,2010-02,#7f7f7f7
gaming,test,7056,2010-02,#7f7f7f7
technology,test,5113,2010-02,#7f7f7f7
science,test,4538,2010-02,#7f7f7f7
business,test,3898,2010-02,#7f7f7f7
gossip,test,3562,2010-02,#7f7f7f7
Music,test,3460,2010-02,#7f7f7f7
reportthespammers,test,3249,2010-02,#7f7f7f7
programming,test,3169,2010-02,#7f7f7f7
videos,test,2975,2010-02,#7f7f7f7
news,test,2496,2010-02,#7f7f7f7
atheism,test,2494,2010-02,#7f7f7f7
entertainment,test,2404,2010-02,#7f7f7f7
Frugal,test,254,2010-02,#7f7f7f7
philosophy,test,254,2010-02,#7f7f7f7
reddit.com,test,206821,2010-03,#7f7f7f7
AskReddit,test,18794,2010-03,#7f7f7f7
pics,test,16795,2010-03,#7f7f7f7
politics,test,15587,2010-03,#7f7f7f7
funny,test,10120,2010-03,#7f7f7f7
WTF,test,9781,2010-03,#7f7f7f7
gaming,test,9523,2010-03,#7f7f7f7
worldnews,test,8034,2010-03,#7f7f7f7
reportthespammers,test,6162,2010-03,#7f7f7f7
technology,test,4765,2010-03,#7f7f7f7
science,test,4613,2010-03,#7f7f7f7
gossip,test,4554,2010-03,#7f7f7f7
Music,test,4124,2010-03,#7f7f7f7
programming,test,3574,2010-03,#7f7f7f7
business,test,3532,2010-03,#7f7f7f7
videos,test,3082,2010-03,#7f7f7f7
atheism,test,3006,2010-03,#7f7f7f7
entertainment,test,2658,2010-03,#7f7f7f7
trees,test,2496,2010-03,#7f7f7f7
shittyadvice,test,321,2010-03,#7f7f7f7
iphone,test,319,2010-03,#7f7f7f7
reddit.com,test,212597,2010-04,#7f7f7f7
AskReddit,test,18806,2010-04,#7f7f7f7
pics,test,17845,2010-04,#7f7f7f7
politics,test,13196,2010-04,#7f7f7f7
funny,test,10484,2010-04,#7f7f7f7
WTF,test,9435,2010-04,#7f7f7f7
gaming,test,9047,2010-04,#7f7f7f7
worldnews,test,8628,2010-04,#7f7f7f7
reportthespammers,test,6079,2010-04,#7f7f7f7
technology,test,4831,2010-04,#7f7f7f7
RapidshareList,test,4810,2010-04,#7f7f7f7
science,test,4001,2010-04,#7f7f7f7
Music,test,3887,2010-04,#7f7f7f7
programming,test,3542,2010-04,#7f7f7f7
gossip,test,3522,2010-04,#7f7f7f7
nsfw,test,3396,2010-04,#7f7f7f7
atheism,test,3359,2010-04,#7f7f7f7
videos,test,3315,2010-04,#7f7f7f7
business,test,3210,2010-04,#7f7f7f7
Ambientalmente,test,339,2010-04,#7f7f7f7
tf2,test,336,2010-04,#7f7f7f7
reddit.com,test,149478,2010-05,#7f7f7f7
pics,test,17833,2010-05,#7f7f7f7
AskReddit,test,17821,2010-05,#7f7f7f7
politics,test,11661,2010-05,#7f7f7f7
funny,test,9986,2010-05,#7f7f7f7
WTF,test,9294,2010-05,#7f7f7f7
gaming,test,8368,2010-05,#7f7f7f7
reportthespammers,test,7087,2010-05,#7f7f7f7
worldnews,test,7068,2010-05,#7f7f7f7
technology,test,4348,2010-05,#7f7f7f7
science,test,3994,2010-05,#7f7f7f7
Music,test,3592,2010-05,#7f7f7f7
videos,test,3363,2010-05,#7f7f7f7
programming,test,3141,2010-05,#7f7f7f7
atheism,test,3042,2010-05,#7f7f7f7
nsfw,test,2978,2010-05,#7f7f7f7
business,test,2642,2010-05,#7f7f7f7
RapidshareList,test,2603,2010-05,#7f7f7f7
trees,test,2551,2010-05,#7f7f7f7
Favors,test,311,2010-05,#7f7f7f7
MensRights,test,304,2010-05,#7f7f7f7
reddit.com,test,117293,2010-06,#7f7f7f7
pics,test,19717,2010-06,#7f7f7f7
AskReddit,test,16840,2010-06,#7f7f7f7
politics,test,12081,2010-06,#7f7f7f7
funny,test,10170,2010-06,#7f7f7f7
WTF,test,9424,2010-06,#7f7f7f7
gaming,test,8750,2010-06,#7f7f7f7
reportthespammers,test,7074,2010-06,#7f7f7f7
worldnews,test,6797,2010-06,#7f7f7f7
technology,test,4220,2010-06,#7f7f7f7
science,test,3594,2010-06,#7f7f7f7
videos,test,3451,2010-06,#7f7f7f7
Music,test,3295,2010-06,#7f7f7f7
atheism,test,3091,2010-06,#7f7f7f7
nsfw,test,2977,2010-06,#7f7f7f7
soccer,test,2965,2010-06,#7f7f7f7
trees,test,2654,2010-06,#7f7f7f7
comics,test,2475,2010-06,#7f7f7f7
business,test,2432,2010-06,#7f7f7f7
oilspill,test,331,2010-06,#7f7f7f7
software,test,314,2010-06,#7f7f7f7
reddit.com,test,121553,2010-08,#7f7f7f7
pics,test,21730,2010-08,#7f7f7f7
AskReddit,test,18348,2010-08,#7f7f7f7
politics,test,12508,2010-08,#7f7f7f7
funny,test,10461,2010-08,#7f7f7f7
WTF,test,9974,2010-08,#7f7f7f7
gaming,test,8474,2010-08,#7f7f7f7
reportthespammers,test,6299,2010-08,#7f7f7f7
Music,test,5550,2010-08,#7f7f7f7
worldnews,test,5547,2010-08,#7f7f7f7
trees,test,5494,2010-08,#7f7f7f7
technology,test,5085,2010-08,#7f7f7f7
videos,test,4812,2010-08,#7f7f7f7
business,test,3604,2010-08,#7f7f7f7
science,test,3593,2010-08,#7f7f7f7
atheism,test,3513,2010-08,#7f7f7f7
nsfw,test,3222,2010-08,#7f7f7f7
entertainment,test,3028,2010-08,#7f7f7f7
comics,test,2850,2010-08,#7f7f7f7
water,test,380,2010-08,#7f7f7f7
wow,test,377,2010-08,#7f7f7f7
reddit.com,test,128314,2010-09,#7f7f7f7
pics,test,25800,2010-09,#7f7f7f7
AskReddit,test,19525,2010-09,#7f7f7f7
politics,test,15428,2010-09,#7f7f7f7
funny,test,12187,2010-09,#7f7f7f7
WTF,test,10831,2010-09,#7f7f7f7
gaming,test,9571,2010-09,#7f7f7f7
trees,test,8111,2010-09,#7f7f7f7
technology,test,6197,2010-09,#7f7f7f7
Music,test,5685,2010-09,#7f7f7f7
reportthespammers,test,5600,2010-09,#7f7f7f7
worldnews,test,5422,2010-09,#7f7f7f7
videos,test,5330,2010-09,#7f7f7f7
atheism,test,4869,2010-09,#7f7f7f7
Minecraft,test,4636,2010-09,#7f7f7f7
fffffffuuuuuuuuuuuu,test,4218,2010-09,#7f7f7f7
science,test,3951,2010-09,#7f7f7f7
business,test,3575,2010-09,#7f7f7f7
nsfw,test,3245,2010-09,#7f7f7f7
wow,test,451,2010-09,#7f7f7f7
beer,test,434,2010-09,#7f7f7f7
reddit.com,test,129398,2010-10,#7f7f7f7
pics,test,26046,2010-10,#7f7f7f7
AskReddit,test,20100,2010-10,#7f7f7f7
politics,test,16460,2010-10,#7f7f7f7
funny,test,12536,2010-10,#7f7f7f7
WTF,test,11445,2010-10,#7f7f7f7
gaming,test,9574,2010-10,#7f7f7f7
trees,test,9090,2010-10,#7f7f7f7
reportthespammers,test,6389,2010-10,#7f7f7f7
technology,test,6095,2010-10,#7f7f7f7
Music,test,5879,2010-10,#7f7f7f7
Minecraft,test,5798,2010-10,#7f7f7f7
fffffffuuuuuuuuuuuu,test,5304,2010-10,#7f7f7f7
videos,test,5195,2010-10,#7f7f7f7
worldnews,test,5190,2010-10,#7f7f7f7
atheism,test,4497,2010-10,#7f7f7f7
science,test,4045,2010-10,#7f7f7f7
business,test,3794,2010-10,#7f7f7f7
entertainment,test,3230,2010-10,#7f7f7f7
Anarchism,test,484,2010-10,#7f7f7f7
Autos,test,484,2010-10,#7f7f7f7
reddit.com,test,130834,2010-11,#7f7f7f7
pics,test,28315,2010-11,#7f7f7f7
AskReddit,test,23450,2010-11,#7f7f7f7
politics,test,17926,2010-11,#7f7f7f7
funny,test,14015,2010-11,#7f7f7f7
WTF,test,12595,2010-11,#7f7f7f7
gaming,test,11243,2010-11,#7f7f7f7
trees,test,9578,2010-11,#7f7f7f7
Music,test,7093,2010-11,#7f7f7f7
reportthespammers,test,6224,2010-11,#7f7f7f7
technology,test,6076,2010-11,#7f7f7f7
videos,test,6032,2010-11,#7f7f7f7
fffffffuuuuuuuuuuuu,test,5808,2010-11,#7f7f7f7
worldnews,test,5738,2010-11,#7f7f7f7
atheism,test,4767,2010-11,#7f7f7f7
Minecraft,test,4261,2010-11,#7f7f7f7
DoesAnybodyElse,test,3893,2010-11,#7f7f7f7
business,test,3722,2010-11,#7f7f7f7
science,test,3552,2010-11,#7f7f7f7
shittyadvice,test,542,2010-11,#7f7f7f7
web_design,test,541,2010-11,#7f7f7f7
reddit.com,test,134511,2010-12,#7f7f7f7
pics,test,32815,2010-12,#7f7f7f7
AskReddit,test,24494,2010-12,#7f7f7f7
politics,test,16683,2010-12,#7f7f7f7
funny,test,15511,2010-12,#7f7f7f7
gaming,test,12907,2010-12,#7f7f7f7
WTF,test,12882,2010-12,#7f7f7f7
trees,test,12359,2010-12,#7f7f7f7
fffffffuuuuuuuuuuuu,test,10399,2010-12,#7f7f7f7
worldnews,test,7469,2010-12,#7f7f7f7
Music,test,7383,2010-12,#7f7f7f7
reportthespammers,test,7368,2010-12,#7f7f7f7
videos,test,6562,2010-12,#7f7f7f7
atheism,test,6177,2010-12,#7f7f7f7
technology,test,5877,2010-12,#7f7f7f7
Minecraft,test,4223,2010-12,#7f7f7f7
DoesAnybodyElse,test,4151,2010-12,#7f7f7f7
circlejerk,test,4108,2010-12,#7f7f7f7
business,test,3680,2010-12,#7f7f7f7
economy,test,579,2010-12,#7f7f7f7
leagueoflegends,test,576,2010-12,#7f7f7f7
reddit.com,test,202756,2011-01,#7f7f7f7
pics,test,47769,2011-01,#7f7f7f7
AskReddit,test,34255,2011-01,#7f7f7f7
politics,test,24550,2011-01,#7f7f7f7
funny,test,23670,2011-01,#7f7f7f7
WTF,test,19782,2011-01,#7f7f7f7
gaming,test,18723,2011-01,#7f7f7f7
fffffffuuuuuuuuuuuu,test,15516,2011-01,#7f7f7f7
trees,test,14998,2011-01,#7f7f7f7
Music,test,11415,2011-01,#7f7f7f7
reportthespammers,test,11312,2011-01,#7f7f7f7
worldnews,test,10444,2011-01,#7f7f7f7
videos,test,10353,2011-01,#7f7f7f7
atheism,test,9812,2011-01,#7f7f7f7
technology,test,8244,2011-01,#7f7f7f7
circlejerk,test,8055,2011-01,#7f7f7f7
Minecraft,test,6892,2011-01,#7f7f7f7
DoesAnybodyElse,test,5662,2011-01,#7f7f7f7
science,test,5402,2011-01,#7f7f7f7
answers,test,834,2011-01,#7f7f7f7
unitedkingdom,test,833,2011-01,#7f7f7f7
reddit.com,test,199268,2011-02,#7f7f7f7
pics,test,47826,2011-02,#7f7f7f7
AskReddit,test,33979,2011-02,#7f7f7f7
funny,test,25512,2011-02,#7f7f7f7
politics,test,24212,2011-02,#7f7f7f7
fffffffuuuuuuuuuuuu,test,18020,2011-02,#7f7f7f7
gaming,test,17909,2011-02,#7f7f7f7
WTF,test,16886,2011-02,#7f7f7f7
trees,test,15451,2011-02,#7f7f7f7
worldnews,test,13336,2011-02,#7f7f7f7
Music,test,11026,2011-02,#7f7f7f7
videos,test,10985,2011-02,#7f7f7f7
atheism,test,9591,2011-02,#7f7f7f7
reportthespammers,test,9538,2011-02,#7f7f7f7
technology,test,7271,2011-02,#7f7f7f7
circlejerk,test,6909,2011-02,#7f7f7f7
Minecraft,test,6677,2011-02,#7f7f7f7
todayilearned,test,6100,2011-02,#7f7f7f7
AdviceAnimals,test,5653,2011-02,#7f7f7f7
progressive,test,825,2011-02,#7f7f7f7
loseit,test,810,2011-02,#7f7f7f7
reddit.com,test,230126,2011-03,#7f7f7f7
pics,test,53086,2011-03,#7f7f7f7
AskReddit,test,39930,2011-03,#7f7f7f7
fffffffuuuuuuuuuuuu,test,32638,2011-03,#7f7f7f7
funny,test,31293,2011-03,#7f7f7f7
politics,test,26834,2011-03,#7f7f7f7
trees,test,21273,2011-03,#7f7f7f7
gaming,test,21162,2011-03,#7f7f7f7
worldnews,test,17037,2011-03,#7f7f7f7
WTF,test,17009,2011-03,#7f7f7f7
reportthespammers,test,16724,2011-03,#7f7f7f7
videos,test,16355,2011-03,#7f7f7f7
Music,test,11622,2011-03,#7f7f7f7
atheism,test,11110,2011-03,#7f7f7f7
todayilearned,test,9861,2011-03,#7f7f7f7
circlejerk,test,7771,2011-03,#7f7f7f7
technology,test,6799,2011-03,#7f7f7f7
DoesAnybodyElse,test,6552,2011-03,#7f7f7f7
IAmA,test,6307,2011-03,#7f7f7f7
bicycling,test,930,2011-03,#7f7f7f7
linux,test,920,2011-03,#7f7f7f7
reddit.com,test,202859,2011-04,#7f7f7f7
pics,test,59153,2011-04,#7f7f7f7
fffffffuuuuuuuuuuuu,test,41237,2011-04,#7f7f7f7
AskReddit,test,38632,2011-04,#7f7f7f7
funny,test,31531,2011-04,#7f7f7f7
gaming,test,26240,2011-04,#7f7f7f7
politics,test,24319,2011-04,#7f7f7f7
trees,test,22771,2011-04,#7f7f7f7
videos,test,18687,2011-04,#7f7f7f7
WTF,test,14952,2011-04,#7f7f7f7
reportthespammers,test,14821,2011-04,#7f7f7f7
firstworldproblems,test,12806,2011-04,#7f7f7f7
atheism,test,11677,2011-04,#7f7f7f7
worldnews,test,11536,2011-04,#7f7f7f7
todayilearned,test,10913,2011-04,#7f7f7f7
Music,test,10542,2011-04,#7f7f7f7
Minecraft,test,8365,2011-04,#7f7f7f7
IAmA,test,7288,2011-04,#7f7f7f7
circlejerk,test,6816,2011-04,#7f7f7f7
Favors,test,954,2011-04,#7f7f7f7
iphone,test,923,2011-04,#7f7f7f7
reddit.com,test,229433,2011-05,#7f7f7f7
pics,test,65341,2011-05,#7f7f7f7
fffffffuuuuuuuuuuuu,test,47095,2011-05,#7f7f7f7
AskReddit,test,44441,2011-05,#7f7f7f7
funny,test,36891,2011-05,#7f7f7f7
gaming,test,25906,2011-05,#7f7f7f7
politics,test,25585,2011-05,#7f7f7f7
videos,test,20812,2011-05,#7f7f7f7
trees,test,20363,2011-05,#7f7f7f7
worldnews,test,14715,2011-05,#7f7f7f7
WTF,test,14670,2011-05,#7f7f7f7
atheism,test,13869,2011-05,#7f7f7f7
reportthespammers,test,13817,2011-05,#7f7f7f7
firstworldproblems,test,12544,2011-05,#7f7f7f7
todayilearned,test,12314,2011-05,#7f7f7f7
Music,test,11299,2011-05,#7f7f7f7
Minecraft,test,7473,2011-05,#7f7f7f7
AdviceAnimals,test,7350,2011-05,#7f7f7f7
starcraft,test,7179,2011-05,#7f7f7f7
space,test,1064,2011-05,#7f7f7f7
webcomics,test,1063,2011-05,#7f7f7f7
reddit.com,test,236609,2011-06,#7f7f7f7
pics,test,66264,2011-06,#7f7f7f7
AskReddit,test,47881,2011-06,#7f7f7f7
fffffffuuuuuuuuuuuu,test,45600,2011-06,#7f7f7f7
funny,test,36274,2011-06,#7f7f7f7
gaming,test,30807,2011-06,#7f7f7f7
politics,test,24622,2011-06,#7f7f7f7
trees,test,24160,2011-06,#7f7f7f7
videos,test,23246,2011-06,#7f7f7f7
reportthespammers,test,16779,2011-06,#7f7f7f7
WTF,test,14200,2011-06,#7f7f7f7
firstworldproblems,test,13546,2011-06,#7f7f7f7
todayilearned,test,13509,2011-06,#7f7f7f7
worldnews,test,12885,2011-06,#7f7f7f7
atheism,test,11974,2011-06,#7f7f7f7
AdviceAnimals,test,11128,2011-06,#7f7f7f7
Music,test,10552,2011-06,#7f7f7f7
starcraft,test,9229,2011-06,#7f7f7f7
Minecraft,test,8721,2011-06,#7f7f7f7
DAE,test,1162,2011-06,#7f7f7f7
Terraria,test,1120,2011-06,#7f7f7f7
reddit.com,test,254556,2011-07,#7f7f7f7
pics,test,75140,2011-07,#7f7f7f7
fffffffuuuuuuuuuuuu,test,50088,2011-07,#7f7f7f7
AskReddit,test,49796,2011-07,#7f7f7f7
funny,test,40799,2011-07,#7f7f7f7
trees,test,27512,2011-07,#7f7f7f7
gaming,test,26352,2011-07,#7f7f7f7
politics,test,25822,2011-07,#7f7f7f7
videos,test,25427,2011-07,#7f7f7f7
reportthespammers,test,19255,2011-07,#7f7f7f7
firstworldproblems,test,18506,2011-07,#7f7f7f7
worldnews,test,14279,2011-07,#7f7f7f7
WTF,test,13795,2011-07,#7f7f7f7
todayilearned,test,13382,2011-07,#7f7f7f7
atheism,test,12194,2011-07,#7f7f7f7
AdviceAnimals,test,11770,2011-07,#7f7f7f7
Music,test,11378,2011-07,#7f7f7f7
starcraft,test,11135,2011-07,#7f7f7f7
Minecraft,test,10416,2011-07,#7f7f7f7
pokemon,test,1363,2011-07,#7f7f7f7
mcservers,test,1343,2011-07,#7f7f7f7
reddit.com,test,271127,2011-08,#7f7f7f7
pics,test,84366,2011-08,#7f7f7f7
AskReddit,test,57467,2011-08,#7f7f7f7
fffffffuuuuuuuuuuuu,test,53639,2011-08,#7f7f7f7
funny,test,46882,2011-08,#7f7f7f7
trees,test,37639,2011-08,#7f7f7f7
gaming,test,33448,2011-08,#7f7f7f7
videos,test,27764,2011-08,#7f7f7f7
firstworldproblems,test,23721,2011-08,#7f7f7f7
politics,test,22889,2011-08,#7f7f7f7
reportthespammers,test,22486,2011-08,#7f7f7f7
AdviceAnimals,test,16251,2011-08,#7f7f7f7
WTF,test,15283,2011-08,#7f7f7f7
todayilearned,test,14531,2011-08,#7f7f7f7
worldnews,test,13945,2011-08,#7f7f7f7
atheism,test,13883,2011-08,#7f7f7f7
starcraft,test,13550,2011-08,#7f7f7f7
circlejerk,test,12458,2011-08,#7f7f7f7
Music,test,12165,2011-08,#7f7f7f7
cats,test,1480,2011-08,#7f7f7f7
worldpolitics,test,1452,2011-08,#7f7f7f7
reddit.com,test,302510,2011-09,#7f7f7f7
pics,test,85942,2011-09,#7f7f7f7
AskReddit,test,56448,2011-09,#7f7f7f7
funny,test,52261,2011-09,#7f7f7f7
fffffffuuuuuuuuuuuu,test,49903,2011-09,#7f7f7f7
trees,test,36447,2011-09,#7f7f7f7
gaming,test,31446,2011-09,#7f7f7f7
videos,test,28103,2011-09,#7f7f7f7
politics,test,22584,2011-09,#7f7f7f7
firstworldproblems,test,22199,2011-09,#7f7f7f7
Minecraft,test,20701,2011-09,#7f7f7f7
AdviceAnimals,test,18021,2011-09,#7f7f7f7
reportthespammers,test,17239,2011-09,#7f7f7f7
WTF,test,14864,2011-09,#7f7f7f7
circlejerk,test,13779,2011-09,#7f7f7f7
todayilearned,test,13757,2011-09,#7f7f7f7
atheism,test,13659,2011-09,#7f7f7f7
worldnews,test,12198,2011-09,#7f7f7f7
tf2trade,test,11573,2011-09,#7f7f7f7
seduction,test,1437,2011-09,#7f7f7f7
comicbooks,test,1426,2011-09,#7f7f7f7
reddit.com,test,153040,2011-10,#7f7f7f7
pics,test,106919,2011-10,#7f7f7f7
funny,test,75490,2011-10,#7f7f7f7
AskReddit,test,74603,2011-10,#7f7f7f7
fffffffuuuuuuuuuuuu,test,55974,2011-10,#7f7f7f7
trees,test,43023,2011-10,#7f7f7f7
gaming,test,36720,2011-10,#7f7f7f7
politics,test,35772,2011-10,#7f7f7f7
videos,test,34525,2011-10,#7f7f7f7
AdviceAnimals,test,21996,2011-10,#7f7f7f7
firstworldproblems,test,21205,2011-10,#7f7f7f7
WTF,test,19693,2011-10,#7f7f7f7
todayilearned,test,18078,2011-10,#7f7f7f7
atheism,test,17942,2011-10,#7f7f7f7
worldnews,test,17075,2011-10,#7f7f7f7
tf2trade,test,16970,2011-10,#7f7f7f7
Minecraft,test,15943,2011-10,#7f7f7f7
circlejerk,test,15461,2011-10,#7f7f7f7
starcraft,test,15168,2011-10,#7f7f7f7
anime,test,1746,2011-10,#7f7f7f7
self,test,1737,2011-10,#7f7f7f7
funny,test,102293,2011-11,#7f7f7f7
pics,test,87717,2011-11,#7f7f7f7
AskReddit,test,84091,2011-11,#7f7f7f7
fffffffuuuuuuuuuuuu,test,58250,2011-11,#7f7f7f7
gaming,test,50354,2011-11,#7f7f7f7
trees,test,47644,2011-11,#7f7f7f7
AdviceAnimals,test,43417,2011-11,#7f7f7f7
videos,test,37368,2011-11,#7f7f7f7
skyrim,test,34762,2011-11,#7f7f7f7
politics,test,33566,2011-11,#7f7f7f7
WTF,test,33233,2011-11,#7f7f7f7
technology,test,24360,2011-11,#7f7f7f7
atheism,test,24167,2011-11,#7f7f7f7
worldnews,test,23531,2011-11,#7f7f7f7
Music,test,22628,2011-11,#7f7f7f7
todayilearned,test,19820,2011-11,#7f7f7f7
firstworldproblems,test,16210,2011-11,#7f7f7f7
aww,test,16000,2011-11,#7f7f7f7
occupywallstreet,test,14403,2011-11,#7f7f7f7
hiphopheads,test,1857,2011-11,#7f7f7f7
keto,test,1841,2011-11,#7f7f7f7
funny,test,114875,2011-12,#7f7f7f7
AskReddit,test,81998,2011-12,#7f7f7f7
pics,test,79907,2011-12,#7f7f7f7
AdviceAnimals,test,67818,2011-12,#7f7f7f7
fffffffuuuuuuuuuuuu,test,59275,2011-12,#7f7f7f7
trees,test,49173,2011-12,#7f7f7f7
gaming,test,44984,2011-12,#7f7f7f7
videos,test,40789,2011-12,#7f7f7f7
politics,test,35676,2011-12,#7f7f7f7
WTF,test,33856,2011-12,#7f7f7f7
atheism,test,32791,2011-12,#7f7f7f7
Music,test,26898,2011-12,#7f7f7f7
technology,test,24204,2011-12,#7f7f7f7
worldnews,test,23376,2011-12,#7f7f7f7
aww,test,21804,2011-12,#7f7f7f7
circlejerk,test,19965,2011-12,#7f7f7f7
skyrim,test,19756,2011-12,#7f7f7f7
todayilearned,test,18960,2011-12,#7f7f7f7
tf2trade,test,14593,2011-12,#7f7f7f7
anime,test,1978,2011-12,#7f7f7f7
Steam,test,1960,2011-12,#7f7f7f7
funny,test,132684,2012-01,#7f7f7f7
pics,test,87867,2012-01,#7f7f7f7
AdviceAnimals,test,78742,2012-01,#7f7f7f7
AskReddit,test,74896,2012-01,#7f7f7f7
fffffffuuuuuuuuuuuu,test,61881,2012-01,#7f7f7f7
trees,test,52789,2012-01,#7f7f7f7
politics,test,47009,2012-01,#7f7f7f7
videos,test,45160,2012-01,#7f7f7f7
gaming,test,41358,2012-01,#7f7f7f7
WTF,test,40641,2012-01,#7f7f7f7
atheism,test,30993,2012-01,#7f7f7f7
Music,test,29989,2012-01,#7f7f7f7
aww,test,26393,2012-01,#7f7f7f7
technology,test,25641,2012-01,#7f7f7f7
worldnews,test,24025,2012-01,#7f7f7f7
todayilearned,test,20120,2012-01,#7f7f7f7
circlejerk,test,19934,2012-01,#7f7f7f7
leagueoflegends,test,13966,2012-01,#7f7f7f7
general,test,12927,2012-01,#7f7f7f7
cars,test,2387,2012-01,#7f7f7f7
DotA2,test,2320,2012-01,#7f7f7f7
funny,test,140423,2012-03,#7f7f7f7
AdviceAnimals,test,94595,2012-03,#7f7f7f7
AskReddit,test,87346,2012-03,#7f7f7f7
pics,test,82744,2012-03,#7f7f7f7
fffffffuuuuuuuuuuuu,test,66060,2012-03,#7f7f7f7
trees,test,55536,2012-03,#7f7f7f7
gaming,test,47232,2012-03,#7f7f7f7
videos,test,44236,2012-03,#7f7f7f7
WTF,test,39909,2012-03,#7f7f7f7
atheism,test,35002,2012-03,#7f7f7f7
aww,test,34962,2012-03,#7f7f7f7
politics,test,34691,2012-03,#7f7f7f7
Music,test,32458,2012-03,#7f7f7f7
technology,test,25779,2012-03,#7f7f7f7
worldnews,test,25182,2012-03,#7f7f7f7
todayilearned,test,21474,2012-03,#7f7f7f7
circlejerk,test,20869,2012-03,#7f7f7f7
askscience,test,17672,2012-03,#7f7f7f7
Minecraft,test,13899,2012-03,#7f7f7f7
r4r,test,2596,2012-03,#7f7f7f7
community,test,2527,2012-03,#7f7f7f7
funny,test,151045,2012-04,#7f7f7f7
AdviceAnimals,test,100643,2012-04,#7f7f7f7
pics,test,94907,2012-04,#7f7f7f7
AskReddit,test,87141,2012-04,#7f7f7f7
trees,test,68602,2012-04,#7f7f7f7
fffffffuuuuuuuuuuuu,test,57781,2012-04,#7f7f7f7
gaming,test,47300,2012-04,#7f7f7f7
videos,test,44303,2012-04,#7f7f7f7
aww,test,43827,2012-04,#7f7f7f7
WTF,test,40420,2012-04,#7f7f7f7
Music,test,34984,2012-04,#7f7f7f7
atheism,test,33949,2012-04,#7f7f7f7
politics,test,28580,2012-04,#7f7f7f7
technology,test,26185,2012-04,#7f7f7f7
worldnews,test,24618,2012-04,#7f7f7f7
todayilearned,test,21336,2012-04,#7f7f7f7
circlejerk,test,19670,2012-04,#7f7f7f7
leagueoflegends,test,17320,2012-04,#7f7f7f7
reportthespammers,test,15454,2012-04,#7f7f7f7
Guitar,test,2824,2012-04,#7f7f7f7
nsfw_videos,test,2768,2012-04,#7f7f7f7
funny,test,137761,2012-05,#7f7f7f7
AskReddit,test,93543,2012-05,#7f7f7f7
AdviceAnimals,test,92746,2012-05,#7f7f7f7
pics,test,89029,2012-05,#7f7f7f7
trees,test,51473,2012-05,#7f7f7f7
gaming,test,49606,2012-05,#7f7f7f7
fffffffuuuuuuuuuuuu,test,46556,2012-05,#7f7f7f7
aww,test,42430,2012-05,#7f7f7f7
videos,test,41784,2012-05,#7f7f7f7
WTF,test,40418,2012-05,#7f7f7f7
Music,test,32305,2012-05,#7f7f7f7
atheism,test,29208,2012-05,#7f7f7f7
politics,test,28720,2012-05,#7f7f7f7
worldnews,test,27993,2012-05,#7f7f7f7
technology,test,27458,2012-05,#7f7f7f7
todayilearned,test,21307,2012-05,#7f7f7f7
Diablo,test,19425,2012-05,#7f7f7f7
circlejerk,test,19076,2012-05,#7f7f7f7
reportthespammers,test,17000,2012-05,#7f7f7f7
photography,test,2722,2012-05,#7f7f7f7
ronpaul,test,2700,2012-05,#7f7f7f7
funny,test,144880,2012-06,#7f7f7f7
AdviceAnimals,test,99505,2012-06,#7f7f7f7
AskReddit,test,97023,2012-06,#7f7f7f7
pics,test,89987,2012-06,#7f7f7f7
trees,test,55481,2012-06,#7f7f7f7
gaming,test,54741,2012-06,#7f7f7f7
aww,test,48497,2012-06,#7f7f7f7
fffffffuuuuuuuuuuuu,test,47880,2012-06,#7f7f7f7
videos,test,42071,2012-06,#7f7f7f7
WTF,test,40038,2012-06,#7f7f7f7
Music,test,30368,2012-06,#7f7f7f7
atheism,test,28516,2012-06,#7f7f7f7
worldnews,test,27157,2012-06,#7f7f7f7
technology,test,26376,2012-06,#7f7f7f7
politics,test,25481,2012-06,#7f7f7f7
leagueoflegends,test,20661,2012-06,#7f7f7f7
todayilearned,test,20587,2012-06,#7f7f7f7
circlejerk,test,18613,2012-06,#7f7f7f7
Minecraft,test,16200,2012-06,#7f7f7f7
dubstep,test,2770,2012-06,#7f7f7f7
nsfw_videos,test,2760,2012-06,#7f7f7f7
funny,test,154962,2012-07,#7f7f7f7
AdviceAnimals,test,107477,2012-07,#7f7f7f7
AskReddit,test,100989,2012-07,#7f7f7f7
pics,test,92671,2012-07,#7f7f7f7
gaming,test,65308,2012-07,#7f7f7f7
POLITIC,test,61563,2012-07,#7f7f7f7
trees,test,60587,2012-07,#7f7f7f7
aww,test,51065,2012-07,#7f7f7f7
fffffffuuuuuuuuuuuu,test,45565,2012-07,#7f7f7f7
videos,test,43564,2012-07,#7f7f7f7
WTF,test,43501,2012-07,#7f7f7f7
Music,test,31263,2012-07,#7f7f7f7
atheism,test,30445,2012-07,#7f7f7f7
politics,test,30401,2012-07,#7f7f7f7
technology,test,26813,2012-07,#7f7f7f7
worldnews,test,26670,2012-07,#7f7f7f7
todayilearned,test,22171,2012-07,#7f7f7f7
leagueoflegends,test,20990,2012-07,#7f7f7f7
circlejerk,test,20053,2012-07,#7f7f7f7
ragecomics,test,3210,2012-07,#7f7f7f7
runescape,test,3208,2012-07,#7f7f7f7
funny,test,164914,2012-08,#7f7f7f7
AdviceAnimals,test,106794,2012-08,#7f7f7f7
AskReddit,test,103683,2012-08,#7f7f7f7
pics,test,95016,2012-08,#7f7f7f7
POLITIC,test,71512,2012-08,#7f7f7f7
gaming,test,54866,2012-08,#7f7f7f7
trees,test,52354,2012-08,#7f7f7f7
aww,test,50841,2012-08,#7f7f7f7
videos,test,45810,2012-08,#7f7f7f7
politics,test,44041,2012-08,#7f7f7f7
WTF,test,42404,2012-08,#7f7f7f7
fffffffuuuuuuuuuuuu,test,38401,2012-08,#7f7f7f7
Music,test,35809,2012-08,#7f7f7f7
worldnews,test,28056,2012-08,#7f7f7f7
atheism,test,27067,2012-08,#7f7f7f7
technology,test,26953,2012-08,#7f7f7f7
circlejerk,test,25273,2012-08,#7f7f7f7
leagueoflegends,test,24275,2012-08,#7f7f7f7
todayilearned,test,21867,2012-08,#7f7f7f7
Christianity,test,3261,2012-08,#7f7f7f7
RisingThreads,test,3120,2012-08,#7f7f7f7
funny,test,155533,2012-09,#7f7f7f7
AskReddit,test,94425,2012-09,#7f7f7f7
AdviceAnimals,test,92768,2012-09,#7f7f7f7
pics,test,87072,2012-09,#7f7f7f7
POLITIC,test,68088,2012-09,#7f7f7f7
gaming,test,47711,2012-09,#7f7f7f7
aww,test,44715,2012-09,#7f7f7f7
videos,test,44475,2012-09,#7f7f7f7
politics,test,43303,2012-09,#7f7f7f7
trees,test,39356,2012-09,#7f7f7f7
WTF,test,34865,2012-09,#7f7f7f7
Music,test,31722,2012-09,#7f7f7f7
worldnews,test,27784,2012-09,#7f7f7f7
technology,test,26899,2012-09,#7f7f7f7
fffffffuuuuuuuuuuuu,test,24158,2012-09,#7f7f7f7
leagueoflegends,test,23244,2012-09,#7f7f7f7
atheism,test,23228,2012-09,#7f7f7f7
circlejerk,test,22761,2012-09,#7f7f7f7
todayilearned,test,19863,2012-09,#7f7f7f7
ladybonersgw,test,3059,2012-09,#7f7f7f7
4chan,test,2938,2012-09,#7f7f7f7
funny,test,169002,2012-10,#7f7f7f7
AskReddit,test,102594,2012-10,#7f7f7f7
pics,test,98520,2012-10,#7f7f7f7
AdviceAnimals,test,95487,2012-10,#7f7f7f7
POLITIC,test,76290,2012-10,#7f7f7f7
videos,test,49857,2012-10,#7f7f7f7
politics,test,49601,2012-10,#7f7f7f7
aww,test,48299,2012-10,#7f7f7f7
gaming,test,46629,2012-10,#7f7f7f7
trees,test,40521,2012-10,#7f7f7f7
WTF,test,36894,2012-10,#7f7f7f7
leagueoflegends,test,36285,2012-10,#7f7f7f7
Music,test,34705,2012-10,#7f7f7f7
worldnews,test,26788,2012-10,#7f7f7f7
technology,test,24641,2012-10,#7f7f7f7
todayilearned,test,21761,2012-10,#7f7f7f7
fffffffuuuuuuuuuuuu,test,21330,2012-10,#7f7f7f7
atheism,test,20261,2012-10,#7f7f7f7
circlejerk,test,18527,2012-10,#7f7f7f7
r4r,test,3286,2012-10,#7f7f7f7
bicycling,test,3248,2012-10,#7f7f7f7
funny,test,157692,2012-11,#7f7f7f7
AskReddit,test,101708,2012-11,#7f7f7f7
AdviceAnimals,test,86197,2012-11,#7f7f7f7
pics,test,85433,2012-11,#7f7f7f7
POLITIC,test,70711,2012-11,#7f7f7f7
gaming,test,53356,2012-11,#7f7f7f7
aww,test,48164,2012-11,#7f7f7f7
videos,test,45748,2012-11,#7f7f7f7
politics,test,43951,2012-11,#7f7f7f7
trees,test,43086,2012-11,#7f7f7f7
Dota2Trade,test,37001,2012-11,#7f7f7f7
WTF,test,36027,2012-11,#7f7f7f7
Music,test,35494,2012-11,#7f7f7f7
leagueoflegends,test,34401,2012-11,#7f7f7f7
worldnews,test,25925,2012-11,#7f7f7f7
technology,test,22871,2012-11,#7f7f7f7
circlejerk,test,22620,2012-11,#7f7f7f7
todayilearned,test,20651,2012-11,#7f7f7f7
atheism,test,17916,2012-11,#7f7f7f7
Art,test,3091,2012-11,#7f7f7f7
Drugs,test,3057,2012-11,#7f7f7f7
funny,test,166776,2012-12,#7f7f7f7
AskReddit,test,111359,2012-12,#7f7f7f7
AdviceAnimals,test,99694,2012-12,#7f7f7f7
pics,test,90154,2012-12,#7f7f7f7
aww,test,54917,2012-12,#7f7f7f7
gaming,test,53857,2012-12,#7f7f7f7
POLITIC,test,53707,2012-12,#7f7f7f7
videos,test,45237,2012-12,#7f7f7f7
trees,test,44093,2012-12,#7f7f7f7
WTF,test,37306,2012-12,#7f7f7f7
leagueoflegends,test,35166,2012-12,#7f7f7f7
Music,test,31812,2012-12,#7f7f7f7
Dota2Trade,test,30793,2012-12,#7f7f7f7
politics,test,26232,2012-12,#7f7f7f7
worldnews,test,25285,2012-12,#7f7f7f7
technology,test,21644,2012-12,#7f7f7f7
todayilearned,test,20658,2012-12,#7f7f7f7
circlejerk,test,20326,2012-12,#7f7f7f7
atheism,test,19409,2012-12,#7f7f7f7
facepalm,test,3017,2012-12,#7f7f7f7
depression,test,3014,2012-12,#7f7f7f7
funny,test,181647,2013-01,#7f7f7f7
AskReddit,test,126148,2013-01,#7f7f7f7
AdviceAnimals,test,115326,2013-01,#7f7f7f7
pics,test,98468,2013-01,#7f7f7f7
POLITIC,test,58941,2013-01,#7f7f7f7
aww,test,58566,2013-01,#7f7f7f7
gaming,test,54197,2013-01,#7f7f7f7
videos,test,51758,2013-01,#7f7f7f7
trees,test,49444,2013-01,#7f7f7f7
Music,test,45713,2013-01,#7f7f7f7
WTF,test,38222,2013-01,#7f7f7f7
leagueoflegends,test,36529,2013-01,#7f7f7f7
Dota2Trade,test,31812,2013-01,#7f7f7f7
politics,test,28389,2013-01,#7f7f7f7
worldnews,test,27397,2013-01,#7f7f7f7
technology,test,26480,2013-01,#7f7f7f7
todayilearned,test,25130,2013-01,#7f7f7f7
circlejerk,test,20003,2013-01,#7f7f7f7
gonewild,test,19941,2013-01,#7f7f7f7
comics,test,3460,2013-01,#7f7f7f7
electronicmusic,test,3394,2013-01,#7f7f7f7
funny,test,156379,2013-02,#7f7f7f7
AskReddit,test,109564,2013-02,#7f7f7f7
AdviceAnimals,test,109442,2013-02,#7f7f7f7
pics,test,84213,2013-02,#7f7f7f7
videos,test,55549,2013-02,#7f7f7f7
POLITIC,test,52523,2013-02,#7f7f7f7
gaming,test,47549,2013-02,#7f7f7f7
aww,test,46236,2013-02,#7f7f7f7
trees,test,41438,2013-02,#7f7f7f7
leagueoflegends,test,41300,2013-02,#7f7f7f7
Music,test,33952,2013-02,#7f7f7f7
WTF,test,32271,2013-02,#7f7f7f7
worldnews,test,25969,2013-02,#7f7f7f7
technology,test,24297,2013-02,#7f7f7f7
politics,test,23628,2013-02,#7f7f7f7
Dota2Trade,test,22577,2013-02,#7f7f7f7
todayilearned,test,22054,2013-02,#7f7f7f7
atheism,test,18833,2013-02,#7f7f7f7
gonewild,test,16634,2013-02,#7f7f7f7
SquaredCircle,test,3238,2013-02,#7f7f7f7
Planetside,test,3236,2013-02,#7f7f7f7
funny,test,162931,2013-04,#7f7f7f7
AdviceAnimals,test,145816,2013-04,#7f7f7f7
AskReddit,test,132557,2013-04,#7f7f7f7
pics,test,91868,2013-04,#7f7f7f7
POLITIC,test,68945,2013-04,#7f7f7f7
videos,test,55589,2013-04,#7f7f7f7
gaming,test,49686,2013-04,#7f7f7f7
leagueoflegends,test,49267,2013-04,#7f7f7f7
aww,test,48080,2013-04,#7f7f7f7
trees,test,44012,2013-04,#7f7f7f7
WTF,test,38761,2013-04,#7f7f7f7
Music,test,36207,2013-04,#7f7f7f7
worldnews,test,33327,2013-04,#7f7f7f7
technology,test,25114,2013-04,#7f7f7f7
politics,test,24719,2013-04,#7f7f7f7
todayilearned,test,23929,2013-04,#7f7f7f7
news,test,23493,2013-04,#7f7f7f7
atheism,test,21572,2013-04,#7f7f7f7
Dota2Trade,test,18904,2013-04,#7f7f7f7
darksouls,test,3856,2013-04,#7f7f7f7
Ameristralia,test,3773,2013-04,#7f7f7f7
funny,test,137335,2013-05,#7f7f7f7
AskReddit,test,128421,2013-05,#7f7f7f7
AdviceAnimals,test,120065,2013-05,#7f7f7f7
pics,test,84654,2013-05,#7f7f7f7
POLITIC,test,62180,2013-05,#7f7f7f7
gaming,test,54355,2013-05,#7f7f7f7
videos,test,51162,2013-05,#7f7f7f7
leagueoflegends,test,50800,2013-05,#7f7f7f7
aww,test,48361,2013-05,#7f7f7f7
trees,test,35600,2013-05,#7f7f7f7
WTF,test,35526,2013-05,#7f7f7f7
Music,test,32379,2013-05,#7f7f7f7
news,test,28980,2013-05,#7f7f7f7
worldnews,test,27502,2013-05,#7f7f7f7
technology,test,23720,2013-05,#7f7f7f7
todayilearned,test,22812,2013-05,#7f7f7f7
politics,test,21815,2013-05,#7f7f7f7
atheism,test,21472,2013-05,#7f7f7f7
gonewild,test,20140,2013-05,#7f7f7f7
guns,test,3693,2013-05,#7f7f7f7
Planetside,test,3662,2013-05,#7f7f7f7
funny,test,118690,2013-06,#7f7f7f7
AskReddit,test,117513,2013-06,#7f7f7f7
gaming,test,94175,2013-06,#7f7f7f7
AdviceAnimals,test,89565,2013-06,#7f7f7f7
pics,test,74713,2013-06,#7f7f7f7
POLITIC,test,65920,2013-06,#7f7f7f7
leagueoflegends,test,53485,2013-06,#7f7f7f7
videos,test,46252,2013-06,#7f7f7f7
aww,test,44121,2013-06,#7f7f7f7
WTF,test,31432,2013-06,#7f7f7f7
trees,test,30476,2013-06,#7f7f7f7
Music,test,29731,2013-06,#7f7f7f7
news,test,28223,2013-06,#7f7f7f7
worldnews,test,27445,2013-06,#7f7f7f7
politics,test,26955,2013-06,#7f7f7f7
technology,test,23098,2013-06,#7f7f7f7
todayilearned,test,21534,2013-06,#7f7f7f7
atheism,test,19643,2013-06,#7f7f7f7
circlejerk,test,18952,2013-06,#7f7f7f7
longboarding,test,3609,2013-06,#7f7f7f7
food,test,3605,2013-06,#7f7f7f7
AskReddit,test,125102,2013-07,#7f7f7f7
funny,test,119501,2013-07,#7f7f7f7
AdviceAnimals,test,91932,2013-07,#7f7f7f7
pics,test,77961,2013-07,#7f7f7f7
gaming,test,72984,2013-07,#7f7f7f7
POLITIC,test,66910,2013-07,#7f7f7f7
leagueoflegends,test,52311,2013-07,#7f7f7f7
videos,test,49121,2013-07,#7f7f7f7
aww,test,43913,2013-07,#7f7f7f7
news,test,34758,2013-07,#7f7f7f7
Music,test,33401,2013-07,#7f7f7f7
trees,test,32845,2013-07,#7f7f7f7
WTF,test,32784,2013-07,#7f7f7f7
worldnews,test,28379,2013-07,#7f7f7f7
politics,test,24612,2013-07,#7f7f7f7
technology,test,23075,2013-07,#7f7f7f7
todayilearned,test,22857,2013-07,#7f7f7f7
Dota2Trade,test,19748,2013-07,#7f7f7f7
gonewild,test,18672,2013-07,#7f7f7f7
books,test,3986,2013-07,#7f7f7f7
cars,test,3916,2013-07,#7f7f7f7
AskReddit,test,119559,2013-08,#7f7f7f7
funny,test,112400,2013-08,#7f7f7f7
AdviceAnimals,test,84653,2013-08,#7f7f7f7
pics,test,69913,2013-08,#7f7f7f7
gaming,test,57156,2013-08,#7f7f7f7
POLITIC,test,55375,2013-08,#7f7f7f7
leagueoflegends,test,53071,2013-08,#7f7f7f7
videos,test,45924,2013-08,#7f7f7f7
aww,test,39553,2013-08,#7f7f7f7
news,test,33343,2013-08,#7f7f7f7
WTF,test,31041,2013-08,#7f7f7f7
Music,test,30531,2013-08,#7f7f7f7
trees,test,29274,2013-08,#7f7f7f7
worldnews,test,24738,2013-08,#7f7f7f7
technology,test,20749,2013-08,#7f7f7f7
todayilearned,test,20413,2013-08,#7f7f7f7
Dota2Trade,test,20106,2013-08,#7f7f7f7
business,test,19124,2013-08,#7f7f7f7
politics,test,18017,2013-08,#7f7f7f7
Bitcoin,test,3887,2013-08,#7f7f7f7
Guildwars2,test,3879,2013-08,#7f7f7f7
AskReddit,test,110663,2013-09,#7f7f7f7
funny,test,101706,2013-09,#7f7f7f7
AdviceAnimals,test,64065,2013-09,#7f7f7f7
pics,test,60345,2013-09,#7f7f7f7
POLITIC,test,57962,2013-09,#7f7f7f7
gaming,test,55136,2013-09,#7f7f7f7
leagueoflegends,test,52737,2013-09,#7f7f7f7
videos,test,44054,2013-09,#7f7f7f7
aww,test,34988,2013-09,#7f7f7f7
news,test,30920,2013-09,#7f7f7f7
WTF,test,29647,2013-09,#7f7f7f7
breakingbad,test,29545,2013-09,#7f7f7f7
Music,test,28521,2013-09,#7f7f7f7
fantasyfootball,test,27820,2013-09,#7f7f7f7
worldnews,test,24614,2013-09,#7f7f7f7
trees,test,23134,2013-09,#7f7f7f7
GrandTheftAutoV,test,22182,2013-09,#7f7f7f7
technology,test,20449,2013-09,#7f7f7f7
todayilearned,test,18180,2013-09,#7f7f7f7
AskHistorians,test,3655,2013-09,#7f7f7f7
gentlemanboners,test,3646,2013-09,#7f7f7f7
AskReddit,test,129257,2013-11,#7f7f7f7
funny,test,107474,2013-11,#7f7f7f7
AdviceAnimals,test,88578,2013-11,#7f7f7f7
friendsafari,test,79067,2013-11,#7f7f7f7
pics,test,62418,2013-11,#7f7f7f7
leagueoflegends,test,59679,2013-11,#7f7f7f7
POLITIC,test,57625,2013-11,#7f7f7f7
gaming,test,55776,2013-11,#7f7f7f7
videos,test,47847,2013-11,#7f7f7f7
news,test,36133,2013-11,#7f7f7f7
aww,test,35646,2013-11,#7f7f7f7
WTF,test,34553,2013-11,#7f7f7f7
Music,test,31520,2013-11,#7f7f7f7
trees,test,26332,2013-11,#7f7f7f7
buildapc,test,22720,2013-11,#7f7f7f7
worldnews,test,21701,2013-11,#7f7f7f7
pokemontrades,test,21605,2013-11,#7f7f7f7
Bitcoin,test,20035,2013-11,#7f7f7f7
technology,test,19123,2013-11,#7f7f7f7
tf2,test,4090,2013-11,#7f7f7f7
EarthPorn,test,4041,2013-11,#7f7f7f7
AskReddit,test,141293,2013-12,#7f7f7f7
funny,test,126164,2013-12,#7f7f7f7
AdviceAnimals,test,102751,2013-12,#7f7f7f7
friendsafari,test,76078,2013-12,#7f7f7f7
pics,test,71195,2013-12,#7f7f7f7
leagueoflegends,test,51541,2013-12,#7f7f7f7
videos,test,51366,2013-12,#7f7f7f7
gaming,test,46717,2013-12,#7f7f7f7
POLITIC,test,44091,2013-12,#7f7f7f7
aww,test,43634,2013-12,#7f7f7f7
news,test,38869,2013-12,#7f7f7f7
Music,test,30323,2013-12,#7f7f7f7
trees,test,29186,2013-12,#7f7f7f7
WTF,test,27704,2013-12,#7f7f7f7
buildapc,test,24367,2013-12,#7f7f7f7
worldnews,test,23156,2013-12,#7f7f7f7
pokemontrades,test,21162,2013-12,#7f7f7f7
technology,test,19594,2013-12,#7f7f7f7
todayilearned,test,19432,2013-12,#7f7f7f7
starcraft,test,4568,2013-12,#7f7f7f7
hockey,test,4488,2013-12,#7f7f7f7
AskReddit,test,107713,2014-01,#7f7f7f7
funny,test,96296,2014-01,#7f7f7f7
AdviceAnimals,test,76926,2014-01,#7f7f7f7
friendsafari,test,54988,2014-01,#7f7f7f7
pics,test,52008,2014-01,#7f7f7f7
leagueoflegends,test,42892,2014-01,#7f7f7f7
videos,test,38220,2014-01,#7f7f7f7
gaming,test,33187,2014-01,#7f7f7f7
news,test,32049,2014-01,#7f7f7f7
POLITIC,test,31807,2014-01,#7f7f7f7
aww,test,30599,2014-01,#7f7f7f7
trees,test,24214,2014-01,#7f7f7f7
Music,test,24188,2014-01,#7f7f7f7
dogecoin,test,20456,2014-01,#7f7f7f7
CookingRecipesStuff,test,19585,2014-01,#7f7f7f7
WTF,test,18563,2014-01,#7f7f7f7
worldnews,test,18339,2014-01,#7f7f7f7
technology,test,17060,2014-01,#7f7f7f7
buildapc,test,16790,2014-01,#7f7f7f7
realtech,test,3883,2014-01,#7f7f7f7
AdoptMyVillager,test,3861,2014-01,#7f7f7f7
AskReddit,test,95261,2014-02,#7f7f7f7
funny,test,86425,2014-02,#7f7f7f7
AdviceAnimals,test,73266,2014-02,#7f7f7f7
CookingRecipesStuff,test,52275,2014-02,#7f7f7f7
pics,test,42842,2014-02,#7f7f7f7
leagueoflegends,test,41222,2014-02,#7f7f7f7
videos,test,36497,2014-02,#7f7f7f7
ShitYouCanAfford,test,34713,2014-02,#7f7f7f7
gaming,test,30335,2014-02,#7f7f7f7
twitchplayspokemon,test,28372,2014-02,#7f7f7f7
friendsafari,test,28342,2014-02,#7f7f7f7
news,test,28249,2014-02,#7f7f7f7
aww,test,25568,2014-02,#7f7f7f7
dogecoin,test,24259,2014-02,#7f7f7f7
trees,test,22614,2014-02,#7f7f7f7
Music,test,21059,2014-02,#7f7f7f7
worldnews,test,16889,2014-02,#7f7f7f7
technology,test,15452,2014-02,#7f7f7f7
WTF,test,15372,2014-02,#7f7f7f7
AdoptMyVillager,test,3628,2014-02,#7f7f7f7
Pokemongiveaway,test,3611,2014-02,#7f7f7f7
AskReddit,test,105676,2014-03,#7f7f7f7
funny,test,86566,2014-03,#7f7f7f7
AdviceAnimals,test,77281,2014-03,#7f7f7f7
CookingRecipesStuff,test,48864,2014-03,#7f7f7f7
leagueoflegends,test,43061,2014-03,#7f7f7f7
pics,test,42551,2014-03,#7f7f7f7
videos,test,36626,2014-03,#7f7f7f7
news,test,31482,2014-03,#7f7f7f7
gaming,test,31408,2014-03,#7f7f7f7
ShitYouCanAfford,test,30594,2014-03,#7f7f7f7
aww,test,28625,2014-03,#7f7f7f7
friendsafari,test,25822,2014-03,#7f7f7f7
trees,test,22463,2014-03,#7f7f7f7
Music,test,21767,2014-03,#7f7f7f7
worldnews,test,21255,2014-03,#7f7f7f7
WTF,test,18678,2014-03,#7f7f7f7
twitchplayspokemon,test,16813,2014-03,#7f7f7f7
technology,test,15744,2014-03,#7f7f7f7
todayilearned,test,14796,2014-03,#7f7f7f7
Health,test,4015,2014-03,#7f7f7f7
ladybonersgw,test,3815,2014-03,#7f7f7f7
AskReddit,test,103864,2014-04,#7f7f7f7
funny,test,81371,2014-04,#7f7f7f7
AdviceAnimals,test,73510,2014-04,#7f7f7f7
CookingRecipesStuff,test,57861,2014-04,#7f7f7f7
leagueoflegends,test,45433,2014-04,#7f7f7f7
pics,test,43332,2014-04,#7f7f7f7
videos,test,35539,2014-04,#7f7f7f7
news,test,31801,2014-04,#7f7f7f7
aww,test,27091,2014-04,#7f7f7f7
gaming,test,26192,2014-04,#7f7f7f7
trees,test,21826,2014-04,#7f7f7f7
friendsafari,test,20920,2014-04,#7f7f7f7
WTF,test,20495,2014-04,#7f7f7f7
Music,test,18505,2014-04,#7f7f7f7
worldnews,test,17029,2014-04,#7f7f7f7
todayilearned,test,13627,2014-04,#7f7f7f7
technology,test,13545,2014-04,#7f7f7f7
dogecoin,test,13449,2014-04,#7f7f7f7
buildapc,test,12633,2014-04,#7f7f7f7
ladybonersgw,test,3765,2014-04,#7f7f7f7
television,test,3731,2014-04,#7f7f7f7
AskReddit,test,97437,2014-06,#7f7f7f7
funny,test,61033,2014-06,#7f7f7f7
CookingRecipesStuff,test,55363,2014-06,#7f7f7f7
leagueoflegends,test,41953,2014-06,#7f7f7f7
pics,test,41891,2014-06,#7f7f7f7
AdviceAnimals,test,32579,2014-06,#7f7f7f7
videos,test,32443,2014-06,#7f7f7f7
gaming,test,29689,2014-06,#7f7f7f7
news,test,27457,2014-06,#7f7f7f7
aww,test,23817,2014-06,#7f7f7f7
friendsafari,test,22655,2014-06,#7f7f7f7
denofgeek,test,19466,2014-06,#7f7f7f7
pcmasterrace,test,19116,2014-06,#7f7f7f7
trees,test,17382,2014-06,#7f7f7f7
buildapc,test,16226,2014-06,#7f7f7f7
DotA2,test,15648,2014-06,#7f7f7f7
Music,test,15636,2014-06,#7f7f7f7
worldnews,test,15323,2014-06,#7f7f7f7
dirtypenpals,test,14272,2014-06,#7f7f7f7
WritingPrompts,test,3937,2014-06,#7f7f7f7
nsfw,test,3927,2014-06,#7f7f7f7
AskReddit,test,111441,2014-07,#7f7f7f7
funny,test,63440,2014-07,#7f7f7f7
CookingRecipesStuff,test,59024,2014-07,#7f7f7f7
leagueoflegends,test,45024,2014-07,#7f7f7f7
pics,test,44086,2014-07,#7f7f7f7
POLITIC,test,34939,2014-07,#7f7f7f7
videos,test,33905,2014-07,#7f7f7f7
news,test,31132,2014-07,#7f7f7f7
AdviceAnimals,test,29501,2014-07,#7f7f7f7
gaming,test,25045,2014-07,#7f7f7f7
aww,test,24987,2014-07,#7f7f7f7
friendsafari,test,23687,2014-07,#7f7f7f7
denofgeek,test,23098,2014-07,#7f7f7f7
DotA2,test,22575,2014-07,#7f7f7f7
worldnews,test,19000,2014-07,#7f7f7f7
trees,test,18803,2014-07,#7f7f7f7
buildapc,test,17477,2014-07,#7f7f7f7
Music,test,16430,2014-07,#7f7f7f7
pcmasterrace,test,15835,2014-07,#7f7f7f7
Aggregat0r,test,4296,2014-07,#7f7f7f7
tf2,test,4216,2014-07,#7f7f7f7
AskReddit,test,107952,2014-08,#7f7f7f7
funny,test,66315,2014-08,#7f7f7f7
CookingRecipesStuff,test,55133,2014-08,#7f7f7f7
leagueoflegends,test,48500,2014-08,#7f7f7f7
pics,test,42912,2014-08,#7f7f7f7
videos,test,36627,2014-08,#7f7f7f7
news,test,33220,2014-08,#7f7f7f7
AdviceAnimals,test,30394,2014-08,#7f7f7f7
newsofiran,test,29147,2014-08,#7f7f7f7
POLITIC,test,29105,2014-08,#7f7f7f7
gaming,test,25527,2014-08,#7f7f7f7
aww,test,23971,2014-08,#7f7f7f7
friendsafari,test,22483,2014-08,#7f7f7f7
denofgeek,test,20558,2014-08,#7f7f7f7
GlobalOffensiveTrade,test,19516,2014-08,#7f7f7f7
worldnews,test,19272,2014-08,#7f7f7f7
trees,test,18955,2014-08,#7f7f7f7
Showerthoughts,test,18944,2014-08,#7f7f7f7
buildapc,test,16322,2014-08,#7f7f7f7
TrollXChromosomes,test,4529,2014-08,#7f7f7f7
havoc_bot,test,4505,2014-08,#7f7f7f7
AskReddit,test,103102,2014-09,#7f7f7f7
funny,test,56580,2014-09,#7f7f7f7
CookingRecipesStuff,test,55767,2014-09,#7f7f7f7
leagueoflegends,test,47686,2014-09,#7f7f7f7
pics,test,33941,2014-09,#7f7f7f7
videos,test,33754,2014-09,#7f7f7f7
newsofiran,test,33280,2014-09,#7f7f7f7
news,test,32766,2014-09,#7f7f7f7
POLITIC,test,31216,2014-09,#7f7f7f7
DestinyTheGame,test,30604,2014-09,#7f7f7f7
AdviceAnimals,test,26795,2014-09,#7f7f7f7
Fireteams,test,25491,2014-09,#7f7f7f7
denofgeek,test,22498,2014-09,#7f7f7f7
gaming,test,21773,2014-09,#7f7f7f7
aww,test,21059,2014-09,#7f7f7f7
Showerthoughts,test,19850,2014-09,#7f7f7f7
GlobalOffensiveTrade,test,18776,2014-09,#7f7f7f7
worldnews,test,18637,2014-09,#7f7f7f7
fantasyfootball,test,18379,2014-09,#7f7f7f7
Jokes,test,4539,2014-09,#7f7f7f7
Kikpals,test,4483,2014-09,#7f7f7f7
AskReddit,test,107167,2014-10,#7f7f7f7
Fireteams,test,92772,2014-10,#7f7f7f7
funny,test,59812,2014-10,#7f7f7f7
leagueoflegends,test,46422,2014-10,#7f7f7f7
POLITIC,test,39477,2014-10,#7f7f7f7
pics,test,39003,2014-10,#7f7f7f7
videos,test,36820,2014-10,#7f7f7f7
newsofiran,test,33425,2014-10,#7f7f7f7
news,test,31813,2014-10,#7f7f7f7
AdviceAnimals,test,29879,2014-10,#7f7f7f7
DestinyTheGame,test,29403,2014-10,#7f7f7f7
aww,test,24349,2014-10,#7f7f7f7
gaming,test,22592,2014-10,#7f7f7f7
Showerthoughts,test,20943,2014-10,#7f7f7f7
trees,test,20198,2014-10,#7f7f7f7
uncensorship,test,19727,2014-10,#7f7f7f7
CookingRecipesStuff,test,18764,2014-10,#7f7f7f7
GlobalOffensiveTrade,test,18747,2014-10,#7f7f7f7
betternews,test,17824,2014-10,#7f7f7f7
malefashionadvice,test,4682,2014-10,#7f7f7f7
tipofmypenis,test,4657,2014-10,#7f7f7f7
AskReddit,test,100706,2014-11,#7f7f7f7
Fireteams,test,91792,2014-11,#7f7f7f7
funny,test,56176,2014-11,#7f7f7f7
leagueoflegends,test,50797,2014-11,#7f7f7f7
pics,test,37846,2014-11,#7f7f7f7
videos,test,34824,2014-11,#7f7f7f7
newsofiran,test,32885,2014-11,#7f7f7f7
news,test,29894,2014-11,#7f7f7f7
AdviceAnimals,test,28438,2014-11,#7f7f7f7
uncensorship,test,25959,2014-11,#7f7f7f7
gaming,test,24419,2014-11,#7f7f7f7
aww,test,24277,2014-11,#7f7f7f7
Showerthoughts,test,21777,2014-11,#7f7f7f7
GlobalOffensiveTrade,test,20964,2014-11,#7f7f7f7
DestinyTheGame,test,20827,2014-11,#7f7f7f7
wow,test,20417,2014-11,#7f7f7f7
buildapc,test,20287,2014-11,#7f7f7f7
pcmasterrace,test,20226,2014-11,#7f7f7f7
trees,test,20078,2014-11,#7f7f7f7
latafanera,test,4537,2014-11,#7f7f7f7
depression,test,4535,2014-11,#7f7f7f7
Fireteams,test,118497,2014-12,#7f7f7f7
AskReddit,test,110786,2014-12,#7f7f7f7
funny,test,60878,2014-12,#7f7f7f7
leagueoflegends,test,42414,2014-12,#7f7f7f7
pics,test,40966,2014-12,#7f7f7f7
videos,test,35213,2014-12,#7f7f7f7
news,test,32679,2014-12,#7f7f7f7
DestinyTheGame,test,31383,2014-12,#7f7f7f7
GlobalOffensiveTrade,test,31152,2014-12,#7f7f7f7
uncensorship,test,28987,2014-12,#7f7f7f7
AdviceAnimals,test,28524,2014-12,#7f7f7f7
aww,test,27333,2014-12,#7f7f7f7
newsofiran,test,27299,2014-12,#7f7f7f7
Showerthoughts,test,25943,2014-12,#7f7f7f7
gaming,test,24291,2014-12,#7f7f7f7
pcmasterrace,test,22350,2014-12,#7f7f7f7
trees,test,21995,2014-12,#7f7f7f7
dirtypenpals,test,21234,2014-12,#7f7f7f7
buildapc,test,21162,2014-12,#7f7f7f7
sex,test,4739,2014-12,#7f7f7f7
whowouldwin,test,4692,2014-12,#7f7f7f7
Fireteams,test,187949,2015-01,#7f7f7f7
AskReddit,test,166261,2015-01,#7f7f7f7
funny,test,78957,2015-01,#7f7f7f7
GlobalOffensiveTrade,test,77542,2015-01,#7f7f7f7
leagueoflegends,test,71263,2015-01,#7f7f7f7
pics,test,51227,2015-01,#7f7f7f7
videos,test,49218,2015-01,#7f7f7f7
newsofiran,test,47447,2015-01,#7f7f7f7
news,test,43361,2015-01,#7f7f7f7
POLITIC,test,38546,2015-01,#7f7f7f7
DestinyTheGame,test,37294,2015-01,#7f7f7f7
AdviceAnimals,test,37232,2015-01,#7f7f7f7
Showerthoughts,test,34680,2015-01,#7f7f7f7
aww,test,34423,2015-01,#7f7f7f7
gaming,test,32698,2015-01,#7f7f7f7
dirtypenpals,test,31431,2015-01,#7f7f7f7
GlobalOffensive,test,30213,2015-01,#7f7f7f7
trees,test,29033,2015-01,#7f7f7f7
pcmasterrace,test,28090,2015-01,#7f7f7f7
Android,test,6777,2015-01,#7f7f7f7
EliteDangerous,test,6746,2015-01,#7f7f7f7
Fireteams,test,160087,2015-02,#7f7f7f7
AskReddit,test,147421,2015-02,#7f7f7f7
GlobalOffensiveTrade,test,78142,2015-02,#7f7f7f7
funny,test,76267,2015-02,#7f7f7f7
leagueoflegends,test,62885,2015-02,#7f7f7f7
videos,test,45077,2015-02,#7f7f7f7
pics,test,44947,2015-02,#7f7f7f7
news,test,43921,2015-02,#7f7f7f7
newsofiran,test,42408,2015-02,#7f7f7f7
Showerthoughts,test,33468,2015-02,#7f7f7f7
AdviceAnimals,test,31121,2015-02,#7f7f7f7
gaming,test,30946,2015-02,#7f7f7f7
aww,test,30902,2015-02,#7f7f7f7
dirtypenpals,test,27849,2015-02,#7f7f7f7
POLITIC,test,25965,2015-02,#7f7f7f7
DestinyTheGame,test,25623,2015-02,#7f7f7f7
GlobalOffensive,test,25596,2015-02,#7f7f7f7
trees,test,24477,2015-02,#7f7f7f7
worldnews,test,22611,2015-02,#7f7f7f7
tipofmypenis,test,6292,2015-02,#7f7f7f7
reactiongifs,test,6196,2015-02,#7f7f7f7
AskReddit,test,167912,2015-03,#7f7f7f7
Fireteams,test,135649,2015-03,#7f7f7f7
funny,test,73755,2015-03,#7f7f7f7
GlobalOffensiveTrade,test,67708,2015-03,#7f7f7f7
leagueoflegends,test,65766,2015-03,#7f7f7f7
videos,test,49255,2015-03,#7f7f7f7
news,test,48313,2015-03,#7f7f7f7
pics,test,47715,2015-03,#7f7f7f7
newsofiran,test,38773,2015-03,#7f7f7f7
Showerthoughts,test,36867,2015-03,#7f7f7f7
aww,test,35238,2015-03,#7f7f7f7
gaming,test,34168,2015-03,#7f7f7f7
dirtypenpals,test,31588,2015-03,#7f7f7f7
GlobalOffensive,test,30507,2015-03,#7f7f7f7
AdviceAnimals,test,27500,2015-03,#7f7f7f7
betternews,test,25836,2015-03,#7f7f7f7
trees,test,25339,2015-03,#7f7f7f7
pcmasterrace,test,24746,2015-03,#7f7f7f7
worldnews,test,24678,2015-03,#7f7f7f7
cats,test,6976,2015-03,#7f7f7f7
tipofmypenis,test,6907,2015-03,#7f7f7f7
modlog,test,166743,2015-05,#7f7f7f7
Fireteams,test,157478,2015-05,#7f7f7f7
AskReddit,test,156815,2015-05,#7f7f7f7
GlobalOffensiveTrade,test,85033,2015-05,#7f7f7f7
leagueoflegends,test,79660,2015-05,#7f7f7f7
funny,test,65195,2015-05,#7f7f7f7
videos,test,47060,2015-05,#7f7f7f7
news,test,46984,2015-05,#7f7f7f7
pics,test,40930,2015-05,#7f7f7f7
Showerthoughts,test,38194,2015-05,#7f7f7f7
GlobalOffensive,test,35025,2015-05,#7f7f7f7
gaming,test,33642,2015-05,#7f7f7f7
DestinyTheGame,test,33063,2015-05,#7f7f7f7
newsofiran,test,31953,2015-05,#7f7f7f7
aww,test,31867,2015-05,#7f7f7f7
dirtypenpals,test,31389,2015-05,#7f7f7f7
DotA2,test,26065,2015-05,#7f7f7f7
betternews,test,24684,2015-05,#7f7f7f7
pcmasterrace,test,24136,2015-05,#7f7f7f7
latafanera,test,6397,2015-05,#7f7f7f7
depression,test,6381,2015-05,#7f7f7f7
Fireteams,test,178849,2015-06,#7f7f7f7
AskReddit,test,151706,2015-06,#7f7f7f7
GlobalOffensiveTrade,test,102808,2015-06,#7f7f7f7
Stuff,test,94795,2015-06,#7f7f7f7
modlog,test,92534,2015-06,#7f7f7f7
funny,test,63852,2015-06,#7f7f7f7
leagueoflegends,test,61505,2015-06,#7f7f7f7
news,test,50412,2015-06,#7f7f7f7
videos,test,46898,2015-06,#7f7f7f7
gaming,test,40500,2015-06,#7f7f7f7
pics,test,39269,2015-06,#7f7f7f7
Showerthoughts,test,38872,2015-06,#7f7f7f7
GlobalOffensive,test,34564,2015-06,#7f7f7f7
aww,test,30798,2015-06,#7f7f7f7
pcmasterrace,test,30031,2015-06,#7f7f7f7
DestinyTheGame,test,29723,2015-06,#7f7f7f7
dirtypenpals,test,29245,2015-06,#7f7f7f7
betternews,test,26468,2015-06,#7f7f7f7
buildapc,test,24234,2015-06,#7f7f7f7
anime,test,6336,2015-06,#7f7f7f7
Android,test,6296,2015-06,#7f7f7f7
AskReddit,test,157956,2015-07,#7f7f7f7
Fireteams,test,131799,2015-07,#7f7f7f7
GlobalOffensiveTrade,test,108632,2015-07,#7f7f7f7
funny,test,65929,2015-07,#7f7f7f7
leagueoflegends,test,65027,2015-07,#7f7f7f7
news,test,53027,2015-07,#7f7f7f7
videos,test,47666,2015-07,#7f7f7f7
pics,test,47097,2015-07,#7f7f7f7
Showerthoughts,test,46865,2015-07,#7f7f7f7
spam,test,38628,2015-07,#7f7f7f7
GlobalOffensive,test,38347,2015-07,#7f7f7f7
aww,test,32264,2015-07,#7f7f7f7
gaming,test,31768,2015-07,#7f7f7f7
dirtypenpals,test,27445,2015-07,#7f7f7f7
pcmasterrace,test,26962,2015-07,#7f7f7f7
betternews,test,25765,2015-07,#7f7f7f7
buildapc,test,25167,2015-07,#7f7f7f7
explainlikeimfive,test,25103,2015-07,#7f7f7f7
DotA2,test,24555,2015-07,#7f7f7f7
runescape,test,6918,2015-07,#7f7f7f7
summonerschool,test,6786,2015-07,#7f7f7f7
AskReddit,test,160736,2015-08,#7f7f7f7
GlobalOffensiveTrade,test,136547,2015-08,#7f7f7f7
Fireteams,test,116568,2015-08,#7f7f7f7
news_r,test,76434,2015-08,#7f7f7f7
spam,test,65393,2015-08,#7f7f7f7
funny,test,65080,2015-08,#7f7f7f7
leagueoflegends,test,64498,2015-08,#7f7f7f7
news,test,55320,2015-08,#7f7f7f7
videos,test,49255,2015-08,#7f7f7f7
Showerthoughts,test,43338,2015-08,#7f7f7f7
GlobalOffensive,test,42838,2015-08,#7f7f7f7
pics,test,40409,2015-08,#7f7f7f7
aww,test,34029,2015-08,#7f7f7f7
gaming,test,33056,2015-08,#7f7f7f7
DotA2,test,31383,2015-08,#7f7f7f7
DestinyTheGame,test,28087,2015-08,#7f7f7f7
dirtypenpals,test,27448,2015-08,#7f7f7f7
hearthstone,test,26341,2015-08,#7f7f7f7
pcmasterrace,test,26168,2015-08,#7f7f7f7
clancarnival,test,6877,2015-08,#7f7f7f7
Minecraft,test,6788,2015-08,#7f7f7f7
AskReddit,test,155590,2015-09,#7f7f7f7
Fireteams,test,144169,2015-09,#7f7f7f7
news_r,test,143787,2015-09,#7f7f7f7
funny,test,65314,2015-09,#7f7f7f7
spam,test,64874,2015-09,#7f7f7f7
news,test,62204,2015-09,#7f7f7f7
leagueoflegends,test,57857,2015-09,#7f7f7f7
DestinyTheGame,test,56664,2015-09,#7f7f7f7
videos,test,50920,2015-09,#7f7f7f7
Showerthoughts,test,43362,2015-09,#7f7f7f7
pics,test,39505,2015-09,#7f7f7f7
GlobalOffensive,test,39101,2015-09,#7f7f7f7
aww,test,34340,2015-09,#7f7f7f7
gaming,test,33950,2015-09,#7f7f7f7
DotA2,test,30717,2015-09,#7f7f7f7
frisson_mirror,test,30371,2015-09,#7f7f7f7
besteurope,test,29047,2015-09,#7f7f7f7
chpresseschau,test,28817,2015-09,#7f7f7f7
dirtypenpals,test,25848,2015-09,#7f7f7f7
friendsafari,test,6828,2015-09,#7f7f7f7
runescape,test,6826,2015-09,#7f7f7f7
Fireteams,test,227078,2015-10,#7f7f7f7
AskReddit,test,162748,2015-10,#7f7f7f7
news_r,test,117646,2015-10,#7f7f7f7
funny,test,66980,2015-10,#7f7f7f7
news,test,60840,2015-10,#7f7f7f7
leagueoflegends,test,59630,2015-10,#7f7f7f7
videos,test,55458,2015-10,#7f7f7f7
DestinyTheGame,test,46028,2015-10,#7f7f7f7
Showerthoughts,test,43961,2015-10,#7f7f7f7
pics,test,42451,2015-10,#7f7f7f7
GlobalOffensive,test,38300,2015-10,#7f7f7f7
aww,test,37615,2015-10,#7f7f7f7
gaming,test,35643,2015-10,#7f7f7f7
betternews,test,29052,2015-10,#7f7f7f7
dirtypenpals,test,26868,2015-10,#7f7f7f7
worldnews,test,26679,2015-10,#7f7f7f7
Music,test,25626,2015-10,#7f7f7f7
DotA2,test,25405,2015-10,#7f7f7f7
spam,test,24408,2015-10,#7f7f7f7
CVEWatch,test,7073,2015-10,#7f7f7f7
offmychest,test,6976,2015-10,#7f7f7f7
AskReddit,test,181938,2015-12,#7f7f7f7
GlobalOffensiveTrade,test,138037,2015-12,#7f7f7f7
Fireteams,test,130869,2015-12,#7f7f7f7
funny,test,64809,2015-12,#7f7f7f7
news,test,58537,2015-12,#7f7f7f7
videos,test,55621,2015-12,#7f7f7f7
leagueoflegends,test,49519,2015-12,#7f7f7f7
GlobalOffensive,test,46117,2015-12,#7f7f7f7
Showerthoughts,test,41124,2015-12,#7f7f7f7
pics,test,40594,2015-12,#7f7f7f7
gaming,test,37257,2015-12,#7f7f7f7
StarWars,test,33931,2015-12,#7f7f7f7
aww,test,32140,2015-12,#7f7f7f7
dirtykikpals,test,30869,2015-12,#7f7f7f7
pcmasterrace,test,30472,2015-12,#7f7f7f7
dirtypenpals,test,28742,2015-12,#7f7f7f7
worldnews,test,27644,2015-12,#7f7f7f7
movies,test,27235,2015-12,#7f7f7f7
DotA2,test,26722,2015-12,#7f7f7f7
NoFap,test,7691,2015-12,#7f7f7f7
tipofmypenis,test,7689,2015-12,#7f7f7f7
AskReddit,test,140750,2016-01,#7f7f7f7
GlobalOffensiveTrade,test,130560,2016-01,#7f7f7f7
Fireteams,test,77270,2016-01,#7f7f7f7
leagueoflegends,test,51859,2016-01,#7f7f7f7
funny,test,49893,2016-01,#7f7f7f7
news,test,43880,2016-01,#7f7f7f7
videos,test,43207,2016-01,#7f7f7f7
Showerthoughts,test,34729,2016-01,#7f7f7f7
pics,test,29620,2016-01,#7f7f7f7
GlobalOffensive,test,28777,2016-01,#7f7f7f7
gaming,test,27785,2016-01,#7f7f7f7
dirtykikpals,test,24240,2016-01,#7f7f7f7
aww,test,23082,2016-01,#7f7f7f7
betternews,test,22349,2016-01,#7f7f7f7
worldnews,test,21357,2016-01,#7f7f7f7
dirtypenpals,test,20764,2016-01,#7f7f7f7
pcmasterrace,test,19452,2016-01,#7f7f7f7
Music,test,18863,2016-01,#7f7f7f7
spam,test,17842,2016-01,#7f7f7f7
androidfiles,test,5780,2016-01,#7f7f7f7
stevenuniverse,test,5765,2016-01,#7f7f7f7
GlobalOffensiveTrade,test,131946,2016-02,#7f7f7f7
AskReddit,test,127732,2016-02,#7f7f7f7
Fireteams,test,68495,2016-02,#7f7f7f7
funny,test,47185,2016-02,#7f7f7f7
news,test,44363,2016-02,#7f7f7f7
videos,test,42440,2016-02,#7f7f7f7
leagueoflegends,test,40444,2016-02,#7f7f7f7
Showerthoughts,test,32210,2016-02,#7f7f7f7
SandersForPresident,test,31982,2016-02,#7f7f7f7
GlobalOffensive,test,29590,2016-02,#7f7f7f7
pics,test,29042,2016-02,#7f7f7f7
gaming,test,25357,2016-02,#7f7f7f7
politics,test,24832,2016-02,#7f7f7f7
spam,test,22869,2016-02,#7f7f7f7
aww,test,22853,2016-02,#7f7f7f7
dirtykikpals,test,21755,2016-02,#7f7f7f7
betternews,test,20317,2016-02,#7f7f7f7
dirtypenpals,test,19568,2016-02,#7f7f7f7
worldnews,test,19540,2016-02,#7f7f7f7
autotldr,test,5666,2016-02,#7f7f7f7
sex,test,5616,2016-02,#7f7f7f7
GlobalOffensiveTrade,test,139060,2016-03,#7f7f7f7
AskReddit,test,131944,2016-03,#7f7f7f7
The_Donald,test,52147,2016-03,#7f7f7f7
news,test,49375,2016-03,#7f7f7f7
Fireteams,test,48936,2016-03,#7f7f7f7
videos,test,43751,2016-03,#7f7f7f7
funny,test,43536,2016-03,#7f7f7f7
leagueoflegends,test,41819,2016-03,#7f7f7f7
thedivision,test,41199,2016-03,#7f7f7f7
Showerthoughts,test,32572,2016-03,#7f7f7f7
SandersForPresident,test,29441,2016-03,#7f7f7f7
GlobalOffensive,test,28495,2016-03,#7f7f7f7
pics,test,27747,2016-03,#7f7f7f7
gaming,test,27018,2016-03,#7f7f7f7
politics,test,25623,2016-03,#7f7f7f7
dirtykikpals,test,23896,2016-03,#7f7f7f7
aww,test,23122,2016-03,#7f7f7f7
betternews,test,22897,2016-03,#7f7f7f7
dirtypenpals,test,20607,2016-03,#7f7f7f7
television,test,5825,2016-03,#7f7f7f7
WTF,test,5822,2016-03,#7f7f7f7
GlobalOffensiveTrade,test,141766,2016-04,#7f7f7f7
AskReddit,test,133628,2016-04,#7f7f7f7
The_Donald,test,66426,2016-04,#7f7f7f7
Fireteams,test,56788,2016-04,#7f7f7f7
news,test,47406,2016-04,#7f7f7f7
leagueoflegends,test,45020,2016-04,#7f7f7f7
darksouls3,test,44843,2016-04,#7f7f7f7
videos,test,44693,2016-04,#7f7f7f7
funny,test,43503,2016-04,#7f7f7f7
imgur_all,test,33630,2016-04,#7f7f7f7
Showerthoughts,test,33165,2016-04,#7f7f7f7
GlobalOffensive,test,28561,2016-04,#7f7f7f7
gaming,test,27635,2016-04,#7f7f7f7
pics,test,26077,2016-04,#7f7f7f7
dirtykikpals,test,25025,2016-04,#7f7f7f7
thedivision,test,24739,2016-04,#7f7f7f7
aww,test,22262,2016-04,#7f7f7f7
SandersForPresident,test,22004,2016-04,#7f7f7f7
betternews,test,21181,2016-04,#7f7f7f7
CincyObsWX,test,5869,2016-04,#7f7f7f7
conspiracy,test,5818,2016-04,#7f7f7f7
dota2LeagueMatches,test,184176,2016-05,#7f7f7f7
GlobalOffensiveTrade,test,152826,2016-05,#7f7f7f7
AskReddit,test,140846,2016-05,#7f7f7f7
The_Donald,test,69170,2016-05,#7f7f7f7
Overwatch,test,58986,2016-05,#7f7f7f7
Fireteams,test,47576,2016-05,#7f7f7f7
news,test,47156,2016-05,#7f7f7f7
videos,test,44577,2016-05,#7f7f7f7
funny,test,42149,2016-05,#7f7f7f7
leagueoflegends,test,38957,2016-05,#7f7f7f7
Showerthoughts,test,32048,2016-05,#7f7f7f7
gaming,test,30788,2016-05,#7f7f7f7
imgur_all,test,30394,2016-05,#7f7f7f7
dirtykikpals,test,27093,2016-05,#7f7f7f7
pics,test,26569,2016-05,#7f7f7f7
GlobalOffensive,test,24583,2016-05,#7f7f7f7
darksouls3,test,23852,2016-05,#7f7f7f7
dirtypenpals,test,22374,2016-05,#7f7f7f7
aww,test,21782,2016-05,#7f7f7f7
CincyObsWX,test,6112,2016-05,#7f7f7f7
Battleborn,test,6051,2016-05,#7f7f7f7
pokemongo,test,156921,2016-07,#7f7f7f7
AskReddit,test,151918,2016-07,#7f7f7f7
GlobalOffensiveTrade,test,102057,2016-07,#7f7f7f7
The_Donald,test,86948,2016-07,#7f7f7f7
Overwatch,test,48757,2016-07,#7f7f7f7
news,test,45777,2016-07,#7f7f7f7
news_etc,test,45190,2016-07,#7f7f7f7
videos,test,42115,2016-07,#7f7f7f7
funny,test,41355,2016-07,#7f7f7f7
Showerthoughts,test,38423,2016-07,#7f7f7f7
Fireteams,test,32928,2016-07,#7f7f7f7
gaming,test,31143,2016-07,#7f7f7f7
dirtykikpals,test,30863,2016-07,#7f7f7f7
GlobalOffensive,test,27026,2016-07,#7f7f7f7
pics,test,26436,2016-07,#7f7f7f7
leagueoflegends,test,25583,2016-07,#7f7f7f7
politics,test,22907,2016-07,#7f7f7f7
dirtypenpals,test,22828,2016-07,#7f7f7f7
aww,test,22405,2016-07,#7f7f7f7
anime,test,6317,2016-07,#7f7f7f7
Rainbow6,test,6313,2016-07,#7f7f7f7
AskReddit,test,178673,2016-08,#7f7f7f7
GlobalOffensiveTrade,test,94187,2016-08,#7f7f7f7
The_Donald,test,78787,2016-08,#7f7f7f7
NoMansSkyTheGame,test,55560,2016-08,#7f7f7f7
pokemongo,test,54167,2016-08,#7f7f7f7
Overwatch,test,48039,2016-08,#7f7f7f7
news,test,44761,2016-08,#7f7f7f7
videos,test,43029,2016-08,#7f7f7f7
news_etc,test,42863,2016-08,#7f7f7f7
funny,test,42694,2016-08,#7f7f7f7
Showerthoughts,test,39025,2016-08,#7f7f7f7
dirtykikpals,test,32667,2016-08,#7f7f7f7
Fireteams,test,32435,2016-08,#7f7f7f7
gaming,test,29934,2016-08,#7f7f7f7
leagueoflegends,test,28856,2016-08,#7f7f7f7
DotA2,test,27924,2016-08,#7f7f7f7
pics,test,25822,2016-08,#7f7f7f7
politics,test,24717,2016-08,#7f7f7f7
GlobalOffensive,test,23719,2016-08,#7f7f7f7
RocketLeague,test,6618,2016-08,#7f7f7f7
Smite,test,6443,2016-08,#7f7f7f7
AskReddit,test,161549,2016-09,#7f7f7f7
RocketLeagueExchange,test,112676,2016-09,#7f7f7f7
The_Donald,test,106862,2016-09,#7f7f7f7
GlobalOffensiveTrade,test,94411,2016-09,#7f7f7f7
UPFORFUN,test,66085,2016-09,#7f7f7f7
Fireteams,test,52302,2016-09,#7f7f7f7
news,test,44048,2016-09,#7f7f7f7
videos,test,42420,2016-09,#7f7f7f7
funny,test,41868,2016-09,#7f7f7f7
Showerthoughts,test,39040,2016-09,#7f7f7f7
news_etc,test,38087,2016-09,#7f7f7f7
dirtykikpals,test,32608,2016-09,#7f7f7f7
Overwatch,test,31706,2016-09,#7f7f7f7
leagueoflegends,test,29159,2016-09,#7f7f7f7
gaming,test,28077,2016-09,#7f7f7f7
wow,test,26799,2016-09,#7f7f7f7
politics,test,24962,2016-09,#7f7f7f7
pics,test,24937,2016-09,#7f7f7f7
DestinyTheGame,test,23660,2016-09,#7f7f7f7
DBZDokkanBattle,test,6798,2016-09,#7f7f7f7
battlefield_one,test,6634,2016-09,#7f7f7f7
RocketLeagueExchange,test,215517,2016-10,#7f7f7f7
AskReddit,test,173481,2016-10,#7f7f7f7
The_Donald,test,172907,2016-10,#7f7f7f7
GlobalOffensiveTrade,test,95905,2016-10,#7f7f7f7
Fireteams,test,90106,2016-10,#7f7f7f7
PoliticsAll,test,73563,2016-10,#7f7f7f7
videos,test,52474,2016-10,#7f7f7f7
news,test,47110,2016-10,#7f7f7f7
0x3642,test,46703,2016-10,#7f7f7f7
funny,test,46686,2016-10,#7f7f7f7
Showerthoughts,test,43111,2016-10,#7f7f7f7
news_etc,test,40580,2016-10,#7f7f7f7
Overwatch,test,37604,2016-10,#7f7f7f7
dirtykikpals,test,36594,2016-10,#7f7f7f7
politics,test,36434,2016-10,#7f7f7f7
leagueoflegends,test,34977,2016-10,#7f7f7f7
gaming,test,33115,2016-10,#7f7f7f7
pics,test,31860,2016-10,#7f7f7f7
me_irl,test,30040,2016-10,#7f7f7f7
legaladvice,test,7065,2016-10,#7f7f7f7
Fitness,test,6992,2016-10,#7f7f7f7
The_Donald,test,219278,2016-11,#7f7f7f7
AskReddit,test,174626,2016-11,#7f7f7f7
RocketLeagueExchange,test,146728,2016-11,#7f7f7f7
0x3642,test,123955,2016-11,#7f7f7f7
AutoNewspaper,test,107198,2016-11,#7f7f7f7
GlobalOffensiveTrade,test,86333,2016-11,#7f7f7f7
Ebay_deals,test,71966,2016-11,#7f7f7f7
videos,test,56152,2016-11,#7f7f7f7
PoliticsAll,test,55053,2016-11,#7f7f7f7
news,test,50310,2016-11,#7f7f7f7
Showerthoughts,test,48323,2016-11,#7f7f7f7
funny,test,47195,2016-11,#7f7f7f7
Fireteams,test,41654,2016-11,#7f7f7f7
Overwatch,test,41183,2016-11,#7f7f7f7
leagueoflegends,test,39083,2016-11,#7f7f7f7
dirtykikpals,test,37635,2016-11,#7f7f7f7
gaming,test,37448,2016-11,#7f7f7f7
politics,test,34457,2016-11,#7f7f7f7
pics,test,31407,2016-11,#7f7f7f7
depression,test,7471,2016-11,#7f7f7f7
FOXauto,test,7324,2016-11,#7f7f7f7
Ebay_deals,test,260733,2016-12,#7f7f7f7
AskReddit,test,187494,2016-12,#7f7f7f7
RocketLeagueExchange,test,174640,2016-12,#7f7f7f7
AutoNewspaper,test,113039,2016-12,#7f7f7f7
The_Donald,test,112929,2016-12,#7f7f7f7
GlobalOffensiveTrade,test,74412,2016-12,#7f7f7f7
videos,test,58554,2016-12,#7f7f7f7
Showerthoughts,test,52577,2016-12,#7f7f7f7
news,test,52107,2016-12,#7f7f7f7
funny,test,51107,2016-12,#7f7f7f7
Overwatch,test,41018,2016-12,#7f7f7f7
gaming,test,36800,2016-12,#7f7f7f7
dirtykikpals,test,36747,2016-12,#7f7f7f7
leagueoflegends,test,33507,2016-12,#7f7f7f7
pics,test,33430,2016-12,#7f7f7f7
GlobalParadigmShift,test,33244,2016-12,#7f7f7f7
aww,test,31436,2016-12,#7f7f7f7
DotA2,test,28504,2016-12,#7f7f7f7
me_irl,test,27264,2016-12,#7f7f7f7
androidapps,test,7501,2016-12,#7f7f7f7
soccer,test,7445,2016-12,#7f7f7f7
AskReddit,test,199375,2017-01,#7f7f7f7
RocketLeagueExchange,test,164296,2017-01,#7f7f7f7
The_Donald,test,147328,2017-01,#7f7f7f7
AutoNewspaper,test,123025,2017-01,#7f7f7f7
GlobalOffensiveTrade,test,89627,2017-01,#7f7f7f7
videos,test,57296,2017-01,#7f7f7f7
Showerthoughts,test,56760,2017-01,#7f7f7f7
news,test,56026,2017-01,#7f7f7f7
funny,test,53298,2017-01,#7f7f7f7
Overwatch,test,40286,2017-01,#7f7f7f7
gaming,test,39214,2017-01,#7f7f7f7
GlobalParadigmShift,test,35110,2017-01,#7f7f7f7
politics,test,34452,2017-01,#7f7f7f7
aww,test,33807,2017-01,#7f7f7f7
leagueoflegends,test,33311,2017-01,#7f7f7f7
pics,test,32658,2017-01,#7f7f7f7
me_irl,test,32586,2017-01,#7f7f7f7
dirtykikpals,test,31310,2017-01,#7f7f7f7
GlobalOffensive,test,26520,2017-01,#7f7f7f7
Sneakers,test,7876,2017-01,#7f7f7f7
legaladvice,test,7876,2017-01,#7f7f7f7
AskReddit,test,167666,2017-02,#7f7f7f7
RocketLeagueExchange,test,131819,2017-02,#7f7f7f7
The_Donald,test,121283,2017-02,#7f7f7f7
AutoNewspaper,test,120826,2017-02,#7f7f7f7
GlobalOffensiveTrade,test,79099,2017-02,#7f7f7f7
news,test,52295,2017-02,#7f7f7f7
videos,test,50110,2017-02,#7f7f7f7
Showerthoughts,test,47158,2017-02,#7f7f7f7
funny,test,46107,2017-02,#7f7f7f7
forhonor,test,40159,2017-02,#7f7f7f7
politics,test,35740,2017-02,#7f7f7f7
EbayWTF,test,35629,2017-02,#7f7f7f7
gaming,test,33917,2017-02,#7f7f7f7
Overwatch,test,32071,2017-02,#7f7f7f7
aww,test,28080,2017-02,#7f7f7f7
pics,test,27221,2017-02,#7f7f7f7
leagueoflegends,test,25506,2017-02,#7f7f7f7
dirtykikpals,test,25502,2017-02,#7f7f7f7
worldnews,test,24460,2017-02,#7f7f7f7
techsupport,test,7273,2017-02,#7f7f7f7
AdviceAnimals,test,7258,2017-02,#7f7f7f7
AskReddit,test,187494,2017-03,#7f7f7f7
AutoNewspaper,test,166623,2017-03,#7f7f7f7
RocketLeagueExchange,test,147435,2017-03,#7f7f7f7
The_Donald,test,118107,2017-03,#7f7f7f7
GlobalOffensiveTrade,test,106917,2017-03,#7f7f7f7
news,test,56766,2017-03,#7f7f7f7
videos,test,52186,2017-03,#7f7f7f7
EbayWTF,test,51216,2017-03,#7f7f7f7
Showerthoughts,test,48537,2017-03,#7f7f7f7
funny,test,46834,2017-03,#7f7f7f7
gaming,test,38300,2017-03,#7f7f7f7
DankMemeArchive,test,37802,2017-03,#7f7f7f7
Overwatch,test,37026,2017-03,#7f7f7f7
politics,test,33110,2017-03,#7f7f7f7
aww,test,30951,2017-03,#7f7f7f7
dirtykikpals,test,28217,2017-03,#7f7f7f7
worldnews,test,27603,2017-03,#7f7f7f7
me_irl,test,27587,2017-03,#7f7f7f7
pics,test,26900,2017-03,#7f7f7f7
willis7737_news,test,8508,2017-03,#7f7f7f7
soccer,test,8497,2017-03,#7f7f7f7
AskReddit,test,177501,2017-04,#7f7f7f7
RocketLeagueExchange,test,159706,2017-04,#7f7f7f7
AutoNewspaper,test,156145,2017-04,#7f7f7f7
GlobalOffensiveTrade,test,108049,2017-04,#7f7f7f7
The_Donald,test,93180,2017-04,#7f7f7f7
news,test,53263,2017-04,#7f7f7f7
EbayWTF,test,50740,2017-04,#7f7f7f7
Fireteams,test,49336,2017-04,#7f7f7f7
videos,test,48615,2017-04,#7f7f7f7
funny,test,45654,2017-04,#7f7f7f7
Showerthoughts,test,44177,2017-04,#7f7f7f7
gaming,test,31972,2017-04,#7f7f7f7
Overwatch,test,31158,2017-04,#7f7f7f7
aww,test,29382,2017-04,#7f7f7f7
dirtykikpals,test,28728,2017-04,#7f7f7f7
worldnews,test,26207,2017-04,#7f7f7f7
pics,test,26155,2017-04,#7f7f7f7
politics,test,25898,2017-04,#7f7f7f7
leagueoflegends,test,25736,2017-04,#7f7f7f7
autotldr,test,7772,2017-04,#7f7f7f7
NoFap,test,7751,2017-04,#7f7f7f7
AskReddit,test,184217,2017-05,#7f7f7f7
RocketLeagueExchange,test,161270,2017-05,#7f7f7f7
AutoNewspaper,test,139802,2017-05,#7f7f7f7
The_Donald,test,116912,2017-05,#7f7f7f7
GlobalOffensiveTrade,test,101821,2017-05,#7f7f7f7
news,test,52270,2017-05,#7f7f7f7
EbayWTF,test,47860,2017-05,#7f7f7f7
Showerthoughts,test,46487,2017-05,#7f7f7f7
videos,test,44890,2017-05,#7f7f7f7
funny,test,44679,2017-05,#7f7f7f7
politics,test,35202,2017-05,#7f7f7f7
newsbotbot,test,32834,2017-05,#7f7f7f7
gaming,test,32560,2017-05,#7f7f7f7
Overwatch,test,32073,2017-05,#7f7f7f7
dirtykikpals,test,31661,2017-05,#7f7f7f7
me_irl,test,31018,2017-05,#7f7f7f7
aww,test,30264,2017-05,#7f7f7f7
worldnews,test,27688,2017-05,#7f7f7f7
leagueoflegends,test,27623,2017-05,#7f7f7f7
TheColorIsRed,test,8160,2017-05,#7f7f7f7
r4r,test,8118,2017-05,#7f7f7f7
AskReddit,test,177901,2017-06,#7f7f7f7
AutoNewspaper,test,164631,2017-06,#7f7f7f7
RocketLeagueExchange,test,139521,2017-06,#7f7f7f7
The_Donald,test,105944,2017-06,#7f7f7f7
GlobalOffensiveTrade,test,100307,2017-06,#7f7f7f7
newsbotbot,test,58071,2017-06,#7f7f7f7
news,test,47186,2017-06,#7f7f7f7
EbayWTF,test,45263,2017-06,#7f7f7f7
Showerthoughts,test,43525,2017-06,#7f7f7f7
videos,test,42943,2017-06,#7f7f7f7
funny,test,39965,2017-06,#7f7f7f7
gaming,test,36385,2017-06,#7f7f7f7
Ice_Poseidon,test,33258,2017-06,#7f7f7f7
dirtykikpals,test,32592,2017-06,#7f7f7f7
Overwatch,test,30912,2017-06,#7f7f7f7
me_irl,test,29548,2017-06,#7f7f7f7
aww,test,29482,2017-06,#7f7f7f7
politics,test,27576,2017-06,#7f7f7f7
pics,test,26188,2017-06,#7f7f7f7
tipofmytongue,test,8180,2017-06,#7f7f7f7
willis7737_news,test,7995,2017-06,#7f7f7f7
AskReddit,test,183013,2017-07,#7f7f7f7
RocketLeagueExchange,test,174384,2017-07,#7f7f7f7
AutoNewspaper,test,156493,2017-07,#7f7f7f7
The_Donald,test,99812,2017-07,#7f7f7f7
GlobalOffensiveTrade,test,99257,2017-07,#7f7f7f7
newsbotbot,test,58600,2017-07,#7f7f7f7
news,test,47919,2017-07,#7f7f7f7
Showerthoughts,test,44937,2017-07,#7f7f7f7
videos,test,44038,2017-07,#7f7f7f7
funny,test,43062,2017-07,#7f7f7f7
dirtykikpals,test,34996,2017-07,#7f7f7f7
MemezForDayz,test,33197,2017-07,#7f7f7f7
aww,test,32972,2017-07,#7f7f7f7
gaming,test,32714,2017-07,#7f7f7f7
me_irl,test,30614,2017-07,#7f7f7f7
politics,test,28140,2017-07,#7f7f7f7
Overwatch,test,27935,2017-07,#7f7f7f7
dirtypenpals,test,27538,2017-07,#7f7f7f7
pics,test,27191,2017-07,#7f7f7f7
AgeplayPenPals,test,8205,2017-07,#7f7f7f7
listentothis,test,8124,2017-07,#7f7f7f7
AskReddit,test,181380,2017-08,#7f7f7f7
AutoNewspaper,test,158088,2017-08,#7f7f7f7
RocketLeagueExchange,test,157833,2017-08,#7f7f7f7
GlobalOffensiveTrade,test,97729,2017-08,#7f7f7f7
The_Donald,test,95383,2017-08,#7f7f7f7
newsbotbot,test,60124,2017-08,#7f7f7f7
videos,test,50841,2017-08,#7f7f7f7
funny,test,47755,2017-08,#7f7f7f7
Showerthoughts,test,46105,2017-08,#7f7f7f7
news,test,45856,2017-08,#7f7f7f7
gameofthrones,test,42353,2017-08,#7f7f7f7
me_irl,test,37002,2017-08,#7f7f7f7
Overwatch,test,36253,2017-08,#7f7f7f7
dirtykikpals,test,35820,2017-08,#7f7f7f7
gaming,test,35770,2017-08,#7f7f7f7
Ice_Poseidon,test,31980,2017-08,#7f7f7f7
aww,test,31821,2017-08,#7f7f7f7
pics,test,30787,2017-08,#7f7f7f7
politics,test,28995,2017-08,#7f7f7f7
r4r,test,8477,2017-08,#7f7f7f7
TheTwitterFeed,test,8434,2017-08,#7f7f7f7
AskReddit,test,162018,2017-09,#7f7f7f7
AutoNewspaper,test,149885,2017-09,#7f7f7f7
RocketLeagueExchange,test,112433,2017-09,#7f7f7f7
GlobalOffensiveTrade,test,86925,2017-09,#7f7f7f7
Fireteams,test,69068,2017-09,#7f7f7f7
The_Donald,test,67297,2017-09,#7f7f7f7
newsbotbot,test,55505,2017-09,#7f7f7f7
Ice_Poseidon,test,47860,2017-09,#7f7f7f7
videos,test,43823,2017-09,#7f7f7f7
funny,test,43376,2017-09,#7f7f7f7
news,test,42800,2017-09,#7f7f7f7
Showerthoughts,test,40610,2017-09,#7f7f7f7
DestinyTheGame,test,40260,2017-09,#7f7f7f7
dirtykikpals,test,34155,2017-09,#7f7f7f7
gaming,test,32538,2017-09,#7f7f7f7
me_irl,test,29616,2017-09,#7f7f7f7
aww,test,29533,2017-09,#7f7f7f7
dirtypenpals,test,26764,2017-09,#7f7f7f7
pics,test,24940,2017-09,#7f7f7f7
nfl,test,8044,2017-09,#7f7f7f7
gifs,test,8004,2017-09,#7f7f7f7
AskReddit,test,169488,2017-10,#7f7f7f7
AutoNewspaper,test,158018,2017-10,#7f7f7f7
RocketLeagueExchange,test,105123,2017-10,#7f7f7f7
GlobalOffensiveTrade,test,77039,2017-10,#7f7f7f7
The_Donald,test,75385,2017-10,#7f7f7f7
Ice_Poseidon,test,60784,2017-10,#7f7f7f7
newsbotbot,test,55941,2017-10,#7f7f7f7
Fireteams,test,52375,2017-10,#7f7f7f7
news,test,47158,2017-10,#7f7f7f7
videos,test,45214,2017-10,#7f7f7f7
funny,test,42316,2017-10,#7f7f7f7
Showerthoughts,test,40711,2017-10,#7f7f7f7
dirtykikpals,test,36051,2017-10,#7f7f7f7
gaming,test,34610,2017-10,#7f7f7f7
FIFA,test,33527,2017-10,#7f7f7f7
aww,test,31478,2017-10,#7f7f7f7
leagueoflegends,test,30584,2017-10,#7f7f7f7
pics,test,28643,2017-10,#7f7f7f7
dirtypenpals,test,28401,2017-10,#7f7f7f7
FireEmblemHeroes,test,8187,2017-10,#7f7f7f7
rickandmorty,test,7972,2017-10,#7f7f7f7
CommentCollector,test,423957,2017-11,#7f7f7f7
AskReddit,test,168294,2017-11,#7f7f7f7
AutoNewspaper,test,147529,2017-11,#7f7f7f7
The_Donald,test,72779,2017-11,#7f7f7f7
RocketLeagueExchange,test,67585,2017-11,#7f7f7f7
GlobalOffensiveTrade,test,63524,2017-11,#7f7f7f7
newsbotbot,test,53666,2017-11,#7f7f7f7
gaming,test,45722,2017-11,#7f7f7f7
news,test,45709,2017-11,#7f7f7f7
videos,test,42762,2017-11,#7f7f7f7
funny,test,42552,2017-11,#7f7f7f7
Showerthoughts,test,40127,2017-11,#7f7f7f7
Fireteams,test,37568,2017-11,#7f7f7f7
BitcoinAll,test,36161,2017-11,#7f7f7f7
SteamTradingCards,test,36055,2017-11,#7f7f7f7
Ice_Poseidon,test,36047,2017-11,#7f7f7f7
dirtykikpals,test,35036,2017-11,#7f7f7f7
leagueoflegends,test,34805,2017-11,#7f7f7f7
WWII,test,33135,2017-11,#7f7f7f7
legaladvice,test,8718,2017-11,#7f7f7f7
askscience,test,8629,2017-11,#7f7f7f7
AskReddit,test,176016,2017-12,#7f7f7f7
AutoNewspaper,test,137351,2017-12,#7f7f7f7
RocketLeagueExchange,test,75760,2017-12,#7f7f7f7
The_Donald,test,65352,2017-12,#7f7f7f7
GlobalOffensiveTrade,test,52321,2017-12,#7f7f7f7
newsbotbot,test,50318,2017-12,#7f7f7f7
SteamTradingCards,test,48974,2017-12,#7f7f7f7
BitcoinAll,test,45411,2017-12,#7f7f7f7
Showerthoughts,test,42346,2017-12,#7f7f7f7
funny,test,41737,2017-12,#7f7f7f7
news,test,40399,2017-12,#7f7f7f7
videos,test,40195,2017-12,#7f7f7f7
Bitcoin,test,38939,2017-12,#7f7f7f7
dirtykikpals,test,36220,2017-12,#7f7f7f7
gaming,test,34973,2017-12,#7f7f7f7
teenagers,test,32955,2017-12,#7f7f7f7
aww,test,32922,2017-12,#7f7f7f7
CryptoCurrency,test,31804,2017-12,#7f7f7f7
me_irl,test,28529,2017-12,#7f7f7f7
techsupport,test,9028,2017-12,#7f7f7f7
tipofmytongue,test,8971,2017-12,#7f7f7f7
AskReddit,test,181266,2018-01,#7f7f7f7
AutoNewspaper,test,151568,2018-01,#7f7f7f7
The_Donald,test,72756,2018-01,#7f7f7f7
RocketLeagueExchange,test,63772,2018-01,#7f7f7f7
GlobalOffensiveTrade,test,58368,2018-01,#7f7f7f7
newsbotbot,test,55162,2018-01,#7f7f7f7
SteamTradingCards,test,48545,2018-01,#7f7f7f7
CryptoCurrency,test,47629,2018-01,#7f7f7f7
videos,test,41445,2018-01,#7f7f7f7
funny,test,41438,2018-01,#7f7f7f7
news,test,40768,2018-01,#7f7f7f7
dirtykikpals,test,40347,2018-01,#7f7f7f7
PewdiepieSubmissions,test,40331,2018-01,#7f7f7f7
Showerthoughts,test,40251,2018-01,#7f7f7f7
teenagers,test,35805,2018-01,#7f7f7f7
gaming,test,34199,2018-01,#7f7f7f7
Ice_Poseidon,test,30308,2018-01,#7f7f7f7
aww,test,30165,2018-01,#7f7f7f7
FortNiteBR,test,30083,2018-01,#7f7f7f7
askscience,test,9366,2018-01,#7f7f7f7
giveaways,test,9329,2018-01,#7f7f7f7
AskReddit,test,169557,2018-02,#7f7f7f7
AutoNewspaper,test,140271,2018-02,#7f7f7f7
RocketLeagueExchange,test,69893,2018-02,#7f7f7f7
The_Donald,test,63491,2018-02,#7f7f7f7
GlobalOffensiveTrade,test,53389,2018-02,#7f7f7f7
newsbotbot,test,51222,2018-02,#7f7f7f7
FortNiteBR,test,47105,2018-02,#7f7f7f7
SteamTradingCards,test,45025,2018-02,#7f7f7f7
MAGAWars,test,44406,2018-02,#7f7f7f7
The_NewDonald,test,41654,2018-02,#7f7f7f7
TrumpsTrain,test,39419,2018-02,#7f7f7f7
funny,test,38266,2018-02,#7f7f7f7
Showerthoughts,test,37271,2018-02,#7f7f7f7
news,test,36618,2018-02,#7f7f7f7
dirtykikpals,test,34098,2018-02,#7f7f7f7
teenagers,test,33144,2018-02,#7f7f7f7
videos,test,32922,2018-02,#7f7f7f7
gaming,test,29484,2018-02,#7f7f7f7
aww,test,29391,2018-02,#7f7f7f7
Art,test,8735,2018-02,#7f7f7f7
technology,test,8516,2018-02,#7f7f7f7
AskReddit,test,180145,2018-03,#7f7f7f7
StocksInFocus,test,171977,2018-03,#7f7f7f7
AutoNewspaper,test,155657,2018-03,#7f7f7f7
backup_relationships,test,96031,2018-03,#7f7f7f7
FortNiteBR,test,78920,2018-03,#7f7f7f7
RocketLeagueExchange,test,64188,2018-03,#7f7f7f7
The_Donald,test,54770,2018-03,#7f7f7f7
newsbotbot,test,52535,2018-03,#7f7f7f7
GlobalOffensiveTrade,test,49778,2018-03,#7f7f7f7
Showerthoughts,test,44011,2018-03,#7f7f7f7
me_irl,test,42987,2018-03,#7f7f7f7
funny,test,40660,2018-03,#7f7f7f7
dirtykikpals,test,40499,2018-03,#7f7f7f7
news,test,40407,2018-03,#7f7f7f7
teenagers,test,36457,2018-03,#7f7f7f7
Ice_Poseidon,test,34896,2018-03,#7f7f7f7
gaming,test,34677,2018-03,#7f7f7f7
videos,test,34362,2018-03,#7f7f7f7
aww,test,33972,2018-03,#7f7f7f7
i_irl,test,9253,2018-03,#7f7f7f7
hearthstone,test,9237,2018-03,#7f7f7f7
CircleofTrust,test,319007,2018-04,#7f7f7f7
AskReddit,test,180011,2018-04,#7f7f7f7
AutoNewspaper,test,146453,2018-04,#7f7f7f7
FortNiteBR,test,102687,2018-04,#7f7f7f7
RocketLeagueExchange,test,69757,2018-04,#7f7f7f7
The_Donald,test,52424,2018-04,#7f7f7f7
me_irl,test,48588,2018-04,#7f7f7f7
newsbotbot,test,47076,2018-04,#7f7f7f7
Showerthoughts,test,45827,2018-04,#7f7f7f7
teenagersnew,test,43798,2018-04,#7f7f7f7
dirtykikpals,test,43779,2018-04,#7f7f7f7
Ice_Poseidon,test,41948,2018-04,#7f7f7f7
funny,test,41206,2018-04,#7f7f7f7
aww,test,39717,2018-04,#7f7f7f7
news,test,37735,2018-04,#7f7f7f7
PewdiepieSubmissions,test,37376,2018-04,#7f7f7f7
gaming,test,34960,2018-04,#7f7f7f7
gonewild,test,34097,2018-04,#7f7f7f7
videos,test,33632,2018-04,#7f7f7f7
greatawakening,test,9120,2018-04,#7f7f7f7
mildlyinfuriating,test,9112,2018-04,#7f7f7f7
AskReddit,test,182755,2018-05,#7f7f7f7
AutoNewspaper,test,150362,2018-05,#7f7f7f7
Ice_Poseidon,test,145403,2018-05,#7f7f7f7
FortNiteBR,test,105219,2018-05,#7f7f7f7
newsbotbot,test,62319,2018-05,#7f7f7f7
ACCIDENTAL_HAIKU_BOT,test,58503,2018-05,#7f7f7f7
RocketLeagueExchange,test,52368,2018-05,#7f7f7f7
The_Donald,test,51934,2018-05,#7f7f7f7
Showerthoughts,test,47682,2018-05,#7f7f7f7
me_irl,test,46935,2018-05,#7f7f7f7
dirtykikpals,test,43990,2018-05,#7f7f7f7
funny,test,43361,2018-05,#7f7f7f7
gonewild,test,39383,2018-05,#7f7f7f7
aww,test,36869,2018-05,#7f7f7f7
news,test,35614,2018-05,#7f7f7f7
PewdiepieSubmissions,test,35535,2018-05,#7f7f7f7
teenagersnew,test,35213,2018-05,#7f7f7f7
gaming,test,34723,2018-05,#7f7f7f7
videos,test,31348,2018-05,#7f7f7f7
greatawakening,test,9472,2018-05,#7f7f7f7
SquaredCircle,test,9438,2018-05,#7f7f7f7
AskReddit,test,175255,2018-06,#7f7f7f7
AutoNewspaper,test,143719,2018-06,#7f7f7f7
Ice_Poseidon,test,113034,2018-06,#7f7f7f7
FortNiteBR,test,94104,2018-06,#7f7f7f7
The_Donald,test,63913,2018-06,#7f7f7f7
RocketLeagueExchange,test,59633,2018-06,#7f7f7f7
newsbotbot,test,57040,2018-06,#7f7f7f7
me_irl,test,51790,2018-06,#7f7f7f7
PewdiepieSubmissions,test,47687,2018-06,#7f7f7f7
dirtykikpals,test,45900,2018-06,#7f7f7f7
Showerthoughts,test,44948,2018-06,#7f7f7f7
gonewild,test,43528,2018-06,#7f7f7f7
funny,test,43078,2018-06,#7f7f7f7
teenagersnew,test,41991,2018-06,#7f7f7f7
gaming,test,39419,2018-06,#7f7f7f7
aww,test,37142,2018-06,#7f7f7f7
videos,test,32690,2018-06,#7f7f7f7
news,test,31044,2018-06,#7f7f7f7
dirtypenpals,test,29612,2018-06,#7f7f7f7
todayilearned,test,9277,2018-06,#7f7f7f7
DeepFriedMemes,test,9264,2018-06,#7f7f7f7
AskReddit,test,187147,2018-07,#7f7f7f7
thanosdidnothingwrong,test,168446,2018-07,#7f7f7f7
AutoNewspaper,test,140467,2018-07,#7f7f7f7
FortNiteBR,test,117399,2018-07,#7f7f7f7
PewdiepieSubmissions,test,66794,2018-07,#7f7f7f7
The_Donald,test,61583,2018-07,#7f7f7f7
Ice_Poseidon,test,60862,2018-07,#7f7f7f7
RocketLeagueExchange,test,57850,2018-07,#7f7f7f7
teenagersnew,test,53798,2018-07,#7f7f7f7
Showerthoughts,test,51187,2018-07,#7f7f7f7
me_irl,test,49505,2018-07,#7f7f7f7
dirtykikpals,test,49014,2018-07,#7f7f7f7
newsbotbot,test,48482,2018-07,#7f7f7f7
gonewild,test,46248,2018-07,#7f7f7f7
funny,test,45454,2018-07,#7f7f7f7
aww,test,43038,2018-07,#7f7f7f7
newsbotMARKET,test,38025,2018-07,#7f7f7f7
videos,test,35074,2018-07,#7f7f7f7
forexhome,test,34986,2018-07,#7f7f7f7
RandomActsOfBlowJob,test,10542,2018-07,#7f7f7f7
Reddit_Tube,test,10413,2018-07,#7f7f7f7
AskReddit,test,186402,2018-08,#7f7f7f7
AutoNewspaper,test,142022,2018-08,#7f7f7f7
FortNiteBR,test,73756,2018-08,#7f7f7f7
RocketLeagueExchange,test,69426,2018-08,#7f7f7f7
Ice_Poseidon,test,61987,2018-08,#7f7f7f7
teenagersnew,test,61921,2018-08,#7f7f7f7
Showerthoughts,test,60964,2018-08,#7f7f7f7
PewdiepieSubmissions,test,60921,2018-08,#7f7f7f7
The_Donald,test,57244,2018-08,#7f7f7f7
dirtykikpals,test,49968,2018-08,#7f7f7f7
forexhome,test,49273,2018-08,#7f7f7f7
newsbotbot,test,47724,2018-08,#7f7f7f7
funny,test,47326,2018-08,#7f7f7f7
DeathOfANationMovie,test,47005,2018-08,#7f7f7f7
gonewild,test,45324,2018-08,#7f7f7f7
me_irl,test,43166,2018-08,#7f7f7f7
newsbotMARKET,test,41756,2018-08,#7f7f7f7
aww,test,41693,2018-08,#7f7f7f7
dankmemes,test,36196,2018-08,#7f7f7f7
youtube,test,10724,2018-08,#7f7f7f7
forhonor,test,10591,2018-08,#7f7f7f7
AskReddit,test,176598,2018-09,#7f7f7f7
AutoNewspaper,test,131022,2018-09,#7f7f7f7
FortNiteBR,test,63410,2018-09,#7f7f7f7
PewdiepieSubmissions,test,63170,2018-09,#7f7f7f7
The_Donald,test,62409,2018-09,#7f7f7f7
Showerthoughts,test,57623,2018-09,#7f7f7f7
teenagersnew,test,56194,2018-09,#7f7f7f7
Ice_Poseidon,test,54014,2018-09,#7f7f7f7
RocketLeagueExchange,test,52670,2018-09,#7f7f7f7
dirtykikpals,test,50290,2018-09,#7f7f7f7
funny,test,48395,2018-09,#7f7f7f7
newsbotbot,test,47066,2018-09,#7f7f7f7
forexhome,test,46608,2018-09,#7f7f7f7
dankmemes,test,43686,2018-09,#7f7f7f7
gonewild,test,43143,2018-09,#7f7f7f7
SteamTradingCards,test,42053,2018-09,#7f7f7f7
me_irl,test,40435,2018-09,#7f7f7f7
DestinyTheGame,test,38474,2018-09,#7f7f7f7
aww,test,38379,2018-09,#7f7f7f7
HotVids,test,10372,2018-09,#7f7f7f7
jobuds,test,10320,2018-09,#7f7f7f7
AskReddit,test,201395,2018-10,#7f7f7f7
AutoNewspaper,test,137634,2018-10,#7f7f7f7
The_Donald,test,84520,2018-10,#7f7f7f7
PewdiepieSubmissions,test,75899,2018-10,#7f7f7f7
Showerthoughts,test,63462,2018-10,#7f7f7f7
FortNiteBR,test,62668,2018-10,#7f7f7f7
dankmemes,test,62045,2018-10,#7f7f7f7
Blackops4,test,60023,2018-10,#7f7f7f7
dirtykikpals,test,54237,2018-10,#7f7f7f7
funny,test,52288,2018-10,#7f7f7f7
RocketLeagueExchange,test,52247,2018-10,#7f7f7f7
newsbotbot,test,51206,2018-10,#7f7f7f7
teenagersnew,test,48713,2018-10,#7f7f7f7
forexhome,test,48129,2018-10,#7f7f7f7
me_irl,test,47985,2018-10,#7f7f7f7
gonewild,test,46127,2018-10,#7f7f7f7
aww,test,45047,2018-10,#7f7f7f7
memes,test,42348,2018-10,#7f7f7f7
reddeadredemption,test,37907,2018-10,#7f7f7f7
food,test,10063,2018-10,#7f7f7f7
personalfinance,test,9993,2018-10,#7f7f7f7
AskReddit,test,204607,2018-11,#7f7f7f7
AutoNewspaper,test,128288,2018-11,#7f7f7f7
PewdiepieSubmissions,test,95343,2018-11,#7f7f7f7
reddeadredemption,test,65561,2018-11,#7f7f7f7
Showerthoughts,test,65063,2018-11,#7f7f7f7
dankmemes,test,64854,2018-11,#7f7f7f7
FortNiteBR,test,61981,2018-11,#7f7f7f7
The_Donald,test,59808,2018-11,#7f7f7f7
funny,test,56043,2018-11,#7f7f7f7
dirtykikpals,test,54727,2018-11,#7f7f7f7
memes,test,53455,2018-11,#7f7f7f7
newsbotbot,test,50717,2018-11,#7f7f7f7
me_irl,test,49627,2018-11,#7f7f7f7
gonewild,test,49327,2018-11,#7f7f7f7
aww,test,48778,2018-11,#7f7f7f7
fo76,test,48716,2018-11,#7f7f7f7
forexhome,test,47131,2018-11,#7f7f7f7
RocketLeagueExchange,test,46726,2018-11,#7f7f7f7
teenagersnew,test,46503,2018-11,#7f7f7f7
Market76,test,10192,2018-11,#7f7f7f7
r4r,test,10186,2018-11,#7f7f7f7
AskReddit,test,227185,2018-12,#7f7f7f7
PewdiepieSubmissions,test,154367,2018-12,#7f7f7f7
AutoNewspaper,test,113905,2018-12,#7f7f7f7
memes,test,75140,2018-12,#7f7f7f7
dankmemes,test,71962,2018-12,#7f7f7f7
FortNiteBR,test,71423,2018-12,#7f7f7f7
Showerthoughts,test,70875,2018-12,#7f7f7f7
funny,test,68104,2018-12,#7f7f7f7
me_irl,test,61233,2018-12,#7f7f7f7
dirtykikpals,test,58645,2018-12,#7f7f7f7
gonewild,test,57652,2018-12,#7f7f7f7
Market76,test,56728,2018-12,#7f7f7f7
aww,test,53788,2018-12,#7f7f7f7
teenagersnew,test,48669,2018-12,#7f7f7f7
RocketLeagueExchange,test,45878,2018-12,#7f7f7f7
The_Donald,test,44958,2018-12,#7f7f7f7
newsbotbot,test,44609,2018-12,#7f7f7f7
gaming,test,41085,2018-12,#7f7f7f7
teenagers,test,38732,2018-12,#7f7f7f7
CryptoCurrency,test,11036,2018-12,#7f7f7f7
Roleplaykik,test,10821,2018-12,#7f7f7f7
AskReddit,test,269550,2019-01,#7f7f7f7
PewdiepieSubmissions,test,202347,2019-01,#7f7f7f7
AutoNewspaper,test,125872,2019-01,#7f7f7f7
memes,test,115288,2019-01,#7f7f7f7
dankmemes,test,102343,2019-01,#7f7f7f7
me_irl,test,91192,2019-01,#7f7f7f7
Showerthoughts,test,87764,2019-01,#7f7f7f7
funny,test,78882,2019-01,#7f7f7f7
Market76,test,68388,2019-01,#7f7f7f7
The_Donald,test,66197,2019-01,#7f7f7f7
gonewild,test,60905,2019-01,#7f7f7f7
aww,test,60771,2019-01,#7f7f7f7
dirtykikpals,test,58862,2019-01,#7f7f7f7
FortNiteBR,test,56698,2019-01,#7f7f7f7
teenagers,test,54611,2019-01,#7f7f7f7
AlbumCN,test,54020,2019-01,#7f7f7f7
RocketLeagueExchange,test,53935,2019-01,#7f7f7f7
teenagersnew,test,50503,2019-01,#7f7f7f7
newsbotbot,test,47056,2019-01,#7f7f7f7
SquaredCircle,test,11288,2019-01,#7f7f7f7
ksi,test,11286,2019-01,#7f7f7f7
AskReddit,test,308194,2019-02,#7f7f7f7
PewdiepieSubmissions,test,210014,2019-02,#7f7f7f7
memes,test,143475,2019-02,#7f7f7f7
AutoNewspaper,test,142879,2019-02,#7f7f7f7
dankmemes,test,117422,2019-02,#7f7f7f7
apexlegends,test,110075,2019-02,#7f7f7f7
Showerthoughts,test,108193,2019-02,#7f7f7f7
funny,test,77951,2019-02,#7f7f7f7
me_irl,test,74145,2019-02,#7f7f7f7
The_Donald,test,73304,2019-02,#7f7f7f7
aww,test,68346,2019-02,#7f7f7f7
FortNiteBR,test,66903,2019-02,#7f7f7f7
dirtykikpals,test,66533,2019-02,#7f7f7f7
gonewild,test,66078,2019-02,#7f7f7f7
teenagers,test,65755,2019-02,#7f7f7f7
AlbumCN,test,63753,2019-02,#7f7f7f7
RocketLeagueExchange,test,61329,2019-02,#7f7f7f7
teenagersnew,test,58500,2019-02,#7f7f7f7
newsbotbot,test,52256,2019-02,#7f7f7f7
u_SorryKaleidoscope1,test,13254,2019-02,#7f7f7f7
personalfinance,test,13120,2019-02,#7f7f7f7
AskReddit,test,110363,2019-03,#7f7f7f7
PewdiepieSubmissions,test,64848,2019-03,#7f7f7f7
memes,test,53291,2019-03,#7f7f7f7
dankmemes,test,47797,2019-03,#7f7f7f7
AutoNewspaper,test,47571,2019-03,#7f7f7f7
AlbumCN,test,46133,2019-03,#7f7f7f7
Showerthoughts,test,36900,2019-03,#7f7f7f7
apexlegends,test,27456,2019-03,#7f7f7f7
funny,test,25382,2019-03,#7f7f7f7
teenagers,test,24773,2019-03,#7f7f7f7
RocketLeagueExchange,test,24576,2019-03,#7f7f7f7
me_irl,test,24298,2019-03,#7f7f7f7
aww,test,23583,2019-03,#7f7f7f7
gonewild,test,23323,2019-03,#7f7f7f7
dirtykikpals,test,22070,2019-03,#7f7f7f7
FortNiteBR,test,21560,2019-03,#7f7f7f7
The_Donald,test,19109,2019-03,#7f7f7f7
Market76,test,18378,2019-03,#7f7f7f7
AnthemTheGame,test,18301,2019-03,#7f7f7f7
pokemon,test,4391,2019-03,#7f7f7f7
Overwatch,test,4361,2019-03,#7f7f7f7
